version 1
nodes
0 "Bone04" -1
1 "Bone_Righthand" 0
2 "Bone26" 1
3 "Bone27" 2
4 "Bone28" 3
5 "Bone29" 4
6 "Bone31" 2
7 "Bone32" 6
8 "Bone33" 7
9 "Bone35" 2
10 "Bone36" 9
11 "Bone37" 10
12 "Bone39" 2
13 "Bone40" 12
14 "Bone41" 13
15 "Bone43" 2
16 "Bone44" 15
17 "Bone45" 16
18 "Bone01" -1
19 "Bone_Lefthand" 18
20 "Bone 04" 19
21 "Bone09" 20
22 "Bone10" 21
23 "Bone11" 22
24 "Bone13" 20
25 "Bone14" 24
26 "Bone15" 25
27 "Bone17" 20
28 "Bone18" 27
29 "Bone19" 28
30 "Bone21" 20
31 "Bone22" 30
32 "Bone23" 31
33 "Bone05" 20
34 "Bone06" 33
35 "Bone07" 34
36 "Bone02" 19
37 "Bone03" 36
38 "Bone25" 37
39 "Bone48" 37
40 "Bone50" 37
41 "Bone52" 37
42 "Bone54" 37
end
skeleton
time 0
0  -3.820917 -18.377752 -0.681956  -0.554980 0.255021 0.648762
1  0.089907 -8.543162 -0.000014  0.512985 0.031491 0.240356
2  0.000002 -0.359713 0.000001  0.000001 0.000000 -0.000002
3  -0.308252 -0.007813 0.307166  -0.145108 -0.159883 -2.467069
4  1.978378 0.019532 -0.000005  -0.087920 -0.056958 -0.023671
5  0.982426 0.003180 -0.000001  0.000002 0.000000 0.418883
6  -0.827544 -2.508980 -0.277645  -1.396276 0.000002 0.000006
7  -0.000002 -1.292972 -0.000010  -0.445053 -0.000002 0.000004
8  -0.000005 -0.752466 -0.000003  -0.445052 -0.000002 -0.000011
9  -0.170459 -2.636148 -0.277644  -1.692980 0.000003 0.000007
10  0.010596 -1.261177 -0.000005  -0.253065 -0.000001 -0.000003
11  -0.000001 -0.943233 -0.000002  -0.532324 -0.000005 -0.000003
12  0.444233 -2.561956 -0.277645  -1.727307 -0.046231 -0.024590
13  0.021028 -1.208186 0.000005  -0.427613 0.000000 0.000013
14  0.010593 -0.741867 -0.000004  -0.453779 -0.000005 -0.000011
15  1.047460 -2.222814 -0.277647  -1.508119 -0.078981 -0.038605
16  0.000010 -0.996223 0.000005  -0.863944 -0.000007 0.000005
17  0.000003 -0.614691 0.000001  -0.523600 -0.000005 0.000007
18  4.608666 -4.829769 1.302325  -0.774291 -1.331380 0.567338
19  -0.000013 -8.563281 0.000019  0.347505 -0.125219 -0.169573
20  -0.003480 -0.404828 -0.000001  0.000001 0.000000 0.000001
21  -1.123359 -2.195093 -0.278958  -0.933747 0.000001 -0.087265
22  0.010771 -0.963791 0.000003  -0.610866 0.000000 -0.000001
23  -0.010412 -0.631916 0.000001  -1.213008 -0.000000 -0.000002
24  -0.519308 -2.501153 -0.278958  -1.003566 -0.000000 -0.122172
25  -0.010598 -1.208187 -0.000005  -1.090827 0.000001 -0.000002
26  0.000000 -0.763067 0.000003  -1.343904 -0.000002 0.000001
27  0.105982 -2.607132 -0.278958  -0.890124 -0.000002 -0.148354
28  0.000002 -1.250580 -0.000008  -1.213007 -0.000001 0.000003
29  -0.000000 -0.932634 -0.000010  -1.483524 0.000004 -0.000001
30  0.763065 -2.490554 -0.278958  -0.235616 -0.000000 0.130900
31  -0.012322 -1.280916 0.000003  -0.349066 -0.000000 -0.000001
32  -0.001696 -0.749370 0.000001  -0.593419 0.000000 0.000001
33  0.354567 0.016269 0.318133  0.342078 -0.443527 -1.083972
34  1.887165 0.012872 0.000002  -0.305434 -0.000002 -0.401432
35  1.001875 -0.000269 0.000000  -0.000002 -0.000001 -0.488696
36  -0.657804 -3.130252 0.692623  -1.247034 1.437609 -1.233839
37  -0.000000 1.873663 1.027493  -0.000000 -0.000000 0.000000
38  -0.000000 -3.037147 1.087932  -0.000000 -0.000000 -0.000000
39  -0.000000 -4.895698 1.027490  -0.000000 -0.000000 -0.000000
40  -0.000000 -6.240502 1.163483  -0.000000 -0.000000 -0.000000
41  -0.000000 -5.243232 2.931374  -0.000000 -0.000000 -0.000000
42  -0.214729 -14.141500 3.399044  -0.000000 -0.000000 -0.000000
end
triangles
body.bmp
36  3.040037 -20.994066 5.834671  0.720469 0.000199 0.693487  0.867188 0.593750
36  2.800037 -20.994066 6.074672  0.830654 0.000000 0.556788  0.867188 0.843750
36  2.800037 -21.904066 6.074672  0.778256 0.000199 0.627948  0.992188 0.843750
body.bmp
36  2.800037 -21.904066 6.074672  0.778256 0.000199 0.627948  0.992188 0.843750
36  2.800037 -20.994066 6.074672  0.830654 0.000000 0.556788  0.867188 0.843750
36  2.710037 -21.904066 6.234672  0.876052 -0.000000 0.482217  0.992188 0.968750
body.bmp
36  2.800037 -20.994066 6.074672  0.830654 0.000000 0.556788  0.867188 0.843750
36  2.800037 -19.694067 6.074672  0.830672 0.000000 0.556762  0.687500 0.843750
36  2.710037 -21.904066 6.234672  0.876052 -0.000000 0.482217  0.992188 0.968750
body.bmp
36  2.710037 -21.904066 6.234672  0.876052 -0.000000 0.482217  0.992188 0.968750
36  2.800037 -19.694067 6.074672  0.830672 0.000000 0.556762  0.687500 0.843750
36  2.710037 -14.764067 6.234673  0.876050 -0.000001 0.482220  0.000000 0.968750
body.bmp
36  2.800037 -19.694067 6.074672  0.830245 -0.000000 0.557399  0.687500 0.843750
36  2.800037 -14.774066 6.074673  0.778247 0.000201 0.627958  0.000000 0.843750
36  2.710037 -14.764067 6.234673  0.876051 0.000000 0.482218  0.000000 0.968750
body.bmp
36  2.470037 -21.904066 6.074672  -0.703685 -0.000299 0.710513  0.992188 0.843750
36  2.220037 -20.994066 5.834672  -0.857947 -0.000295 0.513739  0.867188 0.593750
36  2.220037 -21.904066 5.834671  -0.857523 -0.000299 0.514446  0.992188 0.593750
body.bmp
36  2.220037 -21.904066 5.834671  -0.857523 -0.000299 0.514446  0.992188 0.593750
36  2.220037 -20.994066 5.834672  -0.857947 -0.000295 0.513739  0.867188 0.593750
36  2.180037 -21.904066 5.714672  -0.958225 -0.000099 0.286014  0.992188 0.437500
body.bmp
36  2.220037 -20.994066 5.834672  -0.857947 -0.000295 0.513739  0.867188 0.593750
36  2.220037 -19.694067 5.834672  -0.915814 0.000004 0.401603  0.687500 0.593750
36  2.180037 -21.904066 5.714672  -0.958225 -0.000099 0.286014  0.992188 0.437500
body.bmp
36  2.180037 -21.904066 5.714672  -0.958225 -0.000099 0.286014  0.992188 0.437500
36  2.220037 -19.694067 5.834672  -0.915814 0.000004 0.401603  0.687500 0.593750
36  2.180037 -14.774066 5.714673  -0.958225 -0.000099 0.286015  0.000000 0.437500
body.bmp
36  2.220037 -19.694067 5.834672  -0.915464 0.000003 0.402400  0.687500 0.593750
36  2.220037 -14.774066 5.834673  -0.810522 0.000096 0.585708  0.000000 0.593750
36  2.180037 -14.774066 5.714673  -0.958226 -0.000100 0.286013  0.000000 0.437500
body.bmp
36  2.180037 -14.774066 5.714673  -0.203812 0.000000 -0.979010  0.000000 0.437500
36  2.320037 -14.774066 5.684673  -0.910073 0.000287 -0.414449  0.000000 0.406250
36  2.320037 -21.904066 5.684672  -0.581496 -0.000281 -0.813549  0.992188 0.406250
body.bmp
36  2.320037 -21.904066 5.684672  -0.581496 -0.000281 -0.813549  0.992188 0.406250
36  2.320037 -14.774066 5.684673  -0.910073 0.000287 -0.414449  0.000000 0.406250
36  2.320037 -21.904066 5.534672  -0.958048 -0.000138 0.286607  0.992188 0.312500
body.bmp
36  2.320037 -14.774066 5.684673  -0.910073 0.000287 -0.414449  0.000000 0.406250
36  2.320037 -14.774066 5.544673  -0.757518 -0.000843 0.652813  0.000000 0.312500
36  2.320037 -21.904066 5.534672  -0.958048 -0.000138 0.286607  0.992188 0.312500
body.bmp
36  2.320037 -21.904066 5.534672  -0.958048 -0.000138 0.286607  0.992188 0.312500
36  2.320037 -14.774066 5.544673  -0.757518 -0.000843 0.652813  0.000000 0.312500
36  2.210037 -21.914066 5.474672  -0.498273 -0.001100 0.867020  0.992188 0.250000
body.bmp
36  2.320037 -14.774066 5.544673  -0.757518 -0.000843 0.652813  0.000000 0.312500
36  2.190037 -14.774066 5.474673  -0.498312 -0.001100 0.866997  0.000000 0.250000
36  2.210037 -21.914066 5.474672  -0.498273 -0.001100 0.867020  0.992188 0.250000
body.bmp
36  3.040037 -14.774066 5.834672  0.999999 -0.000000 0.001198  0.000000 0.593750
36  3.040037 -19.694067 5.834671  0.999999 -0.000000 0.001151  0.687500 0.593750
36  3.040037 -14.774066 5.474673  0.999999 -0.000000 0.001198  0.000000 0.250000
body.bmp
36  3.040037 -14.774066 5.474673  0.999999 -0.000000 0.001198  0.000000 0.250000
36  3.040037 -19.694067 5.834671  0.999999 -0.000000 0.001151  0.687500 0.593750
36  3.040037 -21.904066 5.474671  0.999999 0.000000 0.001198  0.992188 0.250000
body.bmp
36  3.040037 -19.694067 5.834671  0.999999 -0.000000 0.001151  0.687500 0.593750
36  3.040037 -20.994066 5.834671  0.999999 0.000000 0.001198  0.867188 0.593750
36  3.040037 -21.904066 5.474671  0.999999 0.000000 0.001198  0.992188 0.250000
body.bmp
36  3.040037 -21.904066 5.474671  0.999999 0.000001 0.001198  0.992188 0.250000
36  3.040037 -20.994066 5.834671  0.999999 -0.000000 0.001198  0.867188 0.593750
36  3.040037 -21.904066 5.834671  0.999999 0.000000 0.001198  0.992188 0.593750
body.bmp
36  2.470037 -21.904066 6.074672  -0.944709 0.000000 0.327911  0.992188 0.843750
36  2.520037 -21.904066 6.234672  -0.944710 -0.000399 0.327908  0.992188 0.968750
36  2.470037 -20.994066 6.074672  -0.944710 -0.000402 0.327908  0.867188 0.843750
body.bmp
36  2.470037 -20.994066 6.074672  -0.944709 -0.000400 0.327910  0.867188 0.843750
36  2.520037 -21.904066 6.234672  -0.944709 -0.000399 0.327910  0.992188 0.968750
36  2.470037 -19.694067 6.074672  -0.944709 -0.000399 0.327911  0.687500 0.843750
body.bmp
36  2.520037 -21.904066 6.234672  -0.944709 -0.000399 0.327910  0.992188 0.968750
36  2.520037 -14.764067 6.234673  -0.944709 -0.000401 0.327910  0.000000 0.968750
36  2.470037 -19.694067 6.074672  -0.944709 -0.000399 0.327911  0.687500 0.843750
body.bmp
36  2.470037 -19.694067 6.074672  -0.944709 -0.000399 0.327911  0.687500 0.843750
36  2.520037 -14.764067 6.234673  -0.944709 -0.000401 0.327910  0.000000 0.968750
36  2.470037 -14.764067 6.074673  -0.944709 -0.000399 0.327910  0.000000 0.843750
body.bmp
36  3.040037 -20.994066 5.834671  0.000785 0.999998 -0.001864  0.726563 0.875000
36  2.220037 -20.994066 5.834672  0.000802 0.999998 -0.001904  0.855469 0.875000
36  2.800037 -20.994066 6.074672  0.000784 0.999998 -0.001863  0.726563 0.968750
body.bmp
36  2.800037 -20.994066 6.074672  0.000784 0.999998 -0.001863  0.726563 0.968750
36  2.220037 -20.994066 5.834672  0.000802 0.999998 -0.001904  0.855469 0.875000
36  2.470037 -20.994066 6.074672  0.000783 0.999998 -0.001855  0.855469 0.968750
body.bmp
36  2.220037 -20.994066 5.834672  0.000001 0.000000 1.000000  0.863281 0.968750
36  3.040037 -20.994066 5.834671  0.000001 0.000000 1.000000  0.863281 0.875000
36  2.220037 -19.694067 5.834672  0.000001 0.000000 1.000000  0.675781 0.968750
body.bmp
36  2.220037 -19.694067 5.834672  0.000001 0.000000 1.000000  0.675781 0.968750
36  3.040037 -20.994066 5.834671  0.000001 0.000000 1.000000  0.863281 0.875000
36  3.040037 -19.694067 5.834671  0.000002 0.000000 1.000000  0.675781 0.875000
body.bmp
36  2.470037 -19.694067 6.074672  -0.000300 -0.999999 0.001700  0.687500 0.843750
36  2.220037 -19.694067 5.834672  -0.000300 -0.999999 0.001700  0.687500 0.593750
36  2.800037 -19.694067 6.074672  -0.000300 -0.999999 0.001700  0.687500 0.843750
body.bmp
36  2.800037 -19.694067 6.074672  -0.000300 -0.999999 0.001700  0.687500 0.843750
36  2.220037 -19.694067 5.834672  -0.000300 -0.999999 0.001700  0.687500 0.593750
36  3.040037 -19.694067 5.834671  -0.000300 -0.999999 0.001700  0.687500 0.593750
body.bmp
36  2.220037 -19.694067 5.834672  -0.915464 0.000003 0.402400  0.687500 0.593750
36  2.470037 -19.694067 6.074672  -0.703686 -0.000300 0.710511  0.687500 0.843750
36  2.220037 -14.774066 5.834673  -0.810522 0.000096 0.585708  0.000000 0.593750
body.bmp
36  2.220037 -14.774066 5.834673  -0.810522 0.000096 0.585708  0.000000 0.593750
36  2.470037 -19.694067 6.074672  -0.703686 -0.000300 0.710511  0.687500 0.843750
36  2.470037 -14.764067 6.074673  -0.703682 -0.000449 0.710515  0.000000 0.843750
body.bmp
36  2.800037 -19.694067 6.074672  0.830245 -0.000000 0.557399  0.687500 0.843750
36  3.040037 -19.694067 5.834671  0.720470 0.000198 0.693486  0.687500 0.593750
36  2.800037 -14.774066 6.074673  0.778247 0.000201 0.627958  0.000000 0.843750
body.bmp
36  2.800037 -14.774066 6.074673  0.778247 0.000201 0.627958  0.000000 0.843750
36  3.040037 -19.694067 5.834671  0.720470 0.000198 0.693486  0.687500 0.593750
36  3.040037 -14.774066 5.834672  0.720468 0.000199 0.693488  0.000000 0.593750
body.bmp
36  3.040037 -21.904066 5.474671  0.718808 0.000397 -0.695209  0.992188 0.250000
36  2.800037 -21.904066 5.224671  0.718808 0.000400 -0.695209  0.992188 0.031250
36  3.040037 -14.774066 5.474673  0.718808 0.000400 -0.695209  0.000000 0.250000
body.bmp
36  3.040037 -14.774066 5.474673  0.718796 0.000400 -0.695221  0.000000 0.250000
36  2.800037 -21.904066 5.224671  0.718796 0.000402 -0.695221  0.992188 0.031250
36  2.800037 -14.774066 5.234673  0.718796 0.000401 -0.695221  0.000000 0.031250
body.bmp
36  2.800037 -21.904066 5.224671  0.000000 0.001403 -0.999999  0.992188 0.031250
36  2.460037 -21.904066 5.224671  0.001017 0.001123 -0.999999  0.992188 0.031250
36  2.800037 -14.774066 5.234673  0.000000 0.001403 -0.999999  0.000000 0.031250
body.bmp
36  2.800037 -14.774066 5.234673  0.001017 0.001123 -0.999999  0.000000 0.031250
36  2.460037 -21.904066 5.224671  0.000000 0.001403 -0.999999  0.992188 0.031250
36  2.460037 -14.774066 5.234673  0.000000 0.001403 -0.999999  0.000000 0.031250
body.bmp
36  2.210037 -21.914066 5.474672  -0.709705 -0.001900 -0.704496  0.992188 0.250000
36  2.190037 -14.774066 5.474673  -0.709705 -0.001900 -0.704497  0.000000 0.250000
36  2.460037 -21.904066 5.224671  -0.709684 -0.001900 -0.704517  0.992188 0.031250
body.bmp
36  2.460037 -21.904066 5.224671  -0.709684 -0.001900 -0.704517  0.992188 0.031250
36  2.190037 -14.774066 5.474673  -0.709705 -0.001900 -0.704497  0.000000 0.250000
36  2.460037 -14.774066 5.234673  -0.670607 0.000806 -0.741812  0.000000 0.031250
body.bmp
36  2.180037 -21.904066 5.714672  0.010277 0.999069 -0.041901  0.992188 0.437500
36  2.320037 -21.904066 5.684672  -0.032598 0.999237 -0.021520  0.992188 0.406250
36  2.210037 -21.914066 5.474672  -0.032593 0.999237 -0.021499  0.992188 0.250000
body.bmp
36  2.210037 -21.914066 5.474672  -0.032593 0.999237 -0.021499  0.992188 0.250000
36  2.320037 -21.904066 5.684672  -0.032598 0.999237 -0.021520  0.992188 0.406250
36  2.320037 -21.904066 5.534672  -0.075379 0.997154 -0.001002  0.992188 0.312500
body.bmp
41  2.910038 -21.073635 6.143539  0.000000 -1.000000 0.000000  0.855469 0.812500
41  2.570037 -21.073635 6.143539  0.000000 -1.000000 0.000000  0.855469 0.812500
41  3.230037 -21.073635 5.783539  0.000000 -1.000000 0.000000  0.855469 0.625000
body.bmp
41  3.230037 -21.073635 5.783539  0.000000 -1.000000 0.000000  0.855469 0.625000
41  2.570037 -21.073635 6.143539  0.000000 -1.000000 0.000000  0.855469 0.812500
41  2.230037 -21.073635 5.783539  0.000000 -1.000000 0.000000  0.855469 0.625000
body.bmp
41  2.230037 -21.073635 5.783539  0.000000 -0.000479 -1.000000  0.855469 0.625000
41  2.230037 -19.653635 5.783539  0.000000 -0.000479 -1.000000  0.699219 0.625000
41  3.230037 -21.073635 5.783539  -0.000000 -0.000479 -1.000000  0.855469 0.625000
body.bmp
41  3.230037 -21.073635 5.783539  -0.000000 -0.000479 -1.000000  0.855469 0.625000
41  2.230037 -19.653635 5.783539  0.000000 -0.000479 -1.000000  0.699219 0.625000
41  3.230037 -19.653635 5.783539  0.000000 -0.000479 -1.000000  0.699219 0.625000
body.bmp
41  3.230037 -21.073635 5.783539  0.752326 0.000200 0.658791  0.855469 0.625000
41  3.230037 -19.653635 5.783539  0.752291 0.000199 0.658831  0.699219 0.625000
41  2.910038 -21.073635 6.143539  0.752293 0.000199 0.658828  0.855469 0.812500
body.bmp
41  2.910038 -21.073635 6.143539  0.752293 0.000199 0.658828  0.855469 0.812500
41  3.230037 -19.653635 5.783539  0.752291 0.000199 0.658831  0.699219 0.625000
41  2.910037 -19.653635 6.143539  0.752321 0.000201 0.658796  0.699219 0.812500
body.bmp
41  2.910037 -19.653635 6.143539  0.000000 0.000000 1.000000  0.699219 0.812500
41  2.570037 -19.653635 6.143539  0.000000 0.000000 1.000000  0.699219 0.812500
41  2.910038 -21.073635 6.143539  0.000000 0.000000 1.000000  0.855469 0.812500
body.bmp
41  2.910038 -21.073635 6.143539  0.000000 0.000000 1.000000  0.855469 0.812500
41  2.570037 -19.653635 6.143539  0.000000 0.000000 1.000000  0.699219 0.812500
41  2.570037 -21.073635 6.143539  0.000000 0.000000 1.000000  0.855469 0.812500
body.bmp
41  2.910037 -19.653635 6.143539  0.000000 1.000000 0.000000  0.699219 0.812500
41  3.230037 -19.653635 5.783539  0.000000 1.000000 0.000000  0.699219 0.625000
41  2.570037 -19.653635 6.143539  0.000000 1.000000 0.000000  0.699219 0.812500
body.bmp
41  2.570037 -19.653635 6.143539  0.000000 1.000000 0.000000  0.699219 0.812500
41  3.230037 -19.653635 5.783539  0.000000 1.000000 0.000000  0.699219 0.625000
41  2.230037 -19.653635 5.783539  0.000000 1.000000 0.000000  0.699219 0.625000
body.bmp
41  2.570037 -19.653635 6.143539  -0.740647 -0.000699 0.671894  0.699219 0.812500
41  2.230037 -19.653635 5.783539  -0.740648 -0.000697 0.671893  0.699219 0.625000
41  2.570037 -21.073635 6.143539  -0.740650 -0.000699 0.671891  0.855469 0.812500
body.bmp
41  2.570037 -21.073635 6.143539  -0.740650 -0.000699 0.671891  0.855469 0.812500
41  2.230037 -19.653635 5.783539  -0.740648 -0.000697 0.671893  0.699219 0.625000
41  2.230037 -21.073635 5.783539  -0.740651 -0.000698 0.671890  0.855469 0.625000
body.bmp
36  2.710037 -21.904066 6.234672  0.000000 -0.000000 1.000000  0.992188 0.968750
36  2.710037 -14.764067 6.234673  0.000000 -0.000000 1.000000  0.000000 0.968750
36  2.520037 -21.904066 6.234672  0.000000 -0.000000 1.000000  0.992188 0.968750
body.bmp
36  2.520037 -21.904066 6.234672  0.000000 -0.000000 1.000000  0.992188 0.968750
36  2.710037 -14.764067 6.234673  0.000000 -0.000000 1.000000  0.000000 0.968750
36  2.520037 -14.764067 6.234673  0.000000 0.000335 1.000000  0.000000 0.968750
body.bmp
36  2.470037 -19.694067 6.074672  0.001017 0.001017 -0.999999  0.687500 0.843750
36  2.800037 -19.694067 6.074672  0.001017 0.001017 -0.999999  0.687500 0.843750
36  2.470037 -20.994066 6.074672  0.001018 0.001016 -0.999999  0.867188 0.843750
body.bmp
36  2.470037 -20.994066 6.074672  0.001018 0.001016 -0.999999  0.867188 0.843750
36  2.800037 -19.694067 6.074672  0.001017 0.001017 -0.999999  0.687500 0.843750
36  2.800037 -20.994066 6.074672  0.001017 0.001017 -0.999999  0.867188 0.843750
body.bmp
36  3.040037 -20.994066 5.834671  0.720469 0.000199 0.693487  0.867188 0.593750
36  2.800037 -21.904066 6.074672  0.778256 0.000199 0.627948  0.992188 0.843750
36  3.040037 -21.904066 5.834671  0.720469 0.000198 0.693487  0.992188 0.593750
body.bmp
36  2.470037 -21.904066 6.074672  -0.703686 -0.000300 0.710511  0.992188 0.843750
36  2.470037 -20.994066 6.074672  -0.703686 -0.000299 0.710511  0.867188 0.843750
36  2.220037 -20.994066 5.834672  -0.857150 -0.000287 0.515067  0.867188 0.593750
body.bmp
36  2.320037 -21.904066 5.684672  -0.581496 -0.000281 -0.813549  0.992188 0.406250
36  2.180037 -21.904066 5.714672  -0.203852 0.000000 -0.979002  0.992188 0.437500
36  2.180037 -14.774066 5.714673  -0.203812 0.000000 -0.979010  0.000000 0.437500
buttstock.bmp
36  2.490037 -14.854067 6.624673  -0.736594 -0.387168 0.554555  0.988281 0.898438
36  2.370037 -14.854066 6.094673  -0.585875 -0.719878 0.372190  0.988281 0.750000
36  2.980037 -14.854066 6.614673  0.321593 -0.634466 0.702873  0.988281 0.843750
buttstock.bmp
36  2.980037 -14.854066 6.614673  0.321593 -0.634466 0.702873  0.988281 0.843750
36  2.370037 -14.854066 6.094673  -0.585875 -0.719878 0.372190  0.988281 0.750000
36  3.280037 -14.854066 5.284672  0.603542 -0.795621 -0.052196  0.988281 0.546875
buttstock.bmp
36  2.370037 -14.854066 6.094673  -0.585875 -0.719878 0.372190  0.988281 0.750000
36  2.120037 -14.854066 5.834673  -0.791532 -0.578632 0.196628  0.988281 0.656250
36  3.280037 -14.854066 5.284672  0.603542 -0.795621 -0.052196  0.988281 0.546875
buttstock.bmp
36  3.280037 -14.854066 5.284672  0.603542 -0.795621 -0.052196  0.988281 0.546875
36  2.120037 -14.854066 5.834673  -0.791532 -0.578632 0.196628  0.988281 0.656250
36  2.130037 -14.854066 5.514673  -0.779673 -0.564006 -0.272043  0.988281 0.593750
buttstock.bmp
36  2.120037 -14.854066 5.834673  -0.791532 -0.578632 0.196628  0.988281 0.656250
36  2.130037 -13.754066 5.534673  -0.979306 0.056509 -0.194336  0.867188 0.593750
36  2.130037 -14.854066 5.514673  -0.779673 -0.564006 -0.272043  0.988281 0.593750
buttstock.bmp
36  2.130037 -14.854066 5.514673  -0.779673 -0.564006 -0.272043  0.988281 0.593750
36  2.130037 -13.754066 5.534673  -0.979306 0.056509 -0.194336  0.867188 0.593750
36  2.310037 -13.774066 5.184673  -0.959495 0.023010 -0.280785  0.867188 0.546875
buttstock.bmp
36  2.130037 -13.754066 5.534673  -0.979306 0.056509 -0.194336  0.867188 0.593750
36  2.310037 -12.384067 5.574673  -0.994336 0.066782 -0.082675  0.707031 0.656250
36  2.310037 -13.774066 5.184673  -0.959495 0.023010 -0.280785  0.867188 0.546875
buttstock.bmp
36  2.310037 -13.774066 5.184673  -0.959495 0.023010 -0.280785  0.867188 0.546875
36  2.310037 -12.384067 5.574673  -0.994336 0.066782 -0.082675  0.707031 0.656250
36  2.310036 -12.384067 5.194673  -0.999028 -0.010394 -0.042840  0.707031 0.546875
buttstock.bmp
36  2.310037 -12.384067 5.574673  -0.994336 0.066782 -0.082675  0.707031 0.656250
36  2.310036 -6.144066 5.694674  -0.797881 0.270334 0.538801  0.007813 0.757813
36  2.310036 -12.384067 5.194673  -0.999028 -0.010394 -0.042840  0.707031 0.546875
buttstock.bmp
36  2.310036 -12.384067 5.194673  -0.999028 -0.010394 -0.042840  0.707031 0.546875
36  2.310036 -6.144066 5.694674  -0.797881 0.270334 0.538801  0.007813 0.757813
36  2.310035 -6.144066 2.134674  -0.726966 0.573317 -0.377925  0.003906 0.023438
buttstock.bmp
36  2.310036 -6.144066 5.694674  -0.797881 0.270334 0.538801  0.007813 0.757813
36  2.990036 -6.144066 5.664674  0.672685 0.650567 0.352502  0.003906 0.695313
36  2.310035 -6.144066 2.134674  -0.726966 0.573317 -0.377925  0.003906 0.023438
buttstock.bmp
36  2.310035 -6.144066 2.134674  -0.726966 0.573317 -0.377925  0.003906 0.023438
36  2.990036 -6.144066 5.664674  0.672685 0.650567 0.352502  0.003906 0.695313
36  2.990035 -6.154066 2.124674  0.468147 0.124789 -0.874795  0.007813 0.015625
buttstock.bmp
36  2.990036 -6.144066 5.664674  0.672685 0.650567 0.352502  0.003906 0.695313
36  2.980036 -12.364066 4.584673  0.793164 -0.025019 -0.608494  0.707031 0.453125
36  2.990035 -6.154066 2.124674  0.468147 0.124789 -0.874795  0.007813 0.015625
buttstock.bmp
36  2.990035 -6.154066 2.124674  0.468147 0.124789 -0.874795  0.007813 0.015625
36  2.980036 -12.364066 4.584673  0.793164 -0.025019 -0.608494  0.707031 0.453125
36  2.380036 -12.364066 4.584673  -0.763658 -0.149801 -0.628002  0.707031 0.453125
buttstock.bmp
36  2.980036 -12.364066 4.584673  0.793164 -0.025019 -0.608494  0.707031 0.453125
36  2.380036 -14.844066 4.574673  -0.400204 -0.390986 -0.828834  0.988281 0.453125
36  2.380036 -12.364066 4.584673  -0.763658 -0.149801 -0.628002  0.707031 0.453125
buttstock.bmp
36  2.380036 -12.364066 4.584673  -0.763658 -0.149801 -0.628002  0.707031 0.453125
36  2.380036 -14.844066 4.574673  -0.400204 -0.390986 -0.828834  0.988281 0.453125
36  2.310037 -14.854066 5.184673  -0.682661 -0.710802 -0.169512  0.988281 0.546875
buttstock.bmp
36  2.380036 -14.844066 4.574673  -0.400204 -0.390986 -0.828834  0.988281 0.453125
36  2.980036 -14.864066 4.574672  0.346323 -0.770149 -0.535659  0.992188 0.453125
36  2.310037 -14.854066 5.184673  -0.682661 -0.710802 -0.169512  0.988281 0.546875
buttstock.bmp
36  2.310037 -14.854066 5.184673  -0.682661 -0.710802 -0.169512  0.988281 0.546875
36  2.980036 -14.864066 4.574672  0.346323 -0.770149 -0.535659  0.992188 0.453125
36  3.280037 -14.854066 5.284672  0.603542 -0.795621 -0.052196  0.988281 0.546875
buttstock.bmp
36  2.980036 -14.864066 4.574672  0.346323 -0.770149 -0.535659  0.992188 0.453125
36  2.980036 -12.364066 4.584673  0.793164 -0.025019 -0.608494  0.707031 0.453125
36  3.280037 -14.854066 5.284672  0.603542 -0.795621 -0.052196  0.988281 0.546875
buttstock.bmp
36  3.280037 -14.854066 5.284672  0.603542 -0.795621 -0.052196  0.988281 0.546875
36  2.980036 -12.364066 4.584673  0.793164 -0.025019 -0.608494  0.707031 0.453125
36  3.280037 -13.764066 5.284673  0.995721 0.091600 0.012191  0.867188 0.546875
buttstock.bmp
36  2.980036 -12.364066 4.584673  0.793164 -0.025019 -0.608494  0.707031 0.453125
36  2.990037 -12.384067 5.694673  0.590781 0.287608 0.753830  0.707031 0.695313
36  3.280037 -13.764066 5.284673  0.995721 0.091600 0.012191  0.867188 0.546875
buttstock.bmp
36  3.280037 -13.764066 5.284673  0.995721 0.091600 0.012191  0.867188 0.546875
36  2.990037 -12.384067 5.694673  0.590781 0.287608 0.753830  0.707031 0.695313
36  2.990037 -13.754066 6.614673  0.753737 0.178374 0.632506  0.867188 0.843750
buttstock.bmp
36  2.130037 -13.754066 5.834673  -0.931873 0.075028 0.354942  0.867188 0.656250
36  2.130037 -13.754066 5.534673  -0.979306 0.056509 -0.194336  0.867188 0.593750
36  2.120037 -14.854066 5.834673  -0.791532 -0.578632 0.196628  0.988281 0.656250
buttstock.bmp
36  2.130037 -13.754066 5.834673  -0.931873 0.075028 0.354942  0.867188 0.656250
36  2.310037 -12.384067 5.574673  -0.994336 0.066782 -0.082675  0.707031 0.656250
36  2.130037 -13.754066 5.534673  -0.979306 0.056509 -0.194336  0.867188 0.593750
buttstock.bmp
36  2.130037 -13.754066 5.834673  -0.931873 0.075028 0.354942  0.867188 0.656250
36  2.310037 -12.364066 5.694674  -0.790746 0.190997 0.581584  0.707031 0.757813
36  2.310037 -12.384067 5.574673  -0.994336 0.066782 -0.082675  0.707031 0.656250
buttstock.bmp
36  2.130037 -13.754066 5.834673  -0.931873 0.075028 0.354942  0.867188 0.656250
36  2.360037 -13.754066 6.094673  -0.909449 0.036403 0.414220  0.867188 0.750000
36  2.310037 -12.364066 5.694674  -0.790746 0.190997 0.581584  0.707031 0.757813
buttstock.bmp
36  2.130037 -13.754066 5.834673  -0.931873 0.075028 0.354942  0.867188 0.656250
36  2.370037 -14.854066 6.094673  -0.585875 -0.719878 0.372190  0.988281 0.750000
36  2.360037 -13.754066 6.094673  -0.909449 0.036403 0.414220  0.867188 0.750000
buttstock.bmp
36  2.130037 -13.754066 5.834673  -0.931873 0.075028 0.354942  0.867188 0.656250
36  2.120037 -14.854066 5.834673  -0.791532 -0.578632 0.196628  0.988281 0.656250
36  2.370037 -14.854066 6.094673  -0.585875 -0.719878 0.372190  0.988281 0.750000
buttstock.bmp
36  2.530037 -18.804066 4.014672  -1.000000 0.000000 0.000001  0.324219 0.492188
36  2.530036 -18.404066 2.914672  -1.000000 -0.000000 0.000000  0.289063 0.281250
36  2.530037 -19.074066 4.014672  -1.000000 -0.000000 0.000001  0.347656 0.492188
buttstock.bmp
36  2.530037 -19.074066 4.014672  -1.000000 -0.000000 0.000001  0.347656 0.492188
36  2.530036 -18.404066 2.914672  -1.000000 -0.000000 0.000000  0.289063 0.281250
36  2.530036 -18.524065 2.794672  -1.000000 -0.000001 0.000000  0.300781 0.257813
buttstock.bmp
36  2.530036 -18.404066 2.914672  -1.000000 -0.000000 0.000000  0.289063 0.281250
36  2.530036 -17.324066 2.934672  -1.000000 -0.000000 0.000000  0.191406 0.289063
36  2.530036 -18.524065 2.794672  -1.000000 -0.000001 0.000000  0.300781 0.257813
buttstock.bmp
36  2.530036 -18.524065 2.794672  -1.000000 -0.000001 0.000000  0.300781 0.257813
36  2.530036 -17.324066 2.934672  -1.000000 -0.000000 0.000000  0.191406 0.289063
36  2.530036 -17.234066 2.804672  -1.000000 -0.000000 0.000000  0.179688 0.257813
buttstock.bmp
36  2.530036 -17.324066 2.934672  -1.000000 -0.000000 0.000000  0.191406 0.289063
36  2.530036 -16.524065 3.424672  -1.000000 0.000000 0.000000  0.117188 0.382813
36  2.530036 -17.234066 2.804672  -1.000000 -0.000000 0.000000  0.179688 0.257813
buttstock.bmp
36  2.530036 -17.234066 2.804672  -1.000000 -0.000000 0.000000  0.179688 0.257813
36  2.530036 -16.524065 3.424672  -1.000000 0.000000 0.000000  0.117188 0.382813
36  2.530036 -16.374065 3.174672  -1.000000 0.000000 0.000000  0.101563 0.335938
buttstock.bmp
36  2.930037 -19.074066 4.014672  1.000000 0.000000 -0.000001  0.347656 0.492188
36  2.930036 -18.524065 2.794672  1.000000 0.000001 -0.000000  0.300781 0.257813
36  2.930036 -18.404066 2.914672  1.000000 0.000001 -0.000000  0.289063 0.281250
buttstock.bmp
36  2.930036 -18.404066 2.914672  1.000000 0.000001 -0.000000  0.289063 0.281250
36  2.930036 -18.524065 2.794672  1.000000 0.000001 -0.000000  0.300781 0.257813
36  2.930036 -17.324066 2.934672  1.000000 0.000000 0.000000  0.191406 0.289063
buttstock.bmp
36  2.930036 -18.524065 2.794672  1.000000 0.000001 -0.000000  0.300781 0.257813
36  2.930036 -17.234066 2.804672  1.000000 0.000000 0.000000  0.179688 0.257813
36  2.930036 -17.324066 2.934672  1.000000 0.000000 0.000000  0.191406 0.289063
buttstock.bmp
36  2.930036 -17.324066 2.934672  1.000000 0.000000 0.000000  0.191406 0.289063
36  2.930036 -17.234066 2.804672  1.000000 0.000000 0.000000  0.179688 0.257813
36  2.930036 -16.524065 3.424672  1.000000 0.000000 0.000000  0.117188 0.382813
buttstock.bmp
36  2.930036 -17.234066 2.804672  1.000000 0.000000 0.000000  0.179688 0.257813
36  2.930036 -16.374065 3.174672  1.000000 0.000000 0.000000  0.101563 0.335938
36  2.930036 -16.524065 3.424672  1.000000 0.000000 0.000000  0.117188 0.382813
buttstock.bmp
36  2.310035 -6.144066 2.134674  -0.726966 0.573317 -0.377925  0.003906 0.023438
36  2.380036 -12.364066 4.584673  -0.763658 -0.149801 -0.628002  0.707031 0.453125
36  2.310036 -12.384067 5.194673  -0.999028 -0.010394 -0.042840  0.707031 0.546875
buttstock.bmp
36  2.310036 -12.384067 5.194673  -0.999028 -0.010394 -0.042840  0.707031 0.546875
36  2.380036 -12.364066 4.584673  -0.763658 -0.149801 -0.628002  0.707031 0.453125
36  2.310037 -13.774066 5.184673  -0.959495 0.023010 -0.280785  0.867188 0.546875
buttstock.bmp
36  2.380036 -12.364066 4.584673  -0.763658 -0.149801 -0.628002  0.707031 0.453125
36  2.310037 -14.854066 5.184673  -0.682661 -0.710802 -0.169512  0.988281 0.546875
36  2.310037 -13.774066 5.184673  -0.959495 0.023010 -0.280785  0.867188 0.546875
buttstock.bmp
36  2.310037 -13.774066 5.184673  -0.959495 0.023010 -0.280785  0.867188 0.546875
36  2.310037 -14.854066 5.184673  -0.682661 -0.710802 -0.169512  0.988281 0.546875
36  2.130037 -14.854066 5.514673  -0.779673 -0.564006 -0.272043  0.988281 0.593750
buttstock.bmp
36  2.310037 -14.854066 5.184673  -0.682661 -0.710802 -0.169512  0.988281 0.546875
36  3.280037 -14.854066 5.284672  0.603542 -0.795621 -0.052196  0.988281 0.546875
36  2.130037 -14.854066 5.514673  -0.779673 -0.564006 -0.272043  0.988281 0.593750
buttstock.bmp
36  2.330037 -15.614066 7.184673  0.007680 0.161265 0.986881  0.859375 0.398438
36  2.980037 -15.624066 7.184672  0.007705 0.161265 0.986881  0.859375 0.210938
36  2.440037 -15.534066 7.174673  0.007678 0.161280 0.986879  0.843750 0.375000
buttstock.bmp
36  2.440037 -15.534066 7.174673  0.007678 0.161280 0.986879  0.843750 0.375000
36  2.980037 -15.624066 7.184672  0.007705 0.161265 0.986881  0.859375 0.210938
36  2.870037 -15.534066 7.174673  0.007697 0.161263 0.986881  0.843750 0.234375
buttstock.bmp
36  2.980037 -15.624066 7.184672  0.007705 0.161265 0.986881  0.859375 0.210938
36  2.980037 -15.214067 7.114673  0.007096 0.477639 0.878527  0.785156 0.210938
36  2.870037 -15.534066 7.174673  0.007697 0.161263 0.986881  0.843750 0.234375
buttstock.bmp
36  2.870037 -15.534066 7.174673  0.007697 0.161263 0.986881  0.843750 0.234375
36  2.980037 -15.214067 7.114673  0.007096 0.477639 0.878527  0.785156 0.210938
36  2.870037 -15.214067 7.114673  0.007090 0.477636 0.878529  0.785156 0.234375
buttstock.bmp
36  2.980037 -15.214067 7.114673  0.007096 0.477639 0.878527  0.785156 0.210938
36  2.870037 -14.924067 6.794673  0.000000 0.955719 0.294280  0.726563 0.234375
36  2.870037 -15.214067 7.114673  0.007090 0.477636 0.878529  0.785156 0.234375
buttstock.bmp
36  2.530036 -17.234066 2.804672  0.000000 0.207608 -0.978212  0.179688 0.257813
36  2.930036 -18.524065 2.794672  -0.000000 0.011970 -0.999928  0.300781 0.257813
36  2.530036 -18.524065 2.794672  0.000000 0.011970 -0.999928  0.300781 0.257813
buttstock.bmp
36  2.530036 -17.234066 2.804672  0.000000 0.207608 -0.978212  0.179688 0.257813
36  2.930036 -17.234066 2.804672  -0.000001 0.208090 -0.978110  0.179688 0.257813
36  2.930036 -18.524065 2.794672  -0.000000 0.011970 -0.999928  0.300781 0.257813
buttstock.bmp
36  2.530036 -17.234066 2.804672  0.000000 0.207608 -0.978212  0.179688 0.257813
36  2.930036 -16.374065 3.174672  0.000000 0.395208 -0.918592  0.101563 0.335938
36  2.930036 -17.234066 2.804672  -0.000001 0.208090 -0.978110  0.179688 0.257813
buttstock.bmp
36  2.530036 -17.234066 2.804672  0.000000 0.207608 -0.978212  0.179688 0.257813
36  2.530036 -16.374065 3.174672  0.000000 0.396001 -0.918250  0.101563 0.335938
36  2.930036 -16.374065 3.174672  0.000000 0.395208 -0.918592  0.101563 0.335938
buttstock.bmp
36  2.990037 -12.384067 5.694673  0.590781 0.287608 0.753830  0.707031 0.757813
36  2.490037 -13.754066 6.624673  -0.400101 0.246273 0.882762  0.867188 0.835938
36  2.990037 -13.754066 6.614673  0.753737 0.178374 0.632506  0.867188 0.898438
buttstock.bmp
36  2.990037 -12.384067 5.694673  0.590781 0.287608 0.753830  0.707031 0.757813
36  2.310037 -12.364066 5.694674  -0.790746 0.190997 0.581584  0.707031 0.695313
36  2.490037 -13.754066 6.624673  -0.400101 0.246273 0.882762  0.867188 0.835938
buttstock.bmp
36  2.990037 -12.384067 5.694673  0.590781 0.287608 0.753830  0.707031 0.757813
36  2.310036 -6.144066 5.694674  -0.797881 0.270334 0.538801  0.007813 0.695313
36  2.310037 -12.364066 5.694674  -0.790746 0.190997 0.581584  0.707031 0.695313
buttstock.bmp
36  2.990037 -12.384067 5.694673  0.590781 0.287608 0.753830  0.707031 0.757813
36  2.990036 -6.144066 5.664674  0.672685 0.650567 0.352502  0.007813 0.750000
36  2.310036 -6.144066 5.694674  -0.797881 0.270334 0.538801  0.007813 0.695313
buttstock.bmp
36  2.330037 -15.214067 7.114673  0.007112 0.477609 0.878543  0.785156 0.398438
36  2.440037 -14.924067 6.794673  0.000000 0.940710 0.339212  0.726563 0.375000
36  2.330037 -14.924067 6.794673  -0.000000 0.940676 0.339306  0.726563 0.398438
buttstock.bmp
36  2.330037 -15.214067 7.114673  0.007112 0.477609 0.878543  0.785156 0.398438
36  2.440037 -15.214067 7.114673  0.007089 0.477637 0.878529  0.785156 0.375000
36  2.440037 -14.924067 6.794673  0.000000 0.940710 0.339212  0.726563 0.375000
buttstock.bmp
36  2.330037 -15.214067 7.114673  0.007112 0.477609 0.878543  0.785156 0.398438
36  2.440037 -15.534066 7.174673  0.007678 0.161280 0.986879  0.843750 0.375000
36  2.440037 -15.214067 7.114673  0.007089 0.477637 0.878529  0.785156 0.375000
buttstock.bmp
36  2.330037 -15.214067 7.114673  0.007112 0.477609 0.878543  0.785156 0.398438
36  2.330037 -15.614066 7.184673  0.007680 0.161265 0.986881  0.859375 0.398438
36  2.440037 -15.534066 7.174673  0.007678 0.161280 0.986879  0.843750 0.375000
buttstock.bmp
38  2.570037 -17.337551 4.220097  -0.999999 -0.000691 -0.001580  0.191406 0.531250
38  2.570036 -17.247551 3.450097  -0.999999 -0.000692 -0.001580  0.187500 0.390625
38  2.570037 -17.777550 4.210097  -0.999999 -0.000691 -0.001580  0.230469 0.531250
buttstock.bmp
38  2.570037 -17.777550 4.210097  -0.999999 -0.000691 -0.001580  0.230469 0.531250
38  2.570036 -17.247551 3.450097  -0.999999 -0.000692 -0.001580  0.187500 0.390625
38  2.570036 -17.447550 3.530097  -0.999999 -0.000691 -0.001580  0.203125 0.406250
buttstock.bmp
38  2.570036 -17.247551 3.450097  -0.999999 -0.000692 -0.001580  0.187500 0.390625
38  2.570036 -17.647551 3.070097  -0.999999 -0.000692 -0.001581  0.222656 0.320313
38  2.570036 -17.447550 3.530097  -0.999999 -0.000691 -0.001580  0.203125 0.406250
buttstock.bmp
38  2.890037 -17.777550 4.210097  0.999528 0.026818 -0.014990  0.230469 0.531250
38  2.890036 -17.447550 3.540097  0.999525 0.026902 -0.015021  0.203125 0.406250
38  2.890037 -17.337551 4.220097  0.999529 0.026790 -0.014992  0.191406 0.531250
buttstock.bmp
38  2.890037 -17.337551 4.220097  0.999529 0.026790 -0.014992  0.191406 0.531250
38  2.890036 -17.447550 3.540097  0.999525 0.026902 -0.015021  0.203125 0.406250
38  2.880036 -17.247551 3.450097  0.999528 0.026804 -0.015002  0.187500 0.390625
buttstock.bmp
38  2.890036 -17.447550 3.540097  0.999525 0.026902 -0.015021  0.203125 0.406250
38  2.880036 -17.647551 3.070097  0.999528 0.026803 -0.015006  0.222656 0.320313
38  2.880036 -17.247551 3.450097  0.999528 0.026804 -0.015002  0.187500 0.390625
buttstock.bmp
36  2.310037 -12.364066 5.694674  -0.790746 0.190997 0.581584  0.707031 0.757813
36  2.360037 -13.754066 6.094673  -0.909449 0.036403 0.414220  0.867188 0.750000
36  2.490037 -13.754066 6.624673  -0.400101 0.246273 0.882762  0.867188 0.898438
buttstock.bmp
36  2.490037 -13.754066 6.624673  -0.400101 0.246273 0.882762  0.867188 0.898438
36  2.360037 -13.754066 6.094673  -0.909449 0.036403 0.414220  0.867188 0.750000
36  2.490037 -14.854067 6.624673  -0.736594 -0.387168 0.554555  0.988281 0.898438
buttstock.bmp
36  2.360037 -13.754066 6.094673  -0.909449 0.036403 0.414220  0.867188 0.750000
36  2.370037 -14.854066 6.094673  -0.585875 -0.719878 0.372190  0.988281 0.750000
36  2.490037 -14.854067 6.624673  -0.736594 -0.387168 0.554555  0.988281 0.898438
buttstock.bmp
36  2.980037 -14.924067 6.794672  1.000000 0.000000 0.000000  0.726563 0.101563
36  2.980037 -15.214067 7.114673  1.000000 0.000000 0.000000  0.781250 0.179688
36  2.980037 -14.924067 6.444673  1.000000 0.000000 0.000000  0.726563 0.007813
buttstock.bmp
36  2.980037 -14.924067 6.444673  1.000000 0.000000 0.000000  0.726563 0.007813
36  2.980037 -15.214067 7.114673  1.000000 0.000000 0.000000  0.781250 0.179688
36  2.980037 -16.204067 6.444673  1.000000 0.000000 0.000000  0.960938 0.007813
buttstock.bmp
36  2.980037 -15.214067 7.114673  1.000000 0.000000 0.000000  0.781250 0.179688
36  2.980037 -15.624066 7.184672  1.000000 0.000000 0.000000  0.859375 0.195313
36  2.980037 -16.204067 6.444673  1.000000 0.000000 0.000000  0.960938 0.007813
buttstock.bmp
36  2.330037 -14.924067 6.444673  -1.000000 0.000000 0.000000  0.726563 0.007813
36  2.330037 -16.204067 6.444673  -1.000000 -0.000000 0.000000  0.960938 0.007813
36  2.330037 -14.924067 6.794673  -1.000000 0.000000 0.000000  0.726563 0.101563
buttstock.bmp
36  2.330037 -14.924067 6.794673  -1.000000 0.000000 0.000000  0.726563 0.101563
36  2.330037 -16.204067 6.444673  -1.000000 -0.000000 0.000000  0.960938 0.007813
36  2.330037 -15.214067 7.114673  -1.000000 -0.000000 0.000000  0.781250 0.179688
buttstock.bmp
36  2.330037 -16.204067 6.444673  -1.000000 -0.000000 0.000000  0.960938 0.007813
36  2.330037 -15.614066 7.184673  -1.000000 -0.000000 0.000000  0.859375 0.195313
36  2.330037 -15.214067 7.114673  -1.000000 -0.000000 0.000000  0.781250 0.179688
buttstock.bmp
36  2.980037 -14.924067 6.444673  -0.000000 0.999996 -0.002780  0.601563 0.007813
36  2.330037 -14.924067 6.444673  0.000000 0.999996 -0.002778  0.722656 0.007813
36  2.870037 -14.924067 6.794673  0.000000 0.955719 0.294280  0.632813 0.109375
buttstock.bmp
36  2.870037 -14.924067 6.794673  0.000000 0.955719 0.294280  0.632813 0.109375
36  2.330037 -14.924067 6.444673  0.000000 0.999996 -0.002778  0.722656 0.007813
36  2.440037 -14.924067 6.794673  0.000000 0.940710 0.339212  0.691406 0.109375
buttstock.bmp
36  2.330037 -14.924067 6.444673  0.000000 0.999996 -0.002778  0.722656 0.007813
36  2.330037 -14.924067 6.794673  -0.000000 0.940676 0.339306  0.722656 0.109375
36  2.440037 -14.924067 6.794673  0.000000 0.940710 0.339212  0.691406 0.109375
buttstock.bmp
38  2.880036 -17.647551 3.070097  -0.002301 0.679533 -0.733641  0.402344 0.031250
38  2.570036 -17.647551 3.070097  -0.002300 0.679531 -0.733643  0.351563 0.031250
38  2.880036 -17.247551 3.450097  -0.002292 0.679528 -0.733646  0.402344 0.093750
buttstock.bmp
38  2.880036 -17.247551 3.450097  -0.002292 0.679528 -0.733646  0.402344 0.093750
38  2.570036 -17.647551 3.070097  -0.002300 0.679531 -0.733643  0.351563 0.031250
38  2.570036 -17.247551 3.450097  -0.002303 0.679528 -0.733646  0.351563 0.093750
buttstock.bmp
38  2.570036 -17.447550 3.530097  -0.001596 -0.910037 0.414524  0.203125 0.406250
38  2.570036 -17.647551 3.070097  -0.001618 -0.910044 0.414508  0.222656 0.320313
38  2.890036 -17.447550 3.540097  -0.001609 -0.910050 0.414495  0.203125 0.406250
buttstock.bmp
38  2.890036 -17.447550 3.540097  -0.001609 -0.910050 0.414495  0.203125 0.406250
38  2.570036 -17.647551 3.070097  -0.001618 -0.910044 0.414508  0.222656 0.320313
38  2.880036 -17.647551 3.070097  -0.001598 -0.910051 0.414493  0.222656 0.320313
buttstock.bmp
38  2.890037 -17.777550 4.210097  -0.000000 -0.897913 -0.440173  0.230469 0.531250
38  2.570037 -17.777550 4.210097  -0.000000 -0.897939 -0.440119  0.230469 0.531250
38  2.890036 -17.447550 3.540097  -0.000004 -0.897939 -0.440120  0.203125 0.406250
buttstock.bmp
38  2.890036 -17.447550 3.540097  -0.000004 -0.897939 -0.440120  0.203125 0.406250
38  2.570037 -17.777550 4.210097  -0.000000 -0.897939 -0.440119  0.230469 0.531250
38  2.570036 -17.447550 3.530097  0.000004 -0.897940 -0.440118  0.203125 0.406250
buttstock.bmp
38  2.570037 -17.777550 4.210097  0.000000 -0.025502 0.999675  0.230469 0.531250
38  2.890037 -17.777550 4.210097  -0.000000 -0.025597 0.999672  0.230469 0.531250
38  2.570037 -17.337551 4.220097  0.000000 -0.025597 0.999672  0.191406 0.531250
buttstock.bmp
38  2.570037 -17.337551 4.220097  0.000000 -0.025597 0.999672  0.191406 0.531250
38  2.890037 -17.777550 4.210097  -0.000000 -0.025597 0.999672  0.230469 0.531250
38  2.890037 -17.337551 4.220097  -0.000000 -0.025502 0.999675  0.191406 0.531250
buttstock.bmp
38  2.570036 -17.247551 3.450097  -0.000400 0.994259 0.107001  0.351563 0.093750
38  2.570037 -17.337551 4.220097  -0.000399 0.994258 0.107005  0.347656 0.164063
38  2.880036 -17.247551 3.450097  -0.000399 0.994259 0.107003  0.402344 0.093750
buttstock.bmp
38  2.880036 -17.247551 3.450097  -0.000399 0.994259 0.107003  0.402344 0.093750
38  2.570037 -17.337551 4.220097  -0.000399 0.994258 0.107005  0.347656 0.164063
38  2.890037 -17.337551 4.220097  -0.000400 0.994258 0.107006  0.398438 0.164063
buttstock.bmp
39  2.580037 -19.406101 4.109656  0.000002 0.000000 1.000000  0.402344 0.539063
39  2.880037 -19.406101 4.109655  0.000004 0.000000 1.000000  0.402344 0.539063
39  2.580037 -19.226101 4.109656  0.000003 0.000000 1.000000  0.386719 0.539063
buttstock.bmp
39  2.580037 -19.226101 4.109656  0.000003 0.000000 1.000000  0.386719 0.539063
39  2.880037 -19.406101 4.109655  0.000004 0.000000 1.000000  0.402344 0.539063
39  2.880037 -19.226101 4.109655  0.000004 0.000000 1.000000  0.386719 0.539063
buttstock.bmp
39  2.580037 -19.226101 4.109656  0.000000 0.972391 -0.233357  0.386719 0.539063
39  2.880037 -19.226101 4.109655  -0.000001 0.972391 -0.233357  0.386719 0.539063
39  2.580037 -19.406101 3.349656  0.000000 0.972391 -0.233357  0.402344 0.390625
buttstock.bmp
39  2.580037 -19.406101 3.349656  0.000000 0.972391 -0.233357  0.402344 0.390625
39  2.880037 -19.226101 4.109655  -0.000001 0.972391 -0.233357  0.386719 0.539063
39  2.880037 -19.406101 3.349655  0.000000 0.972380 -0.233404  0.402344 0.390625
buttstock.bmp
39  2.580037 -19.406101 4.109656  0.000000 -1.000000 0.000000  0.402344 0.539063
39  2.580037 -19.406101 3.349656  0.000000 -1.000000 0.000000  0.402344 0.390625
39  2.880037 -19.406101 4.109655  0.000000 -1.000000 0.000000  0.402344 0.539063
buttstock.bmp
39  2.880037 -19.406101 4.109655  0.000000 -1.000000 0.000000  0.402344 0.539063
39  2.580037 -19.406101 3.349656  0.000000 -1.000000 0.000000  0.402344 0.390625
39  2.880037 -19.406101 3.349655  0.000000 -1.000000 0.000000  0.402344 0.390625
buttstock.bmp
36  2.930036 -18.524065 2.794672  0.000000 -0.914264 -0.405120  0.300781 0.257813
36  2.930037 -19.074066 4.014672  -0.000000 -0.914282 -0.405079  0.347656 0.492188
36  2.530036 -18.524065 2.794672  0.000000 -0.914263 -0.405121  0.300781 0.257813
buttstock.bmp
36  2.530036 -18.524065 2.794672  0.000000 -0.914263 -0.405121  0.300781 0.257813
36  2.930037 -19.074066 4.014672  -0.000000 -0.914282 -0.405079  0.347656 0.492188
36  2.530037 -19.074066 4.014672  0.000002 -0.914262 -0.405123  0.347656 0.492188
buttstock.bmp
36  2.530037 -19.074066 4.014672  0.000000 0.019606 0.999808  0.347656 0.492188
36  2.930037 -19.074066 4.014672  0.000000 0.019606 0.999808  0.347656 0.492188
36  2.530037 -18.804066 4.014672  0.000001 0.019606 0.999808  0.324219 0.492188
buttstock.bmp
36  2.530037 -18.804066 4.014672  0.000001 0.019606 0.999808  0.324219 0.492188
36  2.930037 -19.074066 4.014672  0.000000 0.019606 0.999808  0.347656 0.492188
36  2.930037 -18.804066 4.014672  -0.000001 0.019606 0.999808  0.324219 0.492188
buttstock.bmp
36  2.530036 -17.324066 2.934672  0.000000 -0.522312 0.852755  0.417969 0.164063
36  2.930036 -17.324066 2.934672  -0.000000 -0.523578 0.851977  0.417969 0.023438
36  2.530036 -16.524065 3.424672  0.000000 -0.523538 0.852003  0.355469 0.156250
buttstock.bmp
36  2.530036 -16.524065 3.424672  0.000000 -0.523538 0.852003  0.355469 0.156250
36  2.930036 -17.324066 2.934672  -0.000000 -0.523578 0.851977  0.417969 0.023438
36  2.930036 -16.524065 3.424672  0.000000 -0.522312 0.852754  0.355469 0.023438
buttstock.bmp
36  2.530037 -18.804066 4.014672  -0.000000 0.940675 0.339309  0.562500 0.164063
36  2.930037 -18.804066 4.014672  -0.000000 0.940691 0.339264  0.562500 0.023438
36  2.530036 -18.404066 2.914672  0.000000 0.940626 0.339444  0.476563 0.164063
buttstock.bmp
36  2.530036 -18.404066 2.914672  0.000000 0.940626 0.339444  0.476563 0.164063
36  2.930037 -18.804066 4.014672  -0.000000 0.940691 0.339264  0.562500 0.023438
36  2.930036 -18.404066 2.914672  -0.000000 0.940626 0.339444  0.476563 0.023438
buttstock.bmp
36  2.930036 -18.404066 2.914672  0.000000 0.019593 0.999808  0.476563 0.023438
36  2.930036 -17.324066 2.934672  -0.000002 0.019593 0.999808  0.417969 0.023438
36  2.530036 -18.404066 2.914672  0.000000 0.019593 0.999808  0.476563 0.164063
buttstock.bmp
36  2.530036 -18.404066 2.914672  0.000000 0.019593 0.999808  0.476563 0.164063
36  2.930036 -17.324066 2.934672  -0.000002 0.019593 0.999808  0.417969 0.023438
36  2.530036 -17.324066 2.934672  0.000024 0.019593 0.999808  0.417969 0.164063
buttstock.bmp
36  2.530036 -16.374065 3.174672  0.000000 0.848257 0.529585  0.101563 0.335938
36  2.530036 -16.524065 3.424672  0.000001 0.848258 0.529583  0.117188 0.382813
36  2.930036 -16.374065 3.174672  -0.000000 0.848259 0.529582  0.101563 0.335938
buttstock.bmp
36  2.930036 -16.374065 3.174672  -0.000000 0.848259 0.529582  0.101563 0.335938
36  2.530036 -16.524065 3.424672  0.000001 0.848258 0.529583  0.117188 0.382813
36  2.930036 -16.524065 3.424672  -0.000001 0.848260 0.529579  0.117188 0.382813
buttstock.bmp
36  3.280037 -13.764066 5.284673  0.995721 0.091600 0.012191  0.867188 0.546875
36  2.990037 -13.754066 6.614673  0.753737 0.178374 0.632506  0.867188 0.843750
36  3.280037 -14.854066 5.284672  0.603542 -0.795621 -0.052196  0.988281 0.546875
buttstock.bmp
36  3.280037 -14.854066 5.284672  0.603542 -0.795621 -0.052196  0.988281 0.546875
36  2.990037 -13.754066 6.614673  0.753737 0.178374 0.632506  0.867188 0.843750
36  2.980037 -14.854066 6.614673  0.321593 -0.634466 0.702873  0.988281 0.843750
buttstock.bmp
36  2.990037 -13.754066 6.614673  0.753737 0.178374 0.632506  0.867188 0.898438
36  2.490037 -13.754066 6.624673  -0.400101 0.246273 0.882762  0.867188 0.835938
36  2.980037 -14.854066 6.614673  0.321593 -0.634466 0.702873  0.988281 0.898438
buttstock.bmp
36  2.980037 -14.854066 6.614673  0.321593 -0.634466 0.702873  0.988281 0.898438
36  2.490037 -13.754066 6.624673  -0.400101 0.246273 0.882762  0.867188 0.835938
36  2.490037 -14.854067 6.624673  -0.736594 -0.387168 0.554555  0.988281 0.835938
buttstock.bmp
36  2.980037 -16.204067 6.444673  -0.001142 -0.785685 0.618625  0.960938 0.007813
36  2.980037 -15.624066 7.184672  -0.001205 -0.785614 0.618715  0.859375 0.195313
36  2.330037 -16.204067 6.444673  -0.001420 -0.785581 0.618757  0.960938 0.007813
buttstock.bmp
36  2.330037 -16.204067 6.444673  -0.001420 -0.785581 0.618757  0.960938 0.007813
36  2.980037 -15.624066 7.184672  -0.001205 -0.785614 0.618715  0.859375 0.195313
36  2.330037 -15.614066 7.184673  -0.001205 -0.785615 0.618714  0.859375 0.195313
buttstock.bmp
36  2.440037 -15.524067 6.794673  1.000000 0.000000 0.000000  0.695313 0.132813
36  2.440037 -14.924067 6.794673  1.000000 0.000000 0.000000  0.613281 0.132813
36  2.440037 -15.534066 7.174673  1.000000 0.000000 0.000000  0.695313 0.210938
buttstock.bmp
36  2.440037 -15.534066 7.174673  1.000000 0.000000 0.000000  0.695313 0.210938
36  2.440037 -14.924067 6.794673  1.000000 0.000000 0.000000  0.613281 0.132813
36  2.440037 -15.214067 7.114673  1.000000 0.000000 0.000000  0.648438 0.210938
buttstock.bmp
36  2.440037 -15.524067 6.794673  0.000001 0.999996 -0.002794  0.722656 0.375000
36  2.440037 -15.534066 7.174673  0.000000 0.999996 -0.002791  0.832031 0.375000
36  2.870037 -15.524067 6.794672  -0.000001 0.999996 -0.002791  0.722656 0.250000
buttstock.bmp
36  2.870037 -15.524067 6.794672  -0.000001 0.999996 -0.002791  0.722656 0.250000
36  2.440037 -15.534066 7.174673  0.000000 0.999996 -0.002791  0.832031 0.375000
36  2.870037 -15.534066 7.174673  0.000000 0.999996 -0.002788  0.832031 0.250000
buttstock.bmp
36  2.870037 -14.924067 6.794673  -1.000000 0.000001 0.000000  0.613281 0.132813
36  2.870037 -15.524067 6.794672  -1.000000 0.000000 0.000000  0.695313 0.132813
36  2.870037 -15.214067 7.114673  -1.000000 0.000000 0.000000  0.648438 0.210938
buttstock.bmp
36  2.870037 -15.214067 7.114673  -1.000000 0.000000 0.000000  0.648438 0.210938
36  2.870037 -15.524067 6.794672  -1.000000 0.000000 0.000000  0.695313 0.132813
36  2.870037 -15.534066 7.174673  -1.000000 0.000000 0.000000  0.695313 0.210938
buttstock.bmp
36  2.440037 -15.524067 6.794673  0.000001 0.019606 0.999808  0.722656 0.375000
36  2.870037 -15.524067 6.794672  0.000002 0.019605 0.999808  0.722656 0.250000
36  2.440037 -14.924067 6.794673  0.000002 0.019605 0.999808  0.609375 0.375000
buttstock.bmp
36  2.440037 -14.924067 6.794673  0.000002 0.019605 0.999808  0.609375 0.375000
36  2.870037 -15.524067 6.794672  0.000002 0.019605 0.999808  0.722656 0.250000
36  2.870037 -14.924067 6.794673  -0.000001 0.019604 0.999808  0.609375 0.250000
buttstock.bmp
36  2.980037 -14.924067 6.444673  -0.000001 0.011984 -0.999928  0.726563 0.007813
36  2.980037 -16.204067 6.444673  -0.000000 0.011984 -0.999928  0.960938 0.007813
36  2.330037 -14.924067 6.444673  0.000001 0.011984 -0.999928  0.726563 0.007813
buttstock.bmp
36  2.330037 -14.924067 6.444673  0.000001 0.011984 -0.999928  0.726563 0.007813
36  2.980037 -16.204067 6.444673  -0.000000 0.011984 -0.999928  0.960938 0.007813
36  2.330037 -16.204067 6.444673  0.000000 0.011984 -0.999928  0.960938 0.007813
buttstock.bmp
39  2.580037 -19.226101 4.109656  -1.000000 0.000000 0.000000  0.386719 0.539063
39  2.580037 -19.406101 3.349656  -1.000000 0.000000 0.000000  0.402344 0.390625
39  2.580037 -19.406101 4.109656  -1.000000 0.000000 0.000000  0.402344 0.539063
buttstock.bmp
39  2.880037 -19.406101 4.109655  1.000000 0.000000 0.000000  0.402344 0.539063
39  2.880037 -19.406101 3.349655  1.000000 0.000000 0.000000  0.402344 0.390625
39  2.880037 -19.226101 4.109655  1.000000 0.000000 0.000000  0.386719 0.539063
buttstock.bmp
36  2.930037 -19.074066 4.014672  1.000000 0.000000 -0.000001  0.347656 0.492188
36  2.930036 -18.404066 2.914672  1.000000 0.000001 -0.000000  0.289063 0.281250
36  2.930037 -18.804066 4.014672  1.000000 0.000000 -0.000001  0.324219 0.492188
buttstock.bmp
36  2.980036 -12.364066 4.584673  0.793164 -0.025019 -0.608494  0.707031 0.453125
36  2.980036 -14.864066 4.574672  0.346323 -0.770149 -0.535659  0.992188 0.453125
36  2.380036 -14.844066 4.574673  -0.400204 -0.390986 -0.828834  0.988281 0.453125
buttstock.bmp
36  2.310037 -12.384067 5.574673  -0.994336 0.066782 -0.082675  0.707031 0.656250
36  2.310037 -12.364066 5.694674  -0.790746 0.190997 0.581584  0.707031 0.757813
36  2.310036 -6.144066 5.694674  -0.797881 0.270334 0.538801  0.007813 0.757813
buttstock.bmp
36  2.990035 -6.154066 2.124674  0.468147 0.124789 -0.874795  0.007813 0.015625
36  2.380036 -12.364066 4.584673  -0.763658 -0.149801 -0.628002  0.707031 0.453125
36  2.310035 -6.144066 2.134674  -0.726966 0.573317 -0.377925  0.003906 0.023438
buttstock.bmp
36  2.980036 -12.364066 4.584673  0.793164 -0.025019 -0.608494  0.707031 0.453125
36  2.990036 -6.144066 5.664674  0.672685 0.650567 0.352502  0.003906 0.695313
36  2.990037 -12.384067 5.694673  0.590781 0.287608 0.753830  0.707031 0.695313
buttstock.bmp
36  2.980037 -14.924067 6.794672  0.000000 0.940677 0.339303  0.726563 0.210938
36  2.870037 -14.924067 6.794673  0.000000 0.955719 0.294280  0.726563 0.234375
36  2.980037 -15.214067 7.114673  0.007096 0.477639 0.878527  0.785156 0.210938
buttstock.bmp
36  2.980037 -14.924067 6.444673  -0.000000 0.999996 -0.002780  0.601563 0.007813
36  2.870037 -14.924067 6.794673  0.000000 0.955719 0.294280  0.632813 0.109375
36  2.980037 -14.924067 6.794672  0.000000 0.940677 0.339303  0.601563 0.109375
lowerbody.bmp
36  2.420037 -14.784066 4.644672  -0.996380 0.069114 -0.049497  0.152344 0.851563
36  2.380037 -15.264066 4.644672  -0.999998 0.000425 0.001891  0.214844 0.851563
36  2.390037 -14.804067 5.244673  -0.999109 0.035221 -0.023270  0.152344 0.992188
lowerbody.bmp
36  2.390037 -14.804067 5.244673  -0.999109 0.035221 -0.023270  0.152344 0.992188
36  2.380037 -15.264066 4.644672  -0.999998 0.000425 0.001891  0.214844 0.851563
36  2.380037 -16.394066 5.254673  -0.999998 0.000515 0.001888  0.343750 0.992188
lowerbody.bmp
36  2.380037 -15.264066 4.644672  -0.999998 0.000425 0.001891  0.214844 0.851563
36  2.380036 -15.684066 4.314672  -0.999998 0.000405 0.001924  0.257813 0.781250
36  2.380037 -16.394066 5.254673  -0.999998 0.000515 0.001888  0.343750 0.992188
lowerbody.bmp
36  2.380037 -16.394066 5.254673  -0.999998 0.000515 0.001888  0.343750 0.992188
36  2.380036 -15.684066 4.314672  -0.999998 0.000405 0.001924  0.257813 0.781250
36  2.380036 -16.944065 3.924672  -0.999998 0.000405 0.001924  0.402344 0.679688
lowerbody.bmp
36  2.380036 -15.684066 4.314672  -0.999998 0.000405 0.001924  0.257813 0.781250
36  2.380036 -15.674066 3.934672  -0.948401 0.252974 0.191153  0.257813 0.679688
36  2.380036 -16.944065 3.924672  -0.999998 0.000405 0.001924  0.402344 0.679688
lowerbody.bmp
36  2.380036 -16.944065 3.924672  -0.999998 0.000405 0.001924  0.402344 0.679688
36  2.380036 -15.674066 3.934672  -0.948401 0.252974 0.191153  0.257813 0.679688
36  2.380036 -16.024065 3.524672  -0.893692 -0.062690 0.444279  0.289063 0.562500
lowerbody.bmp
36  2.380036 -15.674066 3.934672  -0.948401 0.252974 0.191153  0.257813 0.679688
36  2.380036 -15.344066 3.494673  -0.540134 0.596508 0.593661  0.218750 0.562500
36  2.380036 -16.024065 3.524672  -0.893692 -0.062690 0.444279  0.289063 0.562500
lowerbody.bmp
36  2.380036 -16.024065 3.524672  -0.893692 -0.062690 0.444279  0.289063 0.562500
36  2.380036 -15.344066 3.494673  -0.540134 0.596508 0.593661  0.218750 0.562500
36  2.210036 -15.924066 3.404672  -0.977993 0.033709 0.205895  0.269531 0.531250
lowerbody.bmp
36  2.380036 -15.344066 3.494673  -0.540134 0.596508 0.593661  0.218750 0.562500
36  2.380036 -14.964066 2.934672  -0.814679 0.530808 0.233541  0.179688 0.460938
36  2.210036 -15.924066 3.404672  -0.977993 0.033709 0.205895  0.269531 0.531250
lowerbody.bmp
36  2.210036 -15.924066 3.404672  -0.977993 0.033709 0.205895  0.269531 0.531250
36  2.380036 -14.964066 2.934672  -0.814679 0.530808 0.233541  0.179688 0.460938
36  2.380036 -15.844066 3.074672  -0.972737 0.019308 -0.231104  0.261719 0.500000
lowerbody.bmp
36  2.380036 -14.964066 2.934672  -0.814679 0.530808 0.233541  0.179688 0.460938
36  2.380036 -14.214066 1.814672  -0.893987 0.373129 0.248118  0.085938 0.179688
36  2.380036 -15.844066 3.074672  -0.972737 0.019308 -0.231104  0.261719 0.500000
lowerbody.bmp
36  2.380036 -15.844066 3.074672  -0.972737 0.019308 -0.231104  0.261719 0.500000
36  2.380036 -14.214066 1.814672  -0.893987 0.373129 0.248118  0.085938 0.179688
36  2.380035 -15.614065 1.094672  -0.999998 0.000406 0.001924  0.246094 0.023438
lowerbody.bmp
36  2.260037 -17.344067 4.554672  -0.665504 0.060903 -0.743906  0.453125 0.078125
36  2.090037 -16.664066 4.714673  -0.705850 0.469451 -0.530463  0.316406 0.132813
36  2.430037 -16.664066 4.714673  0.000001 0.900961 -0.433900  0.316406 0.132813
lowerbody.bmp
36  2.260037 -17.344067 4.554672  -0.665504 0.060903 -0.743906  0.453125 0.078125
36  2.090037 -17.284065 4.714673  -0.931909 -0.360545 -0.039401  0.425781 0.140625
36  2.090037 -16.664066 4.714673  -0.705850 0.469451 -0.530463  0.316406 0.132813
lowerbody.bmp
36  2.260037 -17.344067 4.554672  -0.665504 0.060903 -0.743906  0.453125 0.078125
36  2.260037 -17.384066 4.844672  -0.490904 -0.251197 0.834214  0.453125 0.179688
36  2.090037 -17.284065 4.714673  -0.931909 -0.360545 -0.039401  0.425781 0.140625
lowerbody.bmp
36  2.260037 -17.344067 4.554672  -0.665504 0.060903 -0.743906  0.453125 0.078125
36  2.260037 -17.854067 4.844672  -0.849778 -0.178732 0.495916  0.515625 0.171875
36  2.260037 -17.384066 4.844672  -0.490904 -0.251197 0.834214  0.453125 0.179688
lowerbody.bmp
36  2.260037 -17.344067 4.554672  -0.665504 0.060903 -0.743906  0.453125 0.078125
36  2.260037 -17.994066 4.464672  -0.642294 -0.625973 -0.442285  0.542969 0.054688
36  2.260037 -17.854067 4.844672  -0.849778 -0.178732 0.495916  0.515625 0.171875
lowerbody.bmp
36  2.260037 -17.344067 4.554672  -0.665504 0.060903 -0.743906  0.453125 0.078125
36  2.260037 -17.794065 4.354672  -0.491414 -0.032584 -0.870316  0.511719 0.015625
36  2.260037 -17.994066 4.464672  -0.642294 -0.625973 -0.442285  0.542969 0.054688
lowerbody.bmp
36  2.260037 -17.344067 4.554672  -0.665504 0.060903 -0.743906  0.453125 0.078125
36  2.420037 -17.794065 4.354672  -0.001799 -0.066792 -0.997765  0.511719 0.015625
36  2.260037 -17.794065 4.354672  -0.491414 -0.032584 -0.870316  0.511719 0.015625
lowerbody.bmp
36  2.260037 -17.344067 4.554672  -0.665504 0.060903 -0.743906  0.453125 0.078125
36  2.420037 -17.344067 4.554672  -0.001611 0.320709 -0.947176  0.453125 0.078125
36  2.420037 -17.794065 4.354672  -0.001799 -0.066792 -0.997765  0.511719 0.015625
lowerbody.bmp
36  2.260037 -17.344067 4.554672  -0.665504 0.060903 -0.743906  0.453125 0.078125
36  2.430037 -16.664066 4.714673  0.000001 0.900961 -0.433900  0.316406 0.132813
36  2.420037 -17.344067 4.554672  -0.001611 0.320709 -0.947176  0.453125 0.078125
lowerbody.bmp
36  3.040036 -14.214066 1.814672  0.330798 0.782464 0.527563  0.085938 0.179688
36  3.040036 -15.674066 3.934672  0.624132 0.741902 0.245030  0.257813 0.679688
36  3.040035 -15.614065 1.094672  1.000000 -0.000000 -0.000000  0.246094 0.023438
lowerbody.bmp
36  3.040035 -15.614065 1.094672  1.000000 -0.000000 -0.000000  0.246094 0.023438
36  3.040036 -15.674066 3.934672  0.624132 0.741902 0.245030  0.257813 0.679688
36  3.040036 -16.944065 3.924672  1.000000 0.000000 -0.000001  0.402344 0.679688
lowerbody.bmp
36  3.040036 -15.674066 3.934672  0.624132 0.741902 0.245030  0.257813 0.679688
36  3.040036 -15.684066 4.314672  1.000000 -0.000000 -0.000001  0.257813 0.781250
36  3.040036 -16.944065 3.924672  1.000000 0.000000 -0.000001  0.402344 0.679688
lowerbody.bmp
36  3.040036 -16.944065 3.924672  1.000000 0.000000 -0.000001  0.402344 0.679688
36  3.040036 -15.684066 4.314672  1.000000 -0.000000 -0.000001  0.257813 0.781250
36  3.040037 -16.394066 5.254673  1.000000 0.000000 -0.000001  0.343750 0.992188
lowerbody.bmp
36  3.040036 -15.684066 4.314672  1.000000 -0.000000 -0.000001  0.257813 0.781250
36  3.040037 -15.264066 4.644672  0.994381 0.083383 -0.065225  0.214844 0.851563
36  3.040037 -16.394066 5.254673  1.000000 0.000000 -0.000001  0.343750 0.992188
lowerbody.bmp
36  3.040037 -16.394066 5.254673  1.000000 0.000000 -0.000001  0.343750 0.992188
36  3.040037 -15.264066 4.644672  0.994381 0.083383 -0.065225  0.214844 0.851563
36  3.040037 -14.804066 5.254673  0.987325 0.125609 -0.097009  0.152344 0.992188
lowerbody.bmp
36  3.040037 -15.264066 4.644672  0.994381 0.083383 -0.065225  0.214844 0.851563
36  2.910037 -14.784066 4.644672  0.949824 0.248593 -0.189832  0.152344 0.851563
36  3.040037 -14.804066 5.254673  0.987325 0.125609 -0.097009  0.152344 0.992188
lowerbody.bmp
36  2.090037 -16.664066 4.714673  -0.705850 0.469451 -0.530463  0.933594 0.085938
36  2.090037 -16.734066 4.854672  -0.479894 0.462735 0.745371  0.933594 0.117188
36  2.430037 -16.664066 4.714673  0.000001 0.900961 -0.433900  0.988281 0.085938
lowerbody.bmp
36  2.430037 -16.664066 4.714673  0.000001 0.900961 -0.433900  0.988281 0.085938
36  2.090037 -16.734066 4.854672  -0.479894 0.462735 0.745371  0.933594 0.117188
36  2.430037 -16.734066 4.854672  -0.011850 0.341892 0.939665  0.988281 0.117188
lowerbody.bmp
36  2.090037 -16.734066 4.854672  -0.479894 0.462735 0.745371  0.933594 0.117188
36  2.260037 -17.384066 4.844672  -0.490904 -0.251197 0.834214  0.957031 0.203125
36  2.430037 -16.734066 4.854672  -0.011850 0.341892 0.939665  0.988281 0.117188
lowerbody.bmp
36  2.430037 -16.734066 4.854672  -0.011850 0.341892 0.939665  0.988281 0.117188
36  2.260037 -17.384066 4.844672  -0.490904 -0.251197 0.834214  0.957031 0.203125
36  2.420037 -17.864065 4.844672  -0.009594 -0.343289 0.939181  0.988281 0.273438
lowerbody.bmp
36  2.260037 -17.384066 4.844672  -0.490904 -0.251197 0.834214  0.957031 0.203125
36  2.260037 -17.854067 4.844672  -0.849778 -0.178732 0.495916  0.957031 0.273438
36  2.420037 -17.864065 4.844672  -0.009594 -0.343289 0.939181  0.988281 0.273438
lowerbody.bmp
36  2.420037 -17.864065 4.844672  -0.009594 -0.343289 0.939181  0.988281 0.273438
36  2.260037 -17.854067 4.844672  -0.849778 -0.178732 0.495916  0.957031 0.273438
36  2.260037 -18.024067 4.704672  -0.359496 -0.799608 0.481030  0.957031 0.312500
lowerbody.bmp
36  2.260037 -17.994066 4.464672  -0.642294 -0.625973 -0.442285  0.542969 0.054688
36  2.260037 -18.024067 4.704672  -0.359496 -0.799608 0.481030  0.546875 0.132813
36  2.260037 -17.854067 4.844672  -0.849778 -0.178732 0.495916  0.515625 0.171875
lowerbody.bmp
36  2.260037 -17.994066 4.464672  -0.642294 -0.625973 -0.442285  0.542969 0.054688
36  2.420037 -18.034065 4.704672  -0.003217 -0.985765 0.168098  0.546875 0.132813
36  2.260037 -18.024067 4.704672  -0.359496 -0.799608 0.481030  0.546875 0.132813
lowerbody.bmp
36  2.260037 -17.994066 4.464672  -0.642294 -0.625973 -0.442285  0.542969 0.054688
36  2.430037 -17.994066 4.464672  0.000000 -0.816128 -0.577871  0.542969 0.054688
36  2.420037 -18.034065 4.704672  -0.003217 -0.985765 0.168098  0.546875 0.132813
lowerbody.bmp
36  2.260037 -17.994066 4.464672  -0.642294 -0.625973 -0.442285  0.542969 0.054688
36  2.420037 -17.794065 4.354672  -0.001799 -0.066792 -0.997765  0.511719 0.015625
36  2.430037 -17.994066 4.464672  0.000000 -0.816128 -0.577871  0.542969 0.054688
lowerbody.bmp
36  2.260037 -17.994066 4.464672  -0.642294 -0.625973 -0.442285  0.542969 0.054688
36  2.260037 -17.794065 4.354672  -0.491414 -0.032584 -0.870316  0.511719 0.015625
36  2.420037 -17.794065 4.354672  -0.001799 -0.066792 -0.997765  0.511719 0.015625
lowerbody.bmp
36  3.040037 -16.394066 5.254673  1.000000 0.000000 -0.000001  0.343750 0.992188
36  3.040037 -19.334066 5.244672  1.000000 0.000000 -0.000000  0.699219 0.992188
36  3.040036 -16.944065 3.924672  1.000000 0.000000 -0.000001  0.402344 0.679688
lowerbody.bmp
36  3.040036 -16.944065 3.924672  1.000000 0.000000 -0.000001  0.402344 0.679688
36  3.040037 -19.334066 5.244672  1.000000 0.000000 -0.000000  0.699219 0.992188
36  3.040037 -19.544065 3.924672  1.000000 0.000000 -0.000000  0.734375 0.679688
lowerbody.bmp
36  3.040037 -19.334066 5.244672  1.000000 0.000000 -0.000000  0.699219 0.992188
36  3.040037 -21.704065 5.254672  1.000000 0.000000 0.000000  0.992188 0.992188
36  3.040037 -19.544065 3.924672  1.000000 0.000000 -0.000000  0.734375 0.679688
lowerbody.bmp
36  3.040037 -19.544065 3.924672  1.000000 0.000000 -0.000000  0.734375 0.679688
36  3.040037 -21.704065 5.254672  1.000000 0.000000 0.000000  0.992188 0.992188
36  3.040037 -21.704065 4.734671  1.000000 0.000000 0.000000  0.992188 0.851563
lowerbody.bmp
36  3.040037 -19.544065 3.924672  -0.001835 -0.067617 -0.997710  0.730469 0.531250
36  2.380036 -16.944065 3.924672  -0.003579 0.000185 -0.999994  0.421875 0.671875
36  3.040036 -16.944065 3.924672  -0.003590 0.000199 -0.999994  0.421875 0.531250
lowerbody.bmp
36  3.040037 -19.544065 3.924672  -0.001835 -0.067617 -0.997710  0.730469 0.531250
36  2.380037 -19.494066 3.934672  -0.003606 0.043623 -0.999041  0.718750 0.671875
36  2.380036 -16.944065 3.924672  -0.003579 0.000185 -0.999994  0.421875 0.671875
lowerbody.bmp
36  3.040037 -19.544065 3.924672  -0.001835 -0.067617 -0.997710  0.730469 0.531250
36  2.280037 -19.544065 3.924672  -0.000000 -0.209591 -0.977789  0.730469 0.671875
36  2.380037 -19.494066 3.934672  -0.003606 0.043623 -0.999041  0.718750 0.671875
lowerbody.bmp
36  3.040037 -19.544065 3.924672  -0.001835 -0.067617 -0.997710  0.730469 0.531250
36  3.040037 -21.704065 4.734671  -0.000001 -0.351124 -0.936329  0.992188 0.718750
36  2.280037 -19.544065 3.924672  -0.000000 -0.209591 -0.977789  0.730469 0.671875
lowerbody.bmp
36  3.040037 -19.334066 5.244672  -0.000000 0.006892 0.999976  0.699219 0.992188
36  2.280037 -19.334066 5.244672  -0.000000 0.006828 0.999977  0.699219 0.992188
36  3.040037 -21.704065 5.254672  -0.000001 0.006856 0.999977  0.992188 0.992188
lowerbody.bmp
36  3.040037 -19.334066 5.244672  -0.000000 0.006892 0.999976  0.699219 0.992188
36  2.380037 -19.274067 5.244672  -0.000000 0.006904 0.999976  0.683594 0.992188
36  2.280037 -19.334066 5.244672  -0.000000 0.006828 0.999977  0.699219 0.992188
lowerbody.bmp
36  3.040037 -19.334066 5.244672  -0.000000 0.006892 0.999976  0.699219 0.992188
36  2.380037 -16.394066 5.254673  0.000003 0.006916 0.999976  0.343750 0.992188
36  2.380037 -19.274067 5.244672  -0.000000 0.006904 0.999976  0.683594 0.992188
lowerbody.bmp
36  3.040037 -19.334066 5.244672  -0.000000 0.006892 0.999976  0.699219 0.992188
36  3.040037 -16.394066 5.254673  0.000000 0.006886 0.999976  0.343750 0.992188
36  2.380037 -16.394066 5.254673  0.000003 0.006916 0.999976  0.343750 0.992188
lowerbody.bmp
36  2.420037 -17.344067 4.554672  1.000000 -0.000100 -0.000004  0.453125 0.078125
36  2.430037 -17.994066 4.464672  1.000000 -0.000114 -0.000011  0.542969 0.054688
36  2.420037 -17.794065 4.354672  1.000000 -0.000093 -0.000020  0.511719 0.015625
lowerbody.bmp
36  2.420037 -17.344067 4.554672  1.000000 -0.000100 -0.000004  0.453125 0.078125
36  2.420037 -17.864065 4.844672  1.000000 -0.000099 -0.000013  0.515625 0.171875
36  2.430037 -17.994066 4.464672  1.000000 -0.000114 -0.000011  0.542969 0.054688
lowerbody.bmp
36  2.420037 -17.344067 4.554672  1.000000 -0.000100 -0.000004  0.453125 0.078125
36  2.430037 -16.734066 4.854672  1.000000 -0.000113 -0.000009  0.328125 0.179688
36  2.420037 -17.864065 4.844672  1.000000 -0.000099 -0.000013  0.515625 0.171875
lowerbody.bmp
36  2.420037 -17.344067 4.554672  1.000000 -0.000100 -0.000004  0.453125 0.078125
36  2.430037 -16.664066 4.714673  1.000000 -0.000099 -0.000001  0.316406 0.132813
36  2.430037 -16.734066 4.854672  1.000000 -0.000113 -0.000009  0.328125 0.179688
lowerbody.bmp
36  2.380036 -16.944065 3.924672  -0.999998 0.000405 0.001924  0.402344 0.679688
36  2.380036 -16.024065 3.524672  -0.893692 -0.062690 0.444279  0.289063 0.562500
36  2.380036 -16.644066 3.364672  -0.885165 -0.116223 0.450527  0.363281 0.523438
lowerbody.bmp
36  2.380036 -16.644066 3.364672  -0.885165 -0.116223 0.450527  0.363281 0.523438
36  2.380036 -16.024065 3.524672  -0.893692 -0.062690 0.444279  0.289063 0.562500
36  2.210036 -16.524065 3.274672  -0.973437 -0.057015 0.221741  0.343750 0.500000
lowerbody.bmp
36  2.380036 -16.024065 3.524672  -0.893692 -0.062690 0.444279  0.289063 0.562500
36  2.210036 -15.924066 3.404672  -0.977993 0.033709 0.205895  0.269531 0.531250
36  2.210036 -16.524065 3.274672  -0.973437 -0.057015 0.221741  0.343750 0.500000
lowerbody.bmp
36  2.210036 -16.524065 3.274672  -0.973437 -0.057015 0.221741  0.343750 0.500000
36  2.210036 -15.924066 3.404672  -0.977993 0.033709 0.205895  0.269531 0.531250
36  2.380036 -15.844066 3.074672  -0.972737 0.019308 -0.231104  0.261719 0.500000
lowerbody.bmp
36  2.380035 -15.614065 1.094672  -0.014612 -0.907779 -0.419194  0.246094 0.023438
36  3.040035 -15.614065 1.094672  -0.014596 -0.907781 -0.419190  0.246094 0.023438
36  2.380036 -16.454065 2.934672  -0.108080 -0.897257 -0.428076  0.343750 0.437500
lowerbody.bmp
36  2.380036 -16.454065 2.934672  -0.108080 -0.897257 -0.428076  0.343750 0.437500
36  3.040035 -15.614065 1.094672  -0.014596 -0.907781 -0.419190  0.246094 0.023438
36  2.380036 -16.644066 3.364672  -0.108099 -0.897254 -0.428078  0.363281 0.523438
lowerbody.bmp
36  3.040035 -15.614065 1.094672  -0.014596 -0.907781 -0.419190  0.246094 0.023438
36  3.040036 -16.944065 3.924672  -0.014596 -0.907784 -0.419184  0.402344 0.679688
36  2.380036 -16.644066 3.364672  -0.108099 -0.897254 -0.428078  0.363281 0.523438
lowerbody.bmp
36  2.380036 -16.644066 3.364672  -0.108099 -0.897254 -0.428078  0.363281 0.523438
36  3.040036 -16.944065 3.924672  -0.014596 -0.907784 -0.419184  0.402344 0.679688
36  2.380036 -16.944065 3.924672  0.000001 -0.886921 -0.461921  0.402344 0.679688
lowerbody.bmp
36  3.040036 -15.674066 3.934672  0.624132 0.741902 0.245030  0.187500 0.679688
36  3.040036 -14.214066 1.814672  0.330798 0.782464 0.527563  0.007813 0.179688
36  2.380036 -15.344066 3.494673  -0.540134 0.596508 0.593661  0.218750 0.562500
lowerbody.bmp
36  2.380036 -15.344066 3.494673  -0.540134 0.596508 0.593661  0.218750 0.562500
36  3.040036 -14.214066 1.814672  0.330798 0.782464 0.527563  0.007813 0.179688
36  2.380036 -14.964066 2.934672  -0.814679 0.530808 0.233541  0.179688 0.460938
lowerbody.bmp
36  3.040036 -14.214066 1.814672  0.330798 0.782464 0.527563  0.007813 0.179688
36  2.380036 -14.214066 1.814672  -0.893987 0.373129 0.248118  0.085938 0.179688
36  2.380036 -14.964066 2.934672  -0.814679 0.530808 0.233541  0.179688 0.460938
lowerbody.bmp
36  2.280037 -19.334066 5.244672  -0.999998 0.000405 0.001923  0.699219 0.992188
36  2.280037 -19.544065 3.924672  -0.999998 0.000405 0.001923  0.734375 0.679688
36  2.280037 -21.704067 5.254672  -0.999998 0.000405 0.001923  0.992188 0.992188
lowerbody.bmp
36  2.280037 -21.704067 5.254672  -0.999998 0.000405 0.001923  0.992188 0.992188
36  2.280037 -19.544065 3.924672  -0.999998 0.000405 0.001923  0.734375 0.679688
36  2.280037 -21.704065 4.734672  -0.999998 0.000403 0.001924  0.992188 0.851563
lowerbody.bmp
36  2.380036 -15.674066 3.934672  -0.948401 0.252974 0.191153  0.187500 0.671875
36  2.380036 -15.684066 4.314672  0.000003 0.900977 -0.433867  0.187500 0.773438
36  3.040036 -15.674066 3.934672  0.624132 0.741902 0.245030  0.257813 0.671875
lowerbody.bmp
36  3.040036 -15.674066 3.934672  0.624132 0.741902 0.245030  0.257813 0.671875
36  2.380036 -15.684066 4.314672  0.000003 0.900977 -0.433867  0.187500 0.773438
36  3.040036 -15.684066 4.314672  0.000000 0.900970 -0.433882  0.253906 0.773438
lowerbody.bmp
36  3.040036 -15.684066 4.314672  0.000000 0.900970 -0.433882  0.144531 0.703125
36  2.380036 -15.684066 4.314672  0.000003 0.900977 -0.433867  0.085938 0.703125
36  3.040037 -15.264066 4.644672  -0.000000 0.613514 -0.789684  0.144531 0.781250
lowerbody.bmp
36  3.040037 -15.264066 4.644672  -0.000000 0.613514 -0.789684  0.144531 0.781250
36  2.380036 -15.684066 4.314672  0.000003 0.900977 -0.433867  0.085938 0.703125
36  2.380037 -15.264066 4.644672  -0.000000 0.613515 -0.789683  0.085938 0.781250
lowerbody.bmp
36  3.040037 -21.704065 4.734671  0.000000 -1.000000 0.000671  0.992188 0.851563
36  3.040037 -21.704065 5.254672  0.000000 -1.000000 0.000667  0.992188 0.992188
36  2.280037 -21.704065 4.734672  0.000000 -1.000000 0.000665  0.992188 0.851563
lowerbody.bmp
36  2.280037 -21.704065 4.734672  0.000000 -1.000000 0.000665  0.992188 0.851563
36  3.040037 -21.704065 5.254672  0.000000 -1.000000 0.000667  0.992188 0.992188
36  2.280037 -21.704067 5.254672  0.000001 -1.000000 0.000470  0.992188 0.992188
lowerbody.bmp
40  3.070037 -21.644287 5.215649  1.000000 0.000066 0.000329  0.917969 0.007813
40  3.070036 -19.634148 3.536514  0.853182 0.028270 0.520846  0.784079 0.335938
40  3.070037 -19.510908 5.215649  1.000000 0.000066 0.000329  0.917969 0.335938
lowerbody.bmp
40  2.390037 -21.644287 5.215649  -1.000000 -0.000066 -0.000329  0.917969 0.007813
40  2.390037 -19.634148 3.536514  -0.853648 0.028193 0.520086  0.784079 0.335938
40  2.390037 -21.779079 3.652051  -0.854595 0.027774 0.518553  0.791601 0.007813
lowerbody.bmp
40  2.073752 -19.682850 1.205734  0.000000 0.979271 -0.202554  0.597914 0.343123
40  3.137213 -19.830908 0.855648  0.000499 0.921317 -0.388812  0.570313 0.484375
40  2.322859 -19.830908 0.855648  -0.000473 0.921296 -0.388861  0.570313 0.343750
lowerbody.bmp
40  2.390037 -19.510908 5.215649  0.000000 0.997384 -0.072290  0.914063 0.335938
40  3.070036 -19.634148 3.536514  0.000478 0.955125 0.296203  0.781677 0.484375
40  2.390037 -19.634148 3.536514  0.000000 0.955013 0.296564  0.781677 0.338947
lowerbody.bmp
40  2.390037 -21.644287 5.215649  0.000000 0.001198 0.999999  0.917969 0.007813
40  3.070037 -21.644287 5.215649  0.000000 0.001198 0.999999  0.988281 0.007813
40  2.390037 -19.510908 5.215649  0.000000 0.001198 0.999999  0.917969 0.335938
lowerbody.bmp
40  2.390037 -19.510908 5.215649  0.000000 0.001198 0.999999  0.917969 0.335938
40  3.070037 -21.644287 5.215649  0.000000 0.001198 0.999999  0.988281 0.007813
40  3.070037 -19.510908 5.215649  -0.000000 0.001246 0.999999  0.988281 0.335938
lowerbody.bmp
40  2.073752 -22.085331 1.481646  0.000000 -0.997836 -0.065752  0.616191 0.007813
40  3.137213 -21.970907 1.155648  0.000000 -0.943564 -0.331191  0.589844 0.007813
40  3.386320 -22.085331 1.481646  0.000000 -0.997836 -0.065756  0.616191 0.007813
lowerbody.bmp
40  3.070036 -21.779079 3.652051  0.854336 0.027936 0.518969  0.791601 0.007813
40  3.386321 -19.508173 3.323287  0.906894 0.022647 0.420750  0.767077 0.335938
40  3.070036 -19.634148 3.536514  0.853182 0.028270 0.520846  0.784079 0.335938
lowerbody.bmp
40  2.073752 -22.085331 1.481646  -0.962783 -0.034398 -0.268076  0.616191 0.007813
40  2.322859 -19.830908 0.855648  -0.804221 -0.074839 -0.589599  0.570313 0.335938
40  2.322859 -21.970907 1.155648  -0.804250 -0.074731 -0.589574  0.589844 0.007813
lowerbody.bmp
40  2.390037 -21.644287 5.215649  0.000000 -0.996305 0.085887  0.917969 0.007813
40  3.070036 -21.779079 3.652051  0.000000 -0.936807 0.349847  0.791601 0.007813
40  3.070037 -21.644287 5.215649  0.000000 -0.996305 0.085887  0.917969 0.007813
lowerbody.bmp
36  2.420037 -14.784066 4.644672  -0.003638 0.000202 -0.999993  0.085938 0.851563
36  2.910037 -14.784066 4.644672  -0.003590 0.000200 -0.999994  0.148438 0.851563
36  2.380037 -15.264066 4.644672  -0.003590 0.000199 -0.999994  0.085938 0.781250
lowerbody.bmp
36  2.380037 -15.264066 4.644672  -0.003590 0.000199 -0.999994  0.085938 0.781250
36  2.910037 -14.784066 4.644672  -0.003590 0.000200 -0.999994  0.148438 0.851563
36  3.040037 -15.264066 4.644672  -0.003590 0.000199 -0.999994  0.144531 0.781250
lowerbody.bmp
36  2.420037 -14.784066 4.644672  -0.003103 0.999731 0.022992  0.152344 0.851563
36  2.390037 -14.804067 5.244673  -0.003100 0.999731 0.023005  0.152344 0.992188
36  2.910037 -14.784066 4.644672  -0.003104 0.999731 0.022986  0.152344 0.851563
lowerbody.bmp
36  2.910037 -14.784066 4.644672  -0.003104 0.999731 0.022986  0.152344 0.851563
36  2.390037 -14.804067 5.244673  -0.003100 0.999731 0.023005  0.152344 0.992188
36  3.040037 -14.804066 5.254673  -0.003100 0.999731 0.023001  0.152344 0.992188
lowerbody.bmp
36  2.390037 -14.804067 5.244673  -0.000005 0.006899 0.999976  0.152344 0.992188
36  2.380037 -16.394066 5.254673  0.000003 0.006916 0.999976  0.343750 0.992188
36  3.040037 -14.804066 5.254673  -0.000005 0.006899 0.999976  0.152344 0.992188
lowerbody.bmp
36  3.040037 -14.804066 5.254673  -0.000005 0.006899 0.999976  0.152344 0.992188
36  2.380037 -16.394066 5.254673  0.000003 0.006916 0.999976  0.343750 0.992188
36  3.040037 -16.394066 5.254673  0.000000 0.006886 0.999976  0.343750 0.992188
lowerbody.bmp
40  3.137213 -19.830908 0.855648  -0.000000 -0.135221 -0.990816  0.570313 0.335938
40  3.137213 -21.970907 1.155648  -0.000000 -0.135220 -0.990816  0.589844 0.007813
40  2.322859 -19.830908 0.855648  0.000000 -0.135221 -0.990816  0.570313 0.335938
lowerbody.bmp
40  2.322859 -19.830908 0.855648  0.000000 -0.135221 -0.990816  0.570313 0.335938
40  3.137213 -21.970907 1.155648  -0.000000 -0.135220 -0.990816  0.589844 0.007813
40  2.322859 -21.970907 1.155648  0.000000 -0.135220 -0.990816  0.589844 0.007813
lowerbody.bmp
36  2.380035 -15.614065 1.094672  -0.999998 0.000406 0.001924  0.246094 0.023438
36  2.380036 -16.454065 2.934672  -0.972736 0.019306 -0.231109  0.343750 0.437500
36  2.380036 -15.844066 3.074672  -0.972737 0.019308 -0.231104  0.261719 0.500000
lowerbody.bmp
36  2.380036 -15.844066 3.074672  -0.972737 0.019308 -0.231104  0.261719 0.500000
36  2.380036 -16.454065 2.934672  -0.972736 0.019306 -0.231109  0.343750 0.437500
36  2.210036 -16.524065 3.274672  -0.973437 -0.057015 0.221741  0.343750 0.500000
lowerbody.bmp
36  2.380036 -14.214066 1.814672  0.000000 0.459861 -0.887991  0.085938 0.179688
36  3.040036 -14.214066 1.814672  -0.000000 0.459862 -0.887991  0.085938 0.179688
36  2.380035 -15.614065 1.094672  0.000000 0.459862 -0.887991  0.246094 0.023438
lowerbody.bmp
36  2.380035 -15.614065 1.094672  0.000000 0.459862 -0.887991  0.246094 0.023438
36  3.040036 -14.214066 1.814672  -0.000000 0.459862 -0.887991  0.085938 0.179688
36  3.040035 -15.614065 1.094672  0.000000 0.459862 -0.887991  0.246094 0.023438
lowerbody.bmp
36  2.380037 -16.394066 5.254673  -0.999998 0.000515 0.001888  0.343750 0.992188
36  2.380036 -16.944065 3.924672  -0.999998 0.000405 0.001924  0.402344 0.679688
36  2.380037 -19.274067 5.244672  -0.999998 0.000405 0.001924  0.683594 0.992188
lowerbody.bmp
36  2.380037 -19.274067 5.244672  -0.999998 0.000405 0.001924  0.683594 0.992188
36  2.380036 -16.944065 3.924672  -0.999998 0.000405 0.001924  0.402344 0.679688
36  2.380037 -19.494066 3.934672  -0.999998 0.000405 0.001923  0.718750 0.679688
lowerbody.bmp
36  2.380037 -19.494066 3.934672  -0.442344 0.884647 -0.147418  0.718750 0.679688
36  2.280037 -19.544065 3.924672  -0.481465 0.865180 -0.140198  0.734375 0.679688
36  2.380037 -19.274067 5.244672  -0.481473 0.865176 -0.140195  0.683594 0.992188
lowerbody.bmp
36  2.380037 -19.274067 5.244672  -0.481473 0.865176 -0.140195  0.683594 0.992188
36  2.280037 -19.544065 3.924672  -0.481465 0.865180 -0.140198  0.734375 0.679688
36  2.280037 -19.334066 5.244672  -0.519707 0.843977 -0.132695  0.699219 0.992188
lowerbody.bmp
36  3.040037 -21.704065 4.734671  -0.000001 -0.351124 -0.936329  0.992188 0.718750
36  2.280037 -21.704065 4.734672  -0.000001 -0.351124 -0.936329  0.992188 0.843750
36  2.280037 -19.544065 3.924672  -0.000000 -0.209591 -0.977789  0.730469 0.671875
lowerbody.bmp
36  3.040037 -21.704065 5.254672  -0.000001 0.006856 0.999977  0.992188 0.992188
36  2.280037 -19.334066 5.244672  -0.000000 0.006828 0.999977  0.699219 0.992188
36  2.280037 -21.704067 5.254672  -0.000000 0.006856 0.999977  0.992188 0.992188
lowerbody.bmp
36  2.420037 -18.034065 4.704672  -0.003217 -0.985765 0.168098  0.988281 0.312500
36  2.420037 -17.864065 4.844672  -0.009594 -0.343289 0.939181  0.988281 0.273438
36  2.260037 -18.024067 4.704672  -0.359496 -0.799608 0.481030  0.957031 0.312500
lowerbody.bmp
36  2.430037 -17.994066 4.464672  1.000000 -0.000114 -0.000011  0.542969 0.054688
36  2.420037 -17.864065 4.844672  1.000000 -0.000099 -0.000013  0.515625 0.171875
36  2.420037 -18.034065 4.704672  1.000000 -0.000100 -0.000001  0.546875 0.132813
lowerbody.bmp
36  2.380036 -16.644066 3.364672  -0.108099 -0.897254 -0.428078  0.363281 0.523438
36  2.210036 -16.524065 3.274672  -0.382818 -0.839719 -0.385127  0.343750 0.500000
36  2.380036 -16.454065 2.934672  -0.108080 -0.897257 -0.428076  0.343750 0.437500
lowerbody.bmp
36  2.380036 -15.344066 3.494673  -0.540134 0.596508 0.593661  0.218750 0.562500
36  2.380036 -15.674066 3.934672  -0.948401 0.252974 0.191153  0.257813 0.679688
36  3.040036 -15.674066 3.934672  0.624132 0.741902 0.245030  0.187500 0.679688
lowerbody.bmp
36  2.260037 -17.384066 4.844672  -0.490904 -0.251197 0.834214  0.957031 0.203125
36  2.090037 -16.734066 4.854672  -0.479894 0.462735 0.745371  0.933594 0.117188
36  2.090037 -17.284065 4.714673  -0.931909 -0.360545 -0.039401  0.933594 0.195313
lowerbody.bmp
36  2.090037 -17.284065 4.714673  -0.931909 -0.360545 -0.039401  0.425781 0.140625
36  2.090037 -16.734066 4.854672  -0.479894 0.462735 0.745371  0.328125 0.179688
36  2.090037 -16.664066 4.714673  -0.705850 0.469451 -0.530463  0.316406 0.132813
forearm.bmp
36  2.420038 -31.864067 6.374670  -0.000002 -0.999932 0.011649  0.988281 0.984375
36  2.220038 -31.874065 5.634670  0.000002 -0.999937 0.011196  0.992188 0.640625
36  2.950038 -31.864067 6.374670  0.000000 -0.999937 0.011257  0.988281 0.984375
forearm.bmp
36  2.950038 -31.864067 6.374670  0.000000 -0.999937 0.011257  0.988281 0.984375
36  2.220038 -31.874065 5.634670  0.000002 -0.999937 0.011196  0.992188 0.640625
36  3.130038 -31.874065 5.634669  0.000003 -0.999937 0.011216  0.992188 0.640625
forearm.bmp
36  2.220038 -31.874065 5.634670  0.000002 -0.999937 0.011196  0.992188 0.640625
36  2.350038 -31.864067 5.514670  -0.000003 -0.999938 0.011174  0.988281 0.578125
36  3.130038 -31.874065 5.634669  0.000003 -0.999937 0.011216  0.992188 0.640625
forearm.bmp
36  3.130038 -31.874065 5.634669  0.000003 -0.999937 0.011216  0.992188 0.640625
36  2.350038 -31.864067 5.514670  -0.000003 -0.999938 0.011174  0.988281 0.578125
36  2.940038 -31.864067 5.134669  0.000003 -0.999937 0.011207  0.988281 0.468750
forearm.bmp
36  2.350038 -31.864067 5.514670  -0.000003 -0.999938 0.011174  0.988281 0.578125
36  2.410038 -31.864067 5.134670  -0.000000 -0.999937 0.011217  0.988281 0.468750
36  2.940038 -31.864067 5.134669  0.000003 -0.999937 0.011207  0.988281 0.468750
forearm.bmp
36  2.420038 -31.864067 6.374670  -0.963407 -0.015502 0.267594  0.988281 0.984375
36  2.270037 -21.764067 6.374671  -0.978661 0.008276 0.205313  0.144531 0.984375
36  2.090037 -23.984066 5.654671  -0.978664 0.008283 0.205302  0.335938 0.625000
forearm.bmp
36  2.090037 -23.984066 5.654671  -0.978664 0.008283 0.205302  0.335938 0.625000
36  2.270037 -21.764067 6.374671  -0.978661 0.008276 0.205313  0.144531 0.984375
36  2.070037 -23.724066 5.254671  -0.997503 -0.003797 -0.070524  0.308594 0.500000
forearm.bmp
36  2.270037 -21.764067 6.374671  -0.978661 0.008276 0.205313  0.144531 0.984375
36  2.000037 -21.764067 5.254672  -0.952421 -0.028351 -0.303466  0.144531 0.468750
36  2.070037 -23.724066 5.254671  -0.997503 -0.003797 -0.070524  0.308594 0.500000
forearm.bmp
36  2.070037 -23.724066 5.254671  -0.997503 -0.003797 -0.070524  0.308594 0.500000
36  2.000037 -21.764067 5.254672  -0.952421 -0.028351 -0.303466  0.144531 0.468750
36  2.320037 -23.714066 4.824671  -0.372771 -0.030802 -0.927412  0.308594 0.328125
forearm.bmp
36  2.000037 -21.764067 5.254672  -0.952421 -0.028351 -0.303466  0.144531 0.468750
36  2.320037 -21.764067 4.784671  -0.463643 -0.017742 -0.885844  0.144531 0.296875
36  2.320037 -23.714066 4.824671  -0.372771 -0.030802 -0.927412  0.308594 0.328125
forearm.bmp
36  3.100038 -21.764067 6.374671  -0.000000 1.000000 0.000671  0.132813 0.984375
36  3.350037 -21.764067 5.254671  0.000000 1.000000 0.000671  0.132813 0.437500
36  2.000037 -21.764067 5.254672  0.000000 1.000000 0.000669  0.003906 0.468750
forearm.bmp
36  2.000037 -21.764067 5.254672  0.000000 1.000000 0.000669  0.003906 0.468750
36  3.350037 -21.764067 5.254671  0.000000 1.000000 0.000671  0.132813 0.437500
36  2.320037 -21.764067 4.784671  -0.000000 1.000000 0.000667  0.023438 0.218750
forearm.bmp
36  3.350037 -21.764067 5.254671  0.000000 1.000000 0.000671  0.132813 0.437500
36  3.030037 -21.764067 4.784671  0.000000 1.000000 0.000677  0.101563 0.171875
36  2.320037 -21.764067 4.784671  -0.000000 1.000000 0.000667  0.023438 0.218750
forearm.bmp
36  2.410038 -31.864067 5.134670  0.020569 -0.027596 -0.999407  0.984375 0.296875
36  2.320037 -23.714066 4.824671  -0.372771 -0.030802 -0.927412  0.308594 0.296875
36  2.940038 -31.864067 5.134669  0.020596 -0.027602 -0.999407  0.984375 0.031250
forearm.bmp
36  2.940038 -31.864067 5.134669  0.020596 -0.027602 -0.999407  0.984375 0.031250
36  2.320037 -23.714066 4.824671  -0.372771 -0.030802 -0.927412  0.308594 0.296875
36  3.030037 -21.764067 4.784671  0.020594 -0.027598 -0.999407  0.148438 0.031250
forearm.bmp
36  2.320037 -23.714066 4.824671  -0.372771 -0.030802 -0.927412  0.308594 0.296875
36  2.320037 -21.764067 4.784671  -0.463643 -0.017742 -0.885844  0.148438 0.296875
36  3.030037 -21.764067 4.784671  0.020594 -0.027598 -0.999407  0.148438 0.031250
forearm.bmp
36  2.940038 -31.864067 5.134669  0.937917 -0.019906 -0.346287  0.988281 0.468750
36  3.030037 -21.764067 4.784671  0.888427 -0.029756 -0.458052  0.144531 0.296875
36  3.130038 -31.874065 5.634669  0.889105 -0.029640 -0.456742  0.992188 0.640625
forearm.bmp
36  3.130038 -31.874065 5.634669  0.889105 -0.029640 -0.456742  0.992188 0.640625
36  3.030037 -21.764067 4.784671  0.888427 -0.029756 -0.458052  0.144531 0.296875
36  3.350037 -21.764067 5.254671  0.826344 -0.039102 -0.561806  0.144531 0.468750
forearm.bmp
36  2.420038 -31.864067 6.374670  0.000000 0.000335 1.000000  0.988281 0.984375
36  2.950038 -31.864067 6.374670  0.000000 -0.000000 1.000000  0.988281 0.984375
36  2.270037 -21.764067 6.374671  0.000000 -0.000000 1.000000  0.144531 0.984375
forearm.bmp
36  2.270037 -21.764067 6.374671  0.000000 -0.000000 1.000000  0.144531 0.984375
36  2.950038 -31.864067 6.374670  0.000000 -0.000000 1.000000  0.988281 0.984375
36  3.100038 -21.764067 6.374671  0.000000 -0.000000 1.000000  0.144531 0.984375
forearm.bmp
36  2.950038 -31.864067 6.374670  0.973112 -0.014000 0.229906  0.988281 0.984375
36  3.130038 -31.874065 5.634669  0.973118 -0.013999 0.229882  0.992188 0.640625
36  3.100038 -21.764067 6.374671  0.973112 -0.014000 0.229909  0.144531 0.984375
forearm.bmp
36  3.100038 -21.764067 6.374671  0.973112 -0.014000 0.229909  0.144531 0.984375
36  3.130038 -31.874065 5.634669  0.973118 -0.013999 0.229882  0.992188 0.640625
36  3.350037 -21.764067 5.254671  0.973115 -0.013999 0.229896  0.144531 0.468750
forearm.bmp
36  2.220038 -31.874065 5.634670  -0.672473 -0.009998 -0.740054  0.992188 0.640625
36  2.090037 -23.984066 5.654671  -0.724362 -0.012301 -0.689310  0.335938 0.625000
36  2.350038 -31.864067 5.514670  -0.724297 -0.012879 -0.689368  0.988281 0.578125
forearm.bmp
36  2.350038 -31.864067 5.514670  -0.724297 -0.012879 -0.689368  0.988281 0.578125
36  2.090037 -23.984066 5.654671  -0.724362 -0.012301 -0.689310  0.335938 0.625000
36  2.320037 -23.974066 5.364671  -0.772378 -0.015100 -0.634984  0.371094 0.515625
forearm.bmp
36  2.410038 -31.864067 5.134670  -0.989271 -0.016002 -0.145217  0.988281 0.468750
36  2.350038 -31.864067 5.514670  -0.997502 -0.003812 -0.070540  0.988281 0.578125
36  2.320037 -23.714066 4.824671  -0.997506 -0.003803 -0.070477  0.308594 0.328125
forearm.bmp
36  2.320037 -23.714066 4.824671  -0.997506 -0.003803 -0.070477  0.308594 0.328125
36  2.350038 -31.864067 5.514670  -0.997502 -0.003812 -0.070540  0.988281 0.578125
36  2.320037 -23.974066 5.364671  -0.999991 -0.003837 -0.001848  0.371094 0.515625
forearm.bmp
36  2.090037 -23.984066 5.654671  -0.508408 -0.731785 -0.453885  0.335938 0.625000
36  2.070037 -23.724066 5.254671  -0.539997 -0.739615 -0.401713  0.308594 0.500000
36  2.320037 -23.974066 5.364671  -0.540023 -0.739596 -0.401713  0.371094 0.515625
forearm.bmp
36  2.320037 -23.974066 5.364671  -0.540023 -0.739596 -0.401713  0.371094 0.515625
36  2.070037 -23.724066 5.254671  -0.539997 -0.739615 -0.401713  0.308594 0.500000
36  2.320037 -23.714066 4.824671  -0.569581 -0.744589 -0.348088  0.308594 0.328125
forearm.bmp
36  2.270037 -21.764067 6.374671  -0.000000 1.000000 0.000671  0.050781 0.984375
36  3.100038 -21.764067 6.374671  -0.000000 1.000000 0.000671  0.132813 0.984375
36  2.000037 -21.764067 5.254672  0.000000 1.000000 0.000669  0.003906 0.468750
forearm.bmp
36  2.420038 -31.864067 6.374670  -0.963407 -0.015502 0.267594  0.988281 0.984375
36  2.090037 -23.984066 5.654671  -0.978664 0.008283 0.205302  0.335938 0.625000
36  2.220038 -31.874065 5.634670  -0.963401 -0.015502 0.267617  0.992188 0.640625
barrel.bmp
36  2.590038 -31.644066 5.964670  -0.397298 0.613975 0.682048  0.000000 0.937500
36  2.870038 -31.644066 5.894670  0.465094 0.616580 0.635230  0.000000 0.812500
36  2.610038 -31.644066 5.474670  -0.187508 0.706698 -0.682216  0.000000 0.062500
barrel.bmp
36  2.610038 -31.644066 5.474670  -0.187508 0.706698 -0.682216  0.000000 0.062500
36  2.870038 -31.644066 5.894670  0.465094 0.616580 0.635230  0.000000 0.812500
36  2.910038 -31.644066 5.624670  0.897646 0.372204 -0.236001  0.000000 0.312500
barrel.bmp
36  2.870038 -31.644066 5.894670  0.465094 0.616580 0.635230  0.000000 0.812500
36  2.870039 -36.544067 5.894669  0.751616 0.466105 0.466712  0.992188 0.812500
36  2.910038 -31.644066 5.624670  0.897646 0.372204 -0.236001  0.000000 0.312500
barrel.bmp
36  2.910038 -31.644066 5.624670  0.897646 0.372204 -0.236001  0.000000 0.312500
36  2.870039 -36.544067 5.894669  0.751616 0.466105 0.466712  0.992188 0.812500
36  2.910038 -36.544067 5.624669  0.818517 0.115774 -0.562695  0.992188 0.312500
barrel.bmp
36  2.430038 -36.544067 5.754669  -0.970320 0.237772 0.044080  0.992188 0.562500
36  2.580670 -36.713329 5.365354  -0.232369 0.286014 -0.929624  0.992188 0.062500
36  2.327249 -36.713329 5.759564  -0.974233 0.222279 -0.038237  0.992188 0.562500
barrel.bmp
36  2.590039 -36.544067 5.964669  -0.251187 0.410000 0.876815  0.992188 0.937500
36  2.327249 -36.713329 5.759564  -0.974233 0.222279 -0.038237  0.992188 0.562500
36  2.552513 -36.713329 6.055221  -0.163388 0.206007 0.964814  0.992188 0.937500
barrel.bmp
36  2.590039 -36.544067 5.964669  -0.251187 0.410000 0.876815  0.992188 0.937500
36  2.590038 -31.644066 5.964670  -0.397298 0.613975 0.682048  0.000000 0.937500
36  2.430038 -36.544067 5.754669  -0.970320 0.237772 0.044080  0.992188 0.562500
barrel.bmp
36  2.430038 -36.544067 5.754669  -0.970320 0.237772 0.044080  0.992188 0.562500
36  2.590038 -31.644066 5.964670  -0.397298 0.613975 0.682048  0.000000 0.937500
36  2.430038 -31.644066 5.754670  -0.848977 0.526636 0.043492  0.000000 0.562500
barrel.bmp
36  2.590038 -31.644066 5.964670  -0.397298 0.613975 0.682048  0.000000 0.937500
36  2.610038 -31.644066 5.474670  -0.187508 0.706698 -0.682216  0.000000 0.062500
36  2.430038 -31.644066 5.754670  -0.848977 0.526636 0.043492  0.000000 0.562500
barrel.bmp
36  2.430038 -31.644066 5.754670  -0.848977 0.526636 0.043492  0.000000 0.562500
36  2.610038 -31.644066 5.474670  -0.187508 0.706698 -0.682216  0.000000 0.062500
36  2.430038 -36.544067 5.754669  -0.970320 0.237772 0.044080  0.992188 0.562500
barrel.bmp
36  2.610038 -31.644066 5.474670  -0.187508 0.706698 -0.682216  0.000000 0.062500
36  2.610038 -36.544067 5.474669  -0.274434 0.344041 -0.897954  0.992188 0.062500
36  2.430038 -36.544067 5.754669  -0.970320 0.237772 0.044080  0.992188 0.562500
barrel.bmp
36  3.003037 -36.713329 5.576538  0.685410 0.340406 -0.643690  0.992188 0.312500
36  2.946723 -37.195438 5.956670  0.547709 -0.791760 0.270427  0.992188 0.812500
36  3.003037 -37.195438 5.576539  0.482392 -0.765908 -0.425068  0.992188 0.312500
barrel.bmp
36  2.610038 -36.544067 5.474669  -0.274434 0.344041 -0.897954  0.992188 0.062500
36  2.610038 -31.644066 5.474670  -0.187508 0.706698 -0.682216  0.000000 0.062500
36  2.910038 -36.544067 5.624669  0.818517 0.115774 -0.562695  0.992188 0.312500
barrel.bmp
36  2.910038 -36.544067 5.624669  0.818517 0.115774 -0.562695  0.992188 0.312500
36  2.610038 -31.644066 5.474670  -0.187508 0.706698 -0.682216  0.000000 0.062500
36  2.910038 -31.644066 5.624670  0.897646 0.372204 -0.236001  0.000000 0.312500
barrel.bmp
36  2.790037 -14.754066 6.224673  0.652016 0.002500 -0.758201  0.000000 0.062500
36  2.540038 -23.434067 6.194671  -0.515477 -0.526395 -0.676159  0.992188 0.062500
36  2.540037 -14.754066 6.224673  -0.600582 0.002900 -0.799558  0.000000 0.062500
barrel.bmp
36  2.540037 -14.754066 6.224673  -0.600582 0.002900 -0.799558  0.000000 0.062500
36  2.540038 -23.434067 6.194671  -0.515477 -0.526395 -0.676159  0.992188 0.062500
36  2.480037 -14.754066 6.424673  -0.997184 0.000648 0.074988  0.000000 0.562500
barrel.bmp
36  2.540038 -23.434067 6.194671  -0.515477 -0.526395 -0.676159  0.992188 0.062500
36  2.480038 -23.434067 6.424672  -0.696298 -0.610015 0.378221  0.992188 0.562500
36  2.480037 -14.754066 6.424673  -0.997184 0.000648 0.074988  0.000000 0.562500
barrel.bmp
36  2.480037 -14.754066 6.424673  -0.997184 0.000648 0.074988  0.000000 0.562500
36  2.480038 -23.434067 6.424672  -0.696298 -0.610015 0.378221  0.992188 0.562500
36  2.650037 -14.764067 6.574673  -0.338726 -0.000494 0.940885  0.000000 0.937500
barrel.bmp
36  2.480038 -23.434067 6.424672  -0.696298 -0.610015 0.378221  0.992188 0.562500
36  2.650038 -23.434067 6.564672  0.084893 -0.365509 0.926928  0.992188 0.937500
36  2.650037 -14.764067 6.574673  -0.338726 -0.000494 0.940885  0.000000 0.937500
barrel.bmp
36  2.650037 -14.764067 6.574673  -0.338726 -0.000494 0.940885  0.000000 0.937500
36  2.650038 -23.434067 6.564672  0.084893 -0.365509 0.926928  0.992188 0.937500
36  2.820037 -14.754066 6.484673  0.752393 -0.000307 0.658715  0.000000 0.687500
barrel.bmp
36  2.650038 -23.434067 6.564672  0.084893 -0.365509 0.926928  0.992188 0.937500
36  2.820038 -23.434067 6.474671  0.620301 -0.767490 0.161823  0.992188 0.687500
36  2.820037 -14.754066 6.484673  0.752393 -0.000307 0.658715  0.000000 0.687500
barrel.bmp
36  2.820037 -14.754066 6.484673  0.752393 -0.000307 0.658715  0.000000 0.687500
36  2.820038 -23.434067 6.474671  0.620301 -0.767490 0.161823  0.992188 0.687500
36  2.790037 -14.754066 6.224673  0.652016 0.002500 -0.758201  0.000000 0.062500
barrel.bmp
36  2.820038 -23.434067 6.474671  0.620301 -0.767490 0.161823  0.992188 0.687500
36  2.790038 -23.434067 6.194671  0.545808 -0.554584 -0.628116  0.992188 0.062500
36  2.790037 -14.754066 6.224673  0.652016 0.002500 -0.758201  0.000000 0.062500
barrel.bmp
36  2.790037 -14.754066 6.224673  0.652016 0.002500 -0.758201  0.000000 0.062500
36  2.790038 -23.434067 6.194671  0.545808 -0.554584 -0.628116  0.992188 0.062500
36  2.540038 -23.434067 6.194671  -0.515477 -0.526395 -0.676159  0.992188 0.062500
barrel.bmp
36  2.790038 -23.434067 6.194671  0.545808 -0.554584 -0.628116  0.992188 0.062500
36  2.820038 -23.434067 6.474671  0.620301 -0.767490 0.161823  0.992188 0.687500
36  2.540038 -23.434067 6.194671  -0.515477 -0.526395 -0.676159  0.992188 0.062500
barrel.bmp
36  2.540038 -23.434067 6.194671  -0.515477 -0.526395 -0.676159  0.992188 0.062500
36  2.820038 -23.434067 6.474671  0.620301 -0.767490 0.161823  0.992188 0.687500
36  2.480038 -23.434067 6.424672  -0.696298 -0.610015 0.378221  0.992188 0.562500
barrel.bmp
36  2.820038 -23.434067 6.474671  0.620301 -0.767490 0.161823  0.992188 0.687500
36  2.650038 -23.434067 6.564672  0.084893 -0.365509 0.926928  0.992188 0.937500
36  2.480038 -23.434067 6.424672  -0.696298 -0.610015 0.378221  0.992188 0.562500
barrel.bmp
36  2.590038 -31.644066 5.964670  -0.397298 0.613975 0.682048  0.000000 0.937500
36  2.590039 -36.544067 5.964669  -0.251187 0.410000 0.876815  0.992188 0.937500
36  2.870038 -31.644066 5.894670  0.465094 0.616580 0.635230  0.000000 0.625000
barrel.bmp
36  2.870038 -31.644066 5.894670  0.465094 0.616580 0.635230  0.000000 0.625000
36  2.590039 -36.544067 5.964669  -0.251187 0.410000 0.876815  0.992188 0.937500
36  2.870039 -36.544067 5.894669  0.751616 0.466105 0.466712  0.992188 0.625000
scope_hold.bmp
36  2.970037 -16.594067 7.544672  1.000000 0.000001 -0.000001  0.152344 0.984375
36  2.970037 -17.274067 6.794672  1.000000 0.000000 -0.000000  0.292969 0.406250
36  2.970037 -16.594067 6.224672  1.000000 0.000000 0.000000  0.152344 0.015625
scope_hold.bmp
36  2.970037 -16.594067 6.224672  1.000000 0.000000 0.000000  0.152344 0.015625
36  2.970037 -17.274067 6.794672  1.000000 0.000000 -0.000000  0.292969 0.406250
36  2.970037 -19.224066 6.224672  1.000000 0.000000 -0.000001  0.722656 0.015625
scope_hold.bmp
36  2.970037 -17.274067 6.794672  1.000000 0.000000 -0.000000  0.292969 0.406250
36  2.970037 -18.624065 6.794672  1.000000 0.000000 -0.000001  0.589844 0.406250
36  2.970037 -19.224066 6.224672  1.000000 0.000000 -0.000001  0.722656 0.015625
scope_hold.bmp
36  2.970037 -19.224066 6.224672  1.000000 0.000000 -0.000001  0.722656 0.015625
36  2.970037 -18.624065 6.794672  1.000000 0.000000 -0.000001  0.589844 0.406250
36  2.970038 -19.224066 7.124672  1.000000 0.000000 -0.000001  0.722656 0.625000
scope_hold.bmp
36  2.970037 -18.624065 6.794672  1.000000 0.000000 -0.000001  0.589844 0.406250
36  2.970038 -18.624067 7.544672  1.000000 0.000000 -0.000001  0.589844 0.984375
36  2.970038 -19.224066 7.124672  1.000000 0.000000 -0.000001  0.722656 0.625000
scope_hold.bmp
36  2.970038 -19.224066 7.124672  1.000000 0.000000 -0.000001  0.722656 0.625000
36  2.970038 -18.624067 7.544672  1.000000 0.000000 -0.000001  0.589844 0.984375
36  2.970038 -20.464066 7.314672  1.000000 0.000000 0.000000  0.992188 0.828125
scope_hold.bmp
36  2.970038 -18.624067 7.544672  1.000000 0.000000 -0.000001  0.589844 0.984375
36  2.970038 -20.464066 7.544672  1.000000 0.000000 0.000000  0.992188 0.984375
36  2.970038 -20.464066 7.314672  1.000000 0.000000 0.000000  0.992188 0.828125
scope_hold.bmp
36  2.970037 -16.594067 6.224672  -0.000383 0.999999 -0.001437  0.003906 0.015625
36  2.610037 -16.594067 7.124672  -0.000383 0.999999 -0.001435  0.074219 0.640625
36  2.970037 -16.594067 7.544672  -0.000369 0.999999 -0.001390  0.003906 0.984375
scope_hold.bmp
36  2.970037 -16.594067 6.224672  -0.000383 0.999999 -0.001437  0.003906 0.015625
36  2.290037 -16.594067 6.794672  -0.000370 0.999999 -0.001388  0.140625 0.421875
36  2.610037 -16.594067 7.124672  -0.000383 0.999999 -0.001435  0.074219 0.640625
scope_hold.bmp
36  2.970037 -16.594067 6.224672  -0.000383 0.999999 -0.001437  0.003906 0.015625
36  2.290037 -16.594067 6.404673  -0.000371 0.999999 -0.001392  0.140625 0.156250
36  2.290037 -16.594067 6.794672  -0.000370 0.999999 -0.001388  0.140625 0.421875
scope_hold.bmp
36  2.970037 -16.594067 6.224672  -0.000383 0.999999 -0.001437  0.003906 0.015625
36  2.430037 -16.594067 6.224672  -0.000373 0.999999 -0.001399  0.105469 0.015625
36  2.290037 -16.594067 6.404673  -0.000371 0.999999 -0.001392  0.140625 0.156250
scope_hold.bmp
36  2.970037 -19.224066 6.224672  0.001593 -0.999997 -0.001593  0.722656 0.015625
36  2.290037 -19.224066 6.404672  0.001592 -0.999997 -0.001593  0.722656 0.156250
36  2.430037 -19.224066 6.224672  0.001557 -0.999998 -0.001557  0.722656 0.015625
scope_hold.bmp
36  2.970037 -19.224066 6.224672  0.001593 -0.999997 -0.001593  0.722656 0.015625
36  2.290037 -19.224066 6.794672  0.001562 -0.999998 -0.001558  0.722656 0.406250
36  2.290037 -19.224066 6.404672  0.001592 -0.999997 -0.001593  0.722656 0.156250
scope_hold.bmp
36  2.970037 -19.224066 6.224672  0.001593 -0.999997 -0.001593  0.722656 0.015625
36  2.610038 -19.224066 7.124672  0.001594 -0.999997 -0.001594  0.722656 0.625000
36  2.290037 -19.224066 6.794672  0.001562 -0.999998 -0.001558  0.722656 0.406250
scope_hold.bmp
36  2.970037 -19.224066 6.224672  0.001593 -0.999997 -0.001593  0.722656 0.015625
36  2.970038 -19.224066 7.124672  0.001627 -0.999997 -0.001627  0.722656 0.625000
36  2.610038 -19.224066 7.124672  0.001594 -0.999997 -0.001594  0.722656 0.625000
scope_hold.bmp
36  2.290037 -16.594067 6.404673  -1.000000 0.000000 0.000000  0.152344 0.156250
36  2.290037 -19.224066 6.404672  -1.000000 0.000000 0.000000  0.722656 0.156250
36  2.290037 -17.274067 6.794672  -1.000000 0.000000 0.000000  0.296875 0.406250
scope_hold.bmp
36  2.290037 -17.274067 6.794672  -1.000000 0.000000 0.000000  0.296875 0.406250
36  2.290037 -19.224066 6.404672  -1.000000 0.000000 0.000000  0.722656 0.156250
36  2.290037 -18.624067 6.794672  -1.000000 0.000000 0.000000  0.589844 0.406250
scope_hold.bmp
36  2.290037 -19.224066 6.404672  -1.000000 0.000000 0.000000  0.722656 0.156250
36  2.290037 -19.224066 6.794672  -1.000000 0.000000 0.000000  0.722656 0.406250
36  2.290037 -18.624067 6.794672  -1.000000 0.000000 0.000000  0.589844 0.406250
scope_hold.bmp
36  2.610038 -18.624067 7.124672  -1.000000 0.000000 0.000000  0.589844 0.625000
36  2.610038 -19.224066 7.124672  -1.000000 0.000000 0.000000  0.722656 0.625000
36  2.610038 -18.624067 7.554673  -1.000000 0.000000 0.000000  0.589844 0.984375
scope_hold.bmp
36  2.610038 -18.624067 7.554673  -1.000000 0.000000 0.000000  0.589844 0.984375
36  2.610038 -19.224066 7.124672  -1.000000 0.000000 0.000000  0.722656 0.625000
36  2.610038 -20.464066 7.554672  -1.000000 0.000000 0.000000  0.992188 0.984375
scope_hold.bmp
36  2.610038 -19.224066 7.124672  -1.000000 0.000000 0.000000  0.722656 0.625000
36  2.610038 -20.464066 7.314672  -1.000000 0.000000 0.000000  0.992188 0.828125
36  2.610038 -20.464066 7.554672  -1.000000 0.000000 0.000000  0.992188 0.984375
scope_hold.bmp
36  2.610038 -17.274067 7.554673  0.001594 -0.999997 -0.001592  0.917969 0.312500
36  2.610037 -17.274067 7.124672  0.001593 -0.999997 -0.001593  0.800781 0.312500
36  2.970038 -17.274067 7.544672  0.001593 -0.999997 -0.001593  0.917969 0.578125
scope_hold.bmp
36  2.970038 -17.274067 7.544672  0.001593 -0.999997 -0.001593  0.917969 0.578125
36  2.610037 -17.274067 7.124672  0.001593 -0.999997 -0.001593  0.800781 0.312500
36  2.970037 -17.274067 6.794672  0.001593 -0.999997 -0.001593  0.757813 0.578125
scope_hold.bmp
36  2.610037 -17.274067 7.124672  0.001593 -0.999997 -0.001593  0.800781 0.312500
36  2.290037 -17.274067 6.794672  0.001627 -0.999997 -0.001627  0.757813 0.125000
36  2.970037 -17.274067 6.794672  0.001593 -0.999997 -0.001593  0.757813 0.578125
scope_hold.bmp
36  2.290037 -18.624067 6.794672  -0.000394 0.999999 -0.001479  0.761719 0.125000
36  2.610038 -18.624067 7.124672  -0.000382 0.999999 -0.001432  0.800781 0.312500
36  2.970037 -18.624065 6.794672  -0.000370 0.999999 -0.001385  0.761719 0.578125
scope_hold.bmp
36  2.970037 -18.624065 6.794672  -0.000370 0.999999 -0.001385  0.761719 0.578125
36  2.610038 -18.624067 7.124672  -0.000382 0.999999 -0.001432  0.800781 0.312500
36  2.970038 -18.624067 7.544672  -0.000369 0.999999 -0.001387  0.917969 0.578125
scope_hold.bmp
36  2.610038 -18.624067 7.124672  -0.000382 0.999999 -0.001432  0.800781 0.312500
36  2.610038 -18.624067 7.554673  -0.000371 0.999999 -0.001390  0.917969 0.312500
36  2.970038 -18.624067 7.544672  -0.000369 0.999999 -0.001387  0.917969 0.578125
scope_hold.bmp
36  2.430037 -16.594067 6.224672  -0.786847 -0.000000 -0.617149  0.152344 0.015625
36  2.430037 -19.224066 6.224672  -0.786814 0.000002 -0.617190  0.722656 0.015625
36  2.290037 -16.594067 6.404673  -0.786817 0.000000 -0.617186  0.152344 0.156250
scope_hold.bmp
36  2.290037 -16.594067 6.404673  -0.786817 0.000000 -0.617186  0.152344 0.156250
36  2.430037 -19.224066 6.224672  -0.786814 0.000002 -0.617190  0.722656 0.015625
36  2.290037 -19.224066 6.404672  -0.786814 -0.000000 -0.617190  0.722656 0.156250
scope_hold.bmp
36  2.290037 -19.224066 6.794672  -0.715693 0.000000 0.698415  0.722656 0.406250
36  2.610038 -19.224066 7.124672  -0.715760 0.000000 0.698347  0.722656 0.625000
36  2.290037 -18.624067 6.794672  -0.715759 -0.000000 0.698347  0.589844 0.406250
scope_hold.bmp
36  2.290037 -18.624067 6.794672  -0.715759 -0.000000 0.698347  0.589844 0.406250
36  2.610038 -19.224066 7.124672  -0.715760 0.000000 0.698347  0.722656 0.625000
36  2.610038 -18.624067 7.124672  -0.715692 -0.000000 0.698416  0.589844 0.625000
scope_hold.bmp
36  2.290037 -16.594067 6.794672  -0.715963 -0.000000 0.698138  0.152344 0.406250
36  2.290037 -17.274067 6.794672  -0.715694 0.000000 0.698414  0.296875 0.406250
36  2.610037 -16.594067 7.124672  -0.715695 -0.000000 0.698413  0.152344 0.640625
scope_hold.bmp
36  2.610037 -16.594067 7.124672  -0.715695 -0.000000 0.698413  0.152344 0.640625
36  2.290037 -17.274067 6.794672  -0.715694 0.000000 0.698414  0.296875 0.406250
36  2.610037 -17.274067 7.124672  -0.715962 0.000000 0.698140  0.296875 0.640625
scope_hold.bmp
36  2.610037 -16.594067 7.124672  -1.000000 0.000000 0.000002  0.152344 0.640625
36  2.610037 -17.274067 7.124672  -1.000000 0.000000 0.000002  0.296875 0.640625
36  2.610038 -16.594067 7.554673  -1.000000 0.000000 0.000002  0.152344 0.984375
scope_hold.bmp
36  2.610038 -16.594067 7.554673  -1.000000 0.000000 0.000002  0.152344 0.984375
36  2.610037 -17.274067 7.124672  -1.000000 0.000000 0.000002  0.296875 0.640625
36  2.610038 -17.274067 7.554673  -1.000000 0.000000 0.000002  0.292969 0.984375
scope_hold.bmp
36  2.970037 -18.624065 6.794672  -0.000002 0.000000 1.000000  0.578125 0.796875
36  2.970037 -17.274067 6.794672  -0.000001 0.000000 1.000000  0.312500 0.796875
36  2.290037 -18.624067 6.794672  -0.000001 0.000000 1.000000  0.578125 0.453125
scope_hold.bmp
36  2.290037 -18.624067 6.794672  -0.000001 0.000000 1.000000  0.578125 0.453125
36  2.970037 -17.274067 6.794672  -0.000001 0.000000 1.000000  0.312500 0.796875
36  2.290037 -17.274067 6.794672  0.000000 0.000000 1.000000  0.312500 0.453125
scope_hold.bmp
36  2.610038 -16.594067 7.554673  0.000017 0.000098 1.000000  0.152344 0.984375
36  2.610038 -17.274067 7.554673  0.000017 0.000101 1.000000  0.292969 0.984375
36  2.970037 -16.594067 7.544672  0.000017 0.000000 1.000000  0.152344 0.984375
scope_hold.bmp
36  2.970037 -16.594067 7.544672  0.000017 0.000000 1.000000  0.152344 0.984375
36  2.610038 -17.274067 7.554673  0.000017 0.000101 1.000000  0.292969 0.984375
36  2.970038 -17.274067 7.544672  0.000017 0.000100 1.000000  0.296875 0.984375
scope_hold.bmp
36  2.610038 -18.624067 7.554673  0.000015 0.000102 1.000000  0.589844 0.984375
36  2.610038 -20.464066 7.554672  0.000015 0.000101 1.000000  0.992188 0.984375
36  2.970038 -18.624067 7.544672  0.000015 -0.000001 1.000000  0.589844 0.984375
scope_hold.bmp
36  2.970038 -18.624067 7.544672  0.000015 -0.000001 1.000000  0.589844 0.984375
36  2.610038 -20.464066 7.554672  0.000015 0.000101 1.000000  0.992188 0.984375
36  2.970038 -20.464066 7.544672  0.000015 0.000100 1.000000  0.992188 0.984375
scope_hold.bmp
36  2.610038 -20.464066 7.314672  0.001593 -0.999997 -0.001593  0.992188 0.828125
36  2.970038 -20.464066 7.314672  0.001593 -0.999997 -0.001593  0.992188 0.828125
36  2.610038 -20.464066 7.554672  0.001594 -0.999997 -0.001592  0.992188 0.984375
scope_hold.bmp
36  2.610038 -20.464066 7.554672  0.001594 -0.999997 -0.001592  0.992188 0.984375
36  2.970038 -20.464066 7.314672  0.001593 -0.999997 -0.001593  0.992188 0.828125
36  2.970038 -20.464066 7.544672  0.001593 -0.999997 -0.001593  0.992188 0.984375
scope_hold.bmp
36  2.610038 -19.224066 7.124672  0.000000 -0.150321 -0.988637  0.722656 0.625000
36  2.970038 -19.224066 7.124672  0.000000 -0.151458 -0.988464  0.722656 0.625000
36  2.610038 -20.464066 7.314672  0.000000 -0.151458 -0.988464  0.992188 0.828125
scope_hold.bmp
36  2.610038 -20.464066 7.314672  0.000000 -0.151458 -0.988464  0.992188 0.828125
36  2.970038 -19.224066 7.124672  0.000000 -0.151458 -0.988464  0.722656 0.625000
36  2.970038 -20.464066 7.314672  -0.000000 -0.150274 -0.988644  0.992188 0.828125
scope_hold.bmp
36  2.430037 -16.594067 6.224672  -0.006279 -0.000100 -0.999980  0.152344 0.015625
36  2.970037 -16.594067 6.224672  -0.006279 -0.000100 -0.999980  0.152344 0.015625
36  2.430037 -19.224066 6.224672  -0.006279 -0.000100 -0.999980  0.722656 0.015625
scope_hold.bmp
36  2.430037 -19.224066 6.224672  -0.006279 -0.000100 -0.999980  0.722656 0.015625
36  2.970037 -16.594067 6.224672  -0.006279 -0.000100 -0.999980  0.152344 0.015625
36  2.970037 -19.224066 6.224672  -0.006279 -0.000099 -0.999980  0.722656 0.015625
scope_hold.bmp
36  2.290037 -17.274067 6.794672  -1.000000 0.000000 0.000000  0.296875 0.406250
36  2.290037 -16.594067 6.794672  -1.000000 0.000000 0.000000  0.152344 0.406250
36  2.290037 -16.594067 6.404673  -1.000000 0.000000 0.000000  0.152344 0.156250
scope_hold.bmp
36  2.970037 -17.274067 6.794672  1.000000 0.000000 -0.000000  0.292969 0.406250
36  2.970037 -16.594067 7.544672  1.000000 0.000001 -0.000001  0.152344 0.984375
36  2.970038 -17.274067 7.544672  1.000000 0.000002 -0.000001  0.296875 0.984375
scope_hold.bmp
36  2.610038 -16.594067 7.554673  -0.000371 0.999999 -0.001390  0.074219 0.984375
36  2.970037 -16.594067 7.544672  -0.000369 0.999999 -0.001390  0.003906 0.984375
36  2.610037 -16.594067 7.124672  -0.000383 0.999999 -0.001435  0.074219 0.640625
scope.bmp
36  2.830038 -16.144066 8.324673  0.296999 -0.144403 0.943896  0.328125 0.562500
36  2.430038 -20.384068 8.324673  -0.338794 0.172610 0.924891  0.707031 0.671875
36  2.830038 -20.384068 8.324672  0.389707 0.196407 0.899751  0.707031 0.562500
scope.bmp
36  2.830038 -20.384068 8.324672  0.389707 0.196407 0.899751  0.707031 0.562500
36  2.430038 -20.384068 8.324673  -0.338794 0.172610 0.924891  0.707031 0.671875
36  2.320038 -21.234066 8.624672  -0.234131 0.173600 0.956580  0.777344 0.968750
scope.bmp
36  2.430038 -20.384068 8.324673  -0.338794 0.172610 0.924891  0.707031 0.671875
36  1.900038 -21.254066 8.254672  -0.827848 0.165339 0.536033  0.777344 0.625000
36  2.320038 -21.234066 8.624672  -0.234131 0.173600 0.956580  0.777344 0.968750
scope.bmp
36  2.320038 -21.234066 8.624672  -0.234131 0.173600 0.956580  0.777344 0.968750
36  1.900038 -21.254066 8.254672  -0.827848 0.165339 0.536033  0.777344 0.625000
36  2.310038 -23.094067 8.614672  -0.380472 -0.576018 0.723495  0.984375 0.968750
scope.bmp
36  1.900038 -21.254066 8.254672  -0.827848 0.165339 0.536033  0.777344 0.625000
36  1.900038 -23.104067 8.254672  -0.776810 -0.587344 0.227141  0.988281 0.625000
36  2.310038 -23.094067 8.614672  -0.380472 -0.576018 0.723495  0.984375 0.968750
scope.bmp
36  2.310038 -23.094067 8.614672  -0.380472 -0.576018 0.723495  0.984375 0.968750
36  1.900038 -23.104067 8.254672  -0.776810 -0.587344 0.227141  0.988281 0.625000
36  3.360038 -23.084066 8.254671  0.542024 -0.805016 0.241161  0.984375 0.625000
scope.bmp
36  1.900038 -23.104067 8.254672  -0.776810 -0.587344 0.227141  0.988281 0.625000
36  1.900038 -23.104067 7.594672  -0.616473 -0.738915 -0.271968  0.988281 0.312500
36  3.360038 -23.084066 8.254671  0.542024 -0.805016 0.241161  0.984375 0.625000
scope.bmp
36  3.360038 -23.084066 8.254671  0.542024 -0.805016 0.241161  0.984375 0.625000
36  1.900038 -23.104067 7.594672  -0.616473 -0.738915 -0.271968  0.988281 0.312500
36  2.290038 -23.094067 7.224671  -0.325719 -0.727266 -0.604145  0.988281 0.046875
scope.bmp
36  1.900038 -23.104067 7.594672  -0.616473 -0.738915 -0.271968  0.988281 0.312500
36  1.900038 -21.254066 7.584672  -0.930458 0.131902 -0.341832  0.777344 0.312500
36  2.290038 -23.094067 7.224671  -0.325719 -0.727266 -0.604145  0.988281 0.046875
scope.bmp
36  2.290038 -23.094067 7.224671  -0.325719 -0.727266 -0.604145  0.988281 0.046875
36  1.900038 -21.254066 7.584672  -0.930458 0.131902 -0.341832  0.777344 0.312500
36  2.300038 -21.234066 7.224672  -0.177316 0.080939 -0.980820  0.781250 0.046875
scope.bmp
36  1.900038 -21.254066 7.584672  -0.930458 0.131902 -0.341832  0.777344 0.312500
36  2.140038 -20.384066 7.724672  -0.898705 0.163306 -0.407014  0.707031 0.421875
36  2.300038 -21.234066 7.224672  -0.177316 0.080939 -0.980820  0.781250 0.046875
scope.bmp
36  2.300038 -21.234066 7.224672  -0.177316 0.080939 -0.980820  0.781250 0.046875
36  2.140038 -20.384066 7.724672  -0.898705 0.163306 -0.407014  0.707031 0.421875
36  2.430038 -20.384066 7.484672  -0.339594 0.160217 -0.926826  0.707031 0.296875
scope.bmp
36  2.140038 -20.384066 7.724672  -0.898705 0.163306 -0.407014  0.707031 0.421875
36  2.140038 -16.144066 7.724673  -0.901879 -0.082495 -0.424039  0.328125 0.421875
36  2.430038 -20.384066 7.484672  -0.339594 0.160217 -0.926826  0.707031 0.296875
scope.bmp
36  2.430038 -20.384066 7.484672  -0.339594 0.160217 -0.926826  0.707031 0.296875
36  2.140038 -16.144066 7.724673  -0.901879 -0.082495 -0.424039  0.328125 0.421875
36  2.430037 -16.144066 7.484673  -0.355403 -0.097802 -0.929582  0.328125 0.296875
scope.bmp
36  2.140038 -16.144066 7.724673  -0.901879 -0.082495 -0.424039  0.328125 0.421875
36  2.040037 -15.384067 7.654673  -0.822105 -0.173188 -0.542356  0.269531 0.375000
36  2.430037 -16.144066 7.484673  -0.355403 -0.097802 -0.929582  0.328125 0.296875
scope.bmp
36  2.430037 -16.144066 7.484673  -0.355403 -0.097802 -0.929582  0.328125 0.296875
36  2.040037 -15.384067 7.654673  -0.822105 -0.173188 -0.542356  0.269531 0.375000
36  2.380037 -15.384067 7.344673  -0.355405 -0.097789 -0.929583  0.269531 0.203125
scope.bmp
36  3.220038 -13.914066 8.224673  0.849560 -0.004230 0.527475  0.152344 0.609375
36  3.200038 -15.384067 8.224672  0.908384 -0.102390 0.405408  0.269531 0.609375
36  3.210037 -13.914066 7.654673  0.966775 -0.002716 -0.255615  0.152344 0.375000
scope.bmp
36  3.210037 -13.914066 7.654673  0.966775 -0.002716 -0.255615  0.152344 0.375000
36  3.200038 -15.384067 8.224672  0.908384 -0.102390 0.405408  0.269531 0.609375
36  3.210037 -15.384067 7.654673  0.888114 -0.090296 -0.450667  0.269531 0.375000
scope.bmp
36  3.200038 -15.384067 8.224672  0.908384 -0.102390 0.405408  0.269531 0.609375
36  3.120038 -16.144066 8.084673  0.908387 -0.102380 0.405402  0.328125 0.546875
36  3.210037 -15.384067 7.654673  0.888114 -0.090296 -0.450667  0.269531 0.375000
scope.bmp
36  3.210037 -15.384067 7.654673  0.888114 -0.090296 -0.450667  0.269531 0.375000
36  3.120038 -16.144066 8.084673  0.908387 -0.102380 0.405402  0.328125 0.546875
36  3.120038 -16.144066 7.724672  0.940114 -0.061111 -0.335336  0.328125 0.421875
scope.bmp
36  3.120038 -16.144066 8.084673  0.908387 -0.102380 0.405402  0.328125 0.546875
36  3.120038 -20.384066 8.084672  0.935129 0.125226 0.331439  0.707031 0.546875
36  3.120038 -16.144066 7.724672  0.940114 -0.061111 -0.335336  0.328125 0.421875
scope.bmp
36  3.120038 -16.144066 7.724672  0.940114 -0.061111 -0.335336  0.328125 0.421875
36  3.120038 -20.384066 8.084672  0.935129 0.125226 0.331439  0.707031 0.546875
36  3.120038 -20.384066 7.724672  0.895186 0.150020 -0.419686  0.707031 0.421875
scope.bmp
36  3.120038 -20.384066 8.084672  0.935129 0.125226 0.331439  0.707031 0.546875
36  3.360038 -21.254066 8.254672  0.891866 0.210967 0.400085  0.777344 0.625000
36  3.120038 -20.384066 7.724672  0.895186 0.150020 -0.419686  0.707031 0.421875
scope.bmp
36  3.120038 -20.384066 7.724672  0.895186 0.150020 -0.419686  0.707031 0.421875
36  3.360038 -21.254066 8.254672  0.891866 0.210967 0.400085  0.777344 0.625000
36  3.360038 -21.254066 7.584671  0.895183 0.149999 -0.419699  0.777344 0.312500
scope.bmp
36  3.360038 -21.254066 8.254672  0.891866 0.210967 0.400085  0.777344 0.625000
36  3.360038 -23.084066 8.254671  0.542024 -0.805016 0.241161  0.984375 0.625000
36  3.360038 -21.254066 7.584671  0.895183 0.149999 -0.419699  0.777344 0.312500
scope.bmp
36  3.360038 -21.254066 7.584671  0.895183 0.149999 -0.419699  0.777344 0.312500
36  3.360038 -23.084066 8.254671  0.542024 -0.805016 0.241161  0.984375 0.625000
36  3.360038 -23.084066 7.584671  0.677087 -0.587077 -0.443727  0.988281 0.312500
scope.bmp
36  3.360038 -23.084066 8.254671  0.542024 -0.805016 0.241161  0.984375 0.625000
36  2.290038 -23.094067 7.224671  -0.325719 -0.727266 -0.604145  0.988281 0.046875
36  3.360038 -23.084066 7.584671  0.677087 -0.587077 -0.443727  0.988281 0.312500
scope.bmp
36  3.360038 -23.084066 7.584671  0.677087 -0.587077 -0.443727  0.988281 0.312500
36  2.290038 -23.094067 7.224671  -0.325719 -0.727266 -0.604145  0.988281 0.046875
36  2.940038 -23.094067 7.224671  0.218065 -0.331407 -0.917942  0.988281 0.046875
scope.bmp
36  2.890037 -13.924067 7.344673  0.490341 -0.000093 -0.871531  0.152344 0.390625
36  2.890037 -15.384067 7.344673  0.294941 -0.079802 -0.952177  0.269531 0.390625
36  2.380037 -13.924067 7.344673  -0.236213 0.000000 -0.971701  0.152344 0.203125
scope.bmp
36  2.380037 -13.924067 7.344673  -0.236213 0.000000 -0.971701  0.152344 0.203125
36  2.890037 -15.384067 7.344673  0.294941 -0.079802 -0.952177  0.269531 0.390625
36  2.380037 -15.384067 7.344673  -0.355405 -0.097789 -0.929583  0.269531 0.203125
scope.bmp
36  2.890037 -15.384067 7.344673  0.294941 -0.079802 -0.952177  0.269531 0.390625
36  2.830038 -16.144066 7.484673  0.397090 -0.108295 -0.911368  0.328125 0.421875
36  2.380037 -15.384067 7.344673  -0.355405 -0.097789 -0.929583  0.269531 0.203125
scope.bmp
36  2.380037 -15.384067 7.344673  -0.355405 -0.097789 -0.929583  0.269531 0.203125
36  2.830038 -16.144066 7.484673  0.397090 -0.108295 -0.911368  0.328125 0.421875
36  2.430037 -16.144066 7.484673  -0.355403 -0.097802 -0.929582  0.328125 0.296875
scope.bmp
36  2.830038 -16.144066 7.484673  0.397090 -0.108295 -0.911368  0.328125 0.421875
36  2.830038 -20.384066 7.484672  0.338207 0.157311 -0.927830  0.707031 0.421875
36  2.430037 -16.144066 7.484673  -0.355403 -0.097802 -0.929582  0.328125 0.296875
scope.bmp
36  2.430037 -16.144066 7.484673  -0.355403 -0.097802 -0.929582  0.328125 0.296875
36  2.830038 -20.384066 7.484672  0.338207 0.157311 -0.927830  0.707031 0.421875
36  2.430038 -20.384066 7.484672  -0.339594 0.160217 -0.926826  0.707031 0.296875
scope.bmp
36  2.830038 -20.384066 7.484672  0.338207 0.157311 -0.927830  0.707031 0.421875
36  2.950038 -21.234066 7.224671  0.338196 0.157305 -0.927835  0.781250 0.281250
36  2.430038 -20.384066 7.484672  -0.339594 0.160217 -0.926826  0.707031 0.296875
scope.bmp
36  2.430038 -20.384066 7.484672  -0.339594 0.160217 -0.926826  0.707031 0.296875
36  2.950038 -21.234066 7.224671  0.338196 0.157305 -0.927835  0.781250 0.281250
36  2.300038 -21.234066 7.224672  -0.177316 0.080939 -0.980820  0.781250 0.046875
scope.bmp
36  2.950038 -21.234066 7.224671  0.338196 0.157305 -0.927835  0.781250 0.281250
36  2.940038 -23.094067 7.224671  0.218065 -0.331407 -0.917942  0.988281 0.281250
36  2.300038 -21.234066 7.224672  -0.177316 0.080939 -0.980820  0.781250 0.046875
scope.bmp
36  2.300038 -21.234066 7.224672  -0.177316 0.080939 -0.980820  0.781250 0.046875
36  2.940038 -23.094067 7.224671  0.218065 -0.331407 -0.917942  0.988281 0.281250
36  2.290038 -23.094067 7.224671  -0.325719 -0.727266 -0.604145  0.988281 0.046875
scope.bmp
36  2.880038 -13.924067 8.524673  0.239595 0.000000 0.970873  0.152344 0.609375
36  2.370038 -15.384067 8.524673  -0.295016 -0.149592 0.943710  0.269531 0.812500
36  2.880038 -15.384067 8.524673  0.436463 -0.105104 0.893562  0.269531 0.609375
scope.bmp
36  2.880038 -15.384067 8.524673  0.436463 -0.105104 0.893562  0.269531 0.609375
36  2.370038 -15.384067 8.524673  -0.295016 -0.149592 0.943710  0.269531 0.812500
36  2.830038 -16.144066 8.324673  0.296999 -0.144403 0.943896  0.328125 0.562500
scope.bmp
36  2.370038 -15.384067 8.524673  -0.295016 -0.149592 0.943710  0.269531 0.812500
36  2.430038 -16.144066 8.324673  -0.408092 -0.105713 0.906800  0.328125 0.671875
36  2.830038 -16.144066 8.324673  0.296999 -0.144403 0.943896  0.328125 0.562500
scope.bmp
36  2.830038 -16.144066 8.324673  0.296999 -0.144403 0.943896  0.328125 0.562500
36  2.430038 -16.144066 8.324673  -0.408092 -0.105713 0.906800  0.328125 0.671875
36  2.430038 -20.384068 8.324673  -0.338794 0.172610 0.924891  0.707031 0.671875
scope.bmp
36  2.430038 -16.144066 8.324673  -0.408092 -0.105713 0.906800  0.328125 0.671875
36  2.140038 -20.384068 8.084672  -0.894267 0.157306 0.418976  0.707031 0.546875
36  2.430038 -20.384068 8.324673  -0.338794 0.172610 0.924891  0.707031 0.671875
scope.bmp
36  2.430038 -20.384068 8.324673  -0.338794 0.172610 0.924891  0.707031 0.671875
36  2.140038 -20.384068 8.084672  -0.894267 0.157306 0.418976  0.707031 0.546875
36  1.900038 -21.254066 8.254672  -0.827848 0.165339 0.536033  0.777344 0.625000
scope.bmp
36  2.140038 -20.384068 8.084672  -0.894267 0.157306 0.418976  0.707031 0.546875
36  1.900038 -21.254066 7.584672  -0.930458 0.131902 -0.341832  0.777344 0.312500
36  1.900038 -21.254066 8.254672  -0.827848 0.165339 0.536033  0.777344 0.625000
scope.bmp
36  1.900038 -21.254066 8.254672  -0.827848 0.165339 0.536033  0.777344 0.625000
36  1.900038 -21.254066 7.584672  -0.930458 0.131902 -0.341832  0.777344 0.312500
36  1.900038 -23.104067 8.254672  -0.776810 -0.587344 0.227141  0.988281 0.625000
scope.bmp
36  1.900038 -21.254066 7.584672  -0.930458 0.131902 -0.341832  0.777344 0.312500
36  1.900038 -23.104067 7.594672  -0.616473 -0.738915 -0.271968  0.988281 0.312500
36  1.900038 -23.104067 8.254672  -0.776810 -0.587344 0.227141  0.988281 0.625000
scope.bmp
36  2.880038 -13.924067 8.524673  0.239595 0.000000 0.970873  0.152344 0.609375
36  2.370038 -13.924067 8.524673  -0.470465 0.001705 0.882417  0.152344 0.812500
36  2.370038 -15.384067 8.524673  -0.295016 -0.149592 0.943710  0.269531 0.812500
scope.bmp
36  2.370038 -15.384067 8.524673  -0.295016 -0.149592 0.943710  0.269531 0.812500
36  2.370038 -13.924067 8.524673  -0.470465 0.001705 0.882417  0.152344 0.812500
36  2.030038 -15.384067 8.224673  -0.910617 -0.092305 0.402812  0.269531 0.609375
scope.bmp
36  2.370038 -13.924067 8.524673  -0.470465 0.001705 0.882417  0.152344 0.812500
36  2.040037 -13.914066 8.224673  -0.964804 0.003550 0.262944  0.152344 0.609375
36  2.030038 -15.384067 8.224673  -0.910617 -0.092305 0.402812  0.269531 0.609375
scope.bmp
36  2.030038 -15.384067 8.224673  -0.910617 -0.092305 0.402812  0.269531 0.609375
36  2.040037 -13.914066 8.224673  -0.964804 0.003550 0.262944  0.152344 0.609375
36  2.040037 -15.384067 7.654673  -0.961232 0.002978 -0.275725  0.269531 0.375000
scope.bmp
36  2.040037 -13.914066 8.224673  -0.964804 0.003550 0.262944  0.152344 0.609375
36  2.040037 -13.914066 7.654674  -0.842721 -0.000003 -0.538350  0.152344 0.375000
36  2.040037 -15.384067 7.654673  -0.961232 0.002978 -0.275725  0.269531 0.375000
scope.bmp
36  2.040037 -15.384067 7.654673  -0.961232 0.002978 -0.275725  0.269531 0.375000
36  2.040037 -13.914066 7.654674  -0.842721 -0.000003 -0.538350  0.152344 0.375000
36  2.380037 -15.384067 7.344673  -0.355405 -0.097789 -0.929583  0.269531 0.203125
scope.bmp
36  2.040037 -13.914066 7.654674  -0.842721 -0.000003 -0.538350  0.152344 0.375000
36  2.380037 -13.924067 7.344673  -0.236213 0.000000 -0.971701  0.152344 0.203125
36  2.380037 -15.384067 7.344673  -0.355405 -0.097789 -0.929583  0.269531 0.203125
scope.bmp
36  2.940038 -23.094067 7.224671  0.218065 -0.331407 -0.917942  0.988281 0.046875
36  2.950038 -21.234066 7.224671  0.338196 0.157305 -0.927835  0.781250 0.046875
36  3.360038 -23.084066 7.584671  0.677087 -0.587077 -0.443727  0.988281 0.312500
scope.bmp
36  3.360038 -23.084066 7.584671  0.677087 -0.587077 -0.443727  0.988281 0.312500
36  2.950038 -21.234066 7.224671  0.338196 0.157305 -0.927835  0.781250 0.046875
36  3.360038 -21.254066 7.584671  0.895183 0.149999 -0.419699  0.777344 0.312500
scope.bmp
36  2.950038 -21.234066 7.224671  0.338196 0.157305 -0.927835  0.781250 0.046875
36  2.830038 -20.384066 7.484672  0.338207 0.157311 -0.927830  0.707031 0.296875
36  3.360038 -21.254066 7.584671  0.895183 0.149999 -0.419699  0.777344 0.312500
scope.bmp
36  3.360038 -21.254066 7.584671  0.895183 0.149999 -0.419699  0.777344 0.312500
36  2.830038 -20.384066 7.484672  0.338207 0.157311 -0.927830  0.707031 0.296875
36  3.120038 -20.384066 7.724672  0.895186 0.150020 -0.419686  0.707031 0.421875
scope.bmp
36  2.830038 -20.384066 7.484672  0.338207 0.157311 -0.927830  0.707031 0.296875
36  2.830038 -16.144066 7.484673  0.397090 -0.108295 -0.911368  0.328125 0.296875
36  3.120038 -20.384066 7.724672  0.895186 0.150020 -0.419686  0.707031 0.421875
scope.bmp
36  3.120038 -20.384066 7.724672  0.895186 0.150020 -0.419686  0.707031 0.421875
36  2.830038 -16.144066 7.484673  0.397090 -0.108295 -0.911368  0.328125 0.296875
36  3.120038 -16.144066 7.724672  0.940114 -0.061111 -0.335336  0.328125 0.421875
scope.bmp
36  2.830038 -16.144066 7.484673  0.397090 -0.108295 -0.911368  0.328125 0.296875
36  3.210037 -15.384067 7.654673  0.888114 -0.090296 -0.450667  0.269531 0.375000
36  3.120038 -16.144066 7.724672  0.940114 -0.061111 -0.335336  0.328125 0.421875
scope.bmp
36  2.880038 -13.924067 8.524673  0.239595 0.000000 0.970873  0.152344 0.812500
36  2.880038 -15.384067 8.524673  0.436463 -0.105104 0.893562  0.269531 0.812500
36  3.220038 -13.914066 8.224673  0.849560 -0.004230 0.527475  0.152344 0.609375
scope.bmp
36  3.220038 -13.914066 8.224673  0.849560 -0.004230 0.527475  0.152344 0.609375
36  2.880038 -15.384067 8.524673  0.436463 -0.105104 0.893562  0.269531 0.812500
36  3.200038 -15.384067 8.224672  0.908384 -0.102390 0.405408  0.269531 0.609375
scope.bmp
36  2.880038 -15.384067 8.524673  0.436463 -0.105104 0.893562  0.269531 0.812500
36  2.830038 -16.144066 8.324673  0.296999 -0.144403 0.943896  0.328125 0.671875
36  3.200038 -15.384067 8.224672  0.908384 -0.102390 0.405408  0.269531 0.609375
scope.bmp
36  3.200038 -15.384067 8.224672  0.908384 -0.102390 0.405408  0.269531 0.609375
36  2.830038 -16.144066 8.324673  0.296999 -0.144403 0.943896  0.328125 0.671875
36  3.120038 -16.144066 8.084673  0.908387 -0.102380 0.405402  0.328125 0.546875
scope.bmp
36  2.830038 -16.144066 8.324673  0.296999 -0.144403 0.943896  0.328125 0.671875
36  2.830038 -20.384068 8.324672  0.389707 0.196407 0.899751  0.707031 0.671875
36  3.120038 -16.144066 8.084673  0.908387 -0.102380 0.405402  0.328125 0.546875
scope.bmp
36  3.120038 -16.144066 8.084673  0.908387 -0.102380 0.405402  0.328125 0.546875
36  2.830038 -20.384068 8.324672  0.389707 0.196407 0.899751  0.707031 0.671875
36  3.120038 -20.384066 8.084672  0.935129 0.125226 0.331439  0.707031 0.546875
scope.bmp
36  2.830038 -20.384068 8.324672  0.389707 0.196407 0.899751  0.707031 0.671875
36  3.360038 -21.254066 8.254672  0.891866 0.210967 0.400085  0.777344 0.625000
36  3.120038 -20.384066 8.084672  0.935129 0.125226 0.331439  0.707031 0.546875
scope.bmp
36  2.140038 -16.144066 8.084673  -0.910617 -0.092306 0.402809  0.328125 0.546875
36  2.140038 -20.384068 8.084672  -0.894267 0.157306 0.418976  0.707031 0.546875
36  2.430038 -16.144066 8.324673  -0.408092 -0.105713 0.906800  0.328125 0.671875
scope.bmp
36  2.140038 -16.144066 8.084673  -0.910617 -0.092306 0.402809  0.328125 0.546875
36  2.140038 -20.384066 7.724672  -0.898705 0.163306 -0.407014  0.707031 0.421875
36  2.140038 -20.384068 8.084672  -0.894267 0.157306 0.418976  0.707031 0.546875
scope.bmp
36  2.140038 -16.144066 8.084673  -0.910617 -0.092306 0.402809  0.328125 0.546875
36  2.140038 -16.144066 7.724673  -0.901879 -0.082495 -0.424039  0.328125 0.421875
36  2.140038 -20.384066 7.724672  -0.898705 0.163306 -0.407014  0.707031 0.421875
scope.bmp
36  2.140038 -16.144066 8.084673  -0.910617 -0.092306 0.402809  0.328125 0.546875
36  2.030038 -15.384067 8.224673  -0.910617 -0.092305 0.402812  0.269531 0.609375
36  2.140038 -16.144066 7.724673  -0.901879 -0.082495 -0.424039  0.328125 0.421875
scope.bmp
36  2.140038 -16.144066 8.084673  -0.910617 -0.092306 0.402809  0.328125 0.546875
36  2.370038 -15.384067 8.524673  -0.295016 -0.149592 0.943710  0.269531 0.812500
36  2.030038 -15.384067 8.224673  -0.910617 -0.092305 0.402812  0.269531 0.609375
scope.bmp
36  2.140038 -16.144066 8.084673  -0.910617 -0.092306 0.402809  0.328125 0.546875
36  2.430038 -16.144066 8.324673  -0.408092 -0.105713 0.906800  0.328125 0.671875
36  2.370038 -15.384067 8.524673  -0.295016 -0.149592 0.943710  0.269531 0.812500
scope.bmp
36  2.970037 -14.534066 7.594673  -0.634954 0.429178 0.642371  0.429688 0.015625
36  2.380037 -13.924067 7.344673  0.230514 0.336981 0.912857  0.339844 0.250000
36  2.290037 -14.534066 7.594673  0.637472 0.382848 0.668623  0.339844 0.015625
scope.bmp
36  2.970037 -14.534066 7.594673  -0.634954 0.429178 0.642371  0.429688 0.015625
36  2.890037 -13.924067 7.344673  -0.362209 0.315021 0.877249  0.386719 0.250000
36  2.380037 -13.924067 7.344673  0.230514 0.336981 0.912857  0.339844 0.250000
scope.bmp
36  2.970037 -14.534066 7.594673  -0.634954 0.429178 0.642371  0.429688 0.015625
36  3.210037 -13.914066 7.654673  -0.868099 0.315095 0.383561  0.425781 0.250000
36  2.890037 -13.924067 7.344673  -0.362209 0.315021 0.877249  0.386719 0.250000
scope.bmp
36  2.970037 -14.534066 7.594673  -0.634954 0.429178 0.642371  0.429688 0.015625
36  3.220038 -13.914066 8.224673  -0.904403 0.337975 -0.260439  0.472656 0.250000
36  3.210037 -13.914066 7.654673  -0.868099 0.315095 0.383561  0.425781 0.250000
scope.bmp
36  2.970037 -14.534066 7.594673  -0.634954 0.429178 0.642371  0.429688 0.015625
36  2.970038 -14.534066 8.284673  -0.481436 0.393097 -0.783386  0.515625 0.015625
36  3.220038 -13.914066 8.224673  -0.904403 0.337975 -0.260439  0.472656 0.250000
scope.bmp
36  3.220038 -13.914066 8.224673  -0.904403 0.337975 -0.260439  0.472656 0.250000
36  2.970038 -14.534066 8.284673  -0.481436 0.393097 -0.783386  0.515625 0.015625
36  2.880038 -13.924067 8.524673  -0.353872 0.299100 -0.886179  0.515625 0.250000
scope.bmp
36  2.880038 -13.924067 8.524673  -0.353872 0.299100 -0.886179  0.515625 0.250000
36  2.970038 -14.534066 8.284673  -0.481436 0.393097 -0.783386  0.515625 0.015625
36  2.370038 -13.924067 8.524673  0.233828 0.326593 -0.915785  0.558594 0.250000
scope.bmp
36  2.970038 -14.534066 8.284673  -0.481436 0.393097 -0.783386  0.515625 0.015625
36  2.290038 -14.534067 8.284673  0.766060 0.396884 -0.505604  0.605469 0.015625
36  2.370038 -13.924067 8.524673  0.233828 0.326593 -0.915785  0.558594 0.250000
scope.bmp
36  2.370038 -13.924067 8.524673  0.233828 0.326593 -0.915785  0.558594 0.250000
36  2.290038 -14.534067 8.284673  0.766060 0.396884 -0.505604  0.605469 0.015625
36  2.040037 -13.914066 8.224673  0.864862 0.307690 -0.396662  0.601563 0.250000
scope.bmp
36  2.290038 -14.534067 8.284673  0.766060 0.396884 -0.505604  0.605469 0.015625
36  2.040037 -13.914066 7.654674  0.903260 0.339285 0.262692  0.652344 0.250000
36  2.040037 -13.914066 8.224673  0.864862 0.307690 -0.396662  0.601563 0.250000
scope.bmp
36  2.830038 -20.384068 8.324672  0.389707 0.196407 0.899751  0.707031 0.671875
36  2.940038 -21.234066 8.624672  0.424801 0.139296 0.894506  0.777344 0.968750
36  3.360038 -21.254066 8.254672  0.891866 0.210967 0.400085  0.777344 0.625000
scope.bmp
36  3.360038 -21.254066 8.254672  0.891866 0.210967 0.400085  0.777344 0.625000
36  2.940038 -21.234066 8.624672  0.424801 0.139296 0.894506  0.777344 0.968750
36  3.360038 -23.084066 8.254671  0.542024 -0.805016 0.241161  0.984375 0.625000
scope.bmp
36  2.940038 -21.234066 8.624672  0.424801 0.139296 0.894506  0.777344 0.968750
36  2.940038 -23.094067 8.624671  0.217156 -0.336979 0.916127  0.984375 0.968750
36  3.360038 -23.084066 8.254671  0.542024 -0.805016 0.241161  0.984375 0.625000
scope.bmp
36  3.360038 -23.084066 8.254671  0.542024 -0.805016 0.241161  0.984375 0.625000
36  2.940038 -23.094067 8.624671  0.217156 -0.336979 0.916127  0.984375 0.968750
36  2.310038 -23.094067 8.614672  -0.380472 -0.576018 0.723495  0.984375 0.968750
scope.bmp
36  2.830038 -20.384068 8.324672  0.389707 0.196407 0.899751  0.707031 0.562500
36  2.320038 -21.234066 8.624672  -0.234131 0.173600 0.956580  0.777344 0.968750
36  2.940038 -21.234066 8.624672  0.424801 0.139296 0.894506  0.777344 0.656250
scope.bmp
36  2.940038 -21.234066 8.624672  0.424801 0.139296 0.894506  0.777344 0.656250
36  2.320038 -21.234066 8.624672  -0.234131 0.173600 0.956580  0.777344 0.968750
36  2.940038 -23.094067 8.624671  0.217156 -0.336979 0.916127  0.984375 0.656250
scope.bmp
36  2.320038 -21.234066 8.624672  -0.234131 0.173600 0.956580  0.777344 0.968750
36  2.310038 -23.094067 8.614672  -0.380472 -0.576018 0.723495  0.984375 0.968750
36  2.940038 -23.094067 8.624671  0.217156 -0.336979 0.916127  0.984375 0.656250
scope.bmp
36  3.210037 -13.914066 7.654673  0.966775 -0.002716 -0.255615  0.152344 0.375000
36  3.210037 -15.384067 7.654673  0.888114 -0.090296 -0.450667  0.269531 0.375000
36  2.890037 -13.924067 7.344673  0.490341 -0.000093 -0.871531  0.152344 0.203125
scope.bmp
36  2.890037 -13.924067 7.344673  0.490341 -0.000093 -0.871531  0.152344 0.203125
36  3.210037 -15.384067 7.654673  0.888114 -0.090296 -0.450667  0.269531 0.375000
36  2.890037 -15.384067 7.344673  0.294941 -0.079802 -0.952177  0.269531 0.203125
scope.bmp
36  3.210037 -15.384067 7.654673  0.888114 -0.090296 -0.450667  0.269531 0.375000
36  2.830038 -16.144066 7.484673  0.397090 -0.108295 -0.911368  0.328125 0.296875
36  2.890037 -15.384067 7.344673  0.294941 -0.079802 -0.952177  0.269531 0.203125
scope.bmp
36  2.970037 -14.534066 7.594673  0.000000 1.000000 -0.000004  0.136719 0.218750
36  2.290037 -14.534066 7.594673  -0.000001 1.000000 0.000000  0.000000 0.218750
36  2.970038 -14.534066 8.284673  -0.000001 1.000000 0.000000  0.136719 0.890625
scope.bmp
36  2.970038 -14.534066 8.284673  -0.000001 1.000000 0.000000  0.136719 0.890625
36  2.290037 -14.534066 7.594673  -0.000001 1.000000 0.000000  0.000000 0.218750
36  2.290038 -14.534067 8.284673  -0.000001 1.000000 0.000005  0.000000 0.890625
scope.bmp
36  2.380037 -13.924067 7.344673  0.230514 0.336981 0.912857  0.687500 0.250000
36  2.040037 -13.914066 7.654674  0.903260 0.339285 0.262692  0.652344 0.250000
36  2.290037 -14.534066 7.594673  0.637472 0.382848 0.668623  0.687500 0.015625
scope.bmp
36  2.290037 -14.534066 7.594673  0.637472 0.382848 0.668623  0.687500 0.015625
36  2.040037 -13.914066 7.654674  0.903260 0.339285 0.262692  0.652344 0.250000
36  2.290038 -14.534067 8.284673  0.766060 0.396884 -0.505604  0.605469 0.015625
scope.bmp
36  1.900038 -21.254066 7.584672  -0.930458 0.131902 -0.341832  0.777344 0.312500
36  2.140038 -20.384068 8.084672  -0.894267 0.157306 0.418976  0.707031 0.546875
36  2.140038 -20.384066 7.724672  -0.898705 0.163306 -0.407014  0.707031 0.421875
scope.bmp
36  2.140038 -16.144066 7.724673  -0.901879 -0.082495 -0.424039  0.328125 0.421875
36  2.030038 -15.384067 8.224673  -0.910617 -0.092305 0.402812  0.269531 0.609375
36  2.040037 -15.384067 7.654673  -0.822105 -0.173188 -0.542356  0.269531 0.375000
scope_knob.bmp
36  2.790038 -19.634068 8.754672  0.234927 -0.972013 0.000000  0.000000 0.984375
36  2.470038 -19.634068 8.754672  -0.467478 -0.884005 0.000000  0.140625 0.984375
36  2.470038 -19.634068 8.244672  -0.220856 -0.916233 -0.334275  0.140625 0.718750
scope_knob.bmp
36  2.470038 -19.634068 8.244672  -0.220856 -0.916233 -0.334275  0.140625 0.718750
36  2.470038 -19.634068 8.754672  -0.467478 -0.884005 0.000000  0.140625 0.984375
36  2.240038 -19.434067 8.244672  -0.570397 -0.367171 -0.734733  0.250000 0.718750
scope_knob.bmp
36  2.470038 -19.634068 8.754672  -0.467478 -0.884005 0.000000  0.140625 0.984375
36  2.240038 -19.434067 8.754672  -0.962350 -0.271812 0.000000  0.250000 0.984375
36  2.240038 -19.434067 8.244672  -0.570397 -0.367171 -0.734733  0.250000 0.718750
scope_knob.bmp
36  2.240038 -19.434067 8.244672  -0.570397 -0.367171 -0.734733  0.250000 0.718750
36  2.240038 -19.434067 8.754672  -0.962350 -0.271812 0.000000  0.250000 0.984375
36  2.240038 -19.124067 8.244672  -0.652768 0.184519 -0.734743  0.359375 0.718750
scope_knob.bmp
36  2.240038 -19.434067 8.754672  -0.962350 -0.271812 0.000000  0.250000 0.984375
36  2.240038 -19.124067 8.754672  -0.840863 0.541249 0.000000  0.359375 0.984375
36  2.240038 -19.124067 8.244672  -0.652768 0.184519 -0.734743  0.359375 0.718750
scope_knob.bmp
36  2.240038 -19.124067 8.244672  -0.652768 0.184519 -0.734743  0.359375 0.718750
36  2.240038 -19.124067 8.754672  -0.840863 0.541249 0.000000  0.359375 0.984375
36  2.470038 -18.924067 8.244672  -0.382254 0.721425 -0.577432  0.484375 0.718750
scope_knob.bmp
36  2.240038 -19.124067 8.754672  -0.840863 0.541249 0.000000  0.359375 0.984375
36  2.470038 -18.924067 8.754672  -0.234922 0.972014 0.000000  0.484375 0.984375
36  2.470038 -18.924067 8.244672  -0.382254 0.721425 -0.577432  0.484375 0.718750
scope_knob.bmp
36  2.470038 -18.924067 8.244672  -0.382254 0.721425 -0.577432  0.484375 0.718750
36  2.470038 -18.924067 8.754672  -0.234922 0.972014 0.000000  0.484375 0.984375
36  2.790038 -18.924067 8.244672  0.220941 0.916209 -0.334284  0.625000 0.718750
scope_knob.bmp
36  2.470038 -18.924067 8.754672  -0.234922 0.972014 0.000000  0.484375 0.984375
36  2.790038 -18.924067 8.754672  0.467901 0.883781 0.000022  0.625000 0.984375
36  2.790038 -18.924067 8.244672  0.220941 0.916209 -0.334284  0.625000 0.718750
scope_knob.bmp
36  2.790038 -18.924067 8.244672  0.220941 0.916209 -0.334284  0.625000 0.718750
36  2.790038 -18.924067 8.754672  0.467901 0.883781 0.000022  0.625000 0.984375
36  3.010038 -19.124067 8.244672  0.570455 0.367032 -0.734757  0.750000 0.718750
scope_knob.bmp
36  2.790038 -18.924067 8.754672  0.467901 0.883781 0.000022  0.625000 0.984375
36  3.010038 -19.134068 8.754672  0.962368 0.271750 -0.000047  0.750000 0.984375
36  3.010038 -19.124067 8.244672  0.570455 0.367032 -0.734757  0.750000 0.718750
scope_knob.bmp
36  3.010038 -19.124067 8.244672  0.570455 0.367032 -0.734757  0.750000 0.718750
36  3.010038 -19.134068 8.754672  0.962368 0.271750 -0.000047  0.750000 0.984375
36  3.010038 -19.434067 8.244672  0.652781 -0.184560 -0.734721  0.859375 0.718750
scope_knob.bmp
36  3.010038 -19.134068 8.754672  0.962368 0.271750 -0.000047  0.750000 0.984375
36  3.010038 -19.434067 8.754672  0.840789 -0.541363 0.000000  0.859375 0.984375
36  3.010038 -19.434067 8.244672  0.652781 -0.184560 -0.734721  0.859375 0.718750
scope_knob.bmp
36  3.010038 -19.434067 8.244672  0.652781 -0.184560 -0.734721  0.859375 0.718750
36  3.010038 -19.434067 8.754672  0.840789 -0.541363 0.000000  0.859375 0.984375
36  2.790038 -19.634068 8.244672  0.382271 -0.721422 -0.577424  0.968750 0.718750
scope_knob.bmp
36  3.010038 -19.434067 8.754672  0.840789 -0.541363 0.000000  0.859375 0.984375
36  2.790038 -19.634068 8.754672  0.234927 -0.972013 0.000000  0.968750 0.984375
36  2.790038 -19.634068 8.244672  0.382271 -0.721422 -0.577424  0.968750 0.718750
scope_knob.bmp
36  2.790038 -18.924067 8.244672  0.220941 0.916209 -0.334284  0.625000 0.718750
36  3.010038 -19.124067 8.244672  0.570455 0.367032 -0.734757  0.750000 0.718750
36  2.470038 -18.924067 8.244672  -0.382254 0.721425 -0.577432  0.484375 0.718750
scope_knob.bmp
36  2.470038 -18.924067 8.244672  -0.382254 0.721425 -0.577432  0.484375 0.718750
36  3.010038 -19.124067 8.244672  0.570455 0.367032 -0.734757  0.750000 0.718750
36  2.240038 -19.124067 8.244672  -0.652768 0.184519 -0.734743  0.359375 0.718750
scope_knob.bmp
36  3.010038 -19.124067 8.244672  0.570455 0.367032 -0.734757  0.750000 0.718750
36  3.010038 -19.434067 8.244672  0.652781 -0.184560 -0.734721  0.250000 0.718750
36  2.240038 -19.124067 8.244672  -0.652768 0.184519 -0.734743  0.359375 0.718750
scope_knob.bmp
36  2.240038 -19.124067 8.244672  -0.652768 0.184519 -0.734743  0.359375 0.718750
36  3.010038 -19.434067 8.244672  0.652781 -0.184560 -0.734721  0.250000 0.718750
36  2.240038 -19.434067 8.244672  -0.570397 -0.367171 -0.734733  0.250000 0.718750
scope_knob.bmp
36  3.010038 -19.434067 8.244672  0.652781 -0.184560 -0.734721  0.250000 0.718750
36  2.790038 -19.634068 8.244672  0.382271 -0.721422 -0.577424  0.000000 0.718750
36  2.240038 -19.434067 8.244672  -0.570397 -0.367171 -0.734733  0.250000 0.718750
scope_knob.bmp
36  2.240038 -19.434067 8.244672  -0.570397 -0.367171 -0.734733  0.250000 0.718750
36  2.790038 -19.634068 8.244672  0.382271 -0.721422 -0.577424  0.000000 0.718750
36  2.470038 -19.634068 8.244672  -0.220856 -0.916233 -0.334275  0.140625 0.718750
scope_knob.bmp
36  2.790038 -19.634068 8.244672  0.382271 -0.721422 -0.577424  0.000000 0.718750
36  2.790038 -19.634068 8.754672  0.234927 -0.972013 0.000000  0.000000 0.984375
36  2.470038 -19.634068 8.244672  -0.220856 -0.916233 -0.334275  0.140625 0.718750
scope_knob.bmp
36  2.470038 -18.924067 8.754672  0.000000 0.000000 1.000000  0.281250 0.015625
36  2.240038 -19.124067 8.754672  -0.000000 0.000000 1.000000  0.000000 0.218750
36  2.790038 -18.924067 8.754672  -0.000000 0.000000 1.000000  0.687500 0.015625
scope_knob.bmp
36  2.790038 -18.924067 8.754672  -0.000000 0.000000 1.000000  0.687500 0.015625
36  2.240038 -19.124067 8.754672  -0.000000 0.000000 1.000000  0.000000 0.218750
36  3.010038 -19.134068 8.754672  -0.000000 0.000000 1.000000  0.968750 0.218750
scope_knob.bmp
36  2.240038 -19.124067 8.754672  -0.000000 0.000000 1.000000  0.000000 0.218750
36  2.240038 -19.434067 8.754672  0.000000 0.000000 1.000000  0.000000 0.531250
36  3.010038 -19.134068 8.754672  -0.000000 0.000000 1.000000  0.968750 0.218750
scope_knob.bmp
36  3.010038 -19.134068 8.754672  -0.000000 0.000000 1.000000  0.968750 0.218750
36  2.240038 -19.434067 8.754672  0.000000 0.000000 1.000000  0.000000 0.531250
36  3.010038 -19.434067 8.754672  0.000000 0.000000 1.000000  0.968750 0.531250
scope_knob.bmp
36  2.240038 -19.434067 8.754672  0.000000 0.000000 1.000000  0.000000 0.531250
36  2.470038 -19.634068 8.754672  0.000000 0.000000 1.000000  0.234375 0.703125
36  3.010038 -19.434067 8.754672  0.000000 0.000000 1.000000  0.968750 0.531250
scope_knob.bmp
36  3.010038 -19.434067 8.754672  0.000000 0.000000 1.000000  0.968750 0.531250
36  2.470038 -19.634068 8.754672  0.000000 0.000000 1.000000  0.234375 0.703125
36  2.790038 -19.634068 8.754672  0.000000 0.000000 1.000000  0.734375 0.703125
barrel.bmp
36  2.870039 -36.544067 5.894669  0.751616 0.466105 0.466712  0.992188 0.625000
36  2.552513 -36.713329 6.055221  -0.163388 0.206007 0.964814  0.992188 0.937500
36  2.946723 -36.713329 5.956668  0.604187 -0.011992 0.796753  0.992188 0.625000
barrel.bmp
36  2.610038 -36.544067 5.474669  -0.274434 0.344041 -0.897954  0.992188 0.062500
36  3.003037 -36.713329 5.576538  0.685410 0.340406 -0.643690  0.992188 0.312500
36  2.580670 -36.713329 5.365354  -0.232369 0.286014 -0.929624  0.992188 0.062500
barrel.bmp
36  2.910038 -36.544067 5.624669  0.818517 0.115774 -0.562695  0.992188 0.312500
36  2.946723 -36.713329 5.956668  0.604187 -0.011992 0.796753  0.992188 0.812500
36  3.003037 -36.713329 5.576538  0.685410 0.340406 -0.643690  0.992188 0.312500
barrel.bmp
36  2.327249 -37.195438 5.759565  -0.756793 -0.648041 0.085482  0.992188 0.562500
36  2.580670 -37.195438 5.365355  -0.239372 -0.599766 -0.763533  0.992188 0.062500
36  3.003037 -37.195438 5.576539  0.482392 -0.765908 -0.425068  0.992188 0.312500
barrel.bmp
36  2.580670 -36.713329 5.365354  -0.232369 0.286014 -0.929624  0.992188 0.062500
36  3.003037 -37.195438 5.576539  0.482392 -0.765908 -0.425068  0.992188 0.312500
36  2.580670 -37.195438 5.365355  -0.239372 -0.599766 -0.763533  0.992188 0.062500
barrel.bmp
36  2.552513 -36.713329 6.055221  -0.163388 0.206007 0.964814  0.992188 0.937500
36  2.327249 -37.195438 5.759565  -0.756793 -0.648041 0.085482  0.992188 0.562500
36  2.552513 -37.195438 6.055223  -0.333153 -0.451730 0.827616  0.992188 0.937500
barrel.bmp
36  2.946723 -36.713329 5.956668  0.604187 -0.011992 0.796753  0.992188 0.625000
36  2.552513 -37.195438 6.055223  -0.333153 -0.451730 0.827616  0.992188 0.937500
36  2.946723 -37.195438 5.956670  0.547709 -0.791760 0.270427  0.992188 0.625000
barrel.bmp
36  2.327249 -36.713329 5.759564  -0.974233 0.222279 -0.038237  0.992188 0.562500
36  2.580670 -37.195438 5.365355  -0.239372 -0.599766 -0.763533  0.992188 0.062500
36  2.327249 -37.195438 5.759565  -0.756793 -0.648041 0.085482  0.992188 0.562500
lowerbody.bmp
40  3.386320 -22.085331 1.481646  0.962980 -0.034474 -0.267358  0.616191 0.007813
40  3.137213 -19.830908 0.855648  0.804833 -0.074482 -0.588809  0.570313 0.335938
40  3.386320 -19.682850 1.205734  0.957149 -0.036403 -0.287299  0.598228 0.335938
lowerbody.bmp
40  2.390037 -21.779079 3.652051  -0.854595 0.027774 0.518553  0.791601 0.007813
40  2.073752 -19.508173 3.323287  -0.907340 0.022651 0.419786  0.767077 0.335938
40  2.073752 -21.894279 3.453496  -0.905036 0.022547 0.424737  0.775554 0.007813
lowerbody.bmp
40  2.390037 -21.779079 3.652051  0.000000 -0.936806 0.349848  0.791601 0.007813
40  3.386321 -21.894279 3.453496  0.000000 -0.976342 0.216230  0.775554 0.007813
40  3.070036 -21.779079 3.652051  0.000000 -0.936807 0.349847  0.791601 0.007813
lowerbody.bmp
40  2.390037 -19.634148 3.536514  0.000000 0.955013 0.296564  0.781677 0.338947
40  3.386321 -19.508173 3.323287  0.000429 0.995167 0.098201  0.764866 0.484375
40  2.073752 -19.508173 3.323287  0.000685 0.995216 0.097700  0.764866 0.339329
lowerbody.bmp
40  3.386321 -21.894279 3.453496  0.904771 0.022546 0.425301  0.775554 0.007813
40  3.386320 -19.682850 1.205734  0.957149 -0.036403 -0.287299  0.598228 0.335938
40  3.386321 -19.508173 3.323287  0.906894 0.022647 0.420750  0.767077 0.335938
lowerbody.bmp
40  2.073752 -21.894279 3.453496  -0.905036 0.022547 0.424737  0.775554 0.007813
40  2.073752 -19.682850 1.205734  -0.956833 -0.036846 -0.288293  0.598228 0.335938
40  2.073752 -22.085331 1.481646  -0.962783 -0.034398 -0.268076  0.616191 0.007813
lowerbody.bmp
40  2.073752 -21.894279 3.453496  0.000000 -0.976339 0.216245  0.775554 0.007813
40  3.386320 -22.085331 1.481646  0.000000 -0.997836 -0.065756  0.616191 0.007813
40  3.386321 -21.894279 3.453496  0.000000 -0.976342 0.216230  0.775554 0.007813
lowerbody.bmp
40  2.073752 -19.508173 3.323287  0.000685 0.995216 0.097700  0.764866 0.339329
40  3.386320 -19.682850 1.205734  0.000916 0.979139 -0.203188  0.597914 0.484375
40  2.073752 -19.682850 1.205734  0.000000 0.979271 -0.202554  0.597914 0.343123
lowerbody.bmp
40  3.070037 -21.644287 5.215649  1.000000 0.000066 0.000329  0.917969 0.007813
40  3.070036 -21.779079 3.652051  0.854336 0.027936 0.518969  0.791601 0.007813
40  3.070036 -19.634148 3.536514  0.853182 0.028270 0.520846  0.784079 0.335938
lowerbody.bmp
40  2.390037 -21.644287 5.215649  -1.000000 -0.000066 -0.000329  0.917969 0.007813
40  2.390037 -19.510908 5.215649  -1.000000 -0.000066 -0.000329  0.917969 0.335938
40  2.390037 -19.634148 3.536514  -0.853648 0.028193 0.520086  0.784079 0.335938
lowerbody.bmp
40  2.073752 -19.682850 1.205734  0.000000 0.979271 -0.202554  0.597914 0.343123
40  3.386320 -19.682850 1.205734  0.000916 0.979139 -0.203188  0.597914 0.484375
40  3.137213 -19.830908 0.855648  0.000499 0.921317 -0.388812  0.570313 0.484375
lowerbody.bmp
40  2.390037 -19.510908 5.215649  0.000000 0.997384 -0.072290  0.914063 0.335938
40  3.070037 -19.510908 5.215649  -0.000000 0.997384 -0.072291  0.914063 0.484375
40  3.070036 -19.634148 3.536514  0.000478 0.955125 0.296203  0.781677 0.484375
lowerbody.bmp
40  2.073752 -22.085331 1.481646  0.000000 -0.997836 -0.065752  0.616191 0.007813
40  2.322859 -21.970907 1.155648  0.000000 -0.943565 -0.331188  0.589844 0.007813
40  3.137213 -21.970907 1.155648  0.000000 -0.943564 -0.331191  0.589844 0.007813
lowerbody.bmp
40  3.070036 -21.779079 3.652051  0.854336 0.027936 0.518969  0.791601 0.007813
40  3.386321 -21.894279 3.453496  0.904771 0.022546 0.425301  0.775554 0.007813
40  3.386321 -19.508173 3.323287  0.906894 0.022647 0.420750  0.767077 0.335938
lowerbody.bmp
40  2.073752 -22.085331 1.481646  -0.962783 -0.034398 -0.268076  0.616191 0.007813
40  2.073752 -19.682850 1.205734  -0.956833 -0.036846 -0.288293  0.598228 0.335938
40  2.322859 -19.830908 0.855648  -0.804221 -0.074839 -0.589599  0.570313 0.335938
lowerbody.bmp
40  2.390037 -21.644287 5.215649  0.000000 -0.996305 0.085887  0.917969 0.007813
40  2.390037 -21.779079 3.652051  0.000000 -0.936806 0.349848  0.791601 0.007813
40  3.070036 -21.779079 3.652051  0.000000 -0.936807 0.349847  0.791601 0.007813
barrel.bmp
36  2.430038 -36.544067 5.754669  -0.970320 0.237772 0.044080  0.992188 0.562500
36  2.610038 -36.544067 5.474669  -0.274434 0.344041 -0.897954  0.992188 0.062500
36  2.580670 -36.713329 5.365354  -0.232369 0.286014 -0.929624  0.992188 0.062500
barrel.bmp
36  2.590039 -36.544067 5.964669  -0.251187 0.410000 0.876815  0.992188 0.937500
36  2.430038 -36.544067 5.754669  -0.970320 0.237772 0.044080  0.992188 0.562500
36  2.327249 -36.713329 5.759564  -0.974233 0.222279 -0.038237  0.992188 0.562500
barrel.bmp
36  3.003037 -36.713329 5.576538  0.685410 0.340406 -0.643690  0.992188 0.312500
36  2.946723 -36.713329 5.956668  0.604187 -0.011992 0.796753  0.992188 0.812500
36  2.946723 -37.195438 5.956670  0.547709 -0.791760 0.270427  0.992188 0.812500
barrel.bmp
36  2.870039 -36.544067 5.894669  0.751616 0.466105 0.466712  0.992188 0.625000
36  2.590039 -36.544067 5.964669  -0.251187 0.410000 0.876815  0.992188 0.937500
36  2.552513 -36.713329 6.055221  -0.163388 0.206007 0.964814  0.992188 0.937500
barrel.bmp
36  2.610038 -36.544067 5.474669  -0.274434 0.344041 -0.897954  0.992188 0.062500
36  2.910038 -36.544067 5.624669  0.818517 0.115774 -0.562695  0.992188 0.312500
36  3.003037 -36.713329 5.576538  0.685410 0.340406 -0.643690  0.992188 0.312500
barrel.bmp
36  2.910038 -36.544067 5.624669  0.818517 0.115774 -0.562695  0.992188 0.312500
36  2.870039 -36.544067 5.894669  0.751616 0.466105 0.466712  0.992188 0.812500
36  2.946723 -36.713329 5.956668  0.604187 -0.011992 0.796753  0.992188 0.812500
barrel.bmp
36  3.003037 -37.195438 5.576539  0.482392 -0.765908 -0.425068  0.992188 0.312500
36  2.946723 -37.195438 5.956670  0.547709 -0.791760 0.270427  0.992188 0.812500
36  2.327249 -37.195438 5.759565  -0.756793 -0.648041 0.085482  0.992188 0.562500
barrel.bmp
36  2.946723 -37.195438 5.956670  0.547709 -0.791760 0.270427  0.992188 0.812500
36  2.552513 -37.195438 6.055223  -0.333153 -0.451730 0.827616  0.992188 0.937500
36  2.327249 -37.195438 5.759565  -0.756793 -0.648041 0.085482  0.992188 0.562500
barrel.bmp
36  2.580670 -36.713329 5.365354  -0.232369 0.286014 -0.929624  0.992188 0.062500
36  3.003037 -36.713329 5.576538  0.685410 0.340406 -0.643690  0.992188 0.312500
36  3.003037 -37.195438 5.576539  0.482392 -0.765908 -0.425068  0.992188 0.312500
barrel.bmp
36  2.552513 -36.713329 6.055221  -0.163388 0.206007 0.964814  0.992188 0.937500
36  2.327249 -36.713329 5.759564  -0.974233 0.222279 -0.038237  0.992188 0.562500
36  2.327249 -37.195438 5.759565  -0.756793 -0.648041 0.085482  0.992188 0.562500
barrel.bmp
36  2.946723 -36.713329 5.956668  0.604187 -0.011992 0.796753  0.992188 0.625000
36  2.552513 -36.713329 6.055221  -0.163388 0.206007 0.964814  0.992188 0.937500
36  2.552513 -37.195438 6.055223  -0.333153 -0.451730 0.827616  0.992188 0.937500
barrel.bmp
36  2.327249 -36.713329 5.759564  -0.974233 0.222279 -0.038237  0.992188 0.562500
36  2.580670 -36.713329 5.365354  -0.232369 0.286014 -0.929624  0.992188 0.062500
36  2.580670 -37.195438 5.365355  -0.239372 -0.599766 -0.763533  0.992188 0.062500
lowerbody.bmp
40  3.386320 -22.085331 1.481646  0.962980 -0.034474 -0.267358  0.616191 0.007813
40  3.137213 -21.970907 1.155648  0.804873 -0.074778 -0.588717  0.589844 0.007813
40  3.137213 -19.830908 0.855648  0.804833 -0.074482 -0.588809  0.570313 0.335938
lowerbody.bmp
40  2.390037 -21.779079 3.652051  -0.854595 0.027774 0.518553  0.791601 0.007813
40  2.390037 -19.634148 3.536514  -0.853648 0.028193 0.520086  0.784079 0.335938
40  2.073752 -19.508173 3.323287  -0.907340 0.022651 0.419786  0.767077 0.335938
lowerbody.bmp
40  2.390037 -21.779079 3.652051  0.000000 -0.936806 0.349848  0.791601 0.007813
40  2.073752 -21.894279 3.453496  0.000000 -0.976339 0.216245  0.775554 0.007813
40  3.386321 -21.894279 3.453496  0.000000 -0.976342 0.216230  0.775554 0.007813
lowerbody.bmp
40  2.390037 -19.634148 3.536514  0.000000 0.955013 0.296564  0.781677 0.338947
40  3.070036 -19.634148 3.536514  0.000478 0.955125 0.296203  0.781677 0.484375
40  3.386321 -19.508173 3.323287  0.000429 0.995167 0.098201  0.764866 0.484375
lowerbody.bmp
40  3.386321 -21.894279 3.453496  0.904771 0.022546 0.425301  0.775554 0.007813
40  3.386320 -22.085331 1.481646  0.962980 -0.034474 -0.267358  0.616191 0.007813
40  3.386320 -19.682850 1.205734  0.957149 -0.036403 -0.287299  0.598228 0.335938
lowerbody.bmp
40  2.073752 -21.894279 3.453496  -0.905036 0.022547 0.424737  0.775554 0.007813
40  2.073752 -19.508173 3.323287  -0.907340 0.022651 0.419786  0.767077 0.335938
40  2.073752 -19.682850 1.205734  -0.956833 -0.036846 -0.288293  0.598228 0.335938
lowerbody.bmp
40  2.073752 -21.894279 3.453496  0.000000 -0.976339 0.216245  0.775554 0.007813
40  2.073752 -22.085331 1.481646  0.000000 -0.997836 -0.065752  0.616191 0.007813
40  3.386320 -22.085331 1.481646  0.000000 -0.997836 -0.065756  0.616191 0.007813
lowerbody.bmp
40  2.073752 -19.508173 3.323287  0.000685 0.995216 0.097700  0.764866 0.339329
40  3.386321 -19.508173 3.323287  0.000429 0.995167 0.098201  0.764866 0.484375
40  3.386320 -19.682850 1.205734  0.000916 0.979139 -0.203188  0.597914 0.484375
end
