version 1
nodes
0 "Bone04" -1
1 "Bone_Righthand" 0
2 "Bone26" 1
3 "Bone27" 2
4 "Bone28" 3
5 "Bone29" 4
6 "Bone31" 2
7 "Bone32" 6
8 "Bone33" 7
9 "Bone35" 2
10 "Bone36" 9
11 "Bone37" 10
12 "Bone39" 2
13 "Bone40" 12
14 "Bone41" 13
15 "Bone43" 2
16 "Bone44" 15
17 "Bone45" 16
18 "Bone01" -1
19 "Bone_Lefthand" 18
20 "Bone 04" 19
21 "Bone09" 20
22 "Bone10" 21
23 "Bone11" 22
24 "Bone13" 20
25 "Bone14" 24
26 "Bone15" 25
27 "Bone17" 20
28 "Bone18" 27
29 "Bone19" 28
30 "Bone21" 20
31 "Bone22" 30
32 "Bone23" 31
33 "Bone05" 20
34 "Bone06" 33
35 "Bone07" 34
36 "Bone02" 19
37 "Bone03" 36
38 "Bone25" 37
39 "Bone54" 37
40 "Bone52" 37
41 "Bone50" 37
42 "Bone56" 37
43 "Bone48" 37
end
skeleton
time 0
0  -3.820917 -18.377752 -0.681956  -0.554982 0.255022 0.648763
1  0.089904 -8.543163 -0.000028  0.512985 0.031483 0.240370
2  -0.000004 -0.359714 0.000001  -0.000005 0.000000 -0.000004
3  -0.308253 -0.007812 0.307166  -0.145116 -0.159879 -2.467088
4  1.978378 0.019541 -0.000007  -0.087920 -0.056957 -0.023681
5  0.982426 0.003194 0.000000  -0.000001 -0.000004 0.418886
6  -0.827582 -2.508967 -0.277665  -1.396257 -0.000003 -0.000008
7  0.000006 -1.292971 0.000006  -0.445063 -0.000000 0.000004
8  0.000000 -0.752466 -0.000001  -0.445057 -0.000001 0.000001
9  -0.170498 -2.636145 -0.277664  -1.692970 0.000007 -0.000008
10  0.010589 -1.261177 -0.000003  -0.253073 -0.000001 -0.000001
11  -0.000007 -0.943232 -0.000003  -0.532322 0.000001 0.000001
12  0.444194 -2.561961 -0.277663  -1.727301 -0.046225 -0.024606
13  0.021021 -1.208186 0.000004  -0.427609 0.000002 -0.000006
14  0.010600 -0.741867 -0.000003  -0.453785 -0.000006 0.000007
15  1.047430 -2.222828 -0.277662  -1.508116 -0.078972 -0.038615
16  0.000001 -0.996222 -0.000000  -0.863939 -0.000002 0.000002
17  -0.000000 -0.614690 0.000002  -0.523604 0.000004 -0.000004
18  4.608666 -4.829769 1.302325  -0.774287 -1.331381 0.567332
19  0.000001 -8.563282 0.000004  0.347515 -0.125219 -0.169573
20  -0.003478 -0.404828 0.000003  -0.000005 0.000000 0.000004
21  -1.123360 -2.195093 -0.278955  -0.933753 -0.000000 -0.087266
22  0.010772 -0.963791 -0.000001  -0.610855 0.000000 0.000001
23  -0.010412 -0.631916 0.000004  -1.213013 -0.000000 0.000000
24  -0.519309 -2.501155 -0.278955  -1.003567 -0.000000 -0.122173
25  -0.010598 -1.208186 -0.000001  -1.090818 0.000001 -0.000002
26  0.000000 -0.763067 0.000008  -1.343916 -0.000001 -0.000002
27  0.105981 -2.607133 -0.278955  -0.890118 0.000000 -0.148352
28  -0.000002 -1.250577 0.000000  -1.213008 -0.000001 -0.000002
29  0.000001 -0.932633 -0.000004  -1.483528 0.000001 -0.000004
30  0.763064 -2.490556 -0.278955  -0.235622 0.000000 0.130900
31  -0.012322 -1.280917 -0.000003  -0.349065 -0.000000 -0.000001
32  -0.001696 -0.749371 -0.000001  -0.593402 -0.000001 -0.000001
33  0.354567 0.016268 0.318133  0.342075 -0.443529 -1.083972
34  1.887164 0.012871 -0.000000  -0.305433 0.000002 -0.401423
35  1.001874 -0.000278 0.000000  -0.000000 0.000001 -0.488702
36  -0.627907 -3.172448 0.559162  -1.247051 1.437603 -1.233853
37  0.000001 1.888486 0.974221  -0.000000 -0.000000 -0.000000
38  -0.013948 -2.720513 1.100493  -0.000000 -0.000000 0.000000
39  -0.013948 -4.784636 0.650333  -0.000000 -0.000000 0.000000
40  -0.003015 -2.962054 2.571739  0.000000 -0.000000 0.340341
41  -0.013948 -3.609847 2.626636  0.000003 -0.000000 0.000000
42  -0.619877 -4.365262 2.341884  -0.000000 0.251327 0.000000
43  -0.013948 -16.982779 2.538797  -0.000000 -0.000000 0.000000
end
triangles
handle.bmp
36  2.618940 -16.069433 6.958224  -0.262874 -0.375294 -0.888849  0.097656 0.601563
36  2.618940 -16.219433 7.108224  -0.261730 -0.837022 -0.480513  0.125000 0.695313
36  2.428940 -16.049433 7.008224  -0.262873 -0.375297 -0.888848  0.082031 0.648438
handle.bmp
36  2.428940 -16.049433 7.008224  -0.262873 -0.375297 -0.888848  0.082031 0.648438
36  2.618940 -16.219433 7.108224  -0.261730 -0.837022 -0.480513  0.125000 0.695313
36  2.428940 -16.169432 7.128224  -0.261498 -0.934472 -0.241621  0.101563 0.718750
handle.bmp
36  2.618940 -16.219433 7.108224  -0.261730 -0.837022 -0.480513  0.125000 0.695313
36  2.618940 -16.219433 7.298224  -0.261835 -0.931556 0.252280  0.125000 0.812500
36  2.428940 -16.169432 7.128224  -0.261498 -0.934472 -0.241621  0.101563 0.718750
handle.bmp
36  2.428940 -16.169432 7.128224  -0.261498 -0.934472 -0.241621  0.101563 0.718750
36  2.618940 -16.219433 7.298224  -0.261835 -0.931556 0.252280  0.125000 0.812500
36  2.428940 -16.169432 7.278224  -0.260429 -0.823258 0.504403  0.101563 0.789063
handle.bmp
36  2.618940 -16.219433 7.298224  -0.261835 -0.931556 0.252280  0.125000 0.812500
36  2.618940 -16.059433 7.448225  -0.255472 -0.471681 0.843950  0.089844 0.906250
36  2.428940 -16.169432 7.278224  -0.260429 -0.823258 0.504403  0.101563 0.789063
handle.bmp
36  2.428940 -16.169432 7.278224  -0.260429 -0.823258 0.504403  0.101563 0.789063
36  2.618940 -16.059433 7.448225  -0.255472 -0.471681 0.843950  0.089844 0.906250
36  2.428940 -16.039433 7.398224  -0.255417 -0.235756 0.937647  0.082031 0.843750
handle.bmp
36  2.618940 -16.059433 7.448225  -0.255472 -0.471681 0.843950  0.089844 0.906250
36  2.618940 -15.859432 7.448225  -0.254819 0.243590 0.935805  0.042969 0.906250
36  2.428940 -16.039433 7.398224  -0.255417 -0.235756 0.937647  0.082031 0.843750
handle.bmp
36  2.428940 -16.039433 7.398224  -0.255417 -0.235756 0.937647  0.082031 0.843750
36  2.618940 -15.859432 7.448225  -0.254819 0.243590 0.935805  0.042969 0.906250
36  2.428940 -15.879433 7.398224  -0.257505 0.488119 0.833925  0.050781 0.843750
handle.bmp
36  2.618940 -15.859432 7.448225  -0.254819 0.243590 0.935805  0.042969 0.906250
36  2.618940 -15.719432 7.298224  -0.263734 0.890746 0.370157  0.003906 0.820313
36  2.428940 -15.879433 7.398224  -0.257505 0.488119 0.833925  0.050781 0.843750
handle.bmp
36  2.428940 -15.879433 7.398224  -0.257505 0.488119 0.833925  0.050781 0.843750
36  2.618940 -15.719432 7.298224  -0.263734 0.890746 0.370157  0.003906 0.820313
36  2.428940 -15.759433 7.278224  -0.263710 0.890753 0.370158  0.031250 0.789063
handle.bmp
36  2.618940 -15.719432 7.298224  -0.263734 0.890746 0.370157  0.003906 0.820313
36  2.428940 -15.759433 7.128224  -0.263324 0.935039 -0.237408  0.031250 0.718750
36  2.428940 -15.759433 7.278224  -0.263710 0.890753 0.370158  0.031250 0.789063
handle.bmp
36  3.048940 -16.949432 7.238224  1.000000 0.000000 0.000000  0.437500 0.617188
36  3.048940 -20.249432 7.348224  1.000000 0.000000 0.000000  0.902344 0.656250
36  3.048940 -20.159431 7.238224  1.000000 0.000000 0.000000  0.894531 0.617188
handle.bmp
36  3.048940 -20.159431 7.238224  1.000000 0.000000 0.000000  0.894531 0.617188
36  3.048940 -20.249432 7.348224  1.000000 0.000000 0.000000  0.902344 0.656250
36  3.048940 -20.379433 7.008224  1.000000 -0.000002 0.000000  0.925781 0.523438
handle.bmp
36  3.048940 -20.249432 7.348224  1.000000 0.000000 0.000000  0.902344 0.656250
36  3.048940 -20.509432 7.078224  1.000000 -0.000001 0.000000  0.941406 0.554688
36  3.048940 -20.379433 7.008224  1.000000 -0.000002 0.000000  0.925781 0.523438
handle.bmp
36  3.048940 -20.379433 7.008224  1.000000 -0.000002 0.000000  0.925781 0.523438
36  3.048940 -20.509432 7.078224  1.000000 -0.000001 0.000000  0.941406 0.554688
36  3.048940 -20.379433 6.658223  1.000000 0.000001 0.000000  0.925781 0.359375
handle.bmp
36  3.048940 -20.509432 7.078224  1.000000 -0.000001 0.000000  0.941406 0.554688
36  3.048940 -20.499432 6.288223  1.000000 0.000000 0.000000  0.941406 0.250000
36  3.048940 -20.379433 6.658223  1.000000 0.000001 0.000000  0.925781 0.359375
handle.bmp
36  3.048940 -20.379433 6.658223  1.000000 0.000001 0.000000  0.925781 0.359375
36  3.048940 -20.499432 6.288223  1.000000 0.000000 0.000000  0.941406 0.250000
36  3.048940 -20.099432 6.518223  1.000000 -0.000000 0.000000  0.886719 0.304688
handle.bmp
36  3.048940 -20.499432 6.288223  1.000000 0.000000 0.000000  0.941406 0.250000
36  3.048940 -16.839432 6.518224  1.000000 -0.000000 0.000000  0.421875 0.304688
36  3.048940 -20.099432 6.518223  1.000000 -0.000000 0.000000  0.886719 0.304688
handle.bmp
36  2.558940 -16.839432 6.518224  -1.000000 0.000000 0.000000  0.421875 0.304688
36  2.558940 -20.499432 6.288223  -1.000000 0.000000 0.000000  0.941406 0.250000
36  2.558940 -20.099432 6.518223  -1.000000 0.000000 0.000000  0.886719 0.304688
handle.bmp
36  2.558940 -20.099432 6.518223  -1.000000 0.000000 0.000000  0.886719 0.304688
36  2.558940 -20.499432 6.288223  -1.000000 0.000000 0.000000  0.941406 0.250000
36  2.558940 -20.379433 6.658224  -1.000000 0.000000 0.000000  0.925781 0.359375
handle.bmp
36  2.558940 -20.499432 6.288223  -1.000000 0.000000 0.000000  0.941406 0.250000
36  2.558940 -20.509432 7.078224  -1.000000 0.000000 0.000000  0.941406 0.554688
36  2.558940 -20.379433 6.658224  -1.000000 0.000000 0.000000  0.925781 0.359375
handle.bmp
36  2.558940 -20.379433 6.658224  -1.000000 0.000000 0.000000  0.925781 0.359375
36  2.558940 -20.509432 7.078224  -1.000000 0.000000 0.000000  0.941406 0.554688
36  2.558940 -20.379433 7.008224  -1.000000 0.000001 0.000000  0.925781 0.523438
handle.bmp
36  2.558940 -20.509432 7.078224  -1.000000 0.000000 0.000000  0.941406 0.554688
36  2.558940 -20.249432 7.348224  -1.000000 0.000001 0.000000  0.898438 0.648438
36  2.558940 -20.379433 7.008224  -1.000000 0.000001 0.000000  0.925781 0.523438
handle.bmp
36  2.558940 -20.379433 7.008224  -1.000000 0.000001 0.000000  0.925781 0.523438
36  2.558940 -20.249432 7.348224  -1.000000 0.000001 0.000000  0.898438 0.648438
36  2.558940 -20.159431 7.238224  -1.000000 0.000001 0.000000  0.894531 0.617188
handle.bmp
36  2.558940 -20.249432 7.348224  -1.000000 0.000001 0.000000  0.898438 0.648438
36  2.558940 -16.949432 7.238224  -1.000000 0.000000 0.000000  0.437500 0.617188
36  2.558940 -20.159431 7.238224  -1.000000 0.000001 0.000000  0.894531 0.617188
handle.bmp
36  3.048940 -20.249432 7.348224  1.000000 0.000000 0.000000  0.902344 0.656250
36  3.048940 -16.949432 7.238224  1.000000 0.000000 0.000000  0.437500 0.617188
36  3.048940 -15.869432 7.628224  1.000000 0.000000 0.000000  0.285156 0.765625
handle.bmp
36  3.048940 -15.869432 7.628224  1.000000 0.000000 0.000000  0.285156 0.765625
36  3.048940 -16.949432 7.238224  1.000000 0.000000 0.000000  0.437500 0.617188
36  3.048940 -15.569432 7.238224  1.000000 -0.000000 0.000000  0.246094 0.617188
handle.bmp
36  3.048940 -16.949432 7.238224  1.000000 0.000000 0.000000  0.437500 0.617188
36  3.048940 -16.609432 6.708224  1.000000 -0.000000 0.000000  0.390625 0.382813
36  3.048940 -15.569432 7.238224  1.000000 -0.000000 0.000000  0.246094 0.617188
handle.bmp
36  3.048940 -15.569432 7.238224  1.000000 -0.000000 0.000000  0.246094 0.617188
36  3.048940 -16.609432 6.708224  1.000000 -0.000000 0.000000  0.390625 0.382813
36  3.048940 -15.569432 6.828224  1.000000 -0.000000 0.000000  0.246094 0.453125
handle.bmp
36  3.048940 -16.609432 6.708224  1.000000 -0.000000 0.000000  0.390625 0.382813
36  3.048940 -15.169433 6.278224  1.000000 0.000000 0.000000  0.183594 0.250000
36  3.048940 -15.569432 6.828224  1.000000 -0.000000 0.000000  0.246094 0.453125
handle.bmp
36  3.048940 -15.569432 6.828224  1.000000 -0.000000 0.000000  0.246094 0.453125
36  3.048940 -15.169433 6.278224  1.000000 0.000000 0.000000  0.183594 0.250000
36  3.048940 -15.379433 6.828224  1.000000 0.000000 0.000000  0.214844 0.453125
handle.bmp
36  2.558940 -15.869432 7.628224  -1.000000 0.000000 0.000000  0.289063 0.757813
36  2.558940 -15.569432 7.238225  -1.000000 0.000000 0.000000  0.246094 0.617188
36  2.558940 -16.949432 7.238224  -1.000000 0.000000 0.000000  0.437500 0.617188
handle.bmp
36  2.558940 -16.949432 7.238224  -1.000000 0.000000 0.000000  0.437500 0.617188
36  2.558940 -15.569432 7.238225  -1.000000 0.000000 0.000000  0.246094 0.617188
36  2.558940 -16.609432 6.708224  -1.000000 0.000000 0.000000  0.390625 0.382813
handle.bmp
36  2.558940 -15.569432 7.238225  -1.000000 0.000000 0.000000  0.246094 0.617188
36  2.558940 -15.569432 6.828225  -1.000000 0.000000 0.000000  0.246094 0.453125
36  2.558940 -16.609432 6.708224  -1.000000 0.000000 0.000000  0.390625 0.382813
handle.bmp
36  2.558940 -16.609432 6.708224  -1.000000 0.000000 0.000000  0.390625 0.382813
36  2.558940 -15.569432 6.828225  -1.000000 0.000000 0.000000  0.246094 0.453125
36  2.558940 -15.169433 6.278224  -1.000000 -0.000000 0.000000  0.183594 0.250000
handle.bmp
36  2.558940 -15.569432 6.828225  -1.000000 0.000000 0.000000  0.246094 0.453125
36  2.558940 -15.379433 6.828225  -1.000000 0.000000 0.000000  0.214844 0.453125
36  2.558940 -15.169433 6.278224  -1.000000 -0.000000 0.000000  0.183594 0.250000
handle.bmp
36  2.648940 -15.869432 7.628224  0.000000 0.802863 0.596163  0.203125 0.859375
36  2.648940 -15.659432 7.348225  -0.000006 0.802843 0.596191  0.203125 0.718750
36  2.558940 -15.869432 7.628224  -0.000028 0.802855 0.596174  0.214844 0.859375
handle.bmp
36  2.558940 -15.869432 7.628224  -0.000028 0.802855 0.596174  0.214844 0.859375
36  2.648940 -15.659432 7.348225  -0.000006 0.802843 0.596191  0.203125 0.718750
36  2.558940 -15.569432 7.238225  -0.000007 0.802839 0.596196  0.214844 0.664063
handle.bmp
36  2.648940 -15.659432 7.348225  -0.000006 0.802843 0.596191  0.203125 0.718750
36  2.978940 -15.659432 7.348224  -0.000019 0.802844 0.596189  0.160156 0.718750
36  2.558940 -15.569432 7.238225  -0.000007 0.802839 0.596196  0.214844 0.664063
handle.bmp
36  2.558940 -15.569432 7.238225  -0.000007 0.802839 0.596196  0.214844 0.664063
36  2.978940 -15.659432 7.348224  -0.000019 0.802844 0.596189  0.160156 0.718750
36  3.048940 -15.569432 7.238224  -0.000023 0.802830 0.596208  0.148438 0.664063
handle.bmp
36  2.978940 -15.659432 7.348224  -0.000019 0.802844 0.596189  0.160156 0.718750
36  3.048940 -15.869432 7.628224  -0.000024 0.802842 0.596192  0.144531 0.859375
36  3.048940 -15.569432 7.238224  -0.000023 0.802830 0.596208  0.148438 0.664063
handle.bmp
36  2.588940 -15.679432 6.588224  -0.652604 0.757696 0.002142  0.027344 0.429688
36  2.408940 -15.839433 6.588224  -0.835805 0.549024 0.001504  0.050781 0.359375
36  2.588940 -15.679432 6.768224  -0.652605 0.757695 0.002143  0.027344 0.507813
handle.bmp
36  2.588940 -15.679432 6.768224  -0.652605 0.757695 0.002143  0.027344 0.507813
36  2.408940 -15.839433 6.588224  -0.835805 0.549024 0.001504  0.050781 0.359375
36  2.408940 -15.839433 6.768224  -0.961308 0.275476 0.000068  0.050781 0.421875
handle.bmp
36  2.408940 -15.839433 6.588224  -0.835805 0.549024 0.001504  0.050781 0.359375
36  2.408940 -16.089432 6.588224  -0.910514 -0.413478 -0.000045  0.093750 0.359375
36  2.408940 -15.839433 6.768224  -0.961308 0.275476 0.000068  0.050781 0.421875
handle.bmp
36  2.408940 -15.839433 6.768224  -0.961308 0.275476 0.000068  0.050781 0.421875
36  2.408940 -16.089432 6.588224  -0.910514 -0.413478 -0.000045  0.093750 0.359375
36  2.408940 -16.089432 6.768224  -0.910378 -0.413777 -0.000033  0.093750 0.421875
handle.bmp
36  2.408940 -16.089432 6.588224  -0.910514 -0.413478 -0.000045  0.093750 0.359375
36  2.588940 -16.249432 6.768224  -0.657638 -0.753334 0.000030  0.113281 0.507813
36  2.408940 -16.089432 6.768224  -0.910378 -0.413777 -0.000033  0.093750 0.421875
handle.bmp
36  2.428940 -15.879433 7.008224  -1.000000 0.000000 0.000000  0.050781 0.648438
36  2.428940 -16.169432 7.128224  -1.000000 0.000000 0.000000  0.101563 0.718750
36  2.428940 -15.759433 7.128224  -1.000000 0.000000 0.000000  0.031250 0.718750
handle.bmp
36  2.428940 -15.759433 7.128224  -1.000000 0.000000 0.000000  0.031250 0.718750
36  2.428940 -16.169432 7.128224  -1.000000 0.000000 0.000000  0.101563 0.718750
36  2.428940 -15.759433 7.278224  -1.000000 0.000000 0.000000  0.031250 0.789063
handle.bmp
36  2.428940 -16.169432 7.128224  -1.000000 0.000000 0.000000  0.101563 0.718750
36  2.428940 -16.169432 7.278224  -1.000000 0.000000 0.000000  0.101563 0.789063
36  2.428940 -15.759433 7.278224  -1.000000 0.000000 0.000000  0.031250 0.789063
handle.bmp
36  2.428940 -15.759433 7.278224  -1.000000 0.000000 0.000000  0.031250 0.789063
36  2.428940 -16.169432 7.278224  -1.000000 0.000000 0.000000  0.101563 0.789063
36  2.428940 -15.879433 7.398224  -1.000000 0.000000 0.000000  0.050781 0.843750
handle.bmp
36  2.428940 -16.169432 7.278224  -1.000000 0.000000 0.000000  0.101563 0.789063
36  2.428940 -16.039433 7.398224  -1.000000 0.000000 0.000000  0.082031 0.843750
36  2.428940 -15.879433 7.398224  -1.000000 0.000000 0.000000  0.050781 0.843750
handle.bmp
36  2.618940 -16.059433 7.448225  1.000000 0.000000 0.000000  0.089844 0.906250
36  2.618940 -16.219433 7.298224  1.000000 0.000000 0.000000  0.125000 0.812500
36  2.618940 -15.859432 7.448225  1.000000 0.000000 0.000000  0.042969 0.906250
handle.bmp
36  2.618940 -15.859432 7.448225  1.000000 0.000000 0.000000  0.042969 0.906250
36  2.618940 -16.219433 7.298224  1.000000 0.000000 0.000000  0.125000 0.812500
36  2.618940 -15.719432 7.298224  1.000000 0.000000 0.000000  0.003906 0.820313
handle.bmp
36  2.618940 -16.219433 7.298224  1.000000 0.000000 0.000000  0.125000 0.812500
36  2.618940 -16.219433 7.108224  1.000000 0.000000 0.000000  0.125000 0.695313
36  2.618940 -15.719432 7.298224  1.000000 0.000000 0.000000  0.003906 0.820313
handle.bmp
36  2.618940 -15.719432 7.298224  1.000000 0.000000 0.000000  0.003906 0.820313
36  2.618940 -16.219433 7.108224  1.000000 0.000000 0.000000  0.125000 0.695313
36  2.618940 -15.719432 7.108224  1.000000 0.000000 0.000000  0.007813 0.695313
handle.bmp
36  2.618940 -16.219433 7.108224  1.000000 0.000000 0.000000  0.125000 0.695313
36  2.618940 -15.859432 6.958224  1.000000 0.000000 0.000000  0.046875 0.601563
36  2.618940 -15.719432 7.108224  1.000000 0.000000 0.000000  0.007813 0.695313
handle.bmp
36  2.618940 -15.719432 7.298224  -0.263734 0.890746 0.370157  0.003906 0.820313
36  2.618940 -15.719432 7.108224  -0.262664 0.839279 -0.476045  0.007813 0.695313
36  2.428940 -15.759433 7.128224  -0.263324 0.935039 -0.237408  0.031250 0.718750
handle.bmp
36  2.428940 -15.759433 7.128224  -0.263324 0.935039 -0.237408  0.031250 0.718750
36  2.618940 -15.719432 7.108224  -0.262664 0.839279 -0.476045  0.007813 0.695313
36  2.428940 -15.879433 7.008224  -0.260585 0.497912 -0.827151  0.050781 0.648438
handle.bmp
36  2.618940 -15.719432 7.108224  -0.262664 0.839279 -0.476045  0.007813 0.695313
36  2.618940 -15.859432 6.958224  -0.258123 0.249224 -0.933413  0.046875 0.601563
36  2.428940 -15.879433 7.008224  -0.260585 0.497912 -0.827151  0.050781 0.648438
handle.bmp
36  2.428940 -15.879433 7.008224  -0.260585 0.497912 -0.827151  0.050781 0.648438
36  2.618940 -15.859432 6.958224  -0.258123 0.249224 -0.933413  0.046875 0.601563
36  2.428940 -16.049433 7.008224  -0.262873 -0.375297 -0.888848  0.082031 0.648438
handle.bmp
36  2.618940 -15.859432 6.958224  -0.258123 0.249224 -0.933413  0.046875 0.601563
36  2.618940 -16.069433 6.958224  -0.262874 -0.375294 -0.888849  0.097656 0.601563
36  2.428940 -16.049433 7.008224  -0.262873 -0.375297 -0.888848  0.082031 0.648438
handle.bmp
36  2.558940 -20.249432 7.348224  0.000000 -0.724327 0.689457  0.902344 0.656250
36  2.558940 -20.509432 7.078224  0.000059 -0.724132 0.689661  0.941406 0.554688
36  2.648940 -20.249432 7.348224  0.000062 -0.724326 0.689458  0.902344 0.656250
handle.bmp
36  2.648940 -20.249432 7.348224  0.000062 -0.724326 0.689458  0.902344 0.656250
36  2.558940 -20.509432 7.078224  0.000059 -0.724132 0.689661  0.941406 0.554688
36  2.988940 -20.249432 7.348224  0.000062 -0.724330 0.689453  0.902344 0.656250
handle.bmp
36  2.558940 -20.509432 7.078224  0.000059 -0.724132 0.689661  0.941406 0.554688
36  3.048940 -20.509432 7.078224  0.000062 -0.724303 0.689482  0.941406 0.554688
36  2.988940 -20.249432 7.348224  0.000062 -0.724330 0.689453  0.902344 0.656250
handle.bmp
36  2.988940 -20.249432 7.348224  0.000062 -0.724330 0.689453  0.902344 0.656250
36  3.048940 -20.509432 7.078224  0.000062 -0.724303 0.689482  0.941406 0.554688
36  3.048940 -20.249432 7.348224  0.000062 -0.724328 0.689455  0.902344 0.656250
handle.bmp
36  3.048940 -20.379433 6.658223  0.000001 0.453890 0.891058  0.578125 0.218750
36  3.048940 -20.099432 6.518223  -0.000044 0.155103 0.987898  0.531250 0.218750
36  2.558940 -20.099432 6.518223  0.000032 0.310063 0.950716  0.531250 0.023438
handle.bmp
36  2.558940 -20.099432 6.518223  0.000032 0.310063 0.950716  0.531250 0.023438
36  3.048940 -20.099432 6.518223  -0.000044 0.155103 0.987898  0.531250 0.218750
36  2.558940 -16.839432 6.518224  0.000000 -0.000000 1.000000  0.066406 0.023438
handle.bmp
36  3.048940 -20.099432 6.518223  -0.000044 0.155103 0.987898  0.531250 0.218750
36  3.048940 -16.839432 6.518224  0.000000 -0.000000 1.000000  0.066406 0.218750
36  2.558940 -16.839432 6.518224  0.000000 -0.000000 1.000000  0.066406 0.023438
handle.bmp
36  3.048940 -16.609432 6.708224  1.000000 -0.000000 0.000000  0.390625 0.382813
36  3.048940 -16.839432 6.518224  1.000000 0.000000 0.000000  0.421875 0.304688
36  3.048940 -15.169433 6.278224  1.000000 0.000000 0.000000  0.183594 0.250000
handle.bmp
36  3.048940 -15.169433 6.278224  1.000000 0.000000 0.000000  0.183594 0.250000
36  3.048940 -16.839432 6.518224  1.000000 -0.000000 0.000000  0.421875 0.304688
36  3.048940 -20.499432 6.288223  1.000000 0.000000 0.000000  0.941406 0.250000
handle.bmp
36  2.558940 -16.609432 6.708224  -1.000000 0.000000 0.000000  0.390625 0.382813
36  2.558940 -15.169433 6.278224  -1.000000 -0.000000 0.000000  0.183594 0.250000
36  2.558940 -16.839432 6.518224  -1.000000 -0.000000 0.000000  0.421875 0.304688
handle.bmp
36  2.558940 -16.839432 6.518224  -1.000000 -0.000000 0.000000  0.421875 0.304688
36  2.558940 -15.169433 6.278224  -1.000000 -0.000000 0.000000  0.183594 0.250000
36  2.558940 -20.499432 6.288223  -1.000000 -0.000000 0.000000  0.941406 0.250000
handle.bmp
36  2.558940 -15.169433 6.278224  -0.000035 0.933910 0.357508  0.187500 0.250000
36  2.558940 -15.379433 6.828225  -0.000042 0.933842 0.357685  0.218750 0.445313
36  3.048940 -15.169433 6.278224  -0.000044 0.933825 0.357730  0.117188 0.250000
handle.bmp
36  3.048940 -15.169433 6.278224  -0.000044 0.933825 0.357730  0.117188 0.250000
36  2.558940 -15.379433 6.828225  -0.000042 0.933842 0.357685  0.218750 0.445313
36  3.048940 -15.379433 6.828224  -0.000038 0.933877 0.357595  0.148438 0.445313
handle.bmp
36  3.048940 -15.379433 6.828224  0.000003 0.000000 1.000000  0.148438 0.445313
36  2.558940 -15.379433 6.828225  0.000003 0.000000 1.000000  0.218750 0.445313
36  3.048940 -15.569432 6.828224  0.000003 0.000000 1.000000  0.148438 0.507813
handle.bmp
36  3.048940 -15.569432 6.828224  0.000003 0.000000 1.000000  0.148438 0.507813
36  2.558940 -15.379433 6.828225  0.000003 0.000000 1.000000  0.218750 0.445313
36  2.558940 -15.569432 6.828225  0.000003 0.000000 1.000000  0.214844 0.507813
handle.bmp
36  2.558940 -15.569432 6.828225  0.000000 1.000000 0.000000  0.214844 0.507813
36  2.558940 -15.569432 7.238225  0.000000 1.000000 0.000000  0.214844 0.664063
36  3.048940 -15.569432 6.828224  0.000000 1.000000 0.000000  0.148438 0.507813
handle.bmp
36  3.048940 -15.569432 6.828224  0.000000 1.000000 0.000000  0.148438 0.507813
36  2.558940 -15.569432 7.238225  0.000000 1.000000 0.000000  0.214844 0.664063
36  3.048940 -15.569432 7.238224  0.000000 1.000000 0.000000  0.148438 0.664063
handle.bmp
36  2.558940 -16.839432 6.518224  -0.000009 -0.629946 0.776639  0.066406 0.023438
36  3.048940 -16.839432 6.518224  0.000000 -0.629946 0.776639  0.066406 0.218750
36  2.558940 -16.609432 6.708224  -0.000010 -0.629946 0.776639  0.027344 0.023438
handle.bmp
36  2.558940 -16.609432 6.708224  -0.000010 -0.629946 0.776639  0.027344 0.023438
36  3.048940 -16.839432 6.518224  0.000000 -0.629946 0.776639  0.066406 0.218750
36  3.048940 -16.609432 6.708224  -0.000009 -0.629947 0.776638  0.027344 0.218750
handle.bmp
36  2.558940 -16.609432 6.708224  0.000014 -0.840684 -0.541526  0.390625 0.382813
36  3.048940 -16.609432 6.708224  0.000014 -0.840736 -0.541445  0.390625 0.382813
36  2.558940 -16.949432 7.238224  0.000000 -0.840710 -0.541485  0.437500 0.617188
handle.bmp
36  2.558940 -16.949432 7.238224  0.000000 -0.840710 -0.541485  0.437500 0.617188
36  3.048940 -16.609432 6.708224  0.000014 -0.840736 -0.541445  0.390625 0.382813
36  3.048940 -16.949432 7.238224  0.000014 -0.840736 -0.541445  0.437500 0.617188
handle.bmp
36  2.558940 -16.949432 7.238224  0.000033 -0.000670 -1.000000  0.441406 0.617188
36  3.048940 -16.949432 7.238224  0.000033 -0.000670 -1.000000  0.441406 0.414063
36  2.558940 -20.159431 7.238224  0.000033 -0.000670 -1.000000  0.894531 0.617188
handle.bmp
36  2.558940 -20.159431 7.238224  0.000033 -0.000670 -1.000000  0.894531 0.617188
36  3.048940 -16.949432 7.238224  0.000033 -0.000670 -1.000000  0.441406 0.414063
36  3.048940 -20.159431 7.238224  0.000033 -0.000670 -1.000000  0.894531 0.414063
handle.bmp
36  2.558940 -20.159431 7.238224  0.000031 0.736731 -0.676186  0.710938 0.023438
36  3.048940 -20.159431 7.238224  0.000032 0.736735 -0.676181  0.710938 0.218750
36  2.558940 -20.379433 7.008224  0.000000 0.736733 -0.676183  0.652344 0.023438
handle.bmp
36  2.558940 -20.379433 7.008224  0.000000 0.736733 -0.676183  0.652344 0.023438
36  3.048940 -20.159431 7.238224  0.000032 0.736735 -0.676181  0.710938 0.218750
36  3.048940 -20.379433 7.008224  0.000030 0.736737 -0.676179  0.652344 0.218750
handle.bmp
36  3.048940 -20.379433 7.008224  0.000000 1.000000 0.000000  0.652344 0.218750
36  3.048940 -20.379433 6.658223  0.000000 1.000000 0.000000  0.578125 0.218750
36  2.558940 -20.379433 7.008224  0.000000 1.000000 0.000000  0.652344 0.023438
handle.bmp
36  2.558940 -20.379433 7.008224  0.000000 1.000000 0.000000  0.652344 0.023438
36  3.048940 -20.379433 6.658223  0.000000 1.000000 0.000000  0.578125 0.218750
36  2.558940 -20.379433 6.658224  0.000000 1.000000 0.000000  0.578125 0.023438
handle.bmp
36  2.558940 -20.499432 6.288223  -0.000027 -0.999992 -0.003986  0.941406 0.250000
36  3.048940 -20.499432 6.288223  -0.000027 -0.999992 -0.003986  0.941406 0.250000
36  2.558940 -20.509432 7.078224  -0.000026 -0.999992 -0.003986  0.941406 0.554688
handle.bmp
36  2.558940 -20.509432 7.078224  -0.000028 -0.999992 -0.003976  0.941406 0.554688
36  3.048940 -20.499432 6.288223  0.000000 -0.999992 -0.003976  0.941406 0.250000
36  3.048940 -20.509432 7.078224  -0.000027 -0.999992 -0.003976  0.941406 0.554688
handle.bmp
36  2.648940 -20.249432 7.348224  0.018791 -0.063876 0.997781  0.902344 0.679688
36  2.648940 -15.869432 7.628224  0.018791 -0.063875 0.997781  0.289063 0.781250
36  2.558940 -20.249432 7.348224  0.018791 -0.063785 0.997787  0.902344 0.648438
handle.bmp
36  2.558940 -20.249432 7.348224  0.018791 -0.063785 0.997787  0.902344 0.648438
36  2.648940 -15.869432 7.628224  0.018791 -0.063875 0.997781  0.289063 0.781250
36  2.558940 -15.869432 7.628224  0.018791 -0.063876 0.997781  0.289063 0.757813
handle.bmp
36  3.048940 -20.249432 7.348224  0.018791 -0.063876 0.997781  0.277344 0.828125
36  3.048940 -15.869432 7.628224  0.018791 -0.063875 0.997781  0.898438 0.718750
36  2.988940 -20.249432 7.348224  0.018791 -0.063785 0.997787  0.277344 0.859375
handle.bmp
36  2.988940 -20.249432 7.348224  0.018791 -0.063785 0.997787  0.277344 0.859375
36  3.048940 -15.869432 7.628224  0.018791 -0.063875 0.997781  0.898438 0.718750
36  2.978940 -15.869432 7.628224  0.018791 -0.063876 0.997781  0.898438 0.750000
handle.bmp
36  2.988940 -20.249432 7.348224  0.000000 0.000000 1.000000  0.277344 0.859375
36  2.978940 -15.659432 7.348224  0.000000 -0.000000 1.000000  0.925781 0.859375
36  2.648940 -20.249432 7.348224  0.000000 -0.000000 1.000000  0.277344 0.976563
handle.bmp
36  2.648940 -20.249432 7.348224  0.000000 -0.000000 1.000000  0.277344 0.976563
36  2.978940 -15.659432 7.348224  0.000000 -0.000000 1.000000  0.925781 0.859375
36  2.648940 -15.659432 7.348225  0.000000 -0.000000 1.000000  0.925781 0.976563
handle.bmp
36  2.408940 -16.089432 6.768224  0.000000 0.000000 1.000000  0.093750 0.421875
36  2.588940 -16.249432 6.768224  0.000002 0.000000 1.000000  0.113281 0.507813
36  2.408940 -15.839433 6.768224  0.000004 0.000000 1.000000  0.050781 0.421875
handle.bmp
36  2.408940 -15.839433 6.768224  0.000004 0.000000 1.000000  0.050781 0.421875
36  2.588940 -16.249432 6.768224  0.000002 0.000000 1.000000  0.113281 0.507813
36  2.588940 -15.679432 6.768224  0.000005 0.000000 1.000000  0.027344 0.507813
handle.bmp
36  2.408940 -16.089432 6.588224  0.000033 -0.000670 -1.000000  0.093750 0.359375
36  2.408940 -15.839433 6.588224  0.000034 -0.000670 -1.000000  0.050781 0.359375
36  2.588940 -16.249432 6.588224  0.000033 -0.000670 -1.000000  0.113281 0.429688
handle.bmp
36  2.588940 -16.249432 6.588224  0.000033 -0.000670 -1.000000  0.113281 0.429688
36  2.408940 -15.839433 6.588224  0.000033 -0.000670 -1.000000  0.050781 0.359375
36  2.588940 -15.679432 6.588224  0.000033 -0.000670 -1.000000  0.027344 0.429688
handle.bmp
36  2.418940 -19.529432 6.298223  0.000038 -0.000766 -1.000000  0.878906 0.078125
36  2.568940 -19.539433 6.298223  0.000033 -0.000670 -1.000000  0.859375 0.046875
36  2.418940 -20.179432 6.298223  0.000033 -0.000670 -1.000000  0.968750 0.078125
handle.bmp
36  2.418940 -20.179432 6.298223  0.000033 -0.000670 -1.000000  0.968750 0.078125
36  2.568940 -19.539433 6.298223  0.000033 -0.000670 -1.000000  0.859375 0.046875
36  2.568940 -20.179432 6.298223  0.000033 -0.000670 -1.000000  0.984375 0.046875
handle.bmp
36  2.418940 -19.529432 6.548223  0.000000 0.000000 1.000000  0.878906 0.171875
36  2.418940 -20.179432 6.548223  0.000000 0.000000 1.000000  0.968750 0.171875
36  2.568940 -19.539433 6.548223  0.000000 0.000000 1.000000  0.859375 0.203125
handle.bmp
36  2.568940 -19.539433 6.548223  0.000000 0.000000 1.000000  0.859375 0.203125
36  2.418940 -20.179432 6.548223  0.000000 0.000000 1.000000  0.968750 0.171875
36  2.568940 -20.179432 6.548223  0.000000 0.000000 1.000000  0.984375 0.203125
handle.bmp
36  2.568940 -19.539433 6.548223  1.000000 0.000000 0.000000  0.859375 0.203125
36  2.568940 -20.179432 6.548223  1.000000 0.000000 0.000000  0.984375 0.203125
36  2.568940 -19.539433 6.298223  1.000000 0.000000 0.000000  0.859375 0.046875
handle.bmp
36  2.568940 -19.539433 6.298223  1.000000 0.000000 0.000000  0.859375 0.046875
36  2.568940 -20.179432 6.548223  1.000000 0.000000 0.000000  0.984375 0.203125
36  2.568940 -20.179432 6.298223  1.000000 0.000000 0.000000  0.984375 0.046875
handle.bmp
36  2.418940 -19.529432 6.548223  -1.000000 0.000000 0.000000  0.878906 0.171875
36  2.418940 -19.529432 6.298223  -1.000000 0.000000 0.000000  0.878906 0.078125
36  2.418940 -20.179432 6.548223  -1.000000 0.000000 0.000000  0.968750 0.171875
handle.bmp
36  2.418940 -20.179432 6.548223  -1.000000 0.000000 0.000000  0.968750 0.171875
36  2.418940 -19.529432 6.298223  -1.000000 0.000000 0.000000  0.878906 0.078125
36  2.418940 -20.179432 6.298223  -1.000000 0.000000 0.000000  0.968750 0.078125
handle.bmp
36  2.418940 -20.179432 6.298223  -0.000027 -0.999992 -0.003979  0.968750 0.078125
36  2.568940 -20.179432 6.298223  -0.000027 -0.999992 -0.003979  0.984375 0.046875
36  2.418940 -20.179432 6.548223  0.000000 -0.999992 -0.003979  0.968750 0.171875
handle.bmp
36  2.418940 -20.179432 6.548223  0.000000 -0.999992 -0.003979  0.968750 0.171875
36  2.568940 -20.179432 6.298223  -0.000027 -0.999992 -0.003979  0.984375 0.046875
36  2.568940 -20.179432 6.548223  -0.000027 -0.999992 -0.003979  0.984375 0.203125
handle.bmp
36  2.418940 -19.529432 6.298223  0.000031 1.000000 0.000041  0.878906 0.078125
36  2.418940 -19.529432 6.548223  0.000031 1.000000 0.000035  0.878906 0.171875
36  2.568940 -19.539433 6.298223  0.000031 1.000000 0.000000  0.859375 0.046875
handle.bmp
36  2.568940 -19.539433 6.298223  0.000031 1.000000 0.000000  0.859375 0.046875
36  2.418940 -19.529432 6.548223  0.000031 1.000000 0.000035  0.878906 0.171875
36  2.568940 -19.539433 6.548223  0.000031 1.000000 0.000038  0.859375 0.203125
handle.bmp
36  2.428940 -16.529432 6.298224  0.000033 -0.000670 -1.000000  0.750000 0.078125
36  2.578940 -16.529432 6.298224  0.000033 -0.000670 -1.000000  0.730469 0.039063
36  2.428940 -17.169432 6.298224  0.000033 -0.000670 -1.000000  0.843750 0.078125
handle.bmp
36  2.428940 -17.169432 6.298224  0.000033 -0.000670 -1.000000  0.843750 0.078125
36  2.578940 -16.529432 6.298224  0.000033 -0.000670 -1.000000  0.730469 0.039063
36  2.578940 -17.169432 6.298224  0.000033 -0.000670 -1.000000  0.851563 0.039063
handle.bmp
36  2.428940 -16.529432 6.548224  0.000000 0.000000 1.000000  0.750000 0.171875
36  2.428940 -17.169432 6.548224  0.000000 0.000000 1.000000  0.843750 0.171875
36  2.578940 -16.529432 6.548224  0.000000 0.000000 1.000000  0.730469 0.203125
handle.bmp
36  2.578940 -16.529432 6.548224  0.000000 0.000000 1.000000  0.730469 0.203125
36  2.428940 -17.169432 6.548224  0.000000 0.000000 1.000000  0.843750 0.171875
36  2.578940 -17.169432 6.548224  0.000000 0.000000 1.000000  0.851563 0.203125
handle.bmp
36  2.578940 -16.529432 6.548224  1.000000 0.000000 0.000000  0.730469 0.203125
36  2.578940 -17.169432 6.548224  1.000000 0.000000 0.000000  0.851563 0.203125
36  2.578940 -16.529432 6.298224  1.000000 0.000000 0.000000  0.730469 0.039063
handle.bmp
36  2.578940 -16.529432 6.298224  1.000000 0.000000 0.000000  0.730469 0.039063
36  2.578940 -17.169432 6.548224  1.000000 0.000000 0.000000  0.851563 0.203125
36  2.578940 -17.169432 6.298224  1.000000 0.000000 0.000000  0.851563 0.039063
handle.bmp
36  2.428940 -16.529432 6.548224  -1.000000 0.000000 0.000000  0.750000 0.171875
36  2.428940 -16.529432 6.298224  -1.000000 0.000000 0.000000  0.750000 0.078125
36  2.428940 -17.169432 6.548224  -1.000000 0.000000 0.000000  0.843750 0.171875
handle.bmp
36  2.428940 -17.169432 6.548224  -1.000000 0.000000 0.000000  0.843750 0.171875
36  2.428940 -16.529432 6.298224  -1.000000 0.000000 0.000000  0.750000 0.078125
36  2.428940 -17.169432 6.298224  -1.000000 0.000000 0.000000  0.843750 0.078125
handle.bmp
36  2.428940 -17.169432 6.298224  -0.000027 -0.999992 -0.003979  0.843750 0.078125
36  2.578940 -17.169432 6.298224  -0.000027 -0.999992 -0.003979  0.851563 0.039063
36  2.428940 -17.169432 6.548224  0.000000 -0.999992 -0.003979  0.843750 0.171875
handle.bmp
36  2.428940 -17.169432 6.548224  0.000000 -0.999992 -0.003979  0.843750 0.171875
36  2.578940 -17.169432 6.298224  -0.000027 -0.999992 -0.003979  0.851563 0.039063
36  2.578940 -17.169432 6.548224  -0.000027 -0.999992 -0.003979  0.851563 0.203125
handle.bmp
36  2.428940 -16.529432 6.298224  0.000000 1.000000 0.000000  0.750000 0.078125
36  2.428940 -16.529432 6.548224  0.000000 1.000000 0.000000  0.750000 0.171875
36  2.578940 -16.529432 6.298224  0.000000 1.000000 0.000000  0.730469 0.039063
handle.bmp
36  2.578940 -16.529432 6.298224  0.000000 1.000000 0.000000  0.730469 0.039063
36  2.428940 -16.529432 6.548224  0.000000 1.000000 0.000000  0.750000 0.171875
36  2.578940 -16.529432 6.548224  0.000000 1.000000 0.000000  0.730469 0.203125
handle.bmp
36  2.558940 -16.949432 7.238224  -1.000000 0.000000 0.000000  0.437500 0.617188
36  2.558940 -20.249432 7.348224  -1.000000 0.000001 0.000000  0.902344 0.648438
36  2.558940 -15.869432 7.628224  -1.000000 0.000000 0.000000  0.289063 0.757813
handle.bmp
36  3.048940 -20.379433 6.658223  0.000001 0.453890 0.891058  0.578125 0.218750
36  2.558940 -20.099432 6.518223  0.000032 0.310063 0.950716  0.531250 0.023438
36  2.558940 -20.379433 6.658224  0.000032 0.453894 0.891055  0.578125 0.023438
handle.bmp
36  2.978940 -15.659432 7.348224  -1.000000 0.000002 0.000013  0.925781 0.859375
36  2.988940 -20.249432 7.348224  -1.000000 0.000002 0.000013  0.277344 0.859375
36  2.978940 -15.869432 7.628224  -1.000000 0.000002 0.000013  0.898438 0.750000
handle.bmp
36  2.648940 -20.249432 7.348224  1.000000 0.000000 0.000000  0.902344 0.656250
36  2.648940 -15.659432 7.348225  1.000000 0.000000 0.000000  0.257813 0.656250
36  2.648940 -15.869432 7.628224  1.000000 0.000000 0.000000  0.285156 0.765625
handle.bmp
36  2.978940 -15.869432 7.628224  -0.000014 0.802843 0.596190  0.160156 0.859375
36  3.048940 -15.869432 7.628224  -0.000024 0.802842 0.596192  0.144531 0.859375
36  2.978940 -15.659432 7.348224  -0.000019 0.802844 0.596189  0.160156 0.718750
handle.bmp
36  2.588940 -16.249432 6.768224  -0.657635 -0.753337 0.000029  0.113281 0.507813
36  2.408940 -16.089432 6.588224  -0.910253 -0.414053 0.000026  0.093750 0.359375
36  2.588940 -16.249432 6.588224  -0.657635 -0.753337 0.000030  0.113281 0.429688
handle.bmp
36  2.428940 -16.169432 7.128224  -1.000000 0.000000 0.000000  0.101563 0.718750
36  2.428940 -15.879433 7.008224  -1.000000 0.000000 0.000000  0.050781 0.648438
36  2.428940 -16.049433 7.008224  -1.000000 0.000000 0.000000  0.082031 0.648438
handle.bmp
36  2.618940 -15.859432 6.958224  1.000000 0.000000 0.000000  0.046875 0.601563
36  2.618940 -16.219433 7.108224  1.000000 0.000000 0.000000  0.125000 0.695313
36  2.618940 -16.069433 6.958224  1.000000 0.000000 0.000000  0.097656 0.601563
barrel.bmp
40  1.958244 -15.188968 5.744184  -0.603750 -0.255141 0.755241  0.109375 0.718750
40  1.870068 -15.209584 5.594183  -0.902277 -0.388215 -0.187576  0.132813 0.578125
40  1.910125 -15.322701 5.594183  -0.902306 -0.388181 0.187508  0.164063 0.578125
barrel.bmp
40  1.910125 -15.322701 5.594183  -0.902306 -0.388181 0.187508  0.164063 0.578125
40  1.870068 -15.209584 5.594183  -0.902277 -0.388215 -0.187576  0.132813 0.578125
40  2.004389 -15.289320 5.434184  -0.603716 -0.255336 -0.755202  0.125000 0.351563
barrel.bmp
40  1.870068 -15.209584 5.594183  -0.902277 -0.388215 -0.187576  0.132813 0.578125
40  1.958244 -15.188968 5.434184  -0.304142 -0.121931 -0.944791  0.109375 0.429688
40  2.004389 -15.289320 5.434184  -0.603716 -0.255336 -0.755202  0.125000 0.351563
barrel.bmp
40  2.004389 -15.289320 5.434184  -0.603716 -0.255336 -0.755202  0.125000 0.351563
40  1.958244 -15.188968 5.434184  -0.304142 -0.121931 -0.944791  0.109375 0.429688
40  2.167976 -15.242000 5.434184  0.296066 0.145390 -0.944037  0.046875 0.351563
barrel.bmp
40  1.958244 -15.188968 5.434184  -0.304142 -0.121931 -0.944791  0.109375 0.429688
40  2.121831 -15.141647 5.434184  0.594816 0.278336 -0.754138  0.062500 0.429688
40  2.167976 -15.242000 5.434184  0.296066 0.145390 -0.944037  0.046875 0.351563
barrel.bmp
40  2.167976 -15.242000 5.434184  0.296066 0.145390 -0.944037  0.046875 0.351563
40  2.121831 -15.141647 5.434184  0.594816 0.278336 -0.754138  0.062500 0.429688
40  2.262241 -15.208619 5.594183  0.892369 0.410734 -0.187018  0.015625 0.578125
barrel.bmp
40  2.121831 -15.141647 5.434184  0.594816 0.278336 -0.754138  0.062500 0.429688
40  2.216095 -15.108267 5.594183  0.892328 0.410808 0.187052  0.035156 0.578125
40  2.262241 -15.208619 5.594183  0.892369 0.410734 -0.187018  0.015625 0.578125
barrel.bmp
40  2.262241 -15.208619 5.594183  0.892369 0.410734 -0.187018  0.015625 0.578125
40  2.216095 -15.108267 5.594183  0.892328 0.410808 0.187052  0.035156 0.578125
40  2.167976 -15.242000 5.754184  0.594821 0.278473 0.754083  0.046875 0.796875
barrel.bmp
40  2.216095 -15.108267 5.594183  0.892328 0.410808 0.187052  0.035156 0.578125
40  2.121831 -15.141647 5.744184  0.295918 0.145519 0.944064  0.062500 0.718750
40  2.167976 -15.242000 5.754184  0.594821 0.278473 0.754083  0.046875 0.796875
barrel.bmp
40  2.167976 -15.242000 5.754184  0.594821 0.278473 0.754083  0.046875 0.796875
40  2.121831 -15.141647 5.744184  0.295918 0.145519 0.944064  0.062500 0.718750
40  2.004389 -15.289320 5.754184  -0.304227 -0.121701 0.944794  0.125000 0.796875
barrel.bmp
40  2.121831 -15.141647 5.744184  0.295918 0.145519 0.944064  0.062500 0.718750
40  1.958244 -15.188968 5.744184  -0.603750 -0.255141 0.755241  0.109375 0.718750
40  2.004389 -15.289320 5.754184  -0.304227 -0.121701 0.944794  0.125000 0.796875
barrel.bmp
40  2.004389 -15.289320 5.754184  -0.304227 -0.121701 0.944794  0.125000 0.796875
40  1.958244 -15.188968 5.744184  -0.603750 -0.255141 0.755241  0.109375 0.718750
40  1.910125 -15.322701 5.594183  -0.902306 -0.388181 0.187508  0.164063 0.578125
barrel.bmp
40  2.025992 -15.260453 5.684184  -0.621033 -0.206364 0.756130  0.191406 0.507813
40  1.975522 -15.267717 5.594183  -0.931948 -0.309667 -0.188626  0.191406 0.468750
40  2.856961 -17.936569 5.594183  -0.931940 -0.309728 0.188566  0.550781 0.468750
barrel.bmp
40  2.856961 -17.936569 5.594183  -0.931940 -0.309728 0.188566  0.550781 0.468750
40  1.975522 -15.267717 5.594183  -0.931948 -0.309667 -0.188626  0.191406 0.468750
40  2.916857 -17.925966 5.494183  -0.621088 -0.206414 -0.756070  0.550781 0.421875
barrel.bmp
40  1.975522 -15.267717 5.594183  -0.931948 -0.309667 -0.188626  0.191406 0.468750
40  2.025992 -15.260453 5.494184  -0.304147 -0.121821 -0.944804  0.191406 0.421875
40  2.916857 -17.925966 5.494183  -0.621088 -0.206414 -0.756070  0.550781 0.421875
barrel.bmp
40  2.916857 -17.925966 5.494183  -0.621088 -0.206414 -0.756070  0.550781 0.421875
40  2.025992 -15.260453 5.494184  -0.304147 -0.121821 -0.944804  0.191406 0.421875
40  3.020548 -17.889248 5.494183  0.311039 0.103317 -0.944765  0.550781 0.375000
barrel.bmp
40  2.025992 -15.260453 5.494184  -0.304147 -0.121821 -0.944804  0.191406 0.421875
40  2.129683 -15.223735 5.494184  0.620623 0.207559 -0.756139  0.191406 0.375000
40  3.020548 -17.889248 5.494183  0.311039 0.103317 -0.944765  0.550781 0.375000
barrel.bmp
40  3.020548 -17.889248 5.494183  0.311039 0.103317 -0.944765  0.550781 0.375000
40  2.129683 -15.223735 5.494184  0.620623 0.207559 -0.756139  0.191406 0.375000
40  3.067680 -17.872557 5.594183  0.932623 0.307648 -0.188591  0.550781 0.468750
barrel.bmp
40  2.129683 -15.223735 5.494184  0.620623 0.207559 -0.756139  0.191406 0.375000
40  2.186241 -15.203706 5.594183  0.932662 0.307538 0.188580  0.191406 0.468750
40  3.067680 -17.872557 5.594183  0.932623 0.307648 -0.188591  0.550781 0.468750
barrel.bmp
40  3.067680 -17.872557 5.594183  0.932623 0.307648 -0.188591  0.550781 0.468750
40  2.186241 -15.203706 5.594183  0.932662 0.307538 0.188580  0.191406 0.468750
40  3.020548 -17.889248 5.684183  0.620739 0.207430 0.756079  0.550781 0.554688
barrel.bmp
40  2.186241 -15.203706 5.594183  0.932662 0.307538 0.188580  0.191406 0.468750
40  2.129683 -15.223735 5.684184  0.310979 0.103324 0.944784  0.191406 0.554688
40  3.020548 -17.889248 5.684183  0.620739 0.207430 0.756079  0.550781 0.554688
barrel.bmp
40  3.020548 -17.889248 5.684183  0.620739 0.207430 0.756079  0.550781 0.554688
40  2.129683 -15.223735 5.684184  0.310979 0.103324 0.944784  0.191406 0.554688
40  2.916857 -17.925966 5.684183  -0.304211 -0.121811 0.944784  0.550781 0.507813
barrel.bmp
40  2.129683 -15.223735 5.684184  0.310979 0.103324 0.944784  0.191406 0.554688
40  2.025992 -15.260453 5.684184  -0.621033 -0.206364 0.756130  0.191406 0.507813
40  2.916857 -17.925966 5.684183  -0.304211 -0.121811 0.944784  0.550781 0.507813
barrel.bmp
40  2.916857 -17.925966 5.684183  -0.304211 -0.121811 0.944784  0.550781 0.507813
40  2.025992 -15.260453 5.684184  -0.621033 -0.206364 0.756130  0.191406 0.507813
40  2.856961 -17.936569 5.594183  -0.931940 -0.309728 0.188566  0.550781 0.468750
magazine.bmp
39  2.524991 -20.215580 2.732777  -0.836610 -0.408694 0.364764  0.562500 0.023438
39  3.114991 -18.455580 2.302777  0.671027 0.701699 0.239461  0.492188 0.359375
39  3.104991 -20.215580 2.732777  0.655845 -0.604253 0.452488  0.562500 0.023438
barrel.bmp
36  2.968940 -27.219433 5.878222  0.999995 -0.000009 -0.003260  0.886719 0.140625
36  2.968940 -27.359432 5.678222  0.999995 -0.000008 -0.003260  0.898438 0.054688
36  2.968940 -26.059431 5.878222  0.999995 -0.000008 -0.003260  0.738281 0.140625
barrel.bmp
36  2.968940 -27.359432 5.678222  0.999995 -0.000008 -0.003260  0.898438 0.054688
36  2.968940 -25.759432 5.678222  0.999995 -0.000008 -0.003260  0.707031 0.054688
36  2.968940 -26.059431 5.878222  0.999995 -0.000008 -0.003260  0.738281 0.140625
barrel.bmp
36  2.648940 -27.219433 5.878222  -1.000000 0.000000 0.000000  0.886719 0.140625
36  2.648940 -26.059431 5.878222  -1.000000 0.000000 0.000000  0.738281 0.140625
36  2.648940 -27.359432 5.678222  -1.000000 0.000000 0.000000  0.898438 0.054688
barrel.bmp
36  2.648940 -27.359432 5.678222  -1.000000 0.000000 0.000000  0.898438 0.054688
36  2.648940 -26.059431 5.878222  -1.000000 0.000000 0.000000  0.738281 0.140625
36  2.648940 -25.759432 5.678222  -1.000000 0.000000 0.000000  0.707031 0.054688
barrel.bmp
36  2.558941 -32.309433 5.578221  -0.980702 -0.000222 -0.195511  0.632813 0.140625
36  2.808940 -25.479431 5.328222  -0.000018 -0.003072 -0.999995  0.003906 0.046875
36  2.808941 -32.309433 5.328221  -0.000018 -0.003068 -0.999995  0.628906 0.046875
barrel.bmp
36  2.808941 -32.309433 5.328221  -0.000018 -0.003068 -0.999995  0.628906 0.046875
36  2.808940 -25.479431 5.328222  -0.000018 -0.003072 -0.999995  0.003906 0.046875
36  3.058941 -32.309433 5.578221  0.905901 0.000000 -0.423489  0.628906 0.140625
barrel.bmp
36  2.808940 -25.479431 5.328222  -0.000018 -0.003072 -0.999995  0.003906 0.046875
36  3.058940 -25.479431 5.578222  0.999993 0.000000 -0.003609  0.003906 0.140625
36  3.058941 -32.309433 5.578221  0.905901 0.000000 -0.423489  0.628906 0.140625
barrel.bmp
36  3.058941 -32.309433 5.578221  0.905901 0.000000 -0.423489  0.628906 0.140625
36  3.058940 -25.479431 5.578222  0.999993 0.000000 -0.003609  0.003906 0.140625
36  2.958941 -32.309433 5.848221  0.740224 -0.000000 0.672360  0.628906 0.242188
barrel.bmp
36  3.058940 -25.479431 5.578222  0.999993 0.000000 -0.003609  0.003906 0.140625
36  2.958940 -25.479431 5.848222  0.369680 -0.000000 0.929159  0.003906 0.242188
36  2.958941 -32.309433 5.848221  0.740224 -0.000000 0.672360  0.628906 0.242188
barrel.bmp
36  2.808940 -25.479431 5.328222  -0.000018 -0.003072 -0.999995  0.003906 0.046875
36  2.558941 -32.309433 5.578221  -0.980702 -0.000222 -0.195511  0.632813 0.140625
36  2.558940 -25.479431 5.578222  -0.980706 -0.000224 -0.195489  0.003906 0.140625
barrel.bmp
36  2.558940 -25.479431 5.578222  -0.980706 -0.000224 -0.195489  0.003906 0.140625
36  2.558941 -32.309433 5.578221  -0.980702 -0.000222 -0.195511  0.632813 0.140625
36  2.668940 -25.479431 5.848222  -0.730017 -0.000000 0.683429  0.003906 0.242188
barrel.bmp
36  2.558941 -32.309433 5.578221  -0.980702 -0.000222 -0.195511  0.632813 0.140625
36  2.668941 -32.309433 5.848221  -0.366066 -0.000000 0.930589  0.628906 0.242188
36  2.668940 -25.479431 5.848222  -0.730017 -0.000000 0.683429  0.003906 0.242188
barrel.bmp
36  2.668940 -25.479431 5.848222  -0.730017 -0.000000 0.683429  0.003906 0.242188
36  2.668941 -32.309433 5.848221  -0.366066 -0.000000 0.930589  0.628906 0.242188
36  2.958940 -25.479431 5.848222  0.369680 -0.000000 0.929159  0.003906 0.320313
barrel.bmp
36  2.668941 -32.309433 5.848221  -0.366066 -0.000000 0.930589  0.628906 0.242188
36  2.958941 -32.309433 5.848221  0.740224 -0.000000 0.672360  0.628906 0.320313
36  2.958940 -25.479431 5.848222  0.369680 -0.000000 0.929159  0.003906 0.320313
barrel.bmp
40  2.216095 -15.108267 5.594183  -0.294047 0.955791 -0.000039  0.035156 0.578125
40  1.958244 -15.188968 5.744184  -0.294052 0.955789 -0.000034  0.109375 0.718750
40  2.121831 -15.141647 5.744184  -0.294039 0.955793 -0.000046  0.062500 0.718750
barrel.bmp
40  2.216095 -15.108267 5.594183  -0.294047 0.955791 -0.000039  0.035156 0.578125
40  1.870068 -15.209584 5.594183  -0.294044 0.955792 -0.000037  0.132813 0.578125
40  1.958244 -15.188968 5.744184  -0.294052 0.955789 -0.000034  0.109375 0.718750
barrel.bmp
40  2.216095 -15.108267 5.594183  -0.294047 0.955791 -0.000039  0.035156 0.578125
40  1.958244 -15.188968 5.434184  -0.294032 0.955795 -0.000049  0.109375 0.429688
40  1.870068 -15.209584 5.594183  -0.294044 0.955792 -0.000037  0.132813 0.578125
barrel.bmp
40  2.216095 -15.108267 5.594183  -0.294047 0.955791 -0.000039  0.035156 0.578125
40  2.121831 -15.141647 5.434184  -0.294056 0.955788 -0.000037  0.062500 0.429688
40  1.958244 -15.188968 5.434184  -0.294032 0.955795 -0.000049  0.109375 0.429688
barrel.bmp
36  2.648940 -26.059431 5.878222  0.000032 0.001965 0.999998  0.917969 0.054688
36  2.648940 -27.219433 5.878222  0.000032 0.001965 0.999998  0.917969 0.429688
36  2.968940 -26.059431 5.878222  0.000032 0.001965 0.999998  0.968750 0.054688
barrel.bmp
36  2.968940 -26.059431 5.878222  0.000032 0.001965 0.999998  0.968750 0.054688
36  2.648940 -27.219433 5.878222  0.000032 0.001965 0.999998  0.917969 0.429688
36  2.968940 -27.219433 5.878222  0.000032 0.001965 0.999998  0.968750 0.429688
barrel.bmp
36  2.748940 -27.009432 5.088222  -1.000000 0.000000 0.000000  0.605469 0.367188
36  2.748940 -27.369432 5.088222  -1.000000 0.000000 0.000000  0.671875 0.367188
36  2.748940 -27.009432 5.358222  -1.000000 0.000000 0.000000  0.605469 0.492188
barrel.bmp
36  2.748940 -27.009432 5.358222  -1.000000 0.000000 0.000000  0.605469 0.492188
36  2.748940 -27.369432 5.088222  -1.000000 0.000000 0.000000  0.671875 0.367188
36  2.748940 -27.579432 5.358222  -1.000000 0.000000 0.000000  0.695313 0.492188
barrel.bmp
36  2.748940 -27.009432 5.088222  0.000000 1.000000 0.000000  0.605469 0.367188
36  2.748940 -27.009432 5.358222  0.000000 1.000000 0.000000  0.605469 0.492188
36  2.918940 -27.009432 5.088222  0.000000 1.000000 0.000000  0.625000 0.367188
barrel.bmp
36  2.918940 -27.009432 5.088222  0.000000 1.000000 0.000000  0.625000 0.367188
36  2.748940 -27.009432 5.358222  0.000000 1.000000 0.000000  0.605469 0.492188
36  2.918940 -27.009432 5.358222  0.000000 1.000000 0.000000  0.625000 0.492188
barrel.bmp
36  2.918940 -27.009432 5.088222  0.000000 -0.003068 -0.999995  0.625000 0.367188
36  2.918940 -27.369432 5.088222  -0.000018 -0.003068 -0.999995  0.671875 0.367188
36  2.748940 -27.009432 5.088222  -0.000018 -0.003068 -0.999995  0.605469 0.367188
barrel.bmp
36  2.748940 -27.009432 5.088222  -0.000018 -0.003068 -0.999995  0.605469 0.367188
36  2.918940 -27.369432 5.088222  -0.000018 -0.003068 -0.999995  0.671875 0.367188
36  2.748940 -27.369432 5.088222  -0.000018 -0.003068 -0.999995  0.671875 0.367188
barrel.bmp
36  2.918940 -27.369432 5.088222  0.000019 -0.788823 -0.614620  0.671875 0.367188
36  2.918940 -27.579432 5.358222  0.000025 -0.788677 -0.614808  0.695313 0.492188
36  2.748940 -27.369432 5.088222  0.000025 -0.788676 -0.614809  0.671875 0.367188
barrel.bmp
36  2.748940 -27.369432 5.088222  0.000025 -0.788676 -0.614809  0.671875 0.367188
36  2.918940 -27.579432 5.358222  0.000025 -0.788677 -0.614808  0.695313 0.492188
36  2.748940 -27.579432 5.358222  0.000000 -0.789354 -0.613938  0.695313 0.492188
barrel.bmp
36  2.918940 -27.009432 5.088222  0.999995 -0.000008 -0.003260  0.625000 0.367188
36  2.918940 -27.009432 5.358222  0.999995 -0.000008 -0.003260  0.625000 0.492188
36  2.918940 -27.369432 5.088222  0.999995 -0.000008 -0.003260  0.671875 0.367188
barrel.bmp
36  2.918940 -27.369432 5.088222  0.999995 -0.000008 -0.003260  0.671875 0.367188
36  2.918940 -27.009432 5.358222  0.999995 -0.000008 -0.003260  0.625000 0.492188
36  2.918940 -27.579432 5.358222  0.999995 -0.000008 -0.003260  0.695313 0.492188
barrel.bmp
42  2.147832 -17.906208 5.384589  -0.963392 -0.000440 0.268097  0.371094 0.640625
42  2.157518 -20.126207 5.382102  -0.963491 -0.000737 0.267740  0.742188 0.640625
42  2.313931 -17.906208 5.951080  -0.963393 -0.000440 0.268093  0.375000 0.960938
barrel.bmp
42  2.313931 -17.906208 5.951080  -0.963393 -0.000440 0.268093  0.375000 0.960938
42  2.157518 -20.126207 5.382102  -0.963491 -0.000737 0.267740  0.742188 0.640625
42  2.313931 -20.136208 5.951079  -0.963394 -0.000436 0.268088  0.742188 0.960938
barrel.bmp
42  2.362360 -20.136208 5.938645  0.963394 0.000435 -0.268089  0.742188 0.960938
42  2.205947 -20.126207 5.369668  0.963394 0.000436 -0.268089  0.742188 0.640625
42  2.362360 -17.906208 5.938645  0.963407 0.000429 -0.268043  0.375000 0.960938
barrel.bmp
42  2.362360 -17.906208 5.938645  0.963407 0.000429 -0.268043  0.375000 0.960938
42  2.205947 -20.126207 5.369668  0.963394 0.000436 -0.268089  0.742188 0.640625
42  2.205947 -17.906208 5.369668  0.963394 0.000436 -0.268089  0.371094 0.640625
barrel.bmp
42  2.205947 -20.126207 5.369668  -0.002196 -0.999967 -0.007785  0.742188 0.640625
42  2.362360 -20.136208 5.938645  -0.002185 -0.999968 -0.007742  0.742188 0.960938
42  2.157518 -20.126207 5.382102  -0.002184 -0.999968 -0.007739  0.742188 0.640625
barrel.bmp
42  2.157518 -20.126207 5.382102  -0.002184 -0.999968 -0.007739  0.742188 0.640625
42  2.362360 -20.136208 5.938645  -0.002185 -0.999968 -0.007742  0.742188 0.960938
42  2.313931 -20.136208 5.951079  -0.002186 -0.999968 -0.007742  0.742188 0.960938
barrel.bmp
42  2.313931 -20.136208 5.951079  0.258887 -0.000348 0.965908  0.742188 0.960938
42  2.362360 -20.136208 5.938645  0.258887 -0.000349 0.965907  0.742188 0.960938
42  2.313931 -17.906208 5.951080  0.258887 -0.000345 0.965907  0.375000 0.960938
barrel.bmp
42  2.313931 -17.906208 5.951080  0.258887 -0.000345 0.965907  0.375000 0.960938
42  2.362360 -20.136208 5.938645  0.258887 -0.000349 0.965907  0.742188 0.960938
42  2.362360 -17.906208 5.938645  0.258887 -0.000348 0.965907  0.375000 0.960938
barrel.bmp
42  2.313931 -17.906208 5.951080  0.002072 0.999967 0.007832  0.375000 0.960938
42  2.362360 -17.906208 5.938645  0.002072 0.999967 0.007832  0.375000 0.960938
42  2.147832 -17.906208 5.384589  0.002073 0.999967 0.007832  0.371094 0.640625
barrel.bmp
42  2.147832 -17.906208 5.384589  0.002073 0.999967 0.007832  0.371094 0.640625
42  2.362360 -17.906208 5.938645  0.002072 0.999967 0.007832  0.375000 0.960938
42  2.205947 -17.906208 5.369668  0.002073 0.999967 0.007832  0.371094 0.640625
barrel.bmp
42  2.157518 -20.126207 5.382102  -0.258782 0.000349 -0.965936  0.742188 0.640625
42  2.147832 -17.906208 5.384589  -0.258788 0.000350 -0.965934  0.371094 0.640625
42  2.205947 -20.126207 5.369668  -0.258782 0.000350 -0.965936  0.742188 0.640625
barrel.bmp
42  2.205947 -20.126207 5.369668  -0.258782 0.000350 -0.965936  0.742188 0.640625
42  2.147832 -17.906208 5.384589  -0.258788 0.000350 -0.965934  0.371094 0.640625
42  2.205947 -17.906208 5.369668  -0.258788 0.000350 -0.965934  0.371094 0.640625
barrel.bmp
36  2.168940 -17.859432 5.278224  -0.000018 -0.003068 -0.999995  0.035156 0.843750
36  2.298939 -17.859432 5.278224  0.000013 -0.003068 -0.999995  0.070313 0.843750
36  2.178940 -20.159431 5.278224  -0.000018 -0.003068 -0.999995  0.363281 0.843750
barrel.bmp
36  2.178940 -20.159431 5.278224  -0.000018 -0.003068 -0.999995  0.363281 0.843750
36  2.298939 -17.859432 5.278224  0.000013 -0.003068 -0.999995  0.070313 0.843750
36  2.308940 -20.159431 5.278224  -0.000018 -0.003068 -0.999995  0.363281 0.843750
barrel.bmp
36  2.168940 -17.859432 5.418224  0.000032 0.001965 0.999998  0.035156 0.953125
36  2.168940 -20.159431 5.418223  0.000032 0.001965 0.999998  0.363281 0.953125
36  2.308939 -17.859432 5.418224  0.000032 0.001965 0.999998  0.070313 0.953125
barrel.bmp
36  2.308939 -17.859432 5.418224  0.000032 0.001965 0.999998  0.070313 0.953125
36  2.168940 -20.159431 5.418223  0.000032 0.001965 0.999998  0.363281 0.953125
36  2.308940 -20.159431 5.418223  0.000032 0.001965 0.999998  0.363281 0.953125
barrel.bmp
36  2.308939 -17.859432 5.418224  0.999995 -0.000012 -0.003283  0.070313 0.953125
36  2.308940 -20.159431 5.418223  0.999995 0.000091 -0.003241  0.363281 0.953125
36  2.298939 -17.859432 5.278224  0.999995 0.000168 -0.003258  0.070313 0.843750
barrel.bmp
36  2.298939 -17.859432 5.278224  0.999995 0.000168 -0.003258  0.070313 0.843750
36  2.308940 -20.159431 5.418223  0.999995 0.000091 -0.003241  0.363281 0.953125
36  2.308940 -20.159431 5.278224  0.999995 0.000046 -0.003213  0.363281 0.843750
barrel.bmp
36  2.168940 -17.859432 5.418224  -1.000000 0.000000 0.000000  0.035156 0.953125
36  2.168940 -17.859432 5.278224  -1.000000 0.000004 0.000015  0.035156 0.843750
36  2.168940 -20.159431 5.418223  -1.000000 -0.000005 -0.000025  0.363281 0.953125
barrel.bmp
36  2.168940 -20.159431 5.418223  -1.000000 -0.000005 -0.000025  0.363281 0.953125
36  2.168940 -17.859432 5.278224  -1.000000 0.000004 0.000015  0.035156 0.843750
36  2.178940 -20.159431 5.278224  -1.000000 0.000002 -0.000011  0.363281 0.843750
barrel.bmp
36  2.178940 -20.159431 5.278224  -0.008520 -0.999945 0.006051  0.363281 0.843750
36  2.308940 -20.159431 5.278224  -0.008521 -0.999945 0.006050  0.363281 0.843750
36  2.168940 -20.159431 5.418223  -0.008521 -0.999945 0.006050  0.363281 0.953125
barrel.bmp
36  2.168940 -20.159431 5.418223  -0.008521 -0.999945 0.006050  0.363281 0.953125
36  2.308940 -20.159431 5.278224  -0.008521 -0.999945 0.006050  0.363281 0.843750
36  2.308940 -20.159431 5.418223  -0.008520 -0.999945 0.006051  0.363281 0.953125
barrel.bmp
36  2.168940 -17.859432 5.278224  0.000000 1.000000 0.000336  0.035156 0.843750
36  2.168940 -17.859432 5.418224  0.000000 1.000000 0.000000  0.035156 0.953125
36  2.298939 -17.859432 5.278224  0.000000 1.000000 0.000000  0.070313 0.843750
barrel.bmp
36  2.298939 -17.859432 5.278224  0.000000 1.000000 0.000000  0.070313 0.843750
36  2.168940 -17.859432 5.418224  0.000000 1.000000 0.000000  0.035156 0.953125
36  2.308939 -17.859432 5.418224  0.000000 1.000000 0.000000  0.070313 0.953125
receiver.bmp
36  2.238940 -20.509432 5.448224  -0.972160 0.000000 -0.234318  0.988281 0.726563
36  2.238940 -20.509432 5.728223  -0.880388 -0.000749 0.474254  0.988281 0.765625
36  2.238940 -20.159431 5.728223  -0.971567 0.000000 0.236766  0.941406 0.765625
receiver.bmp
36  2.238940 -20.159431 5.728223  -0.971567 0.000000 0.236766  0.941406 0.765625
36  2.238940 -20.509432 5.728223  -0.880388 -0.000749 0.474254  0.988281 0.765625
36  2.348940 -20.009432 5.858223  -0.740162 -0.000647 0.672429  0.921875 0.816406
receiver.bmp
36  2.238940 -20.509432 5.728223  -0.880388 -0.000749 0.474254  0.988281 0.765625
36  2.438940 -20.509432 5.948224  -0.740180 -0.000674 0.672409  0.988281 0.832031
36  2.348940 -20.009432 5.858223  -0.740162 -0.000647 0.672429  0.921875 0.816406
receiver.bmp
36  2.348940 -20.009432 5.858223  -0.740162 -0.000647 0.672429  0.921875 0.816406
36  2.438940 -20.509432 5.948224  -0.740180 -0.000674 0.672409  0.988281 0.832031
36  2.348940 -17.879433 5.858224  -0.783391 0.003155 0.621522  0.625000 0.816406
receiver.bmp
36  2.438940 -20.509432 5.948224  -0.740180 -0.000674 0.672409  0.988281 0.832031
36  2.438940 -15.239432 5.958224  -0.680441 -0.026917 0.732308  0.253906 0.832031
36  2.348940 -17.879433 5.858224  -0.783391 0.003155 0.621522  0.625000 0.816406
receiver.bmp
36  2.348940 -17.879433 5.858224  -0.783391 0.003155 0.621522  0.625000 0.816406
36  2.438940 -15.239432 5.958224  -0.680441 -0.026917 0.732308  0.253906 0.832031
36  2.348940 -17.119432 5.848224  -0.783421 0.003158 0.621484  0.523438 0.812500
receiver.bmp
36  2.438940 -15.239432 5.958224  -0.680441 -0.026917 0.732308  0.253906 0.832031
36  2.238940 -16.419432 5.728224  -0.848728 -0.093267 0.520540  0.425781 0.765625
36  2.348940 -17.119432 5.848224  -0.783421 0.003158 0.621484  0.523438 0.812500
receiver.bmp
36  2.348940 -17.119432 5.848224  -0.783421 0.003158 0.621484  0.523438 0.812500
36  2.238940 -16.419432 5.728224  -0.848728 -0.093267 0.520540  0.425781 0.765625
36  2.238940 -17.119432 5.718224  -0.971574 -0.000003 0.236734  0.523438 0.765625
receiver.bmp
36  2.238940 -16.419432 5.728224  -0.848728 -0.093267 0.520540  0.425781 0.765625
36  2.238940 -16.419432 5.448224  -0.945475 -0.123772 -0.301259  0.425781 0.718750
36  2.238940 -17.119432 5.718224  -0.971574 -0.000003 0.236734  0.523438 0.765625
receiver.bmp
36  2.238940 -17.119432 5.718224  -0.971574 -0.000003 0.236734  0.523438 0.765625
36  2.238940 -16.419432 5.448224  -0.945475 -0.123772 -0.301259  0.425781 0.718750
36  2.238940 -17.119432 5.438224  -0.884037 0.000469 -0.467416  0.523438 0.718750
receiver.bmp
36  2.238940 -16.419432 5.448224  -0.945475 -0.123772 -0.301259  0.425781 0.718750
36  2.438939 -15.109432 5.208224  -0.654941 -0.026082 -0.755230  0.238281 0.667969
36  2.238940 -17.119432 5.438224  -0.884037 0.000469 -0.467416  0.523438 0.718750
receiver.bmp
36  2.238940 -17.119432 5.438224  -0.884037 0.000469 -0.467416  0.523438 0.718750
36  2.438939 -15.109432 5.208224  -0.654941 -0.026082 -0.755230  0.238281 0.667969
36  2.238940 -17.879433 5.448224  -0.752432 0.000072 -0.658669  0.625000 0.726563
receiver.bmp
36  2.438939 -15.109432 5.208224  -0.654941 -0.026082 -0.755230  0.238281 0.667969
36  2.438940 -20.509432 5.218223  -0.752436 0.000074 -0.658665  0.988281 0.667969
36  2.238940 -17.879433 5.448224  -0.752432 0.000072 -0.658669  0.625000 0.726563
receiver.bmp
36  2.238940 -17.879433 5.448224  -0.752432 0.000072 -0.658669  0.625000 0.726563
36  2.438940 -20.509432 5.218223  -0.752436 0.000074 -0.658665  0.988281 0.667969
36  2.238940 -20.159431 5.448224  -0.884045 0.000474 -0.467402  0.941406 0.726563
receiver.bmp
36  2.438940 -20.509432 5.218223  -0.752436 0.000074 -0.658665  0.988281 0.667969
36  2.238940 -20.509432 5.448224  -0.972160 0.000000 -0.234318  0.988281 0.726563
36  2.238940 -20.159431 5.448224  -0.884045 0.000474 -0.467402  0.941406 0.726563
receiver.bmp
36  2.238940 -20.159431 5.448224  -0.884045 0.000474 -0.467402  0.941406 0.726563
36  2.238940 -20.509432 5.448224  -0.972160 0.000000 -0.234318  0.988281 0.726563
36  2.238940 -20.159431 5.728223  -0.971567 0.000000 0.236766  0.941406 0.765625
receiver.bmp
36  2.438939 -18.259432 3.058223  -1.000000 0.000000 0.000000  0.683594 0.347656
36  2.438939 -16.849432 3.058224  -1.000000 0.000000 0.000000  0.484375 0.347656
36  2.438939 -18.249432 2.998223  -1.000000 0.000000 0.000000  0.683594 0.339844
receiver.bmp
36  2.438939 -18.249432 2.998223  -1.000000 0.000000 0.000000  0.683594 0.339844
36  2.438939 -16.849432 3.058224  -1.000000 0.000000 0.000000  0.484375 0.347656
36  2.438939 -16.559431 2.998224  -1.000000 -0.000000 0.000000  0.445313 0.339844
receiver.bmp
36  2.438939 -16.849432 3.058224  -1.000000 0.000000 0.000000  0.484375 0.347656
36  2.438939 -16.629433 3.348224  -1.000000 0.000000 0.000000  0.453125 0.390625
36  2.438939 -16.559431 2.998224  -1.000000 -0.000000 0.000000  0.445313 0.339844
receiver.bmp
36  2.438939 -16.559431 2.998224  -1.000000 -0.000000 0.000000  0.445313 0.339844
36  2.438939 -16.629433 3.348224  -1.000000 0.000000 0.000000  0.453125 0.390625
36  2.438939 -15.619431 3.498224  -1.000000 0.000000 0.000000  0.312500 0.410156
receiver.bmp
36  2.438939 -16.629433 3.348224  -1.000000 0.000000 0.000000  0.453125 0.390625
36  2.438939 -16.629433 3.628224  -1.000000 0.000000 0.000000  0.453125 0.437500
36  2.438939 -15.619431 3.498224  -1.000000 0.000000 0.000000  0.312500 0.410156
receiver.bmp
36  2.438939 -15.619431 3.498224  -1.000000 0.000000 0.000000  0.312500 0.410156
36  2.438939 -16.629433 3.628224  -1.000000 0.000000 0.000000  0.453125 0.437500
36  2.438939 -15.619431 4.138224  -1.000000 -0.000000 0.000000  0.312500 0.503906
receiver.bmp
36  2.438939 -16.629433 3.628224  -1.000000 0.000000 0.000000  0.453125 0.437500
36  2.438939 -16.859432 3.938224  -1.000000 0.000000 0.000000  0.480469 0.480469
36  2.438939 -15.619431 4.138224  -1.000000 -0.000000 0.000000  0.312500 0.503906
receiver.bmp
36  2.438939 -15.619431 4.138224  -1.000000 -0.000000 0.000000  0.312500 0.503906
36  2.438939 -16.859432 3.938224  -1.000000 0.000000 0.000000  0.480469 0.480469
36  2.438940 -20.509432 5.218223  -1.000000 -0.000000 0.000001  0.988281 0.667969
receiver.bmp
36  2.438939 -16.859432 3.938224  -1.000000 0.000000 0.000000  0.480469 0.480469
36  2.438939 -18.249432 3.938223  -1.000000 0.000000 0.000000  0.683594 0.480469
36  2.438940 -20.509432 5.218223  -1.000000 -0.000000 0.000001  0.988281 0.667969
receiver.bmp
36  2.438940 -20.509432 5.218223  -1.000000 -0.000000 0.000001  0.988281 0.667969
36  2.438939 -18.249432 3.938223  -1.000000 0.000000 0.000000  0.683594 0.480469
36  2.438939 -20.249432 4.328223  -1.000000 -0.000000 0.000001  0.957031 0.539063
receiver.bmp
36  2.438939 -18.249432 3.938223  -1.000000 0.000000 0.000000  0.683594 0.480469
36  2.438939 -20.249432 3.388223  -1.000000 0.000000 0.000000  0.957031 0.394531
36  2.438939 -20.249432 4.328223  -1.000000 -0.000000 0.000001  0.957031 0.539063
receiver.bmp
36  3.158939 -20.249432 3.388223  1.000000 0.000000 -0.000001  0.957031 0.394531
36  3.158939 -18.249432 3.938223  1.000000 0.000000 -0.000001  0.683594 0.480469
36  3.158940 -20.249432 4.328223  1.000000 0.000000 -0.000000  0.957031 0.539063
receiver.bmp
36  3.158940 -20.249432 4.328223  1.000000 0.000000 -0.000000  0.957031 0.539063
36  3.158939 -18.249432 3.938223  1.000000 0.000000 -0.000001  0.683594 0.480469
36  3.158939 -15.419432 4.458224  1.000000 -0.000000 -0.000000  0.292969 0.554688
receiver.bmp
36  3.158939 -18.249432 3.938223  1.000000 0.000000 -0.000001  0.683594 0.480469
36  3.158939 -16.859432 3.938224  1.000000 -0.000000 0.000000  0.480469 0.480469
36  3.158939 -15.419432 4.458224  1.000000 -0.000000 -0.000000  0.292969 0.554688
receiver.bmp
36  3.158939 -15.419432 4.458224  1.000000 -0.000000 -0.000000  0.292969 0.554688
36  3.158939 -16.859432 3.938224  1.000000 -0.000000 0.000000  0.480469 0.480469
36  3.158939 -15.619431 4.138224  1.000000 -0.000000 0.000000  0.312500 0.503906
receiver.bmp
36  3.158939 -16.859432 3.938224  1.000000 -0.000000 0.000000  0.480469 0.480469
36  3.158939 -16.629433 3.628223  1.000000 0.000000 0.000000  0.453125 0.437500
36  3.158939 -15.619431 4.138224  1.000000 -0.000000 0.000000  0.312500 0.503906
receiver.bmp
36  3.158939 -15.619431 4.138224  1.000000 -0.000000 0.000000  0.312500 0.503906
36  3.158939 -16.629433 3.628223  1.000000 0.000000 0.000000  0.453125 0.437500
36  3.158939 -15.619431 3.498224  1.000000 0.000000 -0.000000  0.312500 0.410156
receiver.bmp
36  3.158939 -16.629433 3.628223  1.000000 0.000000 0.000000  0.453125 0.437500
36  3.158939 -16.629431 3.358223  0.990362 -0.136339 -0.024378  0.453125 0.390625
36  3.158939 -15.619431 3.498224  1.000000 0.000000 -0.000000  0.312500 0.410156
receiver.bmp
36  3.158939 -15.619431 3.498224  1.000000 0.000000 -0.000000  0.312500 0.410156
36  3.158939 -16.629431 3.358223  0.990362 -0.136339 -0.024378  0.453125 0.390625
36  3.158939 -16.559431 2.998224  0.990363 -0.136330 -0.024401  0.445313 0.339844
receiver.bmp
36  3.158939 -16.629431 3.358223  0.990362 -0.136339 -0.024378  0.453125 0.390625
36  3.038939 -16.849432 3.058223  0.913677 -0.399456 -0.075035  0.484375 0.347656
36  3.158939 -16.559431 2.998224  0.990363 -0.136330 -0.024401  0.445313 0.339844
receiver.bmp
36  2.168940 -15.029432 5.988225  -0.855549 -0.517722 -0.000617  0.011719 0.500000
36  2.058939 -14.849432 6.248224  -1.000000 -0.000024 0.000000  0.046875 0.464844
36  2.058939 -14.849432 5.988225  -1.000000 0.000016 0.000009  0.011719 0.464844
receiver.bmp
36  2.058939 -14.849432 5.988225  -1.000000 0.000016 0.000009  0.011719 0.464844
36  2.058939 -14.849432 6.248224  -1.000000 -0.000024 0.000000  0.046875 0.464844
36  2.168940 -14.649432 5.988225  -0.664782 0.747031 -0.002909  0.011719 0.433594
receiver.bmp
36  2.058939 -14.849432 6.248224  -1.000000 -0.000024 0.000000  0.046875 0.464844
36  2.168940 -14.649432 6.248224  -0.333081 0.942893 -0.003075  0.046875 0.433594
36  2.168940 -14.649432 5.988225  -0.664782 0.747031 -0.002909  0.011719 0.433594
receiver.bmp
36  2.168940 -14.649432 5.988225  -0.664782 0.747031 -0.002909  0.011719 0.433594
36  2.168940 -14.649432 6.248224  -0.333081 0.942893 -0.003075  0.046875 0.433594
36  3.418940 -14.649432 5.988224  0.513016 0.858371 0.003687  0.011719 0.238281
receiver.bmp
36  2.168940 -14.649432 6.248224  -0.333081 0.942893 -0.003075  0.046875 0.433594
36  3.418940 -14.649432 6.248224  0.512981 0.858392 0.003655  0.046875 0.238281
36  3.418940 -14.649432 5.988224  0.513016 0.858371 0.003687  0.011719 0.238281
receiver.bmp
36  3.418940 -14.649432 5.988224  0.513016 0.858371 0.003687  0.011719 0.238281
36  3.418940 -14.649432 6.248224  0.512981 0.858392 0.003655  0.046875 0.238281
36  3.528940 -14.849432 6.248224  1.000000 -0.000024 0.000000  0.046875 0.203125
receiver.bmp
41  2.354992 -20.240791 5.709080  0.000000 -1.000000 0.000000  0.941406 0.273438
41  2.554992 -20.240791 5.339079  0.000000 -1.000000 0.000000  0.941406 0.214844
41  2.554992 -20.240791 5.859079  0.000000 -1.000000 0.000000  0.941406 0.296875
receiver.bmp
41  2.554992 -20.240791 5.859079  0.000000 -1.000000 0.000000  0.941406 0.296875
41  2.554992 -20.240791 5.339079  0.000000 -1.000000 0.000000  0.941406 0.214844
41  2.794992 -20.240791 5.859079  0.000000 -1.000000 0.000000  0.941406 0.296875
receiver.bmp
41  2.554992 -20.240791 5.339079  0.000000 -1.000000 0.000000  0.941406 0.214844
41  2.794992 -20.240791 5.349079  0.000000 -1.000000 0.000000  0.941406 0.214844
41  2.794992 -20.240791 5.859079  0.000000 -1.000000 0.000000  0.941406 0.296875
receiver.bmp
41  2.794992 -20.240791 5.859079  0.000000 -1.000000 0.000000  0.941406 0.296875
41  2.794992 -20.240791 5.349079  0.000000 -1.000000 0.000000  0.941406 0.214844
41  2.984992 -20.240791 5.709079  0.000000 -1.000000 0.000000  0.941406 0.273438
receiver.bmp
41  2.794992 -20.240791 5.349079  0.000000 -1.000000 0.000000  0.941406 0.214844
41  2.984992 -20.240791 5.479079  0.000000 -1.000000 0.000000  0.941406 0.234375
41  2.984992 -20.240791 5.709079  0.000000 -1.000000 0.000000  0.941406 0.273438
receiver.bmp
41  2.354992 -17.700790 5.469080  0.001826 0.999995 -0.002526  0.589844 0.234375
41  2.554992 -17.700790 5.859080  0.001826 0.999995 -0.002526  0.589844 0.296875
41  2.554991 -17.700790 5.349080  0.001825 0.999995 -0.002525  0.589844 0.214844
receiver.bmp
41  2.554991 -17.700790 5.349080  0.001825 0.999995 -0.002525  0.589844 0.214844
41  2.554992 -17.700790 5.859080  0.001826 0.999995 -0.002526  0.589844 0.296875
41  2.804992 -17.700790 5.349080  0.001825 0.999995 -0.002525  0.589844 0.214844
receiver.bmp
41  2.554992 -17.700790 5.859080  0.001826 0.999995 -0.002526  0.589844 0.296875
41  2.794992 -17.700790 5.859080  0.001826 0.999995 -0.002524  0.589844 0.296875
41  2.804992 -17.700790 5.349080  0.001825 0.999995 -0.002525  0.589844 0.214844
receiver.bmp
41  2.804992 -17.700790 5.349080  0.001825 0.999995 -0.002525  0.589844 0.214844
41  2.794992 -17.700790 5.859080  0.001826 0.999995 -0.002524  0.589844 0.296875
41  2.984992 -17.700790 5.479080  0.001825 0.999995 -0.002525  0.589844 0.234375
receiver.bmp
41  2.794992 -17.700790 5.859080  0.001826 0.999995 -0.002524  0.589844 0.296875
41  2.984992 -17.700790 5.709080  0.001825 0.999995 -0.002525  0.589844 0.273438
41  2.984992 -17.700790 5.479080  0.001825 0.999995 -0.002525  0.589844 0.234375
receiver.bmp
36  2.438940 -20.509432 5.218223  0.000000 -1.000000 0.000000  0.988281 0.667969
36  2.238940 -20.509432 5.728223  0.000000 -1.000000 0.000000  0.988281 0.765625
36  2.238940 -20.509432 5.448224  0.000000 -1.000000 0.000000  0.988281 0.726563
receiver.bmp
36  2.438940 -20.509432 5.218223  0.000000 -1.000000 0.000000  0.988281 0.667969
36  2.438940 -20.509432 5.948224  0.000000 -1.000000 0.000000  0.988281 0.832031
36  2.238940 -20.509432 5.728223  0.000000 -1.000000 0.000000  0.988281 0.765625
receiver.bmp
36  2.438940 -20.509432 5.218223  0.000000 -1.000000 0.000000  0.988281 0.667969
36  3.158940 -20.509432 6.288223  0.000000 -1.000000 0.000000  0.988281 0.886719
36  2.438940 -20.509432 5.948224  0.000000 -1.000000 0.000000  0.988281 0.832031
receiver.bmp
36  2.438940 -20.509432 5.218223  0.000000 -1.000000 0.000000  0.988281 0.667969
36  3.158940 -20.509432 4.498223  0.000000 -1.000000 0.000000  0.988281 0.558594
36  3.158940 -20.509432 6.288223  0.000000 -1.000000 0.000000  0.988281 0.886719
receiver.bmp
36  2.438940 -20.509432 5.218223  0.000000 -1.000000 0.000000  0.988281 0.667969
36  2.438940 -20.509432 4.498223  0.000000 -1.000000 0.000000  0.988281 0.558594
36  3.158940 -20.509432 4.498223  0.000000 -1.000000 0.000000  0.988281 0.558594
receiver.bmp
36  2.438939 -14.669432 5.218225  0.000000 1.000000 0.000000  0.152344 0.679688
36  3.158939 -14.669432 4.458224  0.000000 1.000000 -0.000000  0.058594 0.554688
36  2.438939 -14.669432 4.458224  0.000000 1.000000 0.000000  0.152344 0.554688
receiver.bmp
36  2.438939 -14.669432 5.218225  0.000000 1.000000 0.000000  0.152344 0.679688
36  3.158940 -14.669433 6.288224  0.000000 1.000000 0.000001  0.058594 0.875000
36  3.158939 -14.669432 4.458224  0.000000 1.000000 -0.000000  0.058594 0.554688
receiver.bmp
36  2.438939 -14.669432 5.218225  0.000000 1.000000 0.000000  0.152344 0.679688
36  2.438940 -14.669433 5.958224  -0.000001 1.000000 0.000002  0.152344 0.832031
36  3.158940 -14.669433 6.288224  0.000000 1.000000 0.000001  0.058594 0.875000
receiver.bmp
36  2.438939 -14.669432 5.218225  0.000000 1.000000 0.000000  0.152344 0.679688
36  2.238940 -14.669433 5.778224  -0.000001 1.000000 0.000002  0.183594 0.769531
36  2.438940 -14.669433 5.958224  -0.000001 1.000000 0.000002  0.152344 0.832031
receiver.bmp
36  2.438939 -14.669432 5.218225  0.000000 1.000000 0.000000  0.152344 0.679688
36  2.238939 -14.669432 5.388224  0.000002 1.000000 -0.000002  0.183594 0.714844
36  2.238940 -14.669433 5.778224  -0.000001 1.000000 0.000002  0.183594 0.769531
receiver.bmp
36  2.438939 -15.109432 5.208224  -0.655170 -0.026014 -0.755033  0.238281 0.667969
36  2.238939 -15.329432 5.388224  -0.844403 0.004133 -0.535692  0.257813 0.714844
36  2.438939 -14.669432 5.218225  -0.669668 0.005728 -0.742639  0.183594 0.667969
receiver.bmp
36  2.438939 -14.669432 5.218225  -0.669668 0.005728 -0.742639  0.183594 0.667969
36  2.238939 -15.329432 5.388224  -0.844403 0.004133 -0.535692  0.257813 0.714844
36  2.238939 -14.669432 5.388224  -0.962164 0.000060 -0.272472  0.183594 0.714844
receiver.bmp
36  2.238939 -15.329432 5.388224  -0.844403 0.004133 -0.535692  0.257813 0.714844
36  2.238940 -15.339432 5.768224  -0.913323 -0.000568 0.407236  0.257813 0.777344
36  2.238939 -14.669432 5.388224  -0.962164 0.000060 -0.272472  0.183594 0.714844
receiver.bmp
36  2.238939 -14.669432 5.388224  -0.962164 0.000060 -0.272472  0.183594 0.714844
36  2.238940 -15.339432 5.768224  -0.913323 -0.000568 0.407236  0.257813 0.777344
36  2.238940 -14.669433 5.778224  -0.913320 -0.000595 0.407243  0.183594 0.777344
receiver.bmp
36  2.238940 -15.339432 5.768224  -0.913323 -0.000568 0.407236  0.257813 0.777344
36  2.438940 -14.669433 5.958224  -0.680651 -0.026838 0.732116  0.183594 0.832031
36  2.238940 -14.669433 5.778224  -0.913320 -0.000595 0.407243  0.183594 0.777344
receiver.bmp
36  2.438940 -15.239432 5.958224  -0.680441 -0.026917 0.732308  0.253906 0.832031
36  1.968940 -15.459433 5.788224  -0.886029 -0.263586 0.381412  0.308594 0.781250
36  2.238940 -16.419432 5.728224  -0.848728 -0.093267 0.520540  0.425781 0.765625
receiver.bmp
36  2.238940 -16.419432 5.728224  -0.848728 -0.093267 0.520540  0.425781 0.765625
36  1.968940 -15.459433 5.788224  -0.886029 -0.263586 0.381412  0.308594 0.781250
36  2.238940 -16.419432 5.448224  -0.945475 -0.123772 -0.301259  0.425781 0.718750
receiver.bmp
36  1.968940 -15.459433 5.788224  -0.886029 -0.263586 0.381412  0.308594 0.781250
36  1.968939 -15.459432 5.378224  -0.760257 -0.248453 -0.600233  0.308594 0.714844
36  2.238940 -16.419432 5.448224  -0.945475 -0.123772 -0.301259  0.425781 0.718750
receiver.bmp
36  2.238940 -16.419432 5.448224  -0.945475 -0.123772 -0.301259  0.425781 0.718750
36  1.968939 -15.459432 5.378224  -0.760257 -0.248453 -0.600233  0.308594 0.714844
36  2.438939 -15.109432 5.208224  -0.654941 -0.026082 -0.755230  0.238281 0.667969
receiver.bmp
36  2.438939 -15.419432 4.458224  -1.000000 -0.000000 0.000000  0.292969 0.554688
36  2.438939 -14.669432 5.218225  -1.000000 -0.000000 0.000000  0.183594 0.667969
36  2.438939 -14.669432 4.458224  -1.000000 0.000000 0.000000  0.183594 0.554688
receiver.bmp
36  2.438939 -15.419432 4.458224  -1.000000 -0.000000 0.000000  0.292969 0.554688
36  2.438939 -15.109432 5.208224  -1.000000 -0.000000 0.000000  0.238281 0.667969
36  2.438939 -14.669432 5.218225  -1.000000 -0.000000 0.000000  0.183594 0.667969
receiver.bmp
36  2.438939 -15.419432 4.458224  -1.000000 -0.000000 0.000000  0.292969 0.554688
36  2.438940 -20.509432 5.218223  -1.000000 -0.000000 0.000001  0.988281 0.667969
36  2.438939 -15.109432 5.208224  -1.000000 -0.000000 0.000000  0.238281 0.667969
receiver.bmp
36  2.438939 -15.419432 4.458224  -1.000000 -0.000000 0.000000  0.292969 0.554688
36  2.438939 -15.619431 4.138224  -1.000000 -0.000000 0.000000  0.312500 0.503906
36  2.438940 -20.509432 5.218223  -1.000000 -0.000000 0.000001  0.988281 0.667969
receiver.bmp
36  3.158939 -15.419432 4.458224  1.000000 -0.000000 -0.000000  0.292969 0.554688
36  3.158940 -20.509432 4.498223  1.000000 0.000000 0.000000  0.988281 0.558594
36  3.158940 -20.249432 4.328223  1.000000 0.000000 -0.000000  0.957031 0.539063
receiver.bmp
36  3.158939 -15.419432 4.458224  1.000000 -0.000000 -0.000000  0.292969 0.554688
36  3.158940 -20.509432 6.288223  1.000000 0.000000 -0.000000  0.988281 0.886719
36  3.158940 -20.509432 4.498223  1.000000 0.000000 0.000000  0.988281 0.558594
receiver.bmp
36  3.158939 -15.419432 4.458224  1.000000 -0.000000 -0.000000  0.292969 0.554688
36  3.158940 -14.669433 6.288224  1.000000 -0.000000 -0.000001  0.183594 0.886719
36  3.158940 -20.509432 6.288223  1.000000 0.000000 -0.000000  0.988281 0.886719
receiver.bmp
36  3.158939 -15.419432 4.458224  1.000000 -0.000000 -0.000000  0.292969 0.554688
36  3.158939 -14.669432 4.458224  1.000000 0.000000 -0.000001  0.183594 0.554688
36  3.158940 -14.669433 6.288224  1.000000 -0.000000 -0.000001  0.183594 0.886719
receiver.bmp
36  2.058939 -14.849432 6.248224  -0.000045 0.001054 0.999999  0.070313 0.230469
36  2.168940 -15.029432 6.248224  -0.000032 0.000766 1.000000  0.046875 0.246094
36  2.168940 -14.649432 6.248224  -0.000037 0.000862 1.000000  0.097656 0.246094
receiver.bmp
36  2.168940 -14.649432 6.248224  -0.000037 0.000862 1.000000  0.097656 0.246094
36  2.168940 -15.029432 6.248224  -0.000032 0.000766 1.000000  0.046875 0.246094
36  3.418940 -14.649432 6.248224  -0.000033 0.000766 1.000000  0.097656 0.429688
receiver.bmp
36  2.168940 -15.029432 6.248224  -0.000032 0.000766 1.000000  0.046875 0.246094
36  3.418940 -15.029432 6.248224  -0.000037 0.000862 1.000000  0.046875 0.429688
36  3.418940 -14.649432 6.248224  -0.000033 0.000766 1.000000  0.097656 0.429688
receiver.bmp
36  3.418940 -14.649432 6.248224  -0.000033 0.000766 1.000000  0.097656 0.429688
36  3.418940 -15.029432 6.248224  -0.000037 0.000862 1.000000  0.046875 0.429688
36  3.528940 -14.849432 6.248224  -0.000045 0.001054 0.999999  0.070313 0.445313
receiver.bmp
36  3.158939 -15.619431 4.138224  0.622933 0.782275 -0.000031  0.312500 0.503906
36  3.158939 -15.619431 3.498224  0.615568 0.771680 0.159955  0.312500 0.410156
36  2.808939 -15.339432 4.128224  0.622971 0.782245 -0.000030  0.238281 0.503906
receiver.bmp
36  2.808939 -15.339432 4.128224  0.622971 0.782245 -0.000030  0.238281 0.503906
36  3.158939 -15.619431 3.498224  0.615568 0.771680 0.159955  0.312500 0.410156
36  2.808939 -15.339432 3.498224  0.607209 0.729000 0.316000  0.238281 0.410156
receiver.bmp
36  3.158939 -15.619431 3.498224  0.615568 0.771680 0.159955  0.312500 0.410156
36  3.158938 -13.989431 1.098224  0.575961 0.674368 0.462057  0.089844 0.046875
36  2.808939 -15.339432 3.498224  0.607209 0.729000 0.316000  0.238281 0.410156
receiver.bmp
36  2.808939 -15.339432 3.498224  0.607209 0.729000 0.316000  0.238281 0.410156
36  3.158938 -13.989431 1.098224  0.575961 0.674368 0.462057  0.089844 0.046875
36  2.808938 -13.709432 1.158224  0.575971 0.674359 0.462057  0.023438 0.062500
receiver.bmp
36  2.438939 -15.619431 3.498224  -1.000000 0.000000 0.000000  0.312500 0.410156
36  2.438938 -13.989431 1.098224  -1.000000 -0.000000 0.000000  0.089844 0.046875
36  2.438939 -16.559431 2.998224  -1.000000 -0.000000 0.000000  0.445313 0.339844
receiver.bmp
36  2.438939 -16.559431 2.998224  -1.000000 -0.000000 0.000000  0.445313 0.339844
36  2.438938 -13.989431 1.098224  -1.000000 -0.000000 0.000000  0.089844 0.046875
36  2.438938 -15.399431 1.208224  -1.000000 -0.000000 0.000000  0.281250 0.062500
receiver.bmp
36  2.438938 -13.989431 1.098224  -1.000000 -0.000000 0.000000  0.089844 0.046875
36  2.438938 -15.519431 0.848224  -1.000000 -0.000000 0.000000  0.296875 0.011719
36  2.438938 -15.399431 1.208224  -1.000000 -0.000000 0.000000  0.281250 0.062500
receiver.bmp
36  3.158939 -16.559431 2.998224  0.990363 -0.136330 -0.024401  0.445313 0.339844
36  3.158938 -15.399431 1.208223  1.000000 -0.000000 -0.000000  0.281250 0.062500
36  3.158939 -15.619431 3.498224  1.000000 0.000000 -0.000000  0.312500 0.410156
receiver.bmp
36  3.158939 -15.619431 3.498224  1.000000 0.000000 -0.000000  0.312500 0.410156
36  3.158938 -15.399431 1.208223  1.000000 -0.000000 -0.000000  0.281250 0.062500
36  3.158938 -13.989431 1.098224  1.000000 -0.000000 -0.000000  0.089844 0.046875
receiver.bmp
36  3.158938 -15.399431 1.208223  1.000000 -0.000000 -0.000000  0.281250 0.062500
36  3.158938 -15.519431 0.848223  1.000000 -0.000000 0.000000  0.296875 0.011719
36  3.158938 -13.989431 1.098224  1.000000 -0.000000 -0.000000  0.089844 0.046875
receiver.bmp
36  2.438940 -20.509432 6.288223  -1.000000 -0.000000 0.000000  0.988281 0.886719
36  2.438940 -14.669433 6.288224  -1.000000 -0.000000 0.000000  0.183594 0.886719
36  2.438940 -20.509432 5.948224  -1.000000 -0.000000 0.000000  0.988281 0.832031
receiver.bmp
36  2.438940 -20.509432 5.948224  -1.000000 -0.000000 0.000000  0.988281 0.832031
36  2.438940 -14.669433 6.288224  -1.000000 -0.000000 0.000000  0.183594 0.886719
36  2.438940 -15.239432 5.958224  -1.000000 0.000000 0.000000  0.253906 0.832031
receiver.bmp
36  2.438940 -14.669433 6.288224  -1.000000 -0.000000 0.000000  0.183594 0.886719
36  2.438940 -14.669433 5.958224  -1.000000 0.000000 0.000000  0.183594 0.832031
36  2.438940 -15.239432 5.958224  -1.000000 0.000000 0.000000  0.253906 0.832031
receiver.bmp
36  1.968939 -15.459432 5.378224  -0.415429 0.868906 0.269112  0.308594 0.714844
36  1.968940 -15.459433 5.788224  -0.412371 0.910963 -0.009855  0.308594 0.781250
36  2.238939 -15.329432 5.388224  -0.416221 0.890900 0.181817  0.257813 0.714844
receiver.bmp
36  2.238939 -15.329432 5.388224  -0.416221 0.890900 0.181817  0.257813 0.714844
36  1.968940 -15.459433 5.788224  -0.412371 0.910963 -0.009855  0.308594 0.781250
36  2.238940 -15.339432 5.768224  -0.412361 0.910967 -0.009876  0.257813 0.777344
receiver.bmp
36  1.968940 -15.459433 5.788224  -0.412371 0.910963 -0.009855  0.308594 0.781250
36  2.438940 -15.239432 5.958224  -0.412367 0.910964 -0.009884  0.253906 0.832031
36  2.238940 -15.339432 5.768224  -0.412361 0.910967 -0.009876  0.257813 0.777344
receiver.bmp
36  2.348940 -17.119432 5.848224  -0.427537 0.817378 0.386142  0.523438 0.812500
36  2.238940 -17.119432 5.718224  -0.556327 0.809329 0.188377  0.523438 0.765625
36  2.048940 -17.319431 5.928224  -0.530283 0.799946 0.280869  0.550781 0.789063
receiver.bmp
36  2.048940 -17.319431 5.928224  -0.530283 0.799946 0.280869  0.550781 0.789063
36  2.238940 -17.119432 5.718224  -0.556327 0.809329 0.188377  0.523438 0.765625
36  1.968940 -17.319431 5.628224  -0.609302 0.788355 0.085133  0.550781 0.746094
receiver.bmp
36  2.238940 -17.119432 5.718224  -0.556327 0.809329 0.188377  0.523438 0.765625
36  2.238940 -17.119432 5.438224  -0.592487 0.805580 0.000032  0.523438 0.718750
36  1.968940 -17.319431 5.628224  -0.609302 0.788355 0.085133  0.550781 0.746094
receiver.bmp
36  2.238940 -17.879433 5.448224  -0.905482 -0.424386 -0.000025  0.625000 0.726563
36  2.238940 -17.879433 5.728224  -0.857263 -0.425816 0.289451  0.625000 0.769531
36  1.968940 -17.319431 5.628224  -0.906794 -0.403254 0.122927  0.550781 0.746094
receiver.bmp
36  1.968940 -17.319431 5.628224  -0.906794 -0.403254 0.122927  0.550781 0.746094
36  2.238940 -17.879433 5.728224  -0.857263 -0.425816 0.289451  0.625000 0.769531
36  2.048940 -17.319431 5.928224  -0.804544 -0.412316 0.427438  0.550781 0.789063
receiver.bmp
36  2.238940 -17.879433 5.728224  -0.857263 -0.425816 0.289451  0.625000 0.769531
36  2.348940 -17.879433 5.858224  -0.679966 -0.431222 0.593038  0.625000 0.816406
36  2.048940 -17.319431 5.928224  -0.804544 -0.412316 0.427438  0.550781 0.789063
receiver.bmp
36  2.938940 -17.889433 5.448224  -0.000018 -1.000000 -0.000039  0.625000 0.726563
36  2.938940 -17.879433 5.848224  -0.000013 -1.000000 -0.000043  0.625000 0.816406
36  2.238940 -17.879433 5.448224  -0.000011 -1.000000 -0.000047  0.625000 0.726563
receiver.bmp
36  2.238940 -17.879433 5.448224  -0.000011 -1.000000 -0.000047  0.625000 0.726563
36  2.938940 -17.879433 5.848224  -0.000013 -1.000000 -0.000043  0.625000 0.816406
36  2.238940 -17.879433 5.728224  0.000000 -1.000000 0.000001  0.625000 0.769531
receiver.bmp
36  2.938940 -17.879433 5.848224  -0.000013 -1.000000 -0.000043  0.625000 0.816406
36  2.348940 -17.879433 5.858224  0.000000 -1.000000 0.000003  0.625000 0.816406
36  2.238940 -17.879433 5.728224  0.000000 -1.000000 0.000001  0.625000 0.769531
receiver.bmp
36  2.168940 -14.649432 5.988225  0.000002 0.000479 -1.000000  0.097656 0.246094
36  3.418940 -14.649432 5.988224  0.000002 0.000479 -1.000000  0.097656 0.429688
36  2.168940 -15.029432 5.988225  0.000002 0.000479 -1.000000  0.046875 0.246094
receiver.bmp
36  2.168940 -15.029432 5.988225  0.000002 0.000479 -1.000000  0.046875 0.246094
36  3.418940 -14.649432 5.988224  0.000002 0.000479 -1.000000  0.097656 0.429688
36  3.418940 -15.029432 5.988224  0.000002 0.000479 -1.000000  0.046875 0.429688
receiver.bmp
36  3.418940 -14.649432 5.988224  0.000002 0.000479 -1.000000  0.097656 0.429688
36  3.528940 -14.849432 5.988224  0.000002 0.000575 -1.000000  0.070313 0.445313
36  3.418940 -15.029432 5.988224  0.000002 0.000479 -1.000000  0.046875 0.429688
receiver.bmp
36  3.418940 -14.649432 5.988224  0.513016 0.858371 0.003687  0.011719 0.238281
36  3.528940 -14.849432 6.248224  1.000000 -0.000024 0.000000  0.046875 0.203125
36  3.528940 -14.849432 5.988224  1.000000 0.000015 0.000000  0.011719 0.207031
receiver.bmp
36  3.528940 -14.849432 5.988224  1.000000 0.000015 0.000000  0.011719 0.207031
36  3.528940 -14.849432 6.248224  1.000000 -0.000024 0.000000  0.046875 0.203125
36  3.418940 -15.029432 5.988224  0.867971 -0.496593 0.004638  0.011719 0.175781
receiver.bmp
36  3.528940 -14.849432 6.248224  1.000000 -0.000024 0.000000  0.046875 0.203125
36  3.418940 -15.029432 6.248224  0.867970 -0.496595 0.004648  0.046875 0.175781
36  3.418940 -15.029432 5.988224  0.867971 -0.496593 0.004638  0.011719 0.175781
receiver.bmp
38  2.694991 -17.071457 4.162938  -0.999694 -0.024608 -0.002338  0.511719 0.257813
38  2.694991 -16.971457 3.502938  -0.999694 -0.024618 -0.002331  0.496094 0.164063
38  2.704991 -17.301456 4.142938  -0.999694 -0.024619 -0.002342  0.539063 0.257813
receiver.bmp
38  2.704991 -17.301456 4.142938  -0.999694 -0.024619 -0.002342  0.539063 0.257813
38  2.694991 -16.971457 3.502938  -0.999694 -0.024618 -0.002331  0.496094 0.164063
38  2.704991 -17.111458 3.502938  -0.998253 -0.057077 0.015295  0.519531 0.164063
receiver.bmp
38  2.694991 -16.971457 3.502938  -0.999694 -0.024618 -0.002331  0.496094 0.164063
38  2.694991 -17.291456 3.122938  -0.998254 -0.057050 0.015295  0.539063 0.105469
38  2.704991 -17.111458 3.502938  -0.998253 -0.057077 0.015295  0.519531 0.164063
receiver.bmp
38  2.914991 -17.291456 3.122937  0.997129 0.056907 -0.049957  0.539063 0.105469
38  2.914991 -16.971457 3.502938  0.998890 0.046154 -0.009366  0.496094 0.164063
38  2.924991 -17.111458 3.502938  0.998890 0.046176 -0.009361  0.519531 0.164063
receiver.bmp
38  2.924991 -17.111458 3.502938  0.998890 0.046176 -0.009361  0.519531 0.164063
38  2.914991 -16.971457 3.502938  0.998890 0.046154 -0.009366  0.496094 0.164063
38  2.924991 -17.301456 4.142938  0.998890 0.046178 -0.009347  0.539063 0.257813
receiver.bmp
38  2.914991 -16.971457 3.502938  0.998891 0.046143 -0.009361  0.496094 0.164063
38  2.924991 -17.071457 4.162938  0.998891 0.046144 -0.009362  0.511719 0.257813
38  2.924991 -17.301456 4.142938  0.998891 0.046144 -0.009366  0.539063 0.257813
receiver.bmp
36  3.158939 -15.419432 4.458224  0.000002 0.000479 -1.000000  0.292969 0.554688
36  2.808939 -15.139432 4.458224  0.000002 0.000479 -1.000000  0.207031 0.554688
36  3.158939 -14.669432 4.458224  0.000002 0.000479 -1.000000  0.183594 0.554688
receiver.bmp
36  3.158939 -14.669432 4.458224  0.000002 0.000479 -1.000000  0.183594 0.554688
36  2.808939 -15.139432 4.458224  0.000002 0.000479 -1.000000  0.207031 0.554688
36  2.438939 -14.669432 4.458224  0.000002 0.000479 -1.000000  0.183594 0.554688
receiver.bmp
36  2.808939 -15.139432 4.458224  0.000002 0.000479 -1.000000  0.207031 0.554688
36  2.438939 -15.419432 4.458224  0.000000 0.000479 -1.000000  0.292969 0.554688
36  2.438939 -14.669432 4.458224  0.000002 0.000479 -1.000000  0.183594 0.554688
receiver.bmp
36  2.808939 -15.339432 4.128224  -0.592529 0.805549 0.000032  0.238281 0.503906
36  2.808939 -15.339432 3.498224  -0.594750 0.737652 0.319597  0.238281 0.410156
36  2.438939 -15.619431 3.498224  -0.603162 0.781080 0.161584  0.312500 0.410156
receiver.bmp
36  2.438939 -15.619431 3.498224  -0.603162 0.781080 0.161584  0.312500 0.410156
36  2.808939 -15.339432 3.498224  -0.594750 0.737652 0.319597  0.238281 0.410156
36  2.438938 -13.989431 1.098224  -0.563484 0.681539 0.466894  0.089844 0.046875
receiver.bmp
36  2.808939 -15.339432 3.498224  -0.594750 0.737652 0.319597  0.238281 0.410156
36  2.808938 -13.709432 1.158224  -0.563502 0.681526 0.466893  0.023438 0.062500
36  2.438938 -13.989431 1.098224  -0.563484 0.681539 0.466894  0.089844 0.046875
receiver.bmp
36  2.808938 -13.709432 1.158224  0.000027 0.223852 -0.974623  0.023438 0.062500
36  3.158938 -13.989431 1.098224  -0.000000 0.159636 -0.987176  0.089844 0.046875
36  2.438938 -13.989431 1.098224  -0.000040 0.159614 -0.987180  0.089844 0.046875
receiver.bmp
36  2.438938 -13.989431 1.098224  -0.000040 0.159614 -0.987180  0.089844 0.046875
36  3.158938 -13.989431 1.098224  -0.000000 0.159636 -0.987176  0.089844 0.046875
36  2.438938 -15.519431 0.848224  -0.000040 0.159605 -0.987181  0.296875 0.011719
receiver.bmp
36  3.158938 -13.989431 1.098224  -0.000000 0.159636 -0.987176  0.089844 0.046875
36  3.158938 -15.519431 0.848223  -0.000038 0.159700 -0.987166  0.296875 0.011719
36  2.438938 -15.519431 0.848224  -0.000040 0.159605 -0.987181  0.296875 0.011719
receiver.bmp
36  3.158938 -15.519431 0.848223  -0.000022 -0.950575 0.310495  0.296875 0.011719
36  3.158938 -15.399431 1.208223  -0.000022 -0.950576 0.310493  0.281250 0.062500
36  2.438938 -15.519431 0.848224  -0.000022 -0.950576 0.310491  0.296875 0.011719
receiver.bmp
36  2.438938 -15.519431 0.848224  -0.000022 -0.950576 0.310491  0.296875 0.011719
36  3.158938 -15.399431 1.208223  -0.000022 -0.950576 0.310493  0.281250 0.062500
36  2.438938 -15.399431 1.208224  0.000000 -0.950577 0.310489  0.281250 0.062500
receiver.bmp
36  3.158938 -15.399431 1.208223  -0.000039 -0.840026 -0.542546  0.281250 0.062500
36  3.158939 -16.559431 2.998224  -0.000038 -0.840000 -0.542587  0.445313 0.339844
36  2.438938 -15.399431 1.208224  -0.000038 -0.840000 -0.542587  0.281250 0.062500
receiver.bmp
36  2.438938 -15.399431 1.208224  -0.000038 -0.840000 -0.542587  0.281250 0.062500
36  3.158939 -16.559431 2.998224  -0.000038 -0.840000 -0.542587  0.445313 0.339844
36  2.438939 -16.559431 2.998224  -0.000038 -0.839999 -0.542587  0.445313 0.339844
receiver.bmp
36  3.158939 -16.859432 3.938224  0.000002 0.000480 -1.000000  0.480469 0.480469
36  3.158939 -18.249432 3.938223  0.000002 0.000480 -1.000000  0.683594 0.480469
36  2.438939 -16.859432 3.938224  0.000002 0.000480 -1.000000  0.480469 0.480469
receiver.bmp
36  2.438939 -16.859432 3.938224  0.000002 0.000480 -1.000000  0.480469 0.480469
36  3.158939 -18.249432 3.938223  0.000002 0.000480 -1.000000  0.683594 0.480469
36  2.438939 -18.249432 3.938223  0.000000 0.000480 -1.000000  0.683594 0.480469
receiver.bmp
36  3.158939 -18.249432 3.938223  0.000000 1.000000 0.000000  0.679688 0.476563
36  3.158939 -18.249432 2.998223  0.000000 1.000000 0.000000  0.679688 0.355469
36  2.438939 -18.249432 3.938223  0.000000 1.000000 0.000000  0.578125 0.476563
receiver.bmp
36  2.438939 -18.249432 3.938223  0.000000 1.000000 0.000000  0.578125 0.476563
36  3.158939 -18.249432 2.998223  0.000000 1.000000 0.000000  0.679688 0.355469
36  2.438939 -18.249432 2.998223  0.000000 1.000000 0.000000  0.578125 0.355469
receiver.bmp
36  3.158939 -18.249432 2.998223  0.000012 -0.187582 -0.982249  0.683594 0.339844
36  3.158939 -20.249432 3.388223  0.000012 -0.187629 -0.982240  0.957031 0.394531
36  2.438939 -18.249432 2.998223  0.000012 -0.187629 -0.982240  0.683594 0.339844
receiver.bmp
36  2.438939 -18.249432 2.998223  0.000012 -0.187629 -0.982240  0.683594 0.339844
36  3.158939 -20.249432 3.388223  0.000012 -0.187629 -0.982240  0.957031 0.394531
36  2.438939 -20.249432 3.388223  0.000000 -0.187582 -0.982249  0.957031 0.394531
receiver.bmp
36  3.158939 -20.249432 3.388223  0.000000 -1.000000 0.000000  0.957031 0.394531
36  3.158940 -20.249432 4.328223  0.000000 -1.000000 0.000000  0.957031 0.539063
36  2.438939 -20.249432 3.388223  0.000000 -1.000000 0.000000  0.957031 0.394531
receiver.bmp
36  2.438939 -20.249432 3.388223  0.000000 -1.000000 0.000000  0.957031 0.394531
36  3.158940 -20.249432 4.328223  0.000000 -1.000000 0.000000  0.957031 0.539063
36  2.438939 -20.249432 4.328223  0.000000 -1.000000 0.000000  0.957031 0.539063
receiver.bmp
36  3.158940 -20.249432 4.328223  0.000000 -0.554050 -0.832483  0.957031 0.539063
36  3.158940 -20.509432 4.498223  0.000001 -0.554051 -0.832483  0.988281 0.558594
36  2.438939 -20.249432 4.328223  0.000001 -0.554053 -0.832481  0.957031 0.539063
receiver.bmp
36  2.438939 -20.249432 4.328223  0.000001 -0.554053 -0.832481  0.957031 0.539063
36  3.158940 -20.509432 4.498223  0.000001 -0.554051 -0.832483  0.988281 0.558594
36  2.438940 -20.509432 4.498223  0.000000 -0.554054 -0.832481  0.988281 0.558594
receiver.bmp
36  2.438939 -16.849432 3.058224  -0.000045 0.001053 0.999999  0.578125 0.347656
36  2.438939 -18.259432 3.058223  -0.000037 0.000862 1.000000  0.578125 0.472656
36  3.038939 -16.849432 3.058223  0.220986 0.001085 0.975276  0.675781 0.351563
receiver.bmp
36  3.038939 -16.849432 3.058223  0.220986 0.001085 0.975276  0.675781 0.351563
36  2.438939 -18.259432 3.058223  -0.000037 0.000862 1.000000  0.578125 0.472656
36  3.038939 -18.259432 3.058223  0.221340 0.001077 0.975196  0.675781 0.472656
receiver.bmp
36  3.038939 -18.259432 3.058223  0.221340 0.001077 0.975196  0.683594 0.347656
36  3.158939 -18.249432 2.998223  0.431699 0.001064 0.902017  0.683594 0.339844
36  3.038939 -16.849432 3.058223  0.220986 0.001085 0.975276  0.484375 0.347656
receiver.bmp
36  3.038939 -16.849432 3.058223  0.221619 0.001070 0.975133  0.484375 0.347656
36  3.158939 -18.249432 2.998223  0.431694 0.001069 0.902019  0.683594 0.339844
36  3.158939 -16.559431 2.998224  0.431694 0.001070 0.902019  0.445313 0.339844
receiver.bmp
36  3.158939 -18.249432 2.998223  0.000002 0.000480 -1.000000  0.683594 0.339844
36  2.438939 -18.249432 2.998223  0.000002 0.000480 -1.000000  0.683594 0.339844
36  3.158939 -16.559431 2.998224  0.000002 0.000480 -1.000000  0.445313 0.339844
receiver.bmp
36  3.158939 -16.559431 2.998224  0.000002 0.000480 -1.000000  0.445313 0.339844
36  2.438939 -18.249432 2.998223  0.000000 0.000480 -1.000000  0.683594 0.339844
36  2.438939 -16.559431 2.998224  0.000002 0.000480 -1.000000  0.445313 0.339844
receiver.bmp
41  2.804992 -17.700790 5.349080  0.003164 0.000020 -0.999995  0.589844 0.214844
41  2.794992 -20.240791 5.349079  0.003139 0.000021 -0.999995  0.941406 0.214844
41  2.554991 -17.700790 5.349080  0.003043 0.000053 -0.999995  0.589844 0.214844
receiver.bmp
41  2.554991 -17.700790 5.349080  0.003043 0.000053 -0.999995  0.589844 0.214844
41  2.794992 -20.240791 5.349079  0.003139 0.000021 -0.999995  0.941406 0.214844
41  2.554992 -20.240791 5.339079  0.003155 0.000022 -0.999995  0.941406 0.214844
receiver.bmp
41  2.554992 -20.240791 5.339079  -0.542748 0.000615 -0.839895  0.941406 0.214844
41  2.354992 -20.240791 5.469079  -0.542751 0.000636 -0.839893  0.941406 0.234375
41  2.554991 -17.700790 5.349080  -0.542729 0.000613 -0.839907  0.589844 0.214844
receiver.bmp
41  2.554991 -17.700790 5.349080  -0.542729 0.000613 -0.839907  0.589844 0.214844
41  2.354992 -20.240791 5.469079  -0.542751 0.000636 -0.839893  0.941406 0.234375
41  2.354992 -17.700790 5.469080  -0.542731 0.000616 -0.839907  0.589844 0.234375
receiver.bmp
41  2.794992 -20.240791 5.349079  0.577981 0.000579 -0.816050  0.941406 0.214844
41  2.804992 -17.700790 5.349080  0.577966 0.000579 -0.816061  0.589844 0.214844
41  2.984992 -20.240791 5.479079  0.577968 0.000576 -0.816059  0.941406 0.234375
receiver.bmp
41  2.984992 -20.240791 5.479079  0.577968 0.000576 -0.816059  0.941406 0.234375
41  2.804992 -17.700790 5.349080  0.577966 0.000579 -0.816061  0.589844 0.214844
41  2.984992 -17.700790 5.479080  0.577977 0.000578 -0.816053  0.589844 0.234375
receiver.bmp
41  2.984992 -20.240791 5.479079  0.999998 0.001870 0.000000  0.941406 0.234375
41  2.984992 -17.700790 5.479080  0.999998 0.001870 -0.000001  0.589844 0.234375
41  2.984992 -20.240791 5.709079  0.999998 0.001870 -0.000001  0.941406 0.273438
receiver.bmp
41  2.984992 -20.240791 5.709079  0.999998 0.001870 -0.000001  0.941406 0.273438
41  2.984992 -17.700790 5.479080  0.999998 0.001870 -0.000001  0.589844 0.234375
41  2.984992 -17.700790 5.709080  0.999998 0.001870 -0.000001  0.589844 0.273438
receiver.bmp
41  2.984992 -20.240791 5.709079  0.615698 0.000420 0.787982  0.941406 0.273438
41  2.984992 -17.700790 5.709080  0.615698 0.000421 0.787982  0.589844 0.273438
41  2.794992 -20.240791 5.859079  0.615698 0.000421 0.787982  0.941406 0.296875
receiver.bmp
41  2.794992 -20.240791 5.859079  0.615698 0.000421 0.787982  0.941406 0.296875
41  2.984992 -17.700790 5.709080  0.615698 0.000421 0.787982  0.589844 0.273438
41  2.794992 -17.700790 5.859080  0.615698 0.000421 0.787982  0.589844 0.296875
receiver.bmp
41  2.794992 -17.700790 5.859080  -0.016153 0.000241 0.999870  0.589844 0.296875
41  2.554992 -17.700790 5.859080  -0.016153 0.000240 0.999870  0.589844 0.296875
41  2.794992 -20.240791 5.859079  -0.016153 0.000240 0.999870  0.941406 0.296875
receiver.bmp
41  2.794992 -20.240791 5.859079  -0.016153 0.000240 0.999870  0.941406 0.296875
41  2.554992 -17.700790 5.859080  -0.016153 0.000240 0.999870  0.589844 0.296875
41  2.554992 -20.240791 5.859079  -0.016153 0.000240 0.999870  0.941406 0.296875
receiver.bmp
41  2.554992 -20.240791 5.859079  -0.601974 0.000577 0.798515  0.941406 0.296875
41  2.554992 -17.700790 5.859080  -0.601987 0.000581 0.798506  0.589844 0.296875
41  2.354992 -20.240791 5.709080  -0.601829 0.000495 0.798625  0.941406 0.273438
receiver.bmp
41  2.354992 -20.240791 5.709080  -0.601829 0.000495 0.798625  0.941406 0.273438
41  2.554992 -17.700790 5.859080  -0.601987 0.000581 0.798506  0.589844 0.296875
41  2.364992 -17.700790 5.709080  -0.601978 0.000586 0.798512  0.589844 0.273438
receiver.bmp
41  2.354992 -20.240791 5.709080  -0.999955 0.000926 0.009405  0.941406 0.273438
41  2.364992 -17.700790 5.709080  -0.999955 0.000916 0.009423  0.589844 0.273438
41  2.354992 -20.240791 5.469079  -0.999955 0.000919 0.009429  0.941406 0.234375
receiver.bmp
41  2.354992 -20.240791 5.469079  -0.999955 0.000919 0.009429  0.941406 0.234375
41  2.364992 -17.700790 5.709080  -0.999955 0.000916 0.009423  0.589844 0.273438
41  2.354992 -17.700790 5.469080  -0.999955 0.000916 0.009441  0.589844 0.234375
receiver.bmp
36  3.158940 -14.669433 6.288224  -0.000037 0.000862 1.000000  0.183594 0.988281
36  2.438940 -14.669433 6.288224  -0.000037 0.000862 1.000000  0.183594 0.886719
36  3.158940 -20.509432 6.288223  -0.000037 0.000862 1.000000  0.988281 0.988281
receiver.bmp
36  3.158940 -20.509432 6.288223  -0.000037 0.000862 1.000000  0.988281 0.988281
36  2.438940 -14.669433 6.288224  -0.000037 0.000862 1.000000  0.183594 0.886719
36  2.438940 -20.509432 6.288223  -0.000037 0.000862 1.000000  0.988281 0.886719
receiver.bmp
36  2.938940 -20.009432 5.848223  -1.000000 -0.000000 0.000000  0.921875 0.816406
36  2.938940 -17.879433 5.848224  -1.000000 0.000000 0.000000  0.625000 0.816406
36  2.938940 -20.009432 5.448223  -1.000000 -0.000000 0.000000  0.921875 0.726563
receiver.bmp
36  2.938940 -20.009432 5.448223  -1.000000 -0.000000 0.000000  0.921875 0.726563
36  2.938940 -17.879433 5.848224  -1.000000 0.000000 0.000000  0.625000 0.816406
36  2.938940 -17.889433 5.448224  -1.000000 0.000000 0.000000  0.625000 0.726563
receiver.bmp
36  2.238940 -20.159431 5.448224  -0.000036 0.000862 1.000000  0.941406 0.726563
36  2.938940 -20.009432 5.448223  -0.000037 0.000862 1.000000  0.921875 0.726563
36  2.238940 -17.879433 5.448224  -0.000041 0.000958 1.000000  0.625000 0.726563
receiver.bmp
36  2.238940 -17.879433 5.448224  -0.000041 0.000958 1.000000  0.625000 0.726563
36  2.938940 -20.009432 5.448223  -0.000037 0.000862 1.000000  0.921875 0.726563
36  2.938940 -17.889433 5.448224  -0.000041 0.000957 1.000000  0.625000 0.726563
receiver.bmp
36  2.348940 -17.879433 5.858224  0.000015 0.000537 -1.000000  0.625000 0.816406
36  2.938940 -17.879433 5.848224  0.000015 0.000539 -1.000000  0.625000 0.816406
36  2.348940 -20.009432 5.858223  0.000015 0.000533 -1.000000  0.921875 0.816406
receiver.bmp
36  2.348940 -20.009432 5.858223  0.000015 0.000533 -1.000000  0.921875 0.816406
36  2.938940 -17.879433 5.848224  0.000015 0.000539 -1.000000  0.625000 0.816406
36  2.938940 -20.009432 5.848223  0.000015 0.000538 -1.000000  0.921875 0.816406
receiver.bmp
36  2.168940 -15.029432 5.988225  0.000000 -1.000000 0.000000  0.046875 0.246094
36  3.418940 -15.029432 5.988224  0.000000 -1.000000 0.000000  0.046875 0.429688
36  2.168940 -15.029432 6.248224  0.000000 -1.000000 0.000000  0.046875 0.246094
receiver.bmp
36  2.168940 -15.029432 6.248224  0.000000 -1.000000 0.000000  0.046875 0.246094
36  3.418940 -15.029432 5.988224  0.000000 -1.000000 0.000000  0.046875 0.429688
36  3.418940 -15.029432 6.248224  0.000000 -1.000000 0.000000  0.046875 0.429688
receiver.bmp
36  2.438939 -16.849432 3.058224  -0.001847 -0.798588 0.601875  0.578125 0.347656
36  3.038939 -16.849432 3.058223  -0.001841 -0.798582 0.601883  0.675781 0.351563
36  2.438939 -16.629433 3.348224  -0.001864 -0.798604 0.601854  0.578125 0.421875
receiver.bmp
36  2.438939 -16.629433 3.348224  -0.001864 -0.798604 0.601854  0.578125 0.421875
36  3.038939 -16.849432 3.058223  -0.001841 -0.798582 0.601883  0.675781 0.351563
36  3.158939 -16.629431 3.358223  -0.001858 -0.798598 0.601863  0.675781 0.421875
receiver.bmp
36  2.438939 -16.629433 3.348224  0.000003 -1.000000 0.000000  0.453125 0.390625
36  3.158939 -16.629431 3.358223  0.000001 -1.000000 0.000000  0.453125 0.390625
36  2.438939 -16.629433 3.628224  0.000002 -1.000000 0.000000  0.453125 0.437500
receiver.bmp
36  2.438939 -16.629433 3.628224  0.000002 -1.000000 0.000000  0.453125 0.437500
36  3.158939 -16.629431 3.358223  0.000001 -1.000000 0.000000  0.453125 0.390625
36  3.158939 -16.629433 3.628223  -0.000000 -1.000000 0.000000  0.453125 0.437500
receiver.bmp
36  2.438939 -16.629433 3.628224  0.000812 -0.807363 -0.590054  0.453125 0.437500
36  3.158939 -16.629433 3.628223  0.000815 -0.807366 -0.590051  0.453125 0.437500
36  2.438939 -16.859432 3.938224  0.000814 -0.807364 -0.590053  0.480469 0.480469
receiver.bmp
36  2.438939 -16.859432 3.938224  0.000814 -0.807364 -0.590053  0.480469 0.480469
36  3.158939 -16.629433 3.628223  0.000815 -0.807366 -0.590051  0.453125 0.437500
36  3.158939 -16.859432 3.938224  0.000815 -0.807367 -0.590049  0.480469 0.480469
receiver.bmp
38  2.704991 -17.111458 3.502938  -0.000050 -0.896173 0.443704  0.519531 0.164063
38  2.694991 -17.291456 3.122938  -0.000050 -0.896176 0.443699  0.539063 0.105469
38  2.924991 -17.111458 3.502938  -0.000051 -0.896174 0.443702  0.519531 0.164063
receiver.bmp
38  2.924991 -17.111458 3.502938  -0.000051 -0.896174 0.443702  0.519531 0.164063
38  2.694991 -17.291456 3.122938  -0.000050 -0.896176 0.443699  0.539063 0.105469
38  2.914991 -17.291456 3.122937  -0.000050 -0.896177 0.443697  0.539063 0.105469
receiver.bmp
38  2.704991 -17.111458 3.502938  0.000000 -0.958648 -0.284596  0.519531 0.164063
38  2.924991 -17.111458 3.502938  0.000000 -0.958648 -0.284596  0.519531 0.164063
38  2.704991 -17.301456 4.142938  0.000000 -0.958648 -0.284596  0.539063 0.257813
receiver.bmp
38  2.704991 -17.301456 4.142938  0.000000 -0.958647 -0.284598  0.539063 0.257813
38  2.924991 -17.111458 3.502938  0.000000 -0.958647 -0.284598  0.519531 0.164063
38  2.924991 -17.301456 4.142938  0.000000 -0.958647 -0.284598  0.539063 0.257813
receiver.bmp
38  2.694991 -17.071457 4.162938  0.000063 0.988851 0.148906  0.511719 0.257813
38  2.924991 -17.071457 4.162938  0.000064 0.988851 0.148906  0.511719 0.257813
38  2.694991 -16.971457 3.502938  0.000064 0.988851 0.148906  0.496094 0.164063
receiver.bmp
38  2.694991 -16.971457 3.502938  0.000080 0.988887 0.148672  0.496094 0.164063
38  2.924991 -17.071457 4.162938  0.000080 0.988887 0.148672  0.511719 0.257813
38  2.914991 -16.971457 3.502938  0.000080 0.988887 0.148672  0.496094 0.164063
receiver.bmp
38  2.694991 -16.971457 3.502938  -0.000018 0.751029 -0.660269  0.496094 0.164063
38  2.914991 -16.971457 3.502938  -0.000001 0.751030 -0.660268  0.496094 0.164063
38  2.694991 -17.291456 3.122938  -0.000015 0.750999 -0.660303  0.539063 0.105469
receiver.bmp
38  2.694991 -17.291456 3.122938  -0.000015 0.750999 -0.660303  0.539063 0.105469
38  2.914991 -16.971457 3.502938  -0.000001 0.751030 -0.660268  0.496094 0.164063
38  2.914991 -17.291456 3.122937  -0.000018 0.751031 -0.660267  0.539063 0.105469
receiver.bmp
36  2.438939 -15.419432 4.458224  -0.531640 0.715194 -0.453714  0.292969 0.554688
36  2.808939 -15.139432 4.458224  -0.531621 0.715199 -0.453729  0.207031 0.554688
36  2.438939 -15.619431 4.138224  -0.531626 0.715199 -0.453722  0.312500 0.503906
receiver.bmp
36  2.438939 -15.619431 4.138224  -0.531626 0.715199 -0.453722  0.312500 0.503906
36  2.808939 -15.139432 4.458224  -0.531621 0.715199 -0.453729  0.207031 0.554688
36  2.808939 -15.339432 4.128224  -0.531642 0.715197 -0.453707  0.238281 0.503906
receiver.bmp
36  3.158939 -15.419432 4.458224  0.554996 0.708059 -0.436614  0.292969 0.554688
36  3.158939 -15.619431 4.138224  0.554985 0.708069 -0.436611  0.312500 0.503906
36  2.808939 -15.139432 4.458224  0.554985 0.708069 -0.436611  0.207031 0.554688
receiver.bmp
36  2.808939 -15.139432 4.458224  0.554985 0.708069 -0.436611  0.207031 0.554688
36  3.158939 -15.619431 4.138224  0.554985 0.708069 -0.436611  0.312500 0.503906
36  2.808939 -15.339432 4.128224  0.554995 0.708064 -0.436606  0.238281 0.503906
receiver.bmp
36  2.438939 -18.249432 3.938223  -1.000000 0.000000 0.000000  0.683594 0.480469
36  2.438939 -18.249432 2.998223  -1.000000 0.000000 0.000000  0.683594 0.339844
36  2.438939 -20.249432 3.388223  -1.000000 0.000000 0.000000  0.957031 0.394531
receiver.bmp
36  3.158939 -18.249432 3.938223  1.000000 0.000000 -0.000001  0.683594 0.480469
36  3.158939 -20.249432 3.388223  1.000000 0.000000 -0.000001  0.957031 0.394531
36  3.158939 -18.249432 2.998223  1.000000 -0.000000 0.000000  0.683594 0.339844
receiver.bmp
41  2.554992 -20.240791 5.339079  0.000000 -1.000000 0.000000  0.941406 0.214844
41  2.354992 -20.240791 5.709080  0.000000 -1.000000 0.000000  0.941406 0.273438
41  2.354992 -20.240791 5.469079  -0.000333 -1.000000 0.000041  0.941406 0.234375
receiver.bmp
41  2.554992 -17.700790 5.859080  0.001826 0.999995 -0.002526  0.589844 0.296875
41  2.354992 -17.700790 5.469080  0.001826 0.999995 -0.002526  0.589844 0.234375
41  2.364992 -17.700790 5.709080  0.001830 0.999995 -0.002530  0.589844 0.273438
receiver.bmp
36  2.438940 -14.669433 5.958224  -0.000001 1.000000 0.000002  0.152344 0.832031
36  2.438940 -14.669433 6.288224  0.000000 1.000000 0.000000  0.152344 0.875000
36  3.158940 -14.669433 6.288224  0.000000 1.000000 0.000001  0.058594 0.875000
receiver.bmp
36  2.438940 -14.669433 5.958224  -0.680651 -0.026838 0.732116  0.183594 0.832031
36  2.238940 -15.339432 5.768224  -0.913323 -0.000568 0.407236  0.257813 0.777344
36  2.438940 -15.239432 5.958224  -0.680660 -0.026826 0.732108  0.253906 0.832031
receiver.bmp
36  1.968939 -15.459432 5.378224  -0.415429 0.868906 0.269112  0.308594 0.714844
36  2.238939 -15.329432 5.388224  -0.416221 0.890900 0.181817  0.257813 0.714844
36  2.438939 -15.109432 5.208224  -0.381479 0.765011 0.518876  0.238281 0.667969
receiver.bmp
36  3.158940 -20.509432 6.288223  0.000000 -1.000000 0.000000  0.988281 0.886719
36  2.438940 -20.509432 6.288223  0.000000 -1.000000 0.000000  0.988281 0.886719
36  2.438940 -20.509432 5.948224  0.000000 -1.000000 0.000000  0.988281 0.832031
receiver.bmp
36  2.438939 -20.249432 4.328223  -1.000000 -0.000000 0.000001  0.957031 0.539063
36  2.438940 -20.509432 4.498223  -1.000000 -0.000003 0.000000  0.988281 0.558594
36  2.438940 -20.509432 5.218223  -1.000000 -0.000000 0.000001  0.988281 0.667969
receiver.bmp
36  2.238940 -17.879433 5.448224  -0.571181 -0.009547 -0.820768  0.625000 0.726563
36  1.968940 -17.319431 5.628224  -0.571267 -0.009447 -0.820710  0.550781 0.746094
36  2.238940 -17.119432 5.438224  -0.571267 -0.009447 -0.820710  0.523438 0.718750
receiver.bmp
36  2.048940 -17.319431 5.928224  0.221334 0.001095 0.975197  0.550781 0.789063
36  2.348940 -17.879433 5.858224  0.221335 0.001092 0.975197  0.625000 0.816406
36  2.348940 -17.119432 5.848224  0.221335 0.001092 0.975197  0.523438 0.812500
receiver.bmp
36  2.938940 -20.009432 5.448223  0.000000 1.000000 0.000000  0.921875 0.726563
36  2.348940 -20.009432 5.858223  0.000000 1.000000 0.000000  0.921875 0.816406
36  2.938940 -20.009432 5.848223  0.000000 1.000000 0.000000  0.921875 0.816406
receiver.bmp
36  2.938940 -20.009432 5.448223  -0.373434 0.752221 -0.542872  0.921875 0.726563
36  2.238940 -20.159431 5.728223  -0.373434 0.752221 -0.542872  0.941406 0.765625
36  2.348940 -20.009432 5.858223  -0.373434 0.752221 -0.542872  0.921875 0.816406
receiver.bmp
36  2.238940 -20.159431 5.728223  -0.202774 0.979226 -0.000034  0.941406 0.765625
36  2.938940 -20.009432 5.448223  -0.202774 0.979226 -0.000033  0.921875 0.726563
36  2.238940 -20.159431 5.448224  -0.202774 0.979226 -0.000033  0.941406 0.726563
receiver.bmp
36  2.168940 -15.029432 5.988225  0.000002 0.000479 -1.000000  0.046875 0.246094
36  2.058939 -14.849432 5.988225  0.000002 0.000575 -1.000000  0.070313 0.230469
36  2.168940 -14.649432 5.988225  0.000002 0.000479 -1.000000  0.097656 0.246094
receiver.bmp
36  2.058939 -14.849432 6.248224  -1.000000 -0.000024 0.000000  0.046875 0.464844
36  2.168940 -15.029432 5.988225  -0.855549 -0.517722 -0.000617  0.011719 0.500000
36  2.168940 -15.029432 6.248224  -0.855500 -0.517802 -0.000602  0.046875 0.500000
receiver.bmp
36  2.438939 -15.619431 4.138224  -0.592491 0.805577 0.000031  0.312500 0.503906
36  2.808939 -15.339432 4.128224  -0.592529 0.805549 0.000032  0.238281 0.503906
36  2.438939 -15.619431 3.498224  -0.603162 0.781080 0.161584  0.312500 0.410156
magazine.bmp
36  2.548940 -20.509432 4.748223  0.000008 0.999997 -0.002589  0.062500 0.085938
36  2.168940 -20.509432 5.238224  0.000008 0.999997 -0.002541  0.007813 0.171875
36  3.068940 -20.509432 4.748223  0.000008 0.999997 -0.002589  0.132813 0.085938
magazine.bmp
36  3.068940 -20.509432 4.748223  0.000008 0.999997 -0.002589  0.132813 0.085938
36  2.168940 -20.509432 5.238224  0.000008 0.999997 -0.002541  0.007813 0.171875
36  3.428940 -20.509432 5.238223  0.000008 0.999997 -0.002589  0.179688 0.171875
magazine.bmp
36  2.168940 -20.509432 5.238224  0.000008 0.999997 -0.002541  0.007813 0.171875
36  2.168940 -20.509432 5.908223  0.000009 0.999997 -0.002591  0.007813 0.296875
36  3.428940 -20.509432 5.238223  0.000008 0.999997 -0.002589  0.179688 0.171875
magazine.bmp
36  3.428940 -20.509432 5.238223  0.000008 0.999997 -0.002589  0.179688 0.171875
36  2.168940 -20.509432 5.908223  0.000009 0.999997 -0.002591  0.007813 0.296875
36  3.428940 -20.509432 5.908223  0.000000 0.999997 -0.002589  0.179688 0.296875
magazine.bmp
36  2.168940 -20.509432 5.908223  0.000009 0.999997 -0.002591  0.007813 0.296875
36  2.548940 -20.509432 6.328224  0.000008 0.999997 -0.002593  0.062500 0.375000
36  3.428940 -20.509432 5.908223  0.000000 0.999997 -0.002589  0.179688 0.296875
magazine.bmp
36  3.428940 -20.509432 5.908223  0.000000 0.999997 -0.002589  0.179688 0.296875
36  2.548940 -20.509432 6.328224  0.000008 0.999997 -0.002593  0.062500 0.375000
36  3.058940 -20.509432 6.328223  0.000007 0.999997 -0.002580  0.132813 0.375000
magazine.bmp
36  3.378940 -25.829432 5.898222  -0.000406 -1.000000 0.000254  0.968750 0.757813
36  3.038940 -25.829432 6.378222  -0.000406 -1.000000 0.000254  0.968750 0.882813
36  3.038940 -25.829432 4.778222  -0.000406 -1.000000 0.000254  0.968750 0.531250
magazine.bmp
36  3.038940 -25.829432 4.778222  -0.000406 -1.000000 0.000254  0.968750 0.531250
36  3.038940 -25.829432 6.378222  -0.000406 -1.000000 0.000254  0.968750 0.882813
36  2.558940 -25.829432 4.778222  -0.000406 -1.000000 0.000254  0.968750 0.531250
magazine.bmp
36  3.038940 -25.829432 6.378222  -0.000406 -1.000000 0.000254  0.968750 0.882813
36  2.558940 -25.829432 6.378222  -0.000406 -1.000000 0.000254  0.968750 0.882813
36  2.558940 -25.829432 4.778222  -0.000406 -1.000000 0.000254  0.968750 0.531250
magazine.bmp
36  2.558940 -25.829432 4.778222  -0.000406 -1.000000 0.000254  0.968750 0.531250
36  2.558940 -25.829432 6.378222  -0.000406 -1.000000 0.000254  0.968750 0.882813
36  2.198940 -25.829432 5.258223  -0.000406 -1.000000 0.000254  0.968750 0.632813
magazine.bmp
36  2.558940 -25.829432 6.378222  -0.000406 -1.000000 0.000254  0.968750 0.882813
36  2.198940 -25.829432 5.898222  -0.000406 -1.000000 0.000254  0.968750 0.757813
36  2.198940 -25.829432 5.258223  -0.000406 -1.000000 0.000254  0.968750 0.632813
magazine.bmp
36  3.378940 -21.189432 5.258223  0.000008 0.999997 -0.002589  0.312500 0.640625
36  3.038940 -21.189432 4.778223  0.000008 0.999997 -0.002589  0.257813 0.531250
36  3.378940 -21.189432 5.898223  0.000000 0.999997 -0.002589  0.312500 0.765625
magazine.bmp
36  3.378940 -21.189432 5.898223  0.000000 0.999997 -0.002589  0.312500 0.765625
36  3.038940 -21.189432 4.778223  0.000008 0.999997 -0.002589  0.257813 0.531250
36  3.038940 -21.189432 6.378223  0.000008 0.999997 -0.002589  0.257813 0.890625
magazine.bmp
36  3.038940 -21.189432 4.778223  0.000008 0.999997 -0.002589  0.257813 0.531250
36  2.558940 -21.189432 4.778223  0.000008 0.999997 -0.002589  0.195313 0.531250
36  3.038940 -21.189432 6.378223  0.000008 0.999997 -0.002589  0.257813 0.890625
magazine.bmp
36  3.038940 -21.189432 6.378223  0.000008 0.999997 -0.002589  0.257813 0.890625
36  2.558940 -21.189432 4.778223  0.000008 0.999997 -0.002589  0.195313 0.531250
36  2.558940 -21.189432 6.378223  0.000008 0.999997 -0.002589  0.195313 0.890625
magazine.bmp
36  2.558940 -21.189432 4.778223  0.000008 0.999997 -0.002589  0.195313 0.531250
36  2.198940 -21.189432 5.898223  0.000008 0.999997 -0.002589  0.140625 0.757813
36  2.558940 -21.189432 6.378223  0.000008 0.999997 -0.002589  0.195313 0.890625
magazine.bmp
39  2.534991 -18.455580 2.302777  -0.328015 0.941688 0.075025  0.492188 0.359375
39  2.534992 -18.335581 4.612778  -0.000013 0.998698 -0.051016  0.820313 0.359375
39  3.114991 -18.455580 2.302777  0.671027 0.701699 0.239461  0.492188 0.460938
magazine.bmp
39  3.114991 -18.455580 2.302777  0.671027 0.701699 0.239461  0.492188 0.460938
39  2.534992 -18.335581 4.612778  -0.000013 0.998698 -0.051016  0.820313 0.359375
39  3.114991 -18.335581 4.612777  -0.000013 0.998698 -0.051016  0.820313 0.468750
magazine.bmp
39  2.534992 -20.115580 4.612777  0.000028 -0.998629 0.052351  0.820313 0.031250
39  2.524991 -20.215580 2.732777  -0.836610 -0.408694 0.364764  0.562500 0.023438
39  3.114992 -20.115580 4.612777  0.000028 -0.998629 0.052351  0.820313 0.031250
magazine.bmp
39  3.114992 -20.115580 4.612777  0.000028 -0.998629 0.052351  0.820313 0.031250
39  2.524991 -20.215580 2.732777  -0.836610 -0.408694 0.364764  0.562500 0.023438
39  3.104991 -20.215580 2.732777  0.655845 -0.604253 0.452488  0.562500 0.023438
magazine.bmp
39  3.114991 -18.455580 2.302777  0.671027 0.701699 0.239461  0.492188 0.359375
39  3.114991 -18.335581 4.612777  0.999987 -0.005005 0.000981  0.820313 0.359375
39  3.104991 -20.215580 2.732777  0.655845 -0.604253 0.452488  0.562500 0.023438
magazine.bmp
39  3.104991 -20.215580 2.732777  0.655845 -0.604253 0.452488  0.562500 0.023438
39  3.114991 -18.335581 4.612777  0.999987 -0.005005 0.000981  0.820313 0.359375
39  3.114992 -20.115580 4.612777  0.999987 -0.005010 0.000986  0.820313 0.031250
magazine.bmp
39  2.534992 -18.335581 4.612778  0.000002 -0.000001 1.000000  0.820313 0.359375
39  2.534992 -20.115580 4.612777  0.000000 -0.000000 1.000000  0.820313 0.031250
39  3.114991 -18.335581 4.612777  0.000001 -0.000000 1.000000  0.906250 0.359375
magazine.bmp
39  3.114991 -18.335581 4.612777  0.000001 -0.000000 1.000000  0.906250 0.359375
39  2.534992 -20.115580 4.612777  0.000000 -0.000000 1.000000  0.820313 0.031250
39  3.114992 -20.115580 4.612777  0.000000 0.000000 1.000000  0.906250 0.031250
magazine.bmp
36  3.068940 -20.509432 4.748223  0.000028 -0.242568 -0.970134  0.015625 0.515625
36  2.998940 -21.239431 4.928223  0.000028 -0.242569 -0.970134  0.117188 0.554688
36  2.548940 -20.509432 4.748223  0.000028 -0.242569 -0.970134  0.015625 0.515625
magazine.bmp
36  2.548940 -20.509432 4.748223  0.000028 -0.242569 -0.970134  0.015625 0.515625
36  2.998940 -21.239431 4.928223  0.000028 -0.242569 -0.970134  0.117188 0.554688
36  2.618940 -21.239431 4.928223  0.000028 -0.242570 -0.970134  0.117188 0.554688
magazine.bmp
36  2.998940 -21.239431 4.928223  0.787640 -0.215767 -0.577120  0.117188 0.554688
36  3.068940 -20.509432 4.748223  0.787656 -0.215757 -0.577102  0.015625 0.515625
36  3.288940 -21.239431 5.318223  0.787644 -0.215762 -0.577116  0.117188 0.656250
magazine.bmp
36  3.288940 -21.239431 5.318223  0.787644 -0.215762 -0.577116  0.117188 0.656250
36  3.068940 -20.509432 4.748223  0.787656 -0.215757 -0.577102  0.015625 0.515625
36  3.428940 -20.509432 5.238223  0.787639 -0.215709 -0.577143  0.015625 0.640625
magazine.bmp
36  3.288940 -21.239431 5.318223  0.981994 -0.188913 -0.000024  0.117188 0.656250
36  3.428940 -20.509432 5.238223  0.981994 -0.188912 -0.000024  0.015625 0.640625
36  3.288940 -21.239431 5.828223  0.982102 -0.188348 0.000000  0.117188 0.750000
magazine.bmp
36  3.288940 -21.239431 5.828223  0.982102 -0.188348 0.000000  0.117188 0.750000
36  3.428940 -20.509432 5.238223  0.981994 -0.188912 -0.000024  0.015625 0.640625
36  3.428940 -20.509432 5.908223  0.981994 -0.188912 -0.000024  0.015625 0.773438
magazine.bmp
36  3.288940 -21.239431 5.828223  0.751658 -0.203588 0.627346  0.117188 0.750000
36  3.428940 -20.509432 5.908223  0.751649 -0.203590 0.627355  0.015625 0.773438
36  2.998940 -21.239431 6.178223  0.751653 -0.203597 0.627349  0.117188 0.843750
magazine.bmp
36  2.998940 -21.239431 6.178223  0.751653 -0.203597 0.627349  0.117188 0.843750
36  3.428940 -20.509432 5.908223  0.751649 -0.203590 0.627355  0.015625 0.773438
36  3.058940 -20.509432 6.328223  0.751638 -0.203592 0.627368  0.015625 0.882813
magazine.bmp
36  3.058940 -20.509432 6.328223  0.000043 -0.204420 0.978883  0.015625 0.968750
36  2.548940 -20.509432 6.328224  0.000043 -0.204420 0.978883  0.015625 0.875000
36  2.998940 -21.239431 6.178223  0.000042 -0.204420 0.978883  0.117188 0.921875
magazine.bmp
36  2.998940 -21.239431 6.178223  0.000041 -0.204281 0.978912  0.117188 0.921875
36  2.548940 -20.509432 6.328224  0.000040 -0.204234 0.978922  0.015625 0.875000
36  2.618940 -21.239431 6.178223  0.000041 -0.204281 0.978912  0.117188 0.843750
magazine.bmp
36  2.548940 -20.509432 6.328224  -0.732126 -0.220984 0.644328  0.015625 0.875000
36  2.168940 -20.509432 5.908223  -0.732129 -0.220980 0.644325  0.015625 0.773438
36  2.618940 -21.239431 6.178223  -0.732131 -0.220979 0.644324  0.117188 0.843750
magazine.bmp
36  2.618940 -21.239431 6.178223  -0.732142 -0.220971 0.644314  0.117188 0.843750
36  2.168940 -20.509432 5.908223  -0.732142 -0.220972 0.644314  0.015625 0.773438
36  2.318940 -21.239431 5.828223  -0.732142 -0.220972 0.644314  0.117188 0.750000
magazine.bmp
36  2.318940 -21.239431 5.828223  -0.977296 -0.211879 -0.000682  0.117188 0.750000
36  2.168940 -20.509432 5.908223  -0.977298 -0.211867 -0.000698  0.015625 0.773438
36  2.328940 -21.239431 5.318223  -0.977298 -0.211870 -0.000692  0.117188 0.656250
magazine.bmp
36  2.328940 -21.239431 5.318223  -0.977298 -0.211870 -0.000692  0.117188 0.656250
36  2.168940 -20.509432 5.908223  -0.977298 -0.211867 -0.000698  0.015625 0.773438
36  2.168940 -20.509432 5.238224  -0.977291 -0.211899 -0.000680  0.015625 0.640625
magazine.bmp
36  2.328940 -21.239431 5.318223  -0.767068 -0.230513 -0.598724  0.117188 0.656250
36  2.168940 -20.509432 5.238224  -0.767076 -0.230505 -0.598717  0.015625 0.640625
36  2.618940 -21.239431 4.928223  -0.767077 -0.230508 -0.598715  0.117188 0.554688
magazine.bmp
36  2.618940 -21.239431 4.928223  -0.767077 -0.230508 -0.598715  0.117188 0.554688
36  2.168940 -20.509432 5.238224  -0.767076 -0.230505 -0.598717  0.015625 0.640625
36  2.548940 -20.509432 4.748223  -0.767075 -0.230510 -0.598716  0.015625 0.515625
magazine.bmp
36  3.038940 -21.189432 4.778223  0.823736 -0.000245 -0.566974  0.320313 0.531250
36  3.378940 -21.189432 5.258223  0.823751 -0.000244 -0.566952  0.320313 0.632813
36  3.038940 -25.829432 4.778222  0.823742 -0.000246 -0.566965  0.968750 0.531250
magazine.bmp
36  3.038940 -25.829432 4.778222  0.823742 -0.000246 -0.566965  0.968750 0.531250
36  3.378940 -21.189432 5.258223  0.823751 -0.000244 -0.566952  0.320313 0.632813
36  3.378940 -25.829432 5.268222  0.823751 -0.000242 -0.566952  0.968750 0.632813
magazine.bmp
36  3.378940 -25.829432 5.268222  1.000000 0.000000 0.000000  0.968750 0.632813
36  3.378940 -21.189432 5.258223  1.000000 0.000000 0.000000  0.320313 0.632813
36  3.378940 -25.829432 5.898222  1.000000 0.000000 0.000000  0.968750 0.757813
magazine.bmp
36  3.378940 -25.829432 5.898222  1.000000 0.000000 0.000000  0.968750 0.757813
36  3.378940 -21.189432 5.258223  1.000000 0.000000 0.000000  0.320313 0.632813
36  3.378940 -21.189432 5.898223  1.000000 0.000000 0.000000  0.320313 0.757813
magazine.bmp
36  3.378940 -25.829432 5.898222  0.817158 0.000101 0.576414  0.968750 0.757813
36  3.378940 -21.189432 5.898223  0.817322 0.000116 0.576181  0.320313 0.757813
36  3.038940 -25.829432 6.378222  0.817323 0.000116 0.576180  0.968750 0.882813
magazine.bmp
36  3.038940 -25.829432 6.378222  0.817323 0.000116 0.576180  0.968750 0.882813
36  3.378940 -21.189432 5.898223  0.817322 0.000116 0.576181  0.320313 0.757813
36  3.038940 -21.189432 6.378223  0.817157 0.000101 0.576415  0.320313 0.882813
magazine.bmp
36  3.038940 -25.829432 6.378222  0.000000 -0.000000 1.000000  0.968750 0.968750
36  3.038940 -21.189432 6.378223  0.000000 -0.000000 1.000000  0.320313 0.968750
36  2.558940 -25.829432 6.378222  0.000000 -0.000000 1.000000  0.968750 0.882813
magazine.bmp
36  2.558940 -25.829432 6.378222  0.000000 -0.000000 1.000000  0.968750 0.882813
36  3.038940 -21.189432 6.378223  0.000000 -0.000000 1.000000  0.320313 0.968750
36  2.558940 -21.189432 6.378223  0.000000 -0.000000 1.000000  0.320313 0.882813
magazine.bmp
36  3.038940 -21.189432 4.778223  0.000000 0.000000 -1.000000  0.320313 0.531250
36  3.038940 -25.829432 4.778222  0.000000 0.000000 -1.000000  0.968750 0.531250
36  2.558940 -21.189432 4.778223  0.000000 0.000000 -1.000000  0.320313 0.531250
magazine.bmp
36  2.558940 -21.189432 4.778223  0.000000 0.000000 -1.000000  0.320313 0.531250
36  3.038940 -25.829432 4.778222  0.000000 0.000000 -1.000000  0.968750 0.531250
36  2.558940 -25.829432 4.778222  0.000000 0.000000 -1.000000  0.968750 0.531250
magazine.bmp
36  2.558940 -21.189432 4.778223  -0.802524 0.000045 -0.596619  0.320313 0.531250
36  2.558940 -25.829432 4.778222  -0.802524 0.000000 -0.596620  0.968750 0.531250
36  2.198940 -21.189432 5.258223  -0.802524 0.000045 -0.596619  0.320313 0.632813
magazine.bmp
36  2.198940 -21.189432 5.258223  -0.802524 0.000045 -0.596619  0.320313 0.632813
36  2.558940 -25.829432 4.778222  -0.802524 0.000000 -0.596620  0.968750 0.531250
36  2.198940 -25.829432 5.258223  -0.802495 0.000044 -0.596658  0.968750 0.632813
magazine.bmp
36  2.198940 -25.829432 5.258223  -1.000000 0.000000 0.000000  0.968750 0.632813
36  2.198940 -25.829432 5.898222  -1.000000 0.000000 0.000000  0.968750 0.757813
36  2.198940 -21.189432 5.258223  -1.000000 0.000000 0.000000  0.320313 0.632813
magazine.bmp
36  2.198940 -21.189432 5.258223  -1.000000 0.000000 0.000000  0.320313 0.632813
36  2.198940 -25.829432 5.898222  -1.000000 0.000000 0.000000  0.968750 0.757813
36  2.198940 -21.189432 5.898223  -1.000000 0.000000 0.000000  0.320313 0.757813
magazine.bmp
36  2.198940 -25.829432 5.898222  -0.800373 0.000255 0.599502  0.968750 0.757813
36  2.558940 -25.829432 6.378222  -0.800612 0.000419 0.599183  0.968750 0.882813
36  2.198940 -21.189432 5.898223  -0.800505 0.000345 0.599326  0.320313 0.757813
magazine.bmp
36  2.198940 -21.189432 5.898223  -0.800505 0.000345 0.599326  0.320313 0.757813
36  2.558940 -25.829432 6.378222  -0.800612 0.000419 0.599183  0.968750 0.882813
36  2.558940 -21.189432 6.378223  -0.800611 0.000418 0.599184  0.320313 0.882813
magazine.bmp
39  2.534992 -18.335581 4.612778  -0.999992 0.003804 0.000638  0.820313 0.359375
39  2.534991 -18.455580 2.302777  -0.328015 0.941688 0.075025  0.492188 0.359375
39  2.524991 -20.215580 2.732777  -0.836610 -0.408694 0.364764  0.562500 0.023438
magazine.bmp
39  2.534992 -18.335581 4.612778  -0.999992 0.003804 0.000638  0.820313 0.359375
39  2.524991 -20.215580 2.732777  -0.836610 -0.408694 0.364764  0.562500 0.023438
39  2.534992 -20.115580 4.612777  -0.999992 0.003806 0.000630  0.820313 0.031250
magazine.bmp
36  3.378940 -25.829432 5.898222  -0.000406 -1.000000 0.000254  0.968750 0.757813
36  3.038940 -25.829432 4.778222  -0.000406 -1.000000 0.000254  0.968750 0.531250
36  3.378940 -25.829432 5.268222  -0.000406 -1.000000 0.000254  0.968750 0.632813
magazine.bmp
36  2.198940 -21.189432 5.898223  0.000008 0.999997 -0.002589  0.140625 0.757813
36  2.558940 -21.189432 4.778223  0.000008 0.999997 -0.002589  0.195313 0.531250
36  2.198940 -21.189432 5.258223  0.000008 0.999997 -0.002589  0.140625 0.640625
buttstock.bmp
36  2.388939 -14.699432 5.468225  -0.916083 0.000018 -0.400989  0.976563 0.703125
36  2.598939 -8.649432 5.278225  -0.364144 -0.000245 -0.931343  0.007813 0.640625
36  2.588939 -14.699432 5.278224  -0.364258 -0.000252 -0.931298  0.976563 0.625000
buttstock.bmp
36  2.588939 -14.699432 5.278224  -0.364258 -0.000252 -0.931298  0.976563 0.625000
36  2.598939 -8.649432 5.278225  -0.364144 -0.000245 -0.931343  0.007813 0.640625
36  2.928939 -14.699432 5.278224  0.242129 0.000000 -0.970244  0.976563 0.625000
buttstock.bmp
36  2.598939 -8.649432 5.278225  -0.364144 -0.000245 -0.931343  0.007813 0.640625
36  2.928939 -8.649432 5.278225  0.484856 0.000000 -0.874594  0.007813 0.640625
36  2.928939 -14.699432 5.278224  0.242129 0.000000 -0.970244  0.976563 0.625000
buttstock.bmp
36  2.928939 -14.699432 5.278224  0.242129 0.000000 -0.970244  0.976563 0.625000
36  2.928939 -8.649432 5.278225  0.484856 0.000000 -0.874594  0.007813 0.640625
36  3.128939 -14.699432 5.468224  0.850946 0.000000 -0.525253  0.976563 0.703125
buttstock.bmp
36  2.928939 -8.649432 5.278225  0.484856 0.000000 -0.874594  0.007813 0.640625
36  3.128939 -8.649432 5.468225  0.964974 0.000000 -0.262345  0.015625 0.703125
36  3.128939 -14.699432 5.468224  0.850946 0.000000 -0.525253  0.976563 0.703125
buttstock.bmp
36  3.128939 -14.699432 5.468224  0.850946 0.000000 -0.525253  0.976563 0.703125
36  3.128939 -8.649432 5.468225  0.964974 0.000000 -0.262345  0.015625 0.703125
36  3.128940 -14.699432 5.748224  0.962392 -0.000000 0.271663  0.976563 0.796875
buttstock.bmp
36  3.128939 -8.649432 5.468225  0.964974 0.000000 -0.262345  0.015625 0.703125
36  3.128939 -8.649432 5.748225  0.845227 -0.000619 0.534407  0.015625 0.796875
36  3.128940 -14.699432 5.748224  0.962392 -0.000000 0.271663  0.976563 0.796875
buttstock.bmp
36  3.128940 -14.699432 5.748224  0.962392 -0.000000 0.271663  0.976563 0.796875
36  3.128939 -8.649432 5.748225  0.845227 -0.000619 0.534407  0.015625 0.796875
36  2.918940 -14.699432 5.928224  0.359657 -0.000365 0.933085  0.976563 0.875000
buttstock.bmp
36  3.128939 -8.649432 5.748225  0.845227 -0.000619 0.534407  0.015625 0.796875
36  2.928939 -8.649432 5.928225  0.358897 -0.000529 0.933377  0.015625 0.875000
36  2.918940 -14.699432 5.928224  0.359657 -0.000365 0.933085  0.976563 0.875000
buttstock.bmp
36  2.598939 -8.649432 5.278225  -0.364144 -0.000245 -0.931343  0.007813 0.640625
36  2.388939 -14.699432 5.468225  -0.916083 0.000018 -0.400989  0.976563 0.703125
36  2.388939 -8.649432 5.468225  -0.916059 0.000020 -0.401044  0.015625 0.703125
buttstock.bmp
36  2.388939 -8.649432 5.468225  -0.916059 0.000020 -0.401044  0.015625 0.703125
36  2.388939 -14.699432 5.468225  -0.916083 0.000018 -0.400989  0.976563 0.703125
36  2.388939 -8.649432 5.748226  -0.963975 -0.000000 0.265994  0.015625 0.796875
buttstock.bmp
36  2.388939 -14.699432 5.468225  -0.916083 0.000018 -0.400989  0.976563 0.703125
36  2.388939 -14.699432 5.748224  -0.839896 -0.001186 0.542747  0.976563 0.796875
36  2.388939 -8.649432 5.748226  -0.963975 -0.000000 0.265994  0.015625 0.796875
buttstock.bmp
36  2.388939 -8.649432 5.748226  -0.963975 -0.000000 0.265994  0.015625 0.796875
36  2.388939 -14.699432 5.748224  -0.839896 -0.001186 0.542747  0.976563 0.796875
36  2.588939 -8.649432 5.928225  -0.353009 -0.000395 0.935620  0.015625 0.875000
buttstock.bmp
36  2.388939 -14.699432 5.748224  -0.839896 -0.001186 0.542747  0.976563 0.796875
36  2.608939 -14.699432 5.928224  -0.353076 -0.000391 0.935594  0.976563 0.875000
36  2.588939 -8.649432 5.928225  -0.353009 -0.000395 0.935620  0.015625 0.875000
buttstock.bmp
36  2.588939 -8.649432 5.928225  -0.353009 -0.000395 0.935620  0.015625 0.875000
36  2.608939 -14.699432 5.928224  -0.353076 -0.000391 0.935594  0.976563 0.875000
36  2.918940 -14.699432 5.928224  0.359657 -0.000365 0.933085  0.976563 0.953125
buttstock.bmp
36  2.388939 -8.649432 5.468225  -0.000537 0.999999 -0.001071  0.015625 0.703125
36  2.588939 -8.649432 5.928225  -0.000538 0.999999 -0.001071  0.015625 0.875000
36  2.598939 -8.649432 5.278225  -0.000538 0.999999 -0.001071  0.007813 0.640625
buttstock.bmp
36  2.598939 -8.649432 5.278225  -0.000538 0.999999 -0.001071  0.007813 0.640625
36  2.588939 -8.649432 5.928225  -0.000538 0.999999 -0.001071  0.015625 0.875000
36  2.928939 -8.649432 5.278225  -0.000538 0.999999 -0.001071  0.007813 0.640625
buttstock.bmp
36  2.588939 -8.649432 5.928225  -0.000538 0.999999 -0.001071  0.015625 0.875000
36  2.928939 -8.649432 5.928225  -0.000538 0.999999 -0.001071  0.015625 0.875000
36  2.928939 -8.649432 5.278225  -0.000538 0.999999 -0.001071  0.007813 0.640625
buttstock.bmp
36  2.928939 -8.649432 5.278225  -0.000538 0.999999 -0.001071  0.007813 0.640625
36  2.928939 -8.649432 5.928225  -0.000538 0.999999 -0.001071  0.015625 0.875000
36  3.128939 -8.649432 5.468225  -0.000538 0.999999 -0.001071  0.015625 0.703125
buttstock.bmp
36  2.928939 -8.649432 5.928225  -0.000538 0.999999 -0.001071  0.015625 0.875000
36  3.128939 -8.649432 5.748225  -0.000538 0.999999 -0.001071  0.015625 0.796875
36  3.128939 -8.649432 5.468225  -0.000538 0.999999 -0.001071  0.015625 0.703125
buttstock.bmp
36  2.928939 -13.359432 4.778224  0.999990 0.000101 0.004505  0.765625 0.484375
36  2.928939 -12.289432 4.778224  0.999990 0.000101 0.004505  0.601563 0.484375
36  2.928939 -13.689432 5.288224  0.999990 0.000101 0.004505  0.820313 0.640625
buttstock.bmp
36  2.928939 -13.689432 5.288224  0.999990 0.000102 0.004553  0.820313 0.640625
36  2.928939 -12.289432 4.778224  0.999990 0.000101 0.004505  0.601563 0.484375
36  2.928939 -8.649432 5.278225  0.999990 0.000140 0.004488  0.007813 0.640625
buttstock.bmp
36  2.928939 -12.289432 4.778224  0.999990 0.000101 0.004505  0.601563 0.484375
36  2.928939 -11.129432 4.058225  0.999990 0.000069 0.004505  0.414063 0.265625
36  2.928939 -8.649432 5.278225  0.999990 0.000140 0.004488  0.007813 0.640625
buttstock.bmp
36  2.928939 -8.649432 5.278225  0.999990 0.000140 0.004488  0.007813 0.640625
36  2.928939 -11.129432 4.058225  0.999990 0.000069 0.004505  0.414063 0.265625
36  2.938939 -10.039432 3.818225  0.999990 0.000090 0.004544  0.234375 0.203125
buttstock.bmp
36  2.928939 -11.129432 4.058225  0.999990 0.000069 0.004505  0.414063 0.265625
36  2.938938 -10.039432 3.398225  0.999990 0.000081 0.004531  0.234375 0.078125
36  2.938939 -10.039432 3.818225  0.999990 0.000090 0.004544  0.234375 0.203125
buttstock.bmp
36  2.598939 -8.649432 5.278225  -0.999996 0.002605 -0.000388  0.007813 0.640625
36  2.588939 -13.359432 4.778224  -0.999996 0.002605 -0.000388  0.765625 0.484375
36  2.598939 -13.689432 5.288224  -0.999996 0.002604 -0.000388  0.820313 0.640625
buttstock.bmp
36  2.598939 -8.649432 5.278225  -0.999997 0.002604 -0.000387  0.007813 0.640625
36  2.588939 -12.289432 4.778224  -0.999996 0.002605 -0.000390  0.601563 0.484375
36  2.588939 -13.359432 4.778224  -0.999997 0.002600 -0.000355  0.765625 0.484375
buttstock.bmp
36  2.598939 -8.649432 5.278225  -0.999997 0.002604 -0.000387  0.007813 0.640625
36  2.588939 -11.129432 4.058225  -0.999997 0.002595 -0.000355  0.414063 0.265625
36  2.588939 -12.289432 4.778224  -0.999996 0.002605 -0.000390  0.601563 0.484375
buttstock.bmp
36  2.598939 -8.649432 5.278225  -0.999997 0.002604 -0.000387  0.007813 0.640625
36  2.588938 -10.039432 3.818225  -0.999997 0.002527 -0.000200  0.234375 0.203125
36  2.588939 -11.129432 4.058225  -0.999997 0.002595 -0.000355  0.414063 0.265625
buttstock.bmp
36  2.598939 -8.649432 5.278225  -0.999997 0.002604 -0.000387  0.007813 0.640625
36  2.588938 -8.659431 3.208225  -0.999996 0.002604 -0.000383  0.007813 0.031250
36  2.588938 -10.039432 3.818225  -0.999997 0.002527 -0.000200  0.234375 0.203125
buttstock.bmp
36  2.938938 -10.039432 3.398225  0.000028 -0.515943 -0.856623  0.234375 0.078125
36  2.928939 -11.129432 4.058225  0.000070 -0.177993 -0.984032  0.414063 0.265625
36  2.588939 -11.129432 4.058225  0.000000 -0.355252 -0.934771  0.414063 0.265625
buttstock.bmp
36  2.588939 -11.129432 4.058225  0.000000 -0.355252 -0.934771  0.414063 0.265625
36  2.928939 -11.129432 4.058225  0.000070 -0.177993 -0.984032  0.414063 0.265625
36  2.588939 -12.279431 4.058225  -0.000002 0.000001 -1.000000  0.601563 0.265625
buttstock.bmp
36  2.928939 -11.129432 4.058225  0.000070 -0.177993 -0.984032  0.414063 0.265625
36  2.928939 -12.279431 4.058224  -0.000002 0.000001 -1.000000  0.601563 0.265625
36  2.588939 -12.279431 4.058225  -0.000002 0.000001 -1.000000  0.601563 0.265625
buttstock.bmp
36  2.928939 -8.649432 5.278225  -0.000518 0.999999 -0.001127  0.007813 0.640625
36  2.938938 -8.659431 3.208225  -0.000516 0.999999 -0.001127  0.007813 0.031250
36  2.598939 -8.649432 5.278225  -0.000518 0.999999 -0.001127  0.007813 0.640625
buttstock.bmp
36  2.598939 -8.649432 5.278225  -0.000518 0.999999 -0.001127  0.007813 0.640625
36  2.938938 -8.659431 3.208225  -0.000516 0.999999 -0.001127  0.007813 0.031250
36  2.588938 -8.659431 3.208225  -0.000517 0.999999 -0.001127  0.007813 0.031250
buttstock.bmp
36  2.938939 -10.039432 3.818225  0.000000 -0.404293 -0.914630  0.234375 0.203125
36  2.588938 -10.039432 3.818225  -0.000050 -0.403198 -0.915113  0.234375 0.203125
36  2.938938 -8.659431 3.208225  -0.000046 -0.403285 -0.915074  0.007813 0.031250
buttstock.bmp
36  2.938938 -8.659431 3.208225  -0.000046 -0.403285 -0.915074  0.007813 0.031250
36  2.588938 -10.039432 3.818225  -0.000050 -0.403198 -0.915113  0.234375 0.203125
36  2.588938 -8.659431 3.208225  -0.000054 -0.403109 -0.915152  0.007813 0.031250
buttstock.bmp
36  2.588938 -10.039432 3.818225  -0.000538 0.999999 -0.001071  0.234375 0.203125
36  2.938939 -10.039432 3.818225  -0.000538 0.999999 -0.001071  0.234375 0.203125
36  2.588938 -10.039432 3.398225  -0.000538 0.999999 -0.001071  0.234375 0.078125
buttstock.bmp
36  2.588938 -10.039432 3.398225  -0.000538 0.999999 -0.001071  0.234375 0.078125
36  2.938939 -10.039432 3.818225  -0.000538 0.999999 -0.001071  0.234375 0.203125
36  2.938938 -10.039432 3.398225  -0.000538 0.999999 -0.001072  0.234375 0.078125
buttstock.bmp
36  2.588939 -12.279431 4.058225  0.000017 -0.999991 -0.004304  0.601563 0.265625
36  2.928939 -12.279431 4.058224  0.000000 -0.999991 -0.004302  0.601563 0.265625
36  2.588939 -12.289432 4.778224  0.000017 -0.999991 -0.004301  0.601563 0.484375
buttstock.bmp
36  2.588939 -12.289432 4.778224  0.000017 -0.999991 -0.004301  0.601563 0.484375
36  2.928939 -12.279431 4.058224  0.000000 -0.999991 -0.004302  0.601563 0.265625
36  2.928939 -12.289432 4.778224  0.000017 -0.999991 -0.004300  0.601563 0.484375
buttstock.bmp
36  2.928939 -13.689432 5.288224  0.000004 -0.835853 -0.548953  0.820313 0.640625
36  2.598939 -13.689432 5.288224  0.000004 -0.835853 -0.548953  0.820313 0.640625
36  2.928939 -13.359432 4.778224  0.000004 -0.835853 -0.548953  0.765625 0.484375
buttstock.bmp
36  2.928939 -13.359432 4.778224  0.000004 -0.835828 -0.548992  0.765625 0.484375
36  2.598939 -13.689432 5.288224  0.000004 -0.835828 -0.548992  0.820313 0.640625
36  2.588939 -13.359432 4.778224  0.000004 -0.835828 -0.548992  0.765625 0.484375
buttstock.bmp
36  2.928939 -13.359432 4.778224  0.000000 0.000000 -1.000000  0.765625 0.484375
36  2.588939 -13.359432 4.778224  0.000000 0.000000 -1.000000  0.765625 0.484375
36  2.928939 -12.289432 4.778224  0.000000 0.000000 -1.000000  0.601563 0.484375
buttstock.bmp
36  2.928939 -12.289432 4.778224  0.000000 0.000000 -1.000000  0.601563 0.484375
36  2.588939 -13.359432 4.778224  0.000000 0.000000 -1.000000  0.765625 0.484375
36  2.588939 -12.289432 4.778224  0.000000 0.000000 -1.000000  0.601563 0.484375
buttstock.bmp
36  2.588939 -11.129432 4.058225  -0.999997 0.002595 -0.000355  0.414063 0.265625
36  2.588938 -10.039432 3.818225  -0.999997 0.002527 -0.000200  0.234375 0.203125
36  2.588938 -10.039432 3.398225  -0.999997 0.002608 -0.000386  0.234375 0.078125
buttstock.bmp
36  2.588939 -12.289432 4.778224  -0.999996 0.002605 -0.000390  0.601563 0.484375
36  2.588939 -11.129432 4.058225  -0.999997 0.002595 -0.000355  0.414063 0.265625
36  2.588939 -12.279431 4.058225  -0.999997 0.002608 -0.000386  0.601563 0.265625
buttstock.bmp
36  2.928939 -8.649432 5.278225  0.999990 0.000140 0.004488  0.007813 0.640625
36  2.938939 -10.039432 3.818225  0.999990 0.000090 0.004544  0.234375 0.203125
36  2.938938 -8.659431 3.208225  0.999990 0.000089 0.004538  0.007813 0.031250
buttstock.bmp
36  2.928939 -11.129432 4.058225  0.999990 0.000069 0.004505  0.414063 0.265625
36  2.928939 -12.289432 4.778224  0.999990 0.000101 0.004505  0.601563 0.484375
36  2.928939 -12.279431 4.058224  0.999990 0.000101 0.004505  0.601563 0.265625
buttstock.bmp
36  2.588938 -10.039432 3.398225  0.000028 -0.515984 -0.856598  0.234375 0.078125
36  2.938938 -10.039432 3.398225  0.000028 -0.515943 -0.856623  0.234375 0.078125
36  2.588939 -11.129432 4.058225  0.000000 -0.355252 -0.934771  0.414063 0.265625
buttstock.bmp
36  2.918940 -14.699432 5.928224  0.359657 -0.000365 0.933085  0.976563 0.953125
36  2.928939 -8.649432 5.928225  0.358897 -0.000529 0.933377  0.015625 0.953125
36  2.588939 -8.649432 5.928225  -0.353009 -0.000395 0.935620  0.015625 0.875000
buttstock.bmp
36  2.588939 -8.649432 5.928225  -0.000538 0.999999 -0.001071  0.015625 0.875000
36  2.388939 -8.649432 5.468225  -0.000537 0.999999 -0.001071  0.015625 0.703125
36  2.388939 -8.649432 5.748226  -0.000538 0.999999 -0.001071  0.015625 0.796875
silencer.bmp
43  3.054993 -31.083733 6.051243  0.327647 -0.000000 0.944800  0.000000 0.906250
43  2.534993 -31.083733 6.051243  -0.654381 -0.000000 0.756165  0.000000 0.718750
43  2.534993 -36.463734 6.051242  -0.327701 -0.000000 0.944782  0.765625 0.718750
silencer.bmp
43  2.534993 -36.463734 6.051242  -0.327701 -0.000000 0.944782  0.765625 0.718750
43  2.534993 -31.083733 6.051243  -0.654381 -0.000000 0.756165  0.000000 0.718750
43  2.274993 -36.463734 5.591242  -0.982049 0.000000 0.188627  0.765625 0.468750
silencer.bmp
43  2.534993 -31.083733 6.051243  -0.654381 -0.000000 0.756165  0.000000 0.718750
43  2.274993 -31.083733 5.591243  -0.982046 -0.000000 -0.188643  0.000000 0.468750
43  2.274993 -36.463734 5.591242  -0.982049 0.000000 0.188627  0.765625 0.468750
silencer.bmp
43  2.274993 -36.463734 5.591242  -0.982049 0.000000 0.188627  0.765625 0.468750
43  2.274993 -31.083733 5.591243  -0.982046 -0.000000 -0.188643  0.000000 0.468750
43  2.534993 -36.463734 5.151242  -0.654341 0.000000 -0.756200  0.765625 0.187500
silencer.bmp
43  2.274993 -31.083733 5.591243  -0.982046 -0.000000 -0.188643  0.000000 0.468750
43  2.534992 -31.083733 5.151243  -0.327654 0.000000 -0.944798  0.000000 0.187500
43  2.534993 -36.463734 5.151242  -0.654341 0.000000 -0.756200  0.765625 0.187500
silencer.bmp
43  2.534993 -36.463734 5.151242  -0.654341 0.000000 -0.756200  0.765625 0.187500
43  2.534992 -31.083733 5.151243  -0.327654 0.000000 -0.944798  0.000000 0.187500
43  3.054993 -36.463734 5.151242  0.327707 0.000000 -0.944779  0.765625 0.031250
silencer.bmp
43  2.534992 -31.083733 5.151243  -0.327654 0.000000 -0.944798  0.000000 0.187500
43  3.054992 -31.083733 5.151243  0.654382 0.000000 -0.756164  0.000000 0.031250
43  3.054993 -36.463734 5.151242  0.327707 0.000000 -0.944779  0.765625 0.031250
silencer.bmp
43  3.054993 -31.083733 6.051243  0.000000 1.000000 0.000000  0.937500 0.875000
43  3.314993 -31.083733 5.591243  0.000000 1.000000 0.000000  0.984375 0.500000
43  2.534993 -31.083733 6.051243  0.000000 1.000000 0.000000  0.835938 0.875000
silencer.bmp
43  2.534993 -31.083733 6.051243  0.000000 1.000000 0.000000  0.835938 0.875000
43  3.314993 -31.083733 5.591243  0.000000 1.000000 0.000000  0.984375 0.500000
43  2.274993 -31.083733 5.591243  0.000000 1.000000 0.000000  0.773438 0.500000
silencer.bmp
43  3.314993 -31.083733 5.591243  0.000000 1.000000 0.000000  0.984375 0.500000
43  3.054992 -31.083733 5.151243  0.000000 1.000000 0.000000  0.937500 0.062500
43  2.274993 -31.083733 5.591243  0.000000 1.000000 0.000000  0.773438 0.500000
silencer.bmp
43  2.274993 -31.083733 5.591243  0.000000 1.000000 0.000000  0.773438 0.500000
43  3.054992 -31.083733 5.151243  0.000000 1.000000 0.000000  0.937500 0.062500
43  2.534992 -31.083733 5.151243  0.000000 1.000000 0.000000  0.835938 0.062500
silencer.bmp
43  3.054993 -36.463734 6.051242  0.654339 -0.000000 0.756202  0.765625 0.718750
43  3.314993 -36.463734 5.591242  0.982046 0.000000 -0.188644  0.765625 0.468750
43  3.314993 -31.083733 5.591243  0.982049 -0.000000 0.188626  0.000000 0.468750
silencer.bmp
43  3.314993 -31.083733 5.591243  0.982049 -0.000000 0.188626  0.000000 0.468750
43  3.314993 -36.463734 5.591242  0.982046 0.000000 -0.188644  0.765625 0.468750
43  3.054992 -31.083733 5.151243  0.654382 0.000000 -0.756164  0.000000 0.187500
silencer.bmp
43  3.314993 -36.463734 5.591242  0.982046 0.000000 -0.188644  0.765625 0.468750
43  3.054993 -36.463734 5.151242  0.327707 0.000000 -0.944779  0.765625 0.187500
43  3.054992 -31.083733 5.151243  0.654382 0.000000 -0.756164  0.000000 0.187500
silencer.bmp
43  3.054993 -36.463734 6.051242  0.654339 -0.000000 0.756202  0.765625 0.906250
43  3.054993 -31.083733 6.051243  0.327647 -0.000000 0.944800  0.000000 0.906250
43  2.534993 -36.463734 6.051242  -0.327701 -0.000000 0.944782  0.765625 0.718750
silencer.bmp
43  3.314993 -31.083733 5.591243  0.982049 -0.000000 0.188626  0.000000 0.468750
43  3.054993 -31.083733 6.051243  0.327647 -0.000000 0.944800  0.000000 0.718750
43  3.054993 -36.463734 6.051242  0.654339 -0.000000 0.756202  0.765625 0.718750
handle.bmp
39  2.794960 -19.268951 0.285022  0.340787 0.694762 -0.633379  0.750000 0.200000
39  3.467458 -19.015907 0.924423  0.340787 0.694762 -0.633379  0.625000 0.400000
39  3.210587 -19.438467 0.322704  0.340787 0.694762 -0.633379  0.625000 0.200000
handle.bmp
39  2.794960 -18.531950 1.676715  0.463605 0.870693 -0.164207  0.750000 0.600000
39  3.210587 -18.618437 2.391592  0.463612 0.870692 -0.164195  0.625000 0.800000
39  3.467458 -18.806236 1.737687  0.463607 0.870693 -0.164204  0.625000 0.600000
handle.bmp
39  2.794960 -19.912512 0.162364  0.163202 0.184711 -0.969147  0.687500 0.000000
39  2.794960 -19.268951 0.285022  0.163202 0.184711 -0.969147  0.750000 0.200000
39  3.210587 -19.438467 0.322704  0.163202 0.184711 -0.969147  0.625000 0.200000
handle.bmp
39  2.794960 -18.741623 0.863452  0.385332 0.893558 -0.230374  0.750000 0.400000
39  3.467458 -18.806236 1.737687  0.385332 0.893558 -0.230374  0.625000 0.600000
39  3.467458 -19.015907 0.924423  0.385332 0.893558 -0.230374  0.625000 0.400000
handle.bmp
39  2.794960 -19.912512 0.162364  0.396323 -0.037200 -0.917357  0.562500 0.000000
39  3.210587 -19.438467 0.322704  0.396323 -0.037200 -0.917357  0.625000 0.200000
39  3.382745 -19.847719 0.413677  0.396323 -0.037200 -0.917357  0.500000 0.200000
handle.bmp
39  3.467458 -19.015907 0.924423  0.924968 0.368012 -0.094879  0.625000 0.400000
39  3.746017 -19.468420 1.884884  0.924968 0.368012 -0.094879  0.500000 0.600000
39  3.746017 -19.678091 1.071620  0.924968 0.368012 -0.094879  0.500000 0.400000
handle.bmp
39  3.210587 -19.438467 0.322704  0.824856 0.232430 -0.515353  0.625000 0.200000
39  3.746017 -19.678091 1.071620  0.824856 0.232430 -0.515353  0.500000 0.400000
39  3.382745 -19.847719 0.413677  0.824856 0.232430 -0.515353  0.500000 0.200000
handle.bmp
39  3.467458 -18.806236 1.737687  0.876373 0.364290 0.315062  0.625000 0.600000
39  3.382745 -19.298794 2.542828  0.876371 0.364283 0.315073  0.500000 0.800000
39  3.746017 -19.468420 1.884884  0.876373 0.364290 0.315060  0.500000 0.600000
handle.bmp
39  2.794960 -19.912512 0.162364  0.400276 -0.356084 -0.844384  0.437500 0.000000
39  3.382745 -19.847719 0.413677  0.400276 -0.356084 -0.844384  0.500000 0.200000
39  3.210587 -20.256969 0.504650  0.400276 -0.356084 -0.844384  0.375000 0.200000
handle.bmp
39  3.746017 -19.678091 1.071620  0.924968 -0.368011 0.094880  0.500000 0.400000
39  3.467458 -20.130602 2.032081  0.924968 -0.368011 0.094880  0.375000 0.600000
39  3.467458 -20.340277 1.218818  0.924968 -0.368011 0.094880  0.375000 0.400000
handle.bmp
39  3.382745 -19.847719 0.413677  0.833267 -0.428256 -0.349662  0.500000 0.200000
39  3.467458 -20.340277 1.218818  0.833267 -0.428256 -0.349662  0.375000 0.400000
39  3.210587 -20.256969 0.504650  0.833267 -0.428256 -0.349662  0.375000 0.200000
handle.bmp
39  3.746017 -19.468420 1.884884  0.869767 -0.190849 0.455063  0.500000 0.600000
39  3.210587 -19.979147 2.694064  0.869768 -0.190848 0.455061  0.375000 0.800000
39  3.467458 -20.130602 2.032081  0.869764 -0.190852 0.455067  0.375000 0.600000
handle.bmp
39  2.794960 -19.912512 0.162364  0.167171 -0.586094 -0.792810  0.312500 0.000000
39  3.210587 -20.256969 0.504650  0.167171 -0.586094 -0.792810  0.375000 0.200000
39  2.794960 -20.426491 0.542332  0.167171 -0.586094 -0.792810  0.250000 0.200000
handle.bmp
39  3.467458 -20.340277 1.218818  0.385332 -0.893559 0.230371  0.375000 0.400000
39  2.794960 -20.404890 2.093052  0.385332 -0.893559 0.230371  0.250000 0.600000
39  2.794960 -20.614561 1.279789  0.385332 -0.893559 0.230371  0.250000 0.400000
handle.bmp
39  3.210587 -20.256969 0.504650  0.349329 -0.907941 -0.231542  0.375000 0.200000
39  2.794960 -20.614561 1.279789  0.349329 -0.907941 -0.231542  0.250000 0.400000
39  2.794960 -20.426491 0.542332  0.349329 -0.907941 -0.231542  0.250000 0.200000
handle.bmp
39  3.467458 -20.130602 2.032081  0.462004 -0.842444 0.277203  0.375000 0.600000
39  2.794960 -20.260960 2.756709  0.462007 -0.842443 0.277198  0.250000 0.800000
39  2.794960 -20.404890 2.093052  0.461996 -0.842445 0.277211  0.250000 0.600000
handle.bmp
39  2.794960 -19.912512 0.162364  -0.167171 -0.586093 -0.792811  0.187500 0.000000
39  2.794960 -20.426491 0.542332  -0.167171 -0.586093 -0.792811  0.250000 0.200000
39  2.379333 -20.256969 0.504650  -0.167171 -0.586093 -0.792811  0.125000 0.200000
handle.bmp
39  2.794960 -20.614561 1.279789  -0.385333 -0.893558 0.230374  0.250000 0.400000
39  2.122462 -20.130602 2.032081  -0.385333 -0.893558 0.230374  0.125000 0.600000
39  2.122462 -20.340277 1.218818  -0.385333 -0.893558 0.230374  0.125000 0.400000
handle.bmp
39  2.794960 -20.426491 0.542332  -0.349326 -0.907938 -0.231561  0.250000 0.200000
39  2.122462 -20.340277 1.218818  -0.349326 -0.907938 -0.231561  0.125000 0.400000
39  2.379333 -20.256969 0.504650  -0.349326 -0.907938 -0.231561  0.125000 0.200000
handle.bmp
39  2.794960 -20.404890 2.093052  -0.462015 -0.842423 0.277246  0.250000 0.600000
39  2.379333 -19.979147 2.694064  -0.462016 -0.842422 0.277247  0.125000 0.800000
39  2.122462 -20.130602 2.032081  -0.462016 -0.842422 0.277247  0.125000 0.600000
handle.bmp
39  2.794960 -19.912512 0.162364  -0.400276 -0.356084 -0.844384  0.062500 0.000000
39  2.379333 -20.256969 0.504650  -0.400276 -0.356084 -0.844384  0.125000 0.200000
39  2.207175 -19.847719 0.413677  -0.400276 -0.356084 -0.844384  0.000000 0.200000
handle.bmp
39  2.122462 -20.340277 1.218818  -0.924968 -0.368011 0.094879  0.125000 0.400000
39  1.843903 -19.468420 1.884884  -0.924968 -0.368011 0.094879  0.000000 0.600000
39  1.843903 -19.678091 1.071620  -0.924968 -0.368011 0.094879  0.000000 0.400000
handle.bmp
39  2.379333 -20.256969 0.504650  -0.833269 -0.428256 -0.349657  0.125000 0.200000
39  1.843903 -19.678091 1.071620  -0.833269 -0.428256 -0.349657  0.000000 0.400000
39  2.207175 -19.847719 0.413677  -0.833269 -0.428256 -0.349657  0.000000 0.200000
handle.bmp
39  2.122462 -20.130602 2.032081  -0.869749 -0.190853 0.455096  0.125000 0.600000
39  2.207175 -19.298794 2.542828  -0.869749 -0.190857 0.455093  0.000000 0.800000
39  1.843903 -19.468420 1.884884  -0.869750 -0.190863 0.455090  0.000000 0.600000
handle.bmp
39  2.794960 -19.912512 0.162364  -0.396323 -0.037199 -0.917357  0.937500 0.000000
39  2.207175 -19.847719 0.413677  -0.396323 -0.037199 -0.917357  1.000000 0.200000
39  2.379333 -19.438467 0.322704  -0.396323 -0.037199 -0.917357  0.875000 0.200000
handle.bmp
39  1.843903 -19.678091 1.071620  -0.924968 0.368012 -0.094878  1.000000 0.400000
39  2.122462 -18.806236 1.737687  -0.924968 0.368012 -0.094878  0.875000 0.600000
39  2.122462 -19.015907 0.924423  -0.924968 0.368012 -0.094878  0.875000 0.400000
handle.bmp
39  2.207175 -19.847719 0.413677  -0.824857 0.232431 -0.515351  1.000000 0.200000
39  2.122462 -19.015907 0.924423  -0.824857 0.232431 -0.515351  0.875000 0.400000
39  2.379333 -19.438467 0.322704  -0.824857 0.232431 -0.515351  0.875000 0.200000
handle.bmp
39  1.843903 -19.468420 1.884884  -0.876395 0.364273 0.315019  1.000000 0.600000
39  2.379333 -18.618437 2.391592  -0.876397 0.364270 0.315017  0.875000 0.800000
39  2.122462 -18.806236 1.737687  -0.876393 0.364277 0.315021  0.875000 0.600000
handle.bmp
39  2.794960 -19.912512 0.162364  -0.163202 0.184711 -0.969147  0.812500 0.000000
39  2.379333 -19.438467 0.322704  -0.163202 0.184711 -0.969147  0.875000 0.200000
39  2.794960 -19.268951 0.285022  -0.163202 0.184711 -0.969147  0.750000 0.200000
handle.bmp
39  2.122462 -19.015907 0.924423  -0.385332 0.893559 -0.230374  0.875000 0.400000
39  2.794960 -18.531950 1.676715  -0.385332 0.893559 -0.230374  0.750000 0.600000
39  2.794960 -18.741623 0.863452  -0.385332 0.893559 -0.230374  0.750000 0.400000
handle.bmp
39  2.379333 -19.438467 0.322704  -0.340787 0.694761 -0.633381  0.875000 0.200000
39  2.794960 -18.741623 0.863452  -0.340787 0.694761 -0.633381  0.750000 0.400000
39  2.794960 -19.268951 0.285022  -0.340787 0.694761 -0.633381  0.750000 0.200000
handle.bmp
39  2.122462 -18.806236 1.737687  -0.463615 0.870681 -0.164242  0.875000 0.600000
39  2.794960 -18.336624 2.328947  -0.463619 0.870678 -0.164245  0.750000 0.800000
39  2.794960 -18.531950 1.676715  -0.463607 0.870687 -0.164235  0.750000 0.600000
handle.bmp
39  3.210587 -19.979147 2.694064  0.323945 0.135084 0.936382  0.375000 0.800000
39  3.382745 -19.298794 2.542828  0.310139 0.319556 0.895376  0.500000 0.800000
39  2.207175 -19.298794 2.542828  -0.310135 0.089853 0.946437  0.000000 0.800000
magazine.bmp
39  2.524991 -20.215580 2.732777  -0.836610 -0.408694 0.364764  0.562500 0.023438
39  2.534991 -18.455580 2.302777  -0.328015 0.941688 0.075025  0.492188 0.359375
39  3.114991 -18.455580 2.302777  0.671027 0.701699 0.239461  0.492188 0.359375
handle.bmp
39  2.794960 -19.268951 0.285022  0.340789 0.694760 -0.633381  0.750000 0.200000
39  2.794960 -18.741623 0.863452  0.340789 0.694760 -0.633381  0.750000 0.400000
39  3.467458 -19.015907 0.924423  0.340789 0.694760 -0.633381  0.625000 0.400000
handle.bmp
39  2.794960 -18.531950 1.676715  0.463638 0.870673 -0.164221  0.750000 0.600000
39  2.794960 -18.336624 2.328947  0.463641 0.870672 -0.164216  0.750000 0.800000
39  3.210587 -18.618437 2.391592  0.463636 0.870673 -0.164225  0.625000 0.800000
handle.bmp
39  2.794960 -18.741623 0.863452  0.385334 0.893558 -0.230371  0.750000 0.400000
39  2.794960 -18.531950 1.676715  0.385334 0.893558 -0.230371  0.750000 0.600000
39  3.467458 -18.806236 1.737687  0.385334 0.893558 -0.230371  0.625000 0.600000
handle.bmp
39  3.467458 -19.015907 0.924423  0.924968 0.368012 -0.094878  0.625000 0.400000
39  3.467458 -18.806236 1.737687  0.924968 0.368012 -0.094878  0.625000 0.600000
39  3.746017 -19.468420 1.884884  0.924968 0.368012 -0.094878  0.500000 0.600000
handle.bmp
39  3.210587 -19.438467 0.322704  0.824856 0.232431 -0.515353  0.625000 0.200000
39  3.467458 -19.015907 0.924423  0.824856 0.232431 -0.515353  0.625000 0.400000
39  3.746017 -19.678091 1.071620  0.824856 0.232431 -0.515353  0.500000 0.400000
handle.bmp
39  3.467458 -18.806236 1.737687  0.876412 0.364230 0.315023  0.625000 0.600000
39  3.210587 -18.618437 2.391592  0.876410 0.364220 0.315038  0.625000 0.800000
39  3.382745 -19.298794 2.542828  0.876411 0.364228 0.315025  0.500000 0.800000
handle.bmp
39  3.746017 -19.678091 1.071620  0.924968 -0.368012 0.094878  0.500000 0.400000
39  3.746017 -19.468420 1.884884  0.924968 -0.368012 0.094878  0.500000 0.600000
39  3.467458 -20.130602 2.032081  0.924968 -0.368012 0.094878  0.375000 0.600000
handle.bmp
39  3.382745 -19.847719 0.413677  0.833268 -0.428254 -0.349662  0.500000 0.200000
39  3.746017 -19.678091 1.071620  0.833268 -0.428254 -0.349662  0.500000 0.400000
39  3.467458 -20.340277 1.218818  0.833268 -0.428254 -0.349662  0.375000 0.400000
handle.bmp
39  3.746017 -19.468420 1.884884  0.869761 -0.190820 0.455087  0.500000 0.600000
39  3.382745 -19.298794 2.542828  0.869767 -0.190814 0.455077  0.500000 0.800000
39  3.210587 -19.979147 2.694064  0.869768 -0.190813 0.455076  0.375000 0.800000
handle.bmp
39  3.467458 -20.340277 1.218818  0.385337 -0.893556 0.230377  0.375000 0.400000
39  3.467458 -20.130602 2.032081  0.385337 -0.893556 0.230377  0.375000 0.600000
39  2.794960 -20.404890 2.093052  0.385337 -0.893556 0.230377  0.250000 0.600000
handle.bmp
39  3.210587 -20.256969 0.504650  0.349318 -0.907942 -0.231554  0.375000 0.200000
39  3.467458 -20.340277 1.218818  0.349318 -0.907942 -0.231554  0.375000 0.400000
39  2.794960 -20.614561 1.279789  0.349318 -0.907942 -0.231554  0.250000 0.400000
handle.bmp
39  3.467458 -20.130602 2.032081  0.462063 -0.842386 0.277279  0.375000 0.600000
39  3.210587 -19.979147 2.694064  0.462064 -0.842386 0.277277  0.375000 0.800000
39  2.794960 -20.260960 2.756709  0.462057 -0.842388 0.277285  0.250000 0.800000
handle.bmp
39  2.794960 -20.614561 1.279789  -0.385336 -0.893557 0.230374  0.250000 0.400000
39  2.794960 -20.404890 2.093052  -0.385336 -0.893557 0.230374  0.250000 0.600000
39  2.122462 -20.130602 2.032081  -0.385336 -0.893557 0.230374  0.125000 0.600000
handle.bmp
39  2.794960 -20.426491 0.542332  -0.349320 -0.907944 -0.231544  0.250000 0.200000
39  2.794960 -20.614561 1.279789  -0.349320 -0.907944 -0.231544  0.250000 0.400000
39  2.122462 -20.340277 1.218818  -0.349320 -0.907944 -0.231544  0.125000 0.400000
handle.bmp
39  2.794960 -20.404890 2.093052  -0.462049 -0.842418 0.277207  0.250000 0.600000
39  2.794960 -20.260960 2.756709  -0.462054 -0.842413 0.277214  0.250000 0.800000
39  2.379333 -19.979147 2.694064  -0.462055 -0.842411 0.277216  0.125000 0.800000
handle.bmp
39  2.122462 -20.340277 1.218818  -0.924967 -0.368012 0.094879  0.125000 0.400000
39  2.122462 -20.130602 2.032081  -0.924967 -0.368012 0.094879  0.125000 0.600000
39  1.843903 -19.468420 1.884884  -0.924967 -0.368012 0.094879  0.000000 0.600000
handle.bmp
39  2.379333 -20.256969 0.504650  -0.833267 -0.428253 -0.349665  0.125000 0.200000
39  2.122462 -20.340277 1.218818  -0.833267 -0.428253 -0.349665  0.125000 0.400000
39  1.843903 -19.678091 1.071620  -0.833267 -0.428253 -0.349665  0.000000 0.400000
handle.bmp
39  2.122462 -20.130602 2.032081  -0.869770 -0.190843 0.455059  0.125000 0.600000
39  2.379333 -19.979147 2.694064  -0.869769 -0.190833 0.455065  0.125000 0.800000
39  2.207175 -19.298794 2.542828  -0.869770 -0.190838 0.455061  0.000000 0.800000
handle.bmp
39  1.843903 -19.678091 1.071620  -0.924968 0.368012 -0.094879  1.000000 0.400000
39  1.843903 -19.468420 1.884884  -0.924968 0.368012 -0.094879  1.000000 0.600000
39  2.122462 -18.806236 1.737687  -0.924968 0.368012 -0.094879  0.875000 0.600000
handle.bmp
39  2.207175 -19.847719 0.413677  -0.824856 0.232430 -0.515353  1.000000 0.200000
39  1.843903 -19.678091 1.071620  -0.824856 0.232430 -0.515353  1.000000 0.400000
39  2.122462 -19.015907 0.924423  -0.824856 0.232430 -0.515353  0.875000 0.400000
handle.bmp
39  1.843903 -19.468420 1.884884  -0.876393 0.364230 0.315074  1.000000 0.600000
39  2.207175 -19.298794 2.542828  -0.876392 0.364231 0.315075  1.000000 0.800000
39  2.379333 -18.618437 2.391592  -0.876387 0.364240 0.315080  0.875000 0.800000
handle.bmp
39  2.122462 -19.015907 0.924423  -0.385335 0.893558 -0.230371  0.875000 0.400000
39  2.122462 -18.806236 1.737687  -0.385335 0.893558 -0.230371  0.875000 0.600000
39  2.794960 -18.531950 1.676715  -0.385335 0.893558 -0.230371  0.750000 0.600000
handle.bmp
39  2.379333 -19.438467 0.322704  -0.340788 0.694760 -0.633381  0.875000 0.200000
39  2.122462 -19.015907 0.924423  -0.340788 0.694760 -0.633381  0.875000 0.400000
39  2.794960 -18.741623 0.863452  -0.340788 0.694760 -0.633381  0.750000 0.400000
handle.bmp
39  2.122462 -18.806236 1.737687  -0.463652 0.870674 -0.164179  0.875000 0.600000
39  2.379333 -18.618437 2.391592  -0.463659 0.870668 -0.164186  0.875000 0.800000
39  2.794960 -18.336624 2.328947  -0.463656 0.870670 -0.164183  0.750000 0.800000
handle.bmp
39  3.382745 -19.298794 2.542828  0.310136 0.319562 0.895375  0.500000 0.800000
39  3.210587 -18.618437 2.391592  0.182216 0.475276 0.860761  0.625000 0.800000
39  2.379333 -18.618437 2.391592  -0.323949 0.274314 0.905433  0.875000 0.800000
handle.bmp
39  3.210587 -18.618437 2.391592  0.182235 0.475269 0.860761  0.625000 0.800000
39  2.794960 -18.336624 2.328947  -0.139954 0.498280 0.855646  0.750000 0.800000
39  2.379333 -18.618437 2.391592  -0.323957 0.274285 0.905439  0.875000 0.800000
handle.bmp
39  2.379333 -18.618437 2.391592  -0.323945 0.274333 0.905429  0.875000 0.800000
39  2.207175 -19.298794 2.542828  -0.310139 0.089860 0.946435  0.000000 0.800000
39  3.382745 -19.298794 2.542828  0.310135 0.319563 0.895375  0.500000 0.800000
handle.bmp
39  2.207175 -19.298794 2.542828  -0.310135 0.089853 0.946437  0.000000 0.800000
39  2.379333 -19.979147 2.694064  -0.182216 -0.065860 0.981050  0.125000 0.800000
39  3.210587 -19.979147 2.694064  0.323949 0.135102 0.936378  0.375000 0.800000
handle.bmp
39  2.379333 -19.979147 2.694064  -0.182235 -0.065847 0.981048  0.125000 0.800000
39  2.794960 -20.260960 2.756709  0.139954 -0.088858 0.986163  0.250000 0.800000
39  3.210587 -19.979147 2.694064  0.323957 0.135136 0.936371  0.375000 0.800000
end
