version 1
nodes
  0 "Bip01" -1
  1 "Bip01 Pelvis" 0
  2 "Bip01 Spine" 1
  3 "Bip01 Spine1" 2
  4 "Bip01 Spine2" 3
  5 "Bip01 Spine3" 4
  6 "Bip01 Neck" 5
  7 "Bip01 L Clavicle" 6
  8 "Bip01 L UpperArm" 7
  9 "Bip01 L Forearm" 8
 10 "Bip01 L Hand" 9
 11 "Bone01" 10
 12 "Bone02" 11
 13 "Bone03" 12
 14 "Bone05" 12
 15 "Bone07" 12
 16 "Bone09" 12
 17 "Bone11" 12
 18 "Bip01 R Clavicle" 6
 19 "Bip01 R UpperArm" 18
 20 "Bip01 R Forearm" 19
 21 "Bip01 R Hand" 20
 22 "Bip01 R Finger0" 21
 23 "Bip01 R Finger01" 22
 24 "Bip01 R Finger02" 23
 25 "Bip01 R Finger1" 21
 26 "Bip01 R Finger11" 25
 27 "Bip01 R Finger12" 26
 28 "Bip01 R Finger2" 21
 29 "Bip01 R Finger21" 28
 30 "Bip01 R Finger22" 29
 31 "Bip01 R Finger3" 21
 32 "Bip01 R Finger31" 31
 33 "Bip01 R Finger32" 32
 34 "Bip01 R Finger4" 21
 35 "Bip01 R Finger41" 34
 36 "Bip01 R Finger42" 35
 37 "Bip01 L Finger0" 10
 38 "Bip01 L Finger01" 37
 39 "Bip01 L Finger02" 38
 40 "Bip01 L Finger1" 10
 41 "Bip01 L Finger11" 40
 42 "Bip01 L Finger12" 41
 43 "Bip01 L Finger2" 10
 44 "Bip01 L Finger21" 43
 45 "Bip01 L Finger22" 44
 46 "Bip01 L Finger3" 10
 47 "Bip01 L Finger31" 46
 48 "Bip01 L Finger32" 47
 49 "Bip01 L Finger4" 10
 50 "Bip01 L Finger41" 49
 51 "Bip01 L Finger42" 50
end
skeleton
time 0
  0 -0.031793 0.000000 33.147358 0.000000 0.000000 -1.570795
  1 0.000000 0.000000 0.000000 -1.570795 -1.570451 0.000000
  2 3.435066 -0.003090 0.000005 -0.000004 -0.000001 0.000796
  3 3.883118 -0.003092 0.000000 0.000000 0.000000 0.000000
  4 3.883117 -0.003092 0.000000 0.000000 0.000000 0.000000
  5 3.883116 -0.003092 0.000000 0.000000 0.000000 0.000000
  6 3.883120 -0.001784 0.000000 0.000000 0.000000 0.000000
  7 -0.000004 0.001781 1.045454 -0.000014 -1.370796 3.140810
  8 3.883118 0.000000 -0.000001 -0.956475 0.064956 -0.042303
  9 8.961035 0.000001 0.000000 0.000000 0.000000 -2.614067
 10 8.961036 -0.000001 0.000001 -2.657995 0.936036 1.280553
 11 2.288906 0.478824 -0.213616 3.117592 -0.024734 -1.475465
 12 0.000000 -1.653057 2.385124 0.000000 0.000000 0.000000
 13 0.000000 -0.141691 -0.472302 0.000000 0.000000 0.000000
 14 0.000000 -1.771133 -1.275215 0.000000 0.000000 0.000000
 15 -0.296293 -1.794749 0.991836 0.000000 0.000000 0.000000
 16 -0.494551 -5.951008 1.251602 0.000000 0.000000 0.000000
 17 -0.008695 -3.129705 0.074367 0.000000 0.000000 0.000000
 18 -0.000004 0.001787 -1.045454 -0.695541 1.379444 2.454301
 19 3.883117 0.000000 0.000002 -1.351794 -2.915145 0.878688
 20 8.961036 0.000003 -0.000001 0.000000 0.000000 -0.770505
 21 8.961039 -0.000003 0.000000 2.418909 0.115043 0.597113
 22 0.642857 0.500632 1.160047 1.564011 -0.733013 0.011026
 23 1.164115 0.000000 0.000000 0.000000 0.000000 -0.218166
 24 0.947480 0.000000 -0.000002 0.000000 0.000000 -0.226893
 25 2.889327 -0.168191 1.032867 -0.106542 -0.127289 0.704862
 26 1.200778 0.000003 0.000000 0.000000 0.000000 0.654498
 27 0.740583 0.000000 0.000000 0.000000 0.000000 0.654498
 28 2.985631 -0.166491 0.361956 0.000445 -0.000660 0.977384
 29 1.223183 0.000002 0.000000 0.000000 0.000000 0.916298
 30 0.950411 0.000000 0.000000 0.000000 0.000000 0.916298
 31 2.848551 -0.167755 -0.254626 0.132162 0.067596 1.095365
 32 1.263503 0.000000 0.000000 0.000000 0.000000 1.047198
 33 0.753029 0.000001 0.000000 0.000000 0.000000 1.047198
 34 2.575171 -0.170756 -0.868192 0.265010 0.089104 1.251180
 35 1.008117 0.000000 0.000001 0.000000 0.000000 1.204277
 36 0.643752 -0.000001 -0.000001 0.000000 0.000000 1.204277
 37 0.642857 0.500633 -1.160048 -0.795558 0.133543 0.433722
 38 1.164114 0.000000 0.000002 0.000000 0.000000 -0.218166
 39 0.947481 -0.000001 -0.000003 0.000000 0.000000 -0.357792
 40 2.889326 -0.168190 -1.032869 -0.124257 0.161666 -0.221229
 41 1.200778 0.000000 0.000001 0.000000 0.000000 1.117011
 42 0.740581 0.000000 0.000000 0.000000 0.000000 0.759218
 43 2.985631 -0.166490 -0.361956 -0.000429 -0.069142 1.003594
 44 1.223182 -0.000001 0.000002 0.000000 0.000000 1.457350
 45 0.950413 0.000000 0.000004 0.000000 0.000000 1.256637
 46 2.848550 -0.167756 0.254628 -0.130074 -0.070537 1.272059
 47 1.263506 -0.000001 -0.000001 0.000000 0.000000 1.151917
 48 0.753029 0.000001 0.000000 0.000000 0.000000 1.413717
 49 2.575171 -0.170755 0.868191 -0.233617 -0.049932 1.255402
 50 1.008118 -0.000001 0.000003 0.000000 0.000000 0.881391
 51 0.643753 0.000001 -0.000002 0.000000 0.000000 1.474803
end
triangles
view_glove.bmp
 20 4.907855 -12.387409 56.355434 -0.618397 0.149599 0.771496 0.550781 0.023438
 21 4.930869 -13.494109 56.521729 -0.384398 0.211999 0.898496 0.597656 0.101563
 20 5.416433 -12.131627 56.261494 0.411284 0.414583 0.811768 0.644531 0.023438
view_glove.bmp
 20 5.416433 -12.131627 56.261494 0.411284 0.414583 0.811768 0.644531 0.023438
 21 4.930869 -13.494109 56.521729 -0.384398 0.211999 0.898496 0.597656 0.101563
 20 6.097266 -12.233543 55.599239 0.367304 0.700907 0.611406 0.753906 0.023438
view_glove.bmp
 21 4.930869 -13.494109 56.521729 -0.384398 0.211999 0.898496 0.597656 0.101563
 21 5.794787 -13.397325 56.551384 0.146698 0.403395 0.903190 0.679688 0.218750
 20 6.097266 -12.233543 55.599239 0.367304 0.700907 0.611406 0.753906 0.023438
view_glove.bmp
 20 6.097266 -12.233543 55.599239 0.367304 0.700907 0.611406 0.753906 0.023438
 21 5.794787 -13.397325 56.551384 0.146698 0.403395 0.903190 0.679688 0.218750
 21 6.107621 -12.841318 56.147537 0.278407 0.438111 0.854721 0.757813 0.140625
view_glove.bmp
 21 5.794787 -13.397325 56.551384 0.146698 0.403395 0.903190 0.679688 0.218750
 21 6.341549 -13.446378 56.072170 0.577091 0.097098 0.810887 0.746094 0.320313
 21 6.107621 -12.841318 56.147537 0.278407 0.438111 0.854721 0.757813 0.140625
view_glove.bmp
 21 6.107621 -12.841318 56.147537 0.278407 0.438111 0.854721 0.757813 0.140625
 21 6.341549 -13.446378 56.072170 0.577091 0.097098 0.810887 0.746094 0.320313
 21 6.632953 -12.397862 55.767700 0.332198 0.681096 0.652497 0.851563 0.125000
view_glove.bmp
 21 6.341549 -13.446378 56.072170 0.577091 0.097098 0.810887 0.746094 0.320313
 34 7.865084 -13.710389 55.180222 0.441700 0.460100 0.770201 0.929688 0.789063
 21 6.632953 -12.397862 55.767700 0.332198 0.681096 0.652497 0.851563 0.125000
view_glove.bmp
 21 6.632953 -12.397862 55.767700 0.332198 0.681096 0.652497 0.851563 0.125000
 34 7.865084 -13.710389 55.180222 0.441700 0.460100 0.770201 0.929688 0.789063
 21 6.893713 -12.227519 55.391289 0.391103 0.915305 0.096201 0.917969 0.125000
view_glove.bmp
 34 7.865084 -13.710389 55.180222 0.441700 0.460100 0.770201 0.929688 0.789063
 21 8.062232 -13.735652 54.914425 0.888188 0.435094 0.147698 0.949219 0.656250
 21 6.893713 -12.227519 55.391289 0.391103 0.915305 0.096201 0.917969 0.125000
view_glove.bmp
 21 6.893713 -12.227519 55.391289 0.391103 0.915305 0.096201 0.917969 0.125000
 21 8.062232 -13.735652 54.914425 0.888188 0.435094 0.147698 0.949219 0.656250
 21 6.867054 -12.258381 54.899517 0.227999 0.927897 -0.294999 0.968750 0.117188
view_glove.bmp
 21 8.062232 -13.735652 54.914425 0.888188 0.435094 0.147698 0.949219 0.656250
 34 8.168307 -14.087947 54.709473 0.727141 0.165909 -0.666138 0.980469 0.718750
 21 6.867054 -12.258381 54.899517 0.227999 0.927897 -0.294999 0.968750 0.117188
view_glove.bmp
 49 7.291460 -5.256267 53.221912 0.396805 -0.267004 -0.878211 0.980469 0.718750
 10 7.033474 -4.919067 53.182003 -0.443312 -0.214906 -0.870224 0.949219 0.656250
 10 6.882530 -3.025310 53.224384 0.015301 0.657230 -0.753535 0.968750 0.117188
view_glove.bmp
 10 6.882530 -3.025310 53.224384 0.015301 0.657230 -0.753535 0.968750 0.117188
 10 7.033474 -4.919067 53.182003 -0.443312 -0.214906 -0.870224 0.949219 0.656250
 10 6.410146 -3.063450 53.361855 -0.784600 0.488500 -0.381800 0.917969 0.125000
view_glove.bmp
 10 7.033474 -4.919067 53.182003 -0.443312 -0.214906 -0.870224 0.949219 0.656250
 49 6.809200 -4.812803 53.402653 -0.893198 0.063200 -0.445199 0.929688 0.789063
 10 6.410146 -3.063450 53.361855 -0.784600 0.488500 -0.381800 0.917969 0.125000
view_glove.bmp
 10 6.410146 -3.063450 53.361855 -0.784600 0.488500 -0.381800 0.917969 0.125000
 49 6.809200 -4.812803 53.402653 -0.893198 0.063200 -0.445199 0.929688 0.789063
 10 6.167771 -3.065807 53.786060 -0.857019 0.134903 -0.497311 0.851563 0.125000
view_glove.bmp
 49 6.809200 -4.812803 53.402653 -0.893198 0.063200 -0.445199 0.929688 0.789063
 10 6.255184 -3.720896 54.712837 -0.884113 -0.338705 -0.321905 0.746094 0.320313
 10 6.167771 -3.065807 53.786060 -0.857019 0.134903 -0.497311 0.851563 0.125000
view_glove.bmp
 10 6.167771 -3.065807 53.786060 -0.857019 0.134903 -0.497311 0.851563 0.125000
 10 6.255184 -3.720896 54.712837 -0.884113 -0.338705 -0.321905 0.746094 0.320313
 10 6.060821 -3.113203 54.562729 -0.728135 0.685333 0.011801 0.757813 0.140625
view_glove.bmp
 10 6.255184 -3.720896 54.712837 -0.884113 -0.338705 -0.321905 0.746094 0.320313
 10 5.907123 -3.384221 55.252747 -0.884571 0.388488 -0.258092 0.679688 0.218750
 10 6.060821 -3.113203 54.562729 -0.728135 0.685333 0.011801 0.757813 0.140625
view_glove.bmp
 10 6.060821 -3.113203 54.562729 -0.728135 0.685333 0.011801 0.757813 0.140625
 10 5.907123 -3.384221 55.252747 -0.884571 0.388488 -0.258092 0.679688 0.218750
  9 6.739345 -3.253528 54.182468 -0.464987 -0.280592 -0.839676 0.753906 0.023438
view_glove.bmp
 10 5.907123 -3.384221 55.252747 -0.884571 0.388488 -0.258092 0.679688 0.218750
 10 6.165231 -2.912465 55.941025 -0.879433 0.347613 0.325212 0.597656 0.101563
  9 6.739345 -3.253528 54.182468 -0.464987 -0.280592 -0.839676 0.753906 0.023438
view_glove.bmp
  9 6.739345 -3.253528 54.182468 -0.464987 -0.280592 -0.839676 0.753906 0.023438
 10 6.165231 -2.912465 55.941025 -0.879433 0.347613 0.325212 0.597656 0.101563
  9 6.160128 -2.625322 53.755424 -0.706733 -0.540225 -0.456821 0.644531 0.023438
view_glove.bmp
 10 6.165231 -2.912465 55.941025 -0.879433 0.347613 0.325212 0.597656 0.101563
  9 6.033572 -2.070121 53.848354 -0.851323 0.498514 -0.163504 0.550781 0.023438
  9 6.160128 -2.625322 53.755424 -0.706733 -0.540225 -0.456821 0.644531 0.023438
view_glove.bmp
 21 5.844334 -15.456274 55.582478 -0.657432 -0.743636 -0.121606 0.523438 0.695313
 21 6.045574 -15.224511 56.237221 0.122300 -0.567700 0.814100 0.601563 0.687500
 22 5.710807 -15.164273 56.267883 0.395382 -0.906759 -0.146494 0.492188 0.625000
view_glove.bmp
 22 5.710807 -15.164273 56.267883 0.395382 -0.906759 -0.146494 0.492188 0.625000
 21 6.045574 -15.224511 56.237221 0.122300 -0.567700 0.814100 0.601563 0.687500
 22 5.843303 -15.048773 56.671371 0.754307 -0.148502 0.639506 0.578125 0.617188
view_glove.bmp
 21 6.045574 -15.224511 56.237221 0.122300 -0.567700 0.814100 0.601563 0.687500
 21 6.341549 -13.446378 56.072170 0.577091 0.097098 0.810887 0.746094 0.320313
 22 5.843303 -15.048773 56.671371 0.754307 -0.148502 0.639506 0.578125 0.617188
view_glove.bmp
 22 5.843303 -15.048773 56.671371 0.754307 -0.148502 0.639506 0.578125 0.617188
 21 6.341549 -13.446378 56.072170 0.577091 0.097098 0.810887 0.746094 0.320313
 22 5.542564 -14.528733 56.926353 0.353794 0.112898 0.928485 0.570313 0.445313
view_glove.bmp
 21 6.341549 -13.446378 56.072170 0.577091 0.097098 0.810887 0.746094 0.320313
 21 5.794787 -13.397325 56.551384 0.146698 0.403395 0.903190 0.679688 0.218750
 22 5.542564 -14.528733 56.926353 0.353794 0.112898 0.928485 0.570313 0.445313
view_glove.bmp
 22 5.542564 -14.528733 56.926353 0.353794 0.112898 0.928485 0.570313 0.445313
 21 5.794787 -13.397325 56.551384 0.146698 0.403395 0.903190 0.679688 0.218750
 22 4.973073 -14.773540 56.893959 -0.487316 0.129104 0.863629 0.507813 0.406250
view_glove.bmp
 21 5.794787 -13.397325 56.551384 0.146698 0.403395 0.903190 0.679688 0.218750
 21 4.930869 -13.494109 56.521729 -0.384398 0.211999 0.898496 0.597656 0.101563
 22 4.973073 -14.773540 56.893959 -0.487316 0.129104 0.863629 0.507813 0.406250
view_glove.bmp
 22 4.973073 -14.773540 56.893959 -0.487316 0.129104 0.863629 0.507813 0.406250
 21 4.930869 -13.494109 56.521729 -0.384398 0.211999 0.898496 0.597656 0.101563
 22 4.846799 -14.874571 56.506344 -0.988891 -0.147698 -0.016700 0.449219 0.406250
view_glove.bmp
 21 4.930869 -13.494109 56.521729 -0.384398 0.211999 0.898496 0.597656 0.101563
 21 4.621792 -13.697516 56.046337 -0.988183 -0.132997 -0.076199 0.511719 0.093750
 22 4.846799 -14.874571 56.506344 -0.988891 -0.147698 -0.016700 0.449219 0.406250
view_glove.bmp
 10 6.725657 -2.832603 56.116936 -0.033900 0.458797 0.887894 0.511719 0.093750
 10 6.165231 -2.912465 55.941025 -0.879433 0.347613 0.325212 0.597656 0.101563
 37 5.886363 -4.318657 56.282669 -0.258610 0.120505 0.958436 0.449219 0.406250
view_glove.bmp
 37 5.886363 -4.318657 56.282669 -0.258610 0.120505 0.958436 0.449219 0.406250
 10 6.165231 -2.912465 55.941025 -0.879433 0.347613 0.325212 0.597656 0.101563
 37 5.597691 -4.248741 55.985718 -0.975776 0.198395 0.092198 0.507813 0.406250
view_glove.bmp
 10 6.165231 -2.912465 55.941025 -0.879433 0.347613 0.325212 0.597656 0.101563
 10 5.907123 -3.384221 55.252747 -0.884571 0.388488 -0.258092 0.679688 0.218750
 37 5.597691 -4.248741 55.985718 -0.975776 0.198395 0.092198 0.507813 0.406250
view_glove.bmp
 37 5.597691 -4.248741 55.985718 -0.975776 0.198395 0.092198 0.507813 0.406250
 10 5.907123 -3.384221 55.252747 -0.884571 0.388488 -0.258092 0.679688 0.218750
 37 5.828147 -4.136024 55.420486 -0.824493 -0.082699 -0.559796 0.570313 0.445313
view_glove.bmp
 10 5.907123 -3.384221 55.252747 -0.884571 0.388488 -0.258092 0.679688 0.218750
 10 6.255184 -3.720896 54.712837 -0.884113 -0.338705 -0.321905 0.746094 0.320313
 37 5.828147 -4.136024 55.420486 -0.824493 -0.082699 -0.559796 0.570313 0.445313
view_glove.bmp
 37 5.828147 -4.136024 55.420486 -0.824493 -0.082699 -0.559796 0.570313 0.445313
 10 6.255184 -3.720896 54.712837 -0.884113 -0.338705 -0.321905 0.746094 0.320313
 37 6.135709 -4.709256 55.368416 -0.311102 -0.166901 -0.935607 0.578125 0.617188
view_glove.bmp
 10 6.255184 -3.720896 54.712837 -0.884113 -0.338705 -0.321905 0.746094 0.320313
 10 6.686726 -4.923411 55.985012 -0.756688 0.234196 0.610390 0.601563 0.687500
 37 6.135709 -4.709256 55.368416 -0.311102 -0.166901 -0.935607 0.578125 0.617188
view_glove.bmp
 37 6.135709 -4.709256 55.368416 -0.311102 -0.166901 -0.935607 0.578125 0.617188
 10 6.686726 -4.923411 55.985012 -0.756688 0.234196 0.610390 0.601563 0.687500
 37 6.434805 -4.791879 55.680531 0.933909 -0.202102 0.294903 0.492188 0.625000
view_glove.bmp
 10 6.686726 -4.923411 55.985012 -0.756688 0.234196 0.610390 0.601563 0.687500
 10 7.408206 -4.915772 56.033070 0.441314 0.076002 0.894129 0.523438 0.695313
 37 6.434805 -4.791879 55.680531 0.933909 -0.202102 0.294903 0.492188 0.625000
view_glove.bmp
 22 4.846799 -14.874571 56.506344 -0.988891 -0.147698 -0.016700 0.429688 0.406250
 21 4.621792 -13.697516 56.046337 -0.988183 -0.132997 -0.076199 0.390625 0.093750
 22 5.183391 -15.032002 56.177677 -0.499003 -0.484803 -0.718305 0.394531 0.492188
view_glove.bmp
 22 5.183391 -15.032002 56.177677 -0.499003 -0.484803 -0.718305 0.394531 0.492188
 21 4.621792 -13.697516 56.046337 -0.988183 -0.132997 -0.076199 0.390625 0.093750
 21 5.844334 -15.456274 55.582478 -0.657432 -0.743636 -0.121606 0.335938 0.695313
view_glove.bmp
 21 4.621792 -13.697516 56.046337 -0.988183 -0.132997 -0.076199 0.390625 0.093750
 21 4.821761 -13.611415 55.321632 -0.768214 -0.027300 -0.639611 0.304688 0.101563
 21 5.844334 -15.456274 55.582478 -0.657432 -0.743636 -0.121606 0.335938 0.695313
view_glove.bmp
 21 5.844334 -15.456274 55.582478 -0.657432 -0.743636 -0.121606 0.335938 0.695313
 21 4.821761 -13.611415 55.321632 -0.768214 -0.027300 -0.639611 0.304688 0.101563
 21 6.505810 -15.658361 55.353107 -0.282611 -0.476818 -0.832332 0.281250 0.843750
view_glove.bmp
 21 4.821761 -13.611415 55.321632 -0.768214 -0.027300 -0.639611 0.304688 0.101563
 21 5.557916 -13.102060 54.759285 -0.420801 -0.039300 -0.906301 0.183594 0.101563
 21 6.505810 -15.658361 55.353107 -0.282611 -0.476818 -0.832332 0.281250 0.843750
view_glove.bmp
 21 6.505810 -15.658361 55.353107 -0.282611 -0.476818 -0.832332 0.281250 0.843750
 21 5.557916 -13.102060 54.759285 -0.420801 -0.039300 -0.906301 0.183594 0.101563
 21 7.046831 -15.343516 55.097824 -0.119005 -0.436017 -0.892035 0.203125 0.859375
view_glove.bmp
 21 5.557916 -13.102060 54.759285 -0.420801 -0.039300 -0.906301 0.183594 0.101563
 21 7.397647 -14.898739 54.860970 -0.080001 -0.376605 -0.922913 0.132813 0.812500
 21 7.046831 -15.343516 55.097824 -0.119005 -0.436017 -0.892035 0.203125 0.859375
view_glove.bmp
 21 7.046831 -15.343516 55.097824 -0.119005 -0.436017 -0.892035 0.203125 0.859375
 21 7.397647 -14.898739 54.860970 -0.080001 -0.376605 -0.922913 0.132813 0.812500
 21 7.469801 -15.327578 55.085896 0.287807 -0.648816 -0.704418 0.164063 0.929688
view_glove.bmp
 21 6.401407 -12.522574 54.533630 0.127594 0.230588 -0.964650 0.058594 0.101563
 34 8.168307 -14.087947 54.709473 0.727141 0.165909 -0.666138 0.007813 0.718750
 21 7.644956 -14.331914 54.637924 0.008000 -0.225999 -0.974095 0.066406 0.718750
view_glove.bmp
 21 6.401407 -12.522574 54.533630 0.127594 0.230588 -0.964650 0.058594 0.101563
 21 6.867054 -12.258381 54.899517 0.227999 0.927897 -0.294999 0.007813 0.117188
 34 8.168307 -14.087947 54.709473 0.727141 0.165909 -0.666138 0.007813 0.718750
view_glove.bmp
 21 6.401407 -12.522574 54.533630 0.127594 0.230588 -0.964650 0.058594 0.101563
 20 6.423456 -12.964337 54.439651 0.767792 -0.155698 -0.621493 0.011719 0.023438
 21 6.867054 -12.258381 54.899517 0.227999 0.927897 -0.294999 0.007813 0.117188
view_glove.bmp
 21 6.401407 -12.522574 54.533630 0.127594 0.230588 -0.964650 0.058594 0.101563
 20 5.917162 -13.206361 54.531258 0.008200 -0.999945 0.006500 0.070313 0.023438
 20 6.423456 -12.964337 54.439651 0.767792 -0.155698 -0.621493 0.011719 0.023438
view_glove.bmp
 21 6.401407 -12.522574 54.533630 0.127594 0.230588 -0.964650 0.058594 0.101563
 20 5.240084 -13.120502 55.188213 -0.877587 -0.089998 -0.470893 0.183594 0.023438
 20 5.917162 -13.206361 54.531258 0.008200 -0.999945 0.006500 0.070313 0.023438
view_glove.bmp
 21 6.401407 -12.522574 54.533630 0.127594 0.230588 -0.964650 0.058594 0.101563
 21 5.557916 -13.102060 54.759285 -0.420801 -0.039300 -0.906301 0.183594 0.101563
 20 5.240084 -13.120502 55.188213 -0.877587 -0.089998 -0.470893 0.183594 0.023438
view_glove.bmp
 21 6.401407 -12.522574 54.533630 0.127594 0.230588 -0.964650 0.058594 0.101563
 21 7.644956 -14.331914 54.637924 0.008000 -0.225999 -0.974095 0.066406 0.718750
 21 5.557916 -13.102060 54.759285 -0.420801 -0.039300 -0.906301 0.183594 0.101563
view_glove.bmp
 10 7.540689 -2.842472 54.625954 0.974677 0.223094 0.015300 0.183594 0.101563
 10 7.533036 -5.466667 55.582478 0.995556 -0.030199 0.089196 0.281250 0.843750
 10 7.558416 -5.539689 54.900917 0.983567 -0.179694 0.017500 0.203125 0.859375
view_glove.bmp
 10 7.540689 -2.842472 54.625954 0.974677 0.223094 0.015300 0.183594 0.101563
 10 7.339836 -2.824386 55.672054 0.689828 0.514420 0.509421 0.304688 0.101563
 10 7.533036 -5.466667 55.582478 0.995556 -0.030199 0.089196 0.281250 0.843750
view_glove.bmp
 10 7.540689 -2.842472 54.625954 0.974677 0.223094 0.015300 0.183594 0.101563
  9 6.964807 -2.199563 54.909603 0.180091 0.812959 0.553773 0.183594 0.023438
 10 7.339836 -2.824386 55.672054 0.689828 0.514420 0.509421 0.304688 0.101563
view_glove.bmp
 10 7.540689 -2.842472 54.625954 0.974677 0.223094 0.015300 0.183594 0.101563
 10 7.403646 -2.903147 53.590466 0.567802 0.512701 -0.644002 0.058594 0.101563
  9 6.964807 -2.199563 54.909603 0.180091 0.812959 0.553773 0.183594 0.023438
view_glove.bmp
 10 7.540689 -2.842472 54.625954 0.974677 0.223094 0.015300 0.183594 0.101563
 10 7.557831 -5.091791 53.721092 0.968712 -0.091001 -0.230903 0.066406 0.718750
 10 7.403646 -2.903147 53.590466 0.567802 0.512701 -0.644002 0.058594 0.101563
view_glove.bmp
 10 7.540689 -2.842472 54.625954 0.974677 0.223094 0.015300 0.183594 0.101563
 10 7.560884 -5.395709 54.304123 0.986246 -0.155507 -0.056002 0.132813 0.812500
 10 7.557831 -5.091791 53.721092 0.968712 -0.091001 -0.230903 0.066406 0.718750
view_glove.bmp
 10 7.540689 -2.842472 54.625954 0.974677 0.223094 0.015300 0.183594 0.101563
 10 7.558416 -5.539689 54.900917 0.983567 -0.179694 0.017500 0.203125 0.859375
 10 7.560884 -5.395709 54.304123 0.986246 -0.155507 -0.056002 0.132813 0.812500
view_glove.bmp
 31 7.722436 -14.354590 55.473419 -0.004800 0.464723 0.885443 0.851563 0.906250
 21 6.341549 -13.446378 56.072170 0.577091 0.097098 0.810887 0.746094 0.320313
 28 7.469180 -14.885009 55.734043 0.090697 0.373787 0.923069 0.777344 0.976563
view_glove.bmp
 28 7.469180 -14.885009 55.734043 0.090697 0.373787 0.923069 0.777344 0.976563
 21 6.341549 -13.446378 56.072170 0.577091 0.097098 0.810887 0.746094 0.320313
 28 6.948975 -15.280022 55.960209 0.141600 0.355201 0.924003 0.695313 0.976563
view_glove.bmp
 21 6.341549 -13.446378 56.072170 0.577091 0.097098 0.810887 0.746094 0.320313
 21 6.045574 -15.224511 56.237221 0.122300 -0.567700 0.814100 0.601563 0.687500
 28 6.948975 -15.280022 55.960209 0.141600 0.355201 0.924003 0.695313 0.976563
view_glove.bmp
 28 6.948975 -15.280022 55.960209 0.141600 0.355201 0.924003 0.695313 0.976563
 21 6.045574 -15.224511 56.237221 0.122300 -0.567700 0.814100 0.601563 0.687500
 25 6.338416 -15.570625 56.191002 -0.496003 -0.130201 0.858504 0.605469 0.898438
view_glove.bmp
 21 6.045574 -15.224511 56.237221 0.122300 -0.567700 0.814100 0.601563 0.687500
 21 5.844334 -15.456274 55.582478 -0.657432 -0.743636 -0.121606 0.523438 0.695313
 25 6.338416 -15.570625 56.191002 -0.496003 -0.130201 0.858504 0.605469 0.898438
view_glove.bmp
 25 6.338416 -15.570625 56.191002 -0.496003 -0.130201 0.858504 0.605469 0.898438
 21 5.844334 -15.456274 55.582478 -0.657432 -0.743636 -0.121606 0.523438 0.695313
 25 6.389704 -16.051243 55.741470 -0.403893 -0.828685 -0.387493 0.527344 0.906250
view_glove.bmp
 21 6.107621 -12.841318 56.147537 0.278407 0.438111 0.854721 0.757813 0.140625
 21 6.632953 -12.397862 55.767700 0.332198 0.681096 0.652497 0.851563 0.125000
 20 6.097266 -12.233543 55.599239 0.367304 0.700907 0.611406 0.753906 0.023438
view_glove.bmp
 20 6.097266 -12.233543 55.599239 0.367304 0.700907 0.611406 0.753906 0.023438
 21 6.632953 -12.397862 55.767700 0.332198 0.681096 0.652497 0.851563 0.125000
 20 6.545586 -12.561450 54.834198 0.623088 0.753685 -0.209096 0.863281 0.023438
view_glove.bmp
 21 6.632953 -12.397862 55.767700 0.332198 0.681096 0.652497 0.851563 0.125000
 21 6.893713 -12.227519 55.391289 0.391103 0.915305 0.096201 0.917969 0.125000
 20 6.545586 -12.561450 54.834198 0.623088 0.753685 -0.209096 0.863281 0.023438
view_glove.bmp
 20 6.545586 -12.561450 54.834198 0.623088 0.753685 -0.209096 0.863281 0.023438
 21 6.893713 -12.227519 55.391289 0.391103 0.915305 0.096201 0.917969 0.125000
 20 6.423456 -12.964337 54.439651 0.767792 -0.155698 -0.621493 0.949219 0.023438
view_glove.bmp
 21 6.893713 -12.227519 55.391289 0.391103 0.915305 0.096201 0.917969 0.125000
 21 6.867054 -12.258381 54.899517 0.227999 0.927897 -0.294999 0.968750 0.117188
 20 6.423456 -12.964337 54.439651 0.767792 -0.155698 -0.621493 0.949219 0.023438
view_glove.bmp
 43 6.751169 -5.480368 54.539558 -0.955963 0.120096 0.267790 0.777344 0.976563
 43 6.749073 -5.511178 55.220985 -0.981696 -0.160199 -0.103000 0.695313 0.976563
 10 6.255184 -3.720896 54.712837 -0.884113 -0.338705 -0.321905 0.746094 0.320313
view_glove.bmp
 10 6.255184 -3.720896 54.712837 -0.884113 -0.338705 -0.321905 0.746094 0.320313
 43 6.749073 -5.511178 55.220985 -0.981696 -0.160199 -0.103000 0.695313 0.976563
 10 6.686726 -4.923411 55.985012 -0.756688 0.234196 0.610390 0.601563 0.687500
view_glove.bmp
 43 6.749073 -5.511178 55.220985 -0.981696 -0.160199 -0.103000 0.695313 0.976563
 40 6.893245 -5.790119 56.049934 -0.508910 -0.291906 0.809816 0.605469 0.898438
 10 6.686726 -4.923411 55.985012 -0.756688 0.234196 0.610390 0.601563 0.687500
view_glove.bmp
 10 6.686726 -4.923411 55.985012 -0.756688 0.234196 0.610390 0.601563 0.687500
 40 6.893245 -5.790119 56.049934 -0.508910 -0.291906 0.809816 0.605469 0.898438
 10 7.408206 -4.915772 56.033070 0.441314 0.076002 0.894129 0.523438 0.695313
view_glove.bmp
 40 6.893245 -5.790119 56.049934 -0.508910 -0.291906 0.809816 0.605469 0.898438
 40 7.515893 -5.576728 55.996334 0.906983 0.141197 0.396793 0.527344 0.906250
 10 7.408206 -4.915772 56.033070 0.441314 0.076002 0.894129 0.523438 0.695313
view_glove.bmp
 10 6.882530 -3.025310 53.224384 0.015301 0.657230 -0.753535 0.968750 0.117188
 10 6.410146 -3.063450 53.361855 -0.784600 0.488500 -0.381800 0.917969 0.125000
  9 7.665932 -3.369613 55.243675 -0.070700 -0.078500 0.994404 0.949219 0.023438
view_glove.bmp
  9 7.665932 -3.369613 55.243675 -0.070700 -0.078500 0.994404 0.949219 0.023438
 10 6.410146 -3.063450 53.361855 -0.784600 0.488500 -0.381800 0.917969 0.125000
  9 7.374891 -3.599539 54.790874 -0.061597 -0.979949 -0.189490 0.863281 0.023438
view_glove.bmp
 10 6.410146 -3.063450 53.361855 -0.784600 0.488500 -0.381800 0.917969 0.125000
 10 6.167771 -3.065807 53.786060 -0.857019 0.134903 -0.497311 0.851563 0.125000
  9 7.374891 -3.599539 54.790874 -0.061597 -0.979949 -0.189490 0.863281 0.023438
view_glove.bmp
  9 7.374891 -3.599539 54.790874 -0.061597 -0.979949 -0.189490 0.863281 0.023438
 10 6.167771 -3.065807 53.786060 -0.857019 0.134903 -0.497311 0.851563 0.125000
  9 6.739345 -3.253528 54.182468 -0.464987 -0.280592 -0.839676 0.753906 0.023438
view_glove.bmp
 10 6.167771 -3.065807 53.786060 -0.857019 0.134903 -0.497311 0.851563 0.125000
 10 6.060821 -3.113203 54.562729 -0.728135 0.685333 0.011801 0.757813 0.140625
  9 6.739345 -3.253528 54.182468 -0.464987 -0.280592 -0.839676 0.753906 0.023438
view_glove.bmp
  9 6.033572 -2.070121 53.848354 -0.851323 0.498514 -0.163504 0.359375 0.023438
 10 6.725657 -2.832603 56.116936 -0.033900 0.458797 0.887894 0.390625 0.093750
  9 6.320917 -1.856488 54.290161 -0.273614 0.850543 0.449123 0.292969 0.023438
view_glove.bmp
  9 6.320917 -1.856488 54.290161 -0.273614 0.850543 0.449123 0.292969 0.023438
 10 6.725657 -2.832603 56.116936 -0.033900 0.458797 0.887894 0.390625 0.093750
 10 7.339836 -2.824386 55.672054 0.689828 0.514420 0.509421 0.304688 0.101563
view_glove.bmp
 10 6.725657 -2.832603 56.116936 -0.033900 0.458797 0.887894 0.390625 0.093750
 10 7.408206 -4.915772 56.033070 0.441314 0.076002 0.894129 0.335938 0.695313
 10 7.339836 -2.824386 55.672054 0.689828 0.514420 0.509421 0.304688 0.101563
view_glove.bmp
 10 7.339836 -2.824386 55.672054 0.689828 0.514420 0.509421 0.304688 0.101563
 10 7.408206 -4.915772 56.033070 0.441314 0.076002 0.894129 0.335938 0.695313
 10 7.533036 -5.466667 55.582478 0.995556 -0.030199 0.089196 0.281250 0.843750
view_glove.bmp
 10 7.408206 -4.915772 56.033070 0.441314 0.076002 0.894129 0.335938 0.695313
 40 7.515893 -5.576728 55.996334 0.906983 0.141197 0.396793 0.332031 0.898438
 10 7.533036 -5.466667 55.582478 0.995556 -0.030199 0.089196 0.281250 0.843750
view_glove.bmp
 10 7.403646 -2.903147 53.590466 0.567802 0.512701 -0.644002 0.058594 0.101563
  9 7.537528 -2.822559 55.331104 -0.257007 0.190605 0.947426 0.070313 0.023438
  9 6.964807 -2.199563 54.909603 0.180091 0.812959 0.553773 0.183594 0.023438
view_glove.bmp
 10 7.403646 -2.903147 53.590466 0.567802 0.512701 -0.644002 0.058594 0.101563
  9 7.665932 -3.369613 55.243675 -0.070700 -0.078500 0.994404 0.011719 0.023438
  9 7.537528 -2.822559 55.331104 -0.257007 0.190605 0.947426 0.070313 0.023438
view_glove.bmp
 10 7.403646 -2.903147 53.590466 0.567802 0.512701 -0.644002 0.058594 0.101563
 10 6.882530 -3.025310 53.224384 0.015301 0.657230 -0.753535 0.007813 0.117188
  9 7.665932 -3.369613 55.243675 -0.070700 -0.078500 0.994404 0.011719 0.023438
view_glove.bmp
 10 7.403646 -2.903147 53.590466 0.567802 0.512701 -0.644002 0.058594 0.101563
 49 7.291460 -5.256267 53.221912 0.396805 -0.267004 -0.878211 0.007813 0.718750
 10 6.882530 -3.025310 53.224384 0.015301 0.657230 -0.753535 0.007813 0.117188
view_glove.bmp
 10 7.403646 -2.903147 53.590466 0.567802 0.512701 -0.644002 0.058594 0.101563
 10 7.557831 -5.091791 53.721092 0.968712 -0.091001 -0.230903 0.066406 0.718750
 49 7.291460 -5.256267 53.221912 0.396805 -0.267004 -0.878211 0.007813 0.718750
view_glove.bmp
 21 5.557916 -13.102060 54.759285 -0.420801 -0.039300 -0.906301 0.183594 0.101563
 21 4.821761 -13.611415 55.321632 -0.768214 -0.027300 -0.639611 0.304688 0.101563
 20 5.240084 -13.120502 55.188213 -0.877587 -0.089998 -0.470893 0.183594 0.023438
view_glove.bmp
 20 5.240084 -13.120502 55.188213 -0.877587 -0.089998 -0.470893 0.183594 0.023438
 21 4.821761 -13.611415 55.321632 -0.768214 -0.027300 -0.639611 0.304688 0.101563
 20 4.788009 -12.776538 55.958549 -0.982089 -0.170498 -0.080199 0.292969 0.023438
view_glove.bmp
 21 4.821761 -13.611415 55.321632 -0.768214 -0.027300 -0.639611 0.304688 0.101563
 21 4.621792 -13.697516 56.046337 -0.988183 -0.132997 -0.076199 0.390625 0.093750
 20 4.788009 -12.776538 55.958549 -0.982089 -0.170498 -0.080199 0.292969 0.023438
view_glove.bmp
 20 4.788009 -12.776538 55.958549 -0.982089 -0.170498 -0.080199 0.292969 0.023438
 21 4.621792 -13.697516 56.046337 -0.988183 -0.132997 -0.076199 0.390625 0.093750
 20 4.907855 -12.387409 56.355434 -0.618397 0.149599 0.771496 0.359375 0.023438
view_glove.bmp
 37 5.886363 -4.318657 56.282669 -0.258610 0.120505 0.958436 0.429688 0.406250
 37 6.302267 -4.544399 56.150517 0.433404 -0.312703 0.845209 0.394531 0.492188
 10 6.725657 -2.832603 56.116936 -0.033900 0.458797 0.887894 0.390625 0.093750
view_glove.bmp
 10 6.725657 -2.832603 56.116936 -0.033900 0.458797 0.887894 0.390625 0.093750
 37 6.302267 -4.544399 56.150517 0.433404 -0.312703 0.845209 0.394531 0.492188
 10 7.408206 -4.915772 56.033070 0.441314 0.076002 0.894129 0.335938 0.695313
view_glove.bmp
 37 6.302267 -4.544399 56.150517 0.433404 -0.312703 0.845209 0.394531 0.492188
 37 6.434805 -4.791879 55.680531 0.933909 -0.202102 0.294903 0.421875 0.609375
 10 7.408206 -4.915772 56.033070 0.441314 0.076002 0.894129 0.335938 0.695313
view_glove.bmp
 21 5.557916 -13.102060 54.759285 -0.420801 -0.039300 -0.906301 0.183594 0.101563
 21 7.644956 -14.331914 54.637924 0.008000 -0.225999 -0.974095 0.066406 0.718750
 21 7.397647 -14.898739 54.860970 -0.080001 -0.376605 -0.922913 0.132813 0.812500
view_glove.bmp
 21 7.397647 -14.898739 54.860970 -0.080001 -0.376605 -0.922913 0.132813 0.812500
 21 7.644956 -14.331914 54.637924 0.008000 -0.225999 -0.974095 0.066406 0.718750
 21 7.785462 -14.808558 54.841808 0.463008 -0.531509 -0.709311 0.089844 0.859375
view_glove.bmp
 22 5.843303 -15.048773 56.671371 0.754307 -0.148502 0.639506 0.578125 0.617188
 22 5.542564 -14.528733 56.926353 0.353794 0.112898 0.928485 0.570313 0.445313
 22 5.436147 -14.820282 56.950325 0.256095 0.085298 0.962881 0.542969 0.500000
view_glove.bmp
 22 5.436147 -14.820282 56.950325 0.256095 0.085298 0.962881 0.542969 0.500000
 22 5.542564 -14.528733 56.926353 0.353794 0.112898 0.928485 0.570313 0.445313
 22 4.973073 -14.773540 56.893959 -0.487316 0.129104 0.863629 0.507813 0.406250
view_glove.bmp
 43 6.751169 -5.480368 54.539558 -0.955963 0.120096 0.267790 0.777344 0.976563
 10 6.255184 -3.720896 54.712837 -0.884113 -0.338705 -0.321905 0.746094 0.320313
 46 6.811195 -5.144121 53.974255 -0.889829 0.428614 0.156505 0.851563 0.906250
view_glove.bmp
 46 6.811195 -5.144121 53.974255 -0.889829 0.428614 0.156505 0.851563 0.906250
 10 6.255184 -3.720896 54.712837 -0.884113 -0.338705 -0.321905 0.746094 0.320313
 49 6.809200 -4.812803 53.402653 -0.893198 0.063200 -0.445199 0.929688 0.789063
view_glove.bmp
 37 6.135709 -4.709256 55.368416 -0.311102 -0.166901 -0.935607 0.578125 0.617188
 37 5.728244 -4.395189 55.555592 -0.756471 0.024299 -0.653575 0.542969 0.500000
 37 5.828147 -4.136024 55.420486 -0.824493 -0.082699 -0.559796 0.570313 0.445313
view_glove.bmp
 37 5.828147 -4.136024 55.420486 -0.824493 -0.082699 -0.559796 0.570313 0.445313
 37 5.728244 -4.395189 55.555592 -0.756471 0.024299 -0.653575 0.542969 0.500000
 37 5.597691 -4.248741 55.985718 -0.975776 0.198395 0.092198 0.507813 0.406250
view_glove.bmp
 34 7.865084 -13.710389 55.180222 0.441700 0.460100 0.770201 0.929688 0.789063
 21 6.341549 -13.446378 56.072170 0.577091 0.097098 0.810887 0.746094 0.320313
 31 7.722436 -14.354590 55.473419 -0.004800 0.464723 0.885443 0.851563 0.906250
view_glove.bmp
 21 5.844334 -15.456274 55.582478 -0.657432 -0.743636 -0.121606 0.335938 0.695313
 22 5.710807 -15.164273 56.267883 0.395382 -0.906759 -0.146494 0.421875 0.609375
 22 5.183391 -15.032002 56.177677 -0.499003 -0.484803 -0.718305 0.394531 0.492188
view_glove.bmp
 20 4.907855 -12.387409 56.355434 -0.618397 0.149599 0.771496 0.550781 0.023438
 21 4.621792 -13.697516 56.046337 -0.988183 -0.132997 -0.076199 0.511719 0.093750
 21 4.930869 -13.494109 56.521729 -0.384398 0.211999 0.898496 0.597656 0.101563
view_glove.bmp
 21 6.505810 -15.658361 55.353107 -0.282611 -0.476818 -0.832332 0.281250 0.843750
 25 6.389704 -16.051243 55.741470 -0.403893 -0.828685 -0.387493 0.332031 0.898438
 21 5.844334 -15.456274 55.582478 -0.657432 -0.743636 -0.121606 0.335938 0.695313
view_glove.bmp
 21 6.978418 -15.705159 55.340794 0.114202 -0.732414 -0.671213 0.242188 0.937500
 21 6.505810 -15.658361 55.353107 -0.282611 -0.476818 -0.832332 0.281250 0.843750
 21 7.046831 -15.343516 55.097824 -0.119005 -0.436017 -0.892035 0.203125 0.859375
view_glove.bmp
 34 7.865084 -13.710389 55.180222 0.441700 0.460100 0.770201 0.929688 0.789063
 34 8.168307 -14.087947 54.709473 0.727141 0.165909 -0.666138 0.980469 0.718750
 21 8.062232 -13.735652 54.914425 0.888188 0.435094 0.147698 0.949219 0.656250
view_glove.bmp
 10 6.165231 -2.912465 55.941025 -0.879433 0.347613 0.325212 0.597656 0.101563
 10 6.725657 -2.832603 56.116936 -0.033900 0.458797 0.887894 0.511719 0.093750
  9 6.033572 -2.070121 53.848354 -0.851323 0.498514 -0.163504 0.550781 0.023438
view_glove.bmp
 10 7.557831 -5.091791 53.721092 0.968712 -0.091001 -0.230903 0.066406 0.718750
 10 7.560884 -5.395709 54.304123 0.986246 -0.155507 -0.056002 0.132813 0.812500
 10 7.476002 -5.567024 53.957645 0.698119 -0.651518 -0.296908 0.089844 0.859375
view_glove.bmp
 10 7.339836 -2.824386 55.672054 0.689828 0.514420 0.509421 0.304688 0.101563
  9 6.964807 -2.199563 54.909603 0.180091 0.812959 0.553773 0.183594 0.023438
  9 6.320917 -1.856488 54.290161 -0.273614 0.850543 0.449123 0.292969 0.023438
view_glove.bmp
 10 7.558416 -5.539689 54.900917 0.983567 -0.179694 0.017500 0.203125 0.859375
 10 7.533036 -5.466667 55.582478 0.995556 -0.030199 0.089196 0.281250 0.843750
 10 7.452933 -5.798650 55.252220 0.898594 -0.438497 -0.015800 0.242188 0.937500
view_glove.bmp
 10 7.033474 -4.919067 53.182003 -0.443312 -0.214906 -0.870224 0.949219 0.656250
 49 7.291460 -5.256267 53.221912 0.396805 -0.267004 -0.878211 0.980469 0.718750
 49 6.809200 -4.812803 53.402653 -0.893198 0.063200 -0.445199 0.929688 0.789063
view_glove.bmp
 10 7.560884 -5.395709 54.304123 0.986246 -0.155507 -0.056002 0.132813 0.812500
 10 7.558416 -5.539689 54.900917 0.983567 -0.179694 0.017500 0.203125 0.859375
 10 7.470701 -5.792054 54.572411 0.754509 -0.647608 -0.106401 0.164063 0.929688
view_finger.bmp
 36 7.600366 -13.563902 55.657745 -0.226807 0.324110 -0.918429 0.648438 0.140625
 36 7.656161 -13.802274 55.674042 -0.114399 -0.358498 -0.926495 0.812500 0.195313
 36 7.430184 -13.829548 55.784904 -0.724803 -0.400901 -0.560302 0.968750 0.140625
view_finger.bmp
 36 7.430184 -13.829548 55.784904 -0.724803 -0.400901 -0.560302 0.968750 0.140625
 36 7.656161 -13.802274 55.674042 -0.114399 -0.358498 -0.926495 0.812500 0.195313
 36 8.004048 -14.225252 55.941746 -0.852996 -0.431097 -0.294199 0.968750 0.406250
view_finger.bmp
 36 7.656161 -13.802274 55.674042 -0.114399 -0.358498 -0.926495 0.812500 0.195313
 36 8.223594 -13.870901 55.771053 -0.301699 0.670398 -0.677897 0.648438 0.406250
 36 8.004048 -14.225252 55.941746 -0.852996 -0.431097 -0.294199 0.968750 0.406250
view_finger.bmp
 36 8.004048 -14.225252 55.941746 -0.852996 -0.431097 -0.294199 0.968750 0.406250
 36 8.223594 -13.870901 55.771053 -0.301699 0.670398 -0.677897 0.648438 0.406250
 35 7.887493 -14.384039 55.574936 -0.800995 0.273399 0.532597 0.968750 0.679688
view_finger.bmp
 36 8.223594 -13.870901 55.771053 -0.301699 0.670398 -0.677897 0.648438 0.406250
 35 8.162820 -13.956508 55.392143 -0.359513 0.863831 0.352913 0.648438 0.679688
 35 7.887493 -14.384039 55.574936 -0.800995 0.273399 0.532597 0.968750 0.679688
view_finger.bmp
 35 7.887493 -14.384039 55.574936 -0.800995 0.273399 0.532597 0.968750 0.679688
 35 8.162820 -13.956508 55.392143 -0.359513 0.863831 0.352913 0.648438 0.679688
 34 7.865084 -13.710389 55.180222 0.441700 0.460100 0.770201 0.648438 0.953125
view_finger.bmp
 35 8.162820 -13.956508 55.392143 -0.359513 0.863831 0.352913 0.648438 0.679688
 34 8.603031 -14.150789 55.562038 0.973202 0.228800 0.023000 0.335938 0.679688
 34 7.865084 -13.710389 55.180222 0.441700 0.460100 0.770201 0.648438 0.953125
view_finger.bmp
 34 7.865084 -13.710389 55.180222 0.441700 0.460100 0.770201 0.648438 0.953125
 34 8.603031 -14.150789 55.562038 0.973202 0.228800 0.023000 0.335938 0.679688
 34 8.168307 -14.087947 54.709473 0.727141 0.165909 -0.666138 0.335938 0.953125
view_finger.bmp
 34 8.603031 -14.150789 55.562038 0.973202 0.228800 0.023000 0.335938 0.679688
 21 7.785462 -14.808558 54.841808 0.463008 -0.531509 -0.709311 0.007813 0.953125
 34 8.168307 -14.087947 54.709473 0.727141 0.165909 -0.666138 0.335938 0.953125
view_finger.bmp
 34 8.168307 -14.087947 54.709473 0.727141 0.165909 -0.666138 0.335938 0.953125
 21 7.785462 -14.808558 54.841808 0.463008 -0.531509 -0.709311 0.007813 0.953125
 21 7.644956 -14.331914 54.637924 0.008000 -0.225999 -0.974095 0.171875 0.984375
view_finger.bmp
 33 7.590632 -13.893986 56.469208 -0.370281 0.562872 -0.738963 0.648438 0.140625
 33 7.571867 -14.193199 56.451344 -0.430884 -0.125995 -0.893568 0.812500 0.195313
 33 7.355408 -14.181596 56.618710 -0.925468 -0.073197 -0.371687 0.968750 0.140625
view_finger.bmp
 33 7.355408 -14.181596 56.618710 -0.925468 -0.073197 -0.371687 0.968750 0.140625
 33 7.571867 -14.193199 56.451344 -0.430884 -0.125995 -0.893568 0.812500 0.195313
 33 7.920833 -14.848149 56.502945 -0.904900 -0.399800 -0.146000 0.968750 0.406250
view_finger.bmp
 33 7.571867 -14.193199 56.451344 -0.430884 -0.125995 -0.893568 0.812500 0.195313
 33 8.231023 -14.478334 56.308475 -0.102197 0.720881 -0.685482 0.648438 0.406250
 33 7.920833 -14.848149 56.502945 -0.904900 -0.399800 -0.146000 0.968750 0.406250
view_finger.bmp
 33 7.920833 -14.848149 56.502945 -0.904900 -0.399800 -0.146000 0.968750 0.406250
 33 8.231023 -14.478334 56.308475 -0.102197 0.720881 -0.685482 0.648438 0.406250
 32 7.777249 -15.021089 56.054218 -0.857475 0.140096 0.495085 0.968750 0.679688
view_finger.bmp
 33 8.231023 -14.478334 56.308475 -0.102197 0.720881 -0.685482 0.648438 0.406250
 32 8.136908 -14.612432 55.853111 0.159094 0.986764 -0.031399 0.648438 0.679688
 32 7.777249 -15.021089 56.054218 -0.857475 0.140096 0.495085 0.968750 0.679688
view_finger.bmp
 32 7.777249 -15.021089 56.054218 -0.857475 0.140096 0.495085 0.968750 0.679688
 32 8.136908 -14.612432 55.853111 0.159094 0.986764 -0.031399 0.648438 0.679688
 31 7.722436 -14.354590 55.473419 -0.004800 0.464723 0.885443 0.648438 0.953125
view_finger.bmp
 32 8.136908 -14.612432 55.853111 0.159094 0.986764 -0.031399 0.648438 0.679688
 31 8.565658 -14.917303 55.903805 0.971780 -0.052399 -0.229995 0.335938 0.679688
 31 7.722436 -14.354590 55.473419 -0.004800 0.464723 0.885443 0.648438 0.953125
view_finger.bmp
 31 7.722436 -14.354590 55.473419 -0.004800 0.464723 0.885443 0.648438 0.953125
 31 8.565658 -14.917303 55.903805 0.971780 -0.052399 -0.229995 0.335938 0.679688
 21 7.785462 -14.808558 54.841808 0.463008 -0.531509 -0.709311 0.335938 0.953125
view_finger.bmp
 31 8.565658 -14.917303 55.903805 0.971780 -0.052399 -0.229995 0.335938 0.679688
 21 7.469801 -15.327578 55.085896 0.287807 -0.648816 -0.704418 0.007813 0.953125
 21 7.785462 -14.808558 54.841808 0.463008 -0.531509 -0.709311 0.335938 0.953125
view_finger.bmp
 21 7.785462 -14.808558 54.841808 0.463008 -0.531509 -0.709311 0.335938 0.953125
 21 7.469801 -15.327578 55.085896 0.287807 -0.648816 -0.704418 0.007813 0.953125
 21 7.397647 -14.898739 54.860970 -0.080001 -0.376605 -0.922913 0.171875 0.984375
view_finger.bmp
 24 5.623481 -16.648329 57.116566 -0.402905 -0.292603 0.867209 0.117188 0.156250
 24 5.495002 -16.226051 57.080860 -0.716605 -0.293102 0.632904 0.101563 0.367188
 24 5.595907 -16.777124 56.964081 -0.641264 -0.661362 0.389077 0.187500 0.132813
view_finger.bmp
 24 5.595907 -16.777124 56.964081 -0.641264 -0.661362 0.389077 0.187500 0.132813
 24 5.495002 -16.226051 57.080860 -0.716605 -0.293102 0.632904 0.101563 0.367188
 24 5.381664 -16.329002 56.722034 -0.913791 -0.405996 0.012400 0.250000 0.359375
view_finger.bmp
 24 5.495002 -16.226051 57.080860 -0.716605 -0.293102 0.632904 0.101563 0.367188
 23 5.022655 -15.809793 56.660313 -0.895654 -0.406879 -0.179591 0.257813 0.671875
 24 5.381664 -16.329002 56.722034 -0.913791 -0.405996 0.012400 0.250000 0.359375
view_finger.bmp
 24 5.381664 -16.329002 56.722034 -0.913791 -0.405996 0.012400 0.250000 0.359375
 23 5.022655 -15.809793 56.660313 -0.895654 -0.406879 -0.179591 0.257813 0.671875
 24 5.548743 -16.379267 56.529011 -0.408310 -0.373309 -0.833021 0.515625 0.312500
view_finger.bmp
 23 5.022655 -15.809793 56.660313 -0.895654 -0.406879 -0.179591 0.257813 0.671875
 23 5.369218 -15.918151 56.456467 -0.226293 -0.255793 -0.939873 0.507813 0.601563
 24 5.548743 -16.379267 56.529011 -0.408310 -0.373309 -0.833021 0.515625 0.312500
view_finger.bmp
 24 5.548743 -16.379267 56.529011 -0.408310 -0.373309 -0.833021 0.515625 0.312500
 23 5.369218 -15.918151 56.456467 -0.226293 -0.255793 -0.939873 0.507813 0.601563
 24 5.852727 -16.145735 56.477470 0.556295 0.028600 -0.830492 0.750000 0.273438
view_finger.bmp
 23 5.369218 -15.918151 56.456467 -0.226293 -0.255793 -0.939873 0.507813 0.601563
 24 5.718646 -15.790517 56.450233 0.486287 -0.096298 -0.868477 0.757813 0.632813
 24 5.852727 -16.145735 56.477470 0.556295 0.028600 -0.830492 0.750000 0.273438
view_finger.bmp
 24 5.852727 -16.145735 56.477470 0.556295 0.028600 -0.830492 0.750000 0.273438
 24 5.718646 -15.790517 56.450233 0.486287 -0.096298 -0.868477 0.757813 0.632813
 24 5.838906 -15.694296 56.819393 0.977461 0.208091 0.035599 0.898438 0.632813
view_finger.bmp
 24 5.718646 -15.790517 56.450233 0.486287 -0.096298 -0.868477 0.757813 0.632813
 22 5.710807 -15.164273 56.267883 0.395382 -0.906759 -0.146494 0.750000 0.929688
 24 5.838906 -15.694296 56.819393 0.977461 0.208091 0.035599 0.898438 0.632813
view_finger.bmp
 24 5.838906 -15.694296 56.819393 0.977461 0.208091 0.035599 0.898438 0.632813
 22 5.710807 -15.164273 56.267883 0.395382 -0.906759 -0.146494 0.750000 0.929688
 22 5.843303 -15.048773 56.671371 0.754307 -0.148502 0.639506 0.906250 0.929688
view_finger.bmp
 37 6.302267 -4.544399 56.150517 0.433404 -0.312703 0.845209 0.507813 0.960938
 39 6.207963 -5.359733 55.724918 0.985085 -0.169198 -0.031299 0.757813 0.632813
 37 6.434805 -4.791879 55.680531 0.933909 -0.202102 0.294903 0.750000 0.929688
view_finger.bmp
 37 6.434805 -4.791879 55.680531 0.933909 -0.202102 0.294903 0.750000 0.929688
 39 6.207963 -5.359733 55.724918 0.985085 -0.169198 -0.031299 0.757813 0.632813
 39 5.933037 -5.293145 55.442108 0.397896 0.031499 -0.916890 0.898438 0.632813
view_finger.bmp
 39 6.207963 -5.359733 55.724918 0.985085 -0.169198 -0.031299 0.757813 0.632813
 39 6.249169 -5.729246 55.640289 0.992168 0.010199 -0.124496 0.750000 0.273438
 39 5.933037 -5.293145 55.442108 0.397896 0.031499 -0.916890 0.898438 0.632813
view_finger.bmp
 39 5.933037 -5.293145 55.442108 0.397896 0.031499 -0.916890 0.898438 0.632813
 39 6.249169 -5.729246 55.640289 0.992168 0.010199 -0.124496 0.750000 0.273438
 39 5.932272 -5.643145 55.318012 0.191803 0.104901 -0.975811 0.914063 0.273438
view_finger.bmp
 39 6.249169 -5.729246 55.640289 0.992168 0.010199 -0.124496 0.750000 0.273438
 39 6.176894 -6.132203 55.601532 0.870366 -0.379886 -0.313288 0.765625 0.125000
 39 5.932272 -5.643145 55.318012 0.191803 0.104901 -0.975811 0.914063 0.273438
view_finger.bmp
 39 5.932272 -5.643145 55.318012 0.191803 0.104901 -0.975811 0.914063 0.273438
 39 6.176894 -6.132203 55.601532 0.870366 -0.379886 -0.313288 0.765625 0.125000
 39 5.935249 -6.068626 55.370522 0.216192 -0.275190 -0.936766 0.890625 0.132813
view_finger.bmp
 39 6.176894 -6.132203 55.601532 0.870366 -0.379886 -0.313288 0.765625 0.125000
 39 5.815659 -6.453358 55.565918 0.165799 -0.903597 -0.394999 0.828125 0.070313
 39 5.935249 -6.068626 55.370522 0.216192 -0.275190 -0.936766 0.890625 0.132813
view_finger.bmp
 39 5.935249 -6.068626 55.370522 0.216192 -0.275190 -0.936766 0.890625 0.132813
 39 5.815659 -6.453358 55.565918 0.165799 -0.903597 -0.394999 0.828125 0.070313
 39 5.665089 -6.328456 55.430534 -0.573905 -0.565305 -0.592506 0.921875 0.070313
view_finger.bmp
 39 5.815659 -6.453358 55.565918 0.165799 -0.903597 -0.394999 0.828125 0.070313
 39 5.695927 -6.352907 55.720104 -0.639295 -0.609995 0.468196 0.828125 0.015625
 39 5.665089 -6.328456 55.430534 -0.573905 -0.565305 -0.592506 0.921875 0.070313
view_finger.bmp
 39 5.665089 -6.328456 55.430534 -0.573905 -0.565305 -0.592506 0.921875 0.070313
 39 5.695927 -6.352907 55.720104 -0.639295 -0.609995 0.468196 0.828125 0.015625
 39 5.572849 -6.234664 55.613003 -0.957060 -0.289888 0.001400 0.906250 0.015625
view_finger.bmp
 33 7.355408 -14.181596 56.618710 -0.925468 -0.073197 -0.371687 0.648438 0.140625
 33 7.920833 -14.848149 56.502945 -0.904900 -0.399800 -0.146000 0.648438 0.406250
 33 7.432680 -14.122479 56.935623 -0.747839 -0.162708 0.643633 0.335938 0.140625
view_finger.bmp
 33 7.432680 -14.122479 56.935623 -0.747839 -0.162708 0.643633 0.335938 0.140625
 33 7.920833 -14.848149 56.502945 -0.904900 -0.399800 -0.146000 0.648438 0.406250
 32 8.142347 -14.881848 56.890648 -0.044601 -0.577714 0.815020 0.335938 0.406250
view_finger.bmp
 33 7.920833 -14.848149 56.502945 -0.904900 -0.399800 -0.146000 0.648438 0.406250
 32 7.777249 -15.021089 56.054218 -0.857475 0.140096 0.495085 0.648438 0.679688
 32 8.142347 -14.881848 56.890648 -0.044601 -0.577714 0.815020 0.335938 0.406250
view_finger.bmp
 32 8.142347 -14.881848 56.890648 -0.044601 -0.577714 0.815020 0.335938 0.406250
 32 7.777249 -15.021089 56.054218 -0.857475 0.140096 0.495085 0.648438 0.679688
 31 8.148848 -15.346271 56.132618 -0.193399 -0.928396 0.317298 0.335938 0.679688
view_finger.bmp
 32 7.777249 -15.021089 56.054218 -0.857475 0.140096 0.495085 0.648438 0.679688
 28 7.469180 -14.885009 55.734043 0.090697 0.373787 0.923069 0.648438 0.953125
 31 8.148848 -15.346271 56.132618 -0.193399 -0.928396 0.317298 0.335938 0.679688
view_finger.bmp
 31 8.148848 -15.346271 56.132618 -0.193399 -0.928396 0.317298 0.335938 0.679688
 28 7.469180 -14.885009 55.734043 0.090697 0.373787 0.923069 0.648438 0.953125
 21 7.469801 -15.327578 55.085896 0.287807 -0.648816 -0.704418 0.335938 0.953125
view_finger.bmp
 28 7.469180 -14.885009 55.734043 0.090697 0.373787 0.923069 0.648438 0.953125
 28 8.187456 -15.625794 56.034401 0.905910 -0.264503 -0.330704 0.335938 0.679688
 21 7.469801 -15.327578 55.085896 0.287807 -0.648816 -0.704418 0.335938 0.953125
view_finger.bmp
 21 7.469801 -15.327578 55.085896 0.287807 -0.648816 -0.704418 0.335938 0.953125
 28 8.187456 -15.625794 56.034401 0.905910 -0.264503 -0.330704 0.335938 0.679688
 21 6.978418 -15.705159 55.340794 0.114202 -0.732414 -0.671213 0.007813 0.953125
view_finger.bmp
 28 8.187456 -15.625794 56.034401 0.905910 -0.264503 -0.330704 0.335938 0.679688
 28 7.689229 -15.993282 56.291542 -0.338210 -0.896525 0.286108 0.007813 0.679688
 21 6.978418 -15.705159 55.340794 0.114202 -0.732414 -0.671213 0.007813 0.953125
view_finger.bmp
 30 7.288965 -14.565425 57.349659 -0.940477 0.289393 -0.178196 0.648438 0.140625
 30 7.605339 -15.343491 56.958351 -0.984485 -0.138298 -0.107999 0.648438 0.406250
 30 7.393740 -14.612404 57.610073 -0.637897 -0.100799 0.763496 0.335938 0.140625
view_finger.bmp
 30 7.393740 -14.612404 57.610073 -0.637897 -0.100799 0.763496 0.335938 0.140625
 30 7.605339 -15.343491 56.958351 -0.984485 -0.138298 -0.107999 0.648438 0.406250
 29 7.888219 -15.524561 57.276333 -0.054101 -0.701607 0.710507 0.335938 0.406250
view_finger.bmp
 30 7.605339 -15.343491 56.958351 -0.984485 -0.138298 -0.107999 0.648438 0.406250
 29 7.385050 -15.531198 56.306190 -0.868815 0.167603 0.465908 0.648438 0.679688
 29 7.888219 -15.524561 57.276333 -0.054101 -0.701607 0.710507 0.335938 0.406250
view_finger.bmp
 29 7.888219 -15.524561 57.276333 -0.054101 -0.701607 0.710507 0.335938 0.406250
 29 7.385050 -15.531198 56.306190 -0.868815 0.167603 0.465908 0.648438 0.679688
 28 7.689229 -15.993282 56.291542 -0.338210 -0.896525 0.286108 0.335938 0.679688
view_finger.bmp
 29 7.385050 -15.531198 56.306190 -0.868815 0.167603 0.465908 0.648438 0.679688
 28 6.948975 -15.280022 55.960209 0.141600 0.355201 0.924003 0.648438 0.953125
 28 7.689229 -15.993282 56.291542 -0.338210 -0.896525 0.286108 0.335938 0.679688
view_finger.bmp
 28 7.689229 -15.993282 56.291542 -0.338210 -0.896525 0.286108 0.335938 0.679688
 28 6.948975 -15.280022 55.960209 0.141600 0.355201 0.924003 0.648438 0.953125
 21 6.978418 -15.705159 55.340794 0.114202 -0.732414 -0.671213 0.335938 0.953125
view_finger.bmp
 28 6.948975 -15.280022 55.960209 0.141600 0.355201 0.924003 0.648438 0.953125
 25 7.553884 -16.257013 56.116768 0.755667 -0.252389 -0.604373 0.335938 0.679688
 21 6.978418 -15.705159 55.340794 0.114202 -0.732414 -0.671213 0.335938 0.953125
view_finger.bmp
 21 6.978418 -15.705159 55.340794 0.114202 -0.732414 -0.671213 0.335938 0.953125
 25 7.553884 -16.257013 56.116768 0.755667 -0.252389 -0.604373 0.335938 0.679688
 25 6.389704 -16.051243 55.741470 -0.403893 -0.828685 -0.387493 0.007813 0.953125
view_finger.bmp
 25 7.553884 -16.257013 56.116768 0.755667 -0.252389 -0.604373 0.335938 0.679688
 25 7.031093 -16.537411 56.356907 -0.346395 -0.934585 0.080998 0.007813 0.679688
 25 6.389704 -16.051243 55.741470 -0.403893 -0.828685 -0.387493 0.007813 0.953125
view_finger.bmp
 46 6.215452 -6.147775 54.457130 -0.094396 -0.610375 0.786468 0.007813 0.679688
 46 6.226069 -6.055282 53.823544 -0.147596 -0.597883 -0.787878 0.335938 0.679688
 10 7.470701 -5.792054 54.572411 0.754509 -0.647608 -0.106401 0.007813 0.953125
view_finger.bmp
 10 7.470701 -5.792054 54.572411 0.754509 -0.647608 -0.106401 0.007813 0.953125
 46 6.226069 -6.055282 53.823544 -0.147596 -0.597883 -0.787878 0.335938 0.679688
 10 7.476002 -5.567024 53.957645 0.698119 -0.651518 -0.296908 0.335938 0.953125
view_finger.bmp
 46 6.226069 -6.055282 53.823544 -0.147596 -0.597883 -0.787878 0.335938 0.679688
 46 6.811195 -5.144121 53.974255 -0.889829 0.428614 0.156505 0.648438 0.953125
 10 7.476002 -5.567024 53.957645 0.698119 -0.651518 -0.296908 0.335938 0.953125
view_finger.bmp
 10 7.476002 -5.567024 53.957645 0.698119 -0.651518 -0.296908 0.335938 0.953125
 46 6.811195 -5.144121 53.974255 -0.889829 0.428614 0.156505 0.648438 0.953125
 49 6.463799 -5.798914 53.854298 -0.131098 -0.816688 0.561991 0.335938 0.679688
view_finger.bmp
 46 6.811195 -5.144121 53.974255 -0.889829 0.428614 0.156505 0.648438 0.953125
 50 6.533762 -5.281798 53.947735 -0.468311 0.720018 0.512112 0.648438 0.679688
 49 6.463799 -5.798914 53.854298 -0.131098 -0.816688 0.561991 0.335938 0.679688
view_finger.bmp
 49 6.463799 -5.798914 53.854298 -0.131098 -0.816688 0.561991 0.335938 0.679688
 50 6.533762 -5.281798 53.947735 -0.468311 0.720018 0.512112 0.648438 0.679688
 50 5.746622 -5.532256 53.901039 -0.808508 -0.111601 0.577806 0.335938 0.406250
view_finger.bmp
 50 6.533762 -5.281798 53.947735 -0.468311 0.720018 0.512112 0.648438 0.679688
 51 6.126112 -5.484087 53.863003 0.657840 0.253415 0.709244 0.648438 0.406250
 50 5.746622 -5.532256 53.901039 -0.808508 -0.111601 0.577806 0.335938 0.406250
view_finger.bmp
 50 5.746622 -5.532256 53.901039 -0.808508 -0.111601 0.577806 0.335938 0.406250
 51 6.126112 -5.484087 53.863003 0.657840 0.253415 0.709244 0.648438 0.406250
 51 5.991674 -4.712076 54.039143 -0.122898 0.301594 0.945482 0.335938 0.140625
view_finger.bmp
 51 6.126112 -5.484087 53.863003 0.657840 0.253415 0.709244 0.648438 0.406250
 51 6.242501 -4.794418 53.969822 0.794780 0.256593 0.549986 0.648438 0.140625
 51 5.991674 -4.712076 54.039143 -0.122898 0.301594 0.945482 0.335938 0.140625
view_finger.bmp
 43 6.460043 -6.547687 55.128181 -0.399696 -0.533093 0.745691 0.007813 0.679688
 43 6.510396 -6.517421 54.470646 -0.204909 -0.793435 -0.573126 0.335938 0.679688
 10 7.452933 -5.798650 55.252220 0.898594 -0.438497 -0.015800 0.007813 0.953125
view_finger.bmp
 10 7.452933 -5.798650 55.252220 0.898594 -0.438497 -0.015800 0.007813 0.953125
 43 6.510396 -6.517421 54.470646 -0.204909 -0.793435 -0.573126 0.335938 0.679688
 10 7.470701 -5.792054 54.572411 0.754509 -0.647608 -0.106401 0.335938 0.953125
view_finger.bmp
 43 6.510396 -6.517421 54.470646 -0.204909 -0.793435 -0.573126 0.335938 0.679688
 43 6.751169 -5.480368 54.539558 -0.955963 0.120096 0.267790 0.648438 0.953125
 10 7.470701 -5.792054 54.572411 0.754509 -0.647608 -0.106401 0.335938 0.953125
view_finger.bmp
 10 7.470701 -5.792054 54.572411 0.754509 -0.647608 -0.106401 0.335938 0.953125
 43 6.751169 -5.480368 54.539558 -0.955963 0.120096 0.267790 0.648438 0.953125
 46 6.215452 -6.147775 54.457130 -0.094396 -0.610375 0.786468 0.335938 0.679688
view_finger.bmp
 43 6.751169 -5.480368 54.539558 -0.955963 0.120096 0.267790 0.648438 0.953125
 47 6.393663 -5.696893 54.522045 -0.215094 0.815577 0.537185 0.648438 0.679688
 46 6.215452 -6.147775 54.457130 -0.094396 -0.610375 0.786468 0.335938 0.679688
view_finger.bmp
 46 6.215452 -6.147775 54.457130 -0.094396 -0.610375 0.786468 0.335938 0.679688
 47 6.393663 -5.696893 54.522045 -0.215094 0.815577 0.537185 0.648438 0.679688
 47 5.466221 -5.646021 54.483791 -0.825200 -0.035900 0.563699 0.335938 0.406250
view_finger.bmp
 47 6.393663 -5.696893 54.522045 -0.215094 0.815577 0.537185 0.648438 0.679688
 48 5.860544 -5.676757 54.463688 0.634904 0.230501 0.737405 0.648438 0.406250
 47 5.466221 -5.646021 54.483791 -0.825200 -0.035900 0.563699 0.335938 0.406250
view_finger.bmp
 47 5.466221 -5.646021 54.483791 -0.825200 -0.035900 0.563699 0.335938 0.406250
 48 5.860544 -5.676757 54.463688 0.634904 0.230501 0.737405 0.648438 0.406250
 48 5.964869 -4.708006 54.605244 -0.081100 0.413698 0.906795 0.335938 0.140625
view_finger.bmp
 48 5.860544 -5.676757 54.463688 0.634904 0.230501 0.737405 0.648438 0.406250
 48 6.245740 -4.876170 54.546654 0.834993 0.082799 0.543996 0.648438 0.140625
 48 5.964869 -4.708006 54.605244 -0.081100 0.413698 0.906795 0.335938 0.140625
view_finger.bmp
 40 7.821178 -6.552287 56.056221 0.607065 -0.231587 0.760157 0.007813 0.679688
 40 7.793135 -6.658806 55.425770 0.590586 -0.176296 -0.787482 0.335938 0.679688
 40 7.515893 -5.576728 55.996334 0.906983 0.141197 0.396793 0.007813 0.953125
view_finger.bmp
 40 7.515893 -5.576728 55.996334 0.906983 0.141197 0.396793 0.007813 0.953125
 40 7.793135 -6.658806 55.425770 0.590586 -0.176296 -0.787482 0.335938 0.679688
 10 7.452933 -5.798650 55.252220 0.898594 -0.438497 -0.015800 0.335938 0.953125
view_finger.bmp
 40 7.793135 -6.658806 55.425770 0.590586 -0.176296 -0.787482 0.335938 0.679688
 43 6.749073 -5.511178 55.220985 -0.981696 -0.160199 -0.103000 0.648438 0.953125
 10 7.452933 -5.798650 55.252220 0.898594 -0.438497 -0.015800 0.335938 0.953125
view_finger.bmp
 10 7.452933 -5.798650 55.252220 0.898594 -0.438497 -0.015800 0.335938 0.953125
 43 6.749073 -5.511178 55.220985 -0.981696 -0.160199 -0.103000 0.648438 0.953125
 43 6.460043 -6.547687 55.128181 -0.399696 -0.533093 0.745691 0.335938 0.679688
view_finger.bmp
 43 6.749073 -5.511178 55.220985 -0.981696 -0.160199 -0.103000 0.648438 0.953125
 44 6.577316 -6.093312 55.137951 -0.369889 0.698079 0.613081 0.648438 0.679688
 43 6.460043 -6.547687 55.128181 -0.399696 -0.533093 0.745691 0.335938 0.679688
view_finger.bmp
 43 6.460043 -6.547687 55.128181 -0.399696 -0.533093 0.745691 0.335938 0.679688
 44 6.577316 -6.093312 55.137951 -0.369889 0.698079 0.613081 0.648438 0.679688
 44 5.508093 -5.881716 55.057392 -0.695684 -0.190296 0.692684 0.335938 0.406250
view_finger.bmp
 44 6.577316 -6.093312 55.137951 -0.369889 0.698079 0.613081 0.648438 0.679688
 45 5.923401 -5.854517 55.072041 0.530516 0.076402 0.844225 0.648438 0.406250
 44 5.508093 -5.881716 55.057392 -0.695684 -0.190296 0.692684 0.335938 0.406250
view_finger.bmp
 44 5.508093 -5.881716 55.057392 -0.695684 -0.190296 0.692684 0.335938 0.406250
 45 5.923401 -5.854517 55.072041 0.530516 0.076402 0.844225 0.648438 0.406250
 45 5.944051 -4.862887 55.120434 -0.177298 0.511995 0.840492 0.335938 0.140625
view_finger.bmp
 45 5.923401 -5.854517 55.072041 0.530516 0.076402 0.844225 0.648438 0.406250
 45 6.204173 -4.972470 55.093452 0.810597 0.247999 0.530498 0.648438 0.140625
 45 5.944051 -4.862887 55.120434 -0.177298 0.511995 0.840492 0.335938 0.140625
view_finger.bmp
 51 6.242501 -4.794418 53.969822 0.794780 0.256593 0.549986 0.968750 0.140625
 51 6.126112 -5.484087 53.863003 0.657840 0.253415 0.709244 0.968750 0.406250
 51 6.290578 -4.915305 53.760838 0.995840 -0.078303 -0.046602 0.812500 0.195313
view_finger.bmp
 51 6.290578 -4.915305 53.760838 0.995840 -0.078303 -0.046602 0.812500 0.195313
 51 6.126112 -5.484087 53.863003 0.657840 0.253415 0.709244 0.968750 0.406250
 51 6.122337 -5.348597 53.422970 0.399696 0.833991 -0.380396 0.648438 0.406250
view_finger.bmp
 51 6.126112 -5.484087 53.863003 0.657840 0.253415 0.709244 0.968750 0.406250
 50 6.533762 -5.281798 53.947735 -0.468311 0.720018 0.512112 0.968750 0.679688
 51 6.122337 -5.348597 53.422970 0.399696 0.833991 -0.380396 0.648438 0.406250
view_finger.bmp
 51 6.122337 -5.348597 53.422970 0.399696 0.833991 -0.380396 0.648438 0.406250
 50 6.533762 -5.281798 53.947735 -0.468311 0.720018 0.512112 0.968750 0.679688
 50 6.511935 -5.139691 53.427132 -0.609585 0.784982 -0.110497 0.648438 0.679688
view_finger.bmp
 50 6.533762 -5.281798 53.947735 -0.468311 0.720018 0.512112 0.968750 0.679688
 49 6.809200 -4.812803 53.402653 -0.893198 0.063200 -0.445199 0.648438 0.953125
 50 6.511935 -5.139691 53.427132 -0.609585 0.784982 -0.110497 0.648438 0.679688
view_finger.bmp
 50 6.511935 -5.139691 53.427132 -0.609585 0.784982 -0.110497 0.648438 0.679688
 49 6.809200 -4.812803 53.402653 -0.893198 0.063200 -0.445199 0.648438 0.953125
 49 6.418005 -5.648862 53.274307 -0.109901 -0.442904 -0.889808 0.335938 0.679688
view_finger.bmp
 49 6.809200 -4.812803 53.402653 -0.893198 0.063200 -0.445199 0.648438 0.953125
 49 7.291460 -5.256267 53.221912 0.396805 -0.267004 -0.878211 0.335938 0.953125
 49 6.418005 -5.648862 53.274307 -0.109901 -0.442904 -0.889808 0.335938 0.679688
view_finger.bmp
 49 6.418005 -5.648862 53.274307 -0.109901 -0.442904 -0.889808 0.335938 0.679688
 49 7.291460 -5.256267 53.221912 0.396805 -0.267004 -0.878211 0.335938 0.953125
 10 7.476002 -5.567024 53.957645 0.698119 -0.651518 -0.296908 0.007813 0.953125
view_finger.bmp
 49 7.291460 -5.256267 53.221912 0.396805 -0.267004 -0.878211 0.335938 0.953125
 10 7.557831 -5.091791 53.721092 0.968712 -0.091001 -0.230903 0.171875 0.984375
 10 7.476002 -5.567024 53.957645 0.698119 -0.651518 -0.296908 0.007813 0.953125
view_finger.bmp
 45 5.944051 -4.862887 55.120434 -0.177298 0.511995 0.840492 0.007813 0.140625
 45 5.880648 -4.790213 54.858902 -0.724131 0.689630 0.006700 0.171875 0.140625
 44 5.508093 -5.881716 55.057392 -0.695684 -0.190296 0.692684 0.007813 0.406250
view_finger.bmp
 44 5.508093 -5.881716 55.057392 -0.695684 -0.190296 0.692684 0.007813 0.406250
 45 5.880648 -4.790213 54.858902 -0.724131 0.689630 0.006700 0.171875 0.140625
 44 5.541313 -5.841300 54.459507 -0.499894 0.108299 -0.859289 0.335938 0.406250
view_finger.bmp
 45 5.880648 -4.790213 54.858902 -0.724131 0.689630 0.006700 0.171875 0.140625
 45 5.983810 -4.807048 54.624653 -0.044500 0.643202 -0.764402 0.335938 0.140625
 44 5.541313 -5.841300 54.459507 -0.499894 0.108299 -0.859289 0.335938 0.406250
view_finger.bmp
 44 5.541313 -5.841300 54.459507 -0.499894 0.108299 -0.859289 0.335938 0.406250
 45 5.983810 -4.807048 54.624653 -0.044500 0.643202 -0.764402 0.335938 0.140625
 45 5.975165 -5.800636 54.536861 0.678916 0.374009 -0.631815 0.648438 0.406250
view_finger.bmp
 45 5.983810 -4.807048 54.624653 -0.044500 0.643202 -0.764402 0.335938 0.140625
 45 6.241884 -4.935469 54.676670 0.887097 0.316699 -0.335799 0.648438 0.140625
 45 5.975165 -5.800636 54.536861 0.678916 0.374009 -0.631815 0.648438 0.406250
view_finger.bmp
 45 5.975165 -5.800636 54.536861 0.678916 0.374009 -0.631815 0.648438 0.406250
 45 6.241884 -4.935469 54.676670 0.887097 0.316699 -0.335799 0.648438 0.140625
 45 6.227410 -5.163108 54.861252 0.969377 -0.237595 0.062099 0.812500 0.195313
view_finger.bmp
 45 6.241884 -4.935469 54.676670 0.887097 0.316699 -0.335799 0.648438 0.140625
 45 6.204173 -4.972470 55.093452 0.810597 0.247999 0.530498 0.968750 0.140625
 45 6.227410 -5.163108 54.861252 0.969377 -0.237595 0.062099 0.812500 0.195313
view_finger.bmp
 45 6.227410 -5.163108 54.861252 0.969377 -0.237595 0.062099 0.812500 0.195313
 45 6.204173 -4.972470 55.093452 0.810597 0.247999 0.530498 0.968750 0.140625
 45 5.923401 -5.854517 55.072041 0.530516 0.076402 0.844225 0.968750 0.406250
view_finger.bmp
 38 5.726651 -5.268214 56.242641 -0.244496 -0.231196 0.941685 0.257813 0.671875
 37 5.597691 -4.248741 55.985718 -0.975776 0.198395 0.092198 0.085938 0.984375
 38 5.432951 -5.186818 55.939137 -0.998808 -0.027100 0.040600 0.093750 0.671875
view_finger.bmp
 38 5.726651 -5.268214 56.242641 -0.244496 -0.231196 0.941685 0.257813 0.671875
 37 5.886363 -4.318657 56.282669 -0.258610 0.120505 0.958436 0.250000 0.992188
 37 5.597691 -4.248741 55.985718 -0.975776 0.198395 0.092198 0.085938 0.984375
view_finger.bmp
 38 5.726651 -5.268214 56.242641 -0.244496 -0.231196 0.941685 0.257813 0.671875
 37 6.302267 -4.544399 56.150517 0.433404 -0.312703 0.845209 0.507813 0.960938
 37 5.886363 -4.318657 56.282669 -0.258610 0.120505 0.958436 0.250000 0.992188
view_finger.bmp
 38 5.726651 -5.268214 56.242641 -0.244496 -0.231196 0.941685 0.257813 0.671875
 38 6.045229 -5.450189 56.045681 0.731358 -0.190789 0.654763 0.507813 0.601563
 37 6.302267 -4.544399 56.150517 0.433404 -0.312703 0.845209 0.507813 0.960938
view_finger.bmp
 38 5.726651 -5.268214 56.242641 -0.244496 -0.231196 0.941685 0.257813 0.671875
 39 6.058187 -5.931213 55.905689 0.555908 -0.285404 0.780712 0.515625 0.312500
 38 6.045229 -5.450189 56.045681 0.731358 -0.190789 0.654763 0.507813 0.601563
view_finger.bmp
 38 5.726651 -5.268214 56.242641 -0.244496 -0.231196 0.941685 0.257813 0.671875
 39 5.817717 -5.874802 55.968868 -0.423213 -0.290709 0.858125 0.250000 0.359375
 39 6.058187 -5.931213 55.905689 0.555908 -0.285404 0.780712 0.515625 0.312500
view_finger.bmp
 38 5.726651 -5.268214 56.242641 -0.244496 -0.231196 0.941685 0.257813 0.671875
 39 5.548932 -5.800354 55.696079 -0.893140 -0.220509 0.392017 0.101563 0.367188
 39 5.817717 -5.874802 55.968868 -0.423213 -0.290709 0.858125 0.250000 0.359375
view_finger.bmp
 38 5.726651 -5.268214 56.242641 -0.244496 -0.231196 0.941685 0.257813 0.671875
 38 5.432951 -5.186818 55.939137 -0.998808 -0.027100 0.040600 0.093750 0.671875
 39 5.548932 -5.800354 55.696079 -0.893140 -0.220509 0.392017 0.101563 0.367188
view_finger.bmp
 42 7.097333 -6.794148 56.058224 -0.410880 0.721465 0.557373 0.968750 0.406250
 42 6.436655 -6.864108 55.835495 -0.210989 0.964554 -0.158492 0.812500 0.195313
 42 6.246776 -6.925206 56.077595 -0.620411 0.698412 0.356806 0.968750 0.140625
view_finger.bmp
 42 6.246776 -6.925206 56.077595 -0.620411 0.698412 0.356806 0.968750 0.140625
 42 6.436655 -6.864108 55.835495 -0.210989 0.964554 -0.158492 0.812500 0.195313
 42 6.228810 -6.993444 55.673714 -0.653210 0.551409 -0.518908 0.648438 0.140625
view_finger.bmp
 42 6.436655 -6.864108 55.835495 -0.210989 0.964554 -0.158492 0.812500 0.195313
 42 7.074986 -6.879031 55.555836 -0.337806 0.472509 -0.814016 0.648438 0.406250
 42 6.228810 -6.993444 55.673714 -0.653210 0.551409 -0.518908 0.648438 0.140625
view_finger.bmp
 42 6.228810 -6.993444 55.673714 -0.653210 0.551409 -0.518908 0.648438 0.140625
 42 7.074986 -6.879031 55.555836 -0.337806 0.472509 -0.814016 0.648438 0.406250
 42 6.227456 -7.287719 55.672737 -0.528693 -0.461193 -0.712590 0.335938 0.140625
view_finger.bmp
 42 7.074986 -6.879031 55.555836 -0.337806 0.472509 -0.814016 0.648438 0.406250
 41 7.223706 -7.344578 55.597420 0.241512 -0.763437 -0.599029 0.335938 0.406250
 42 6.227456 -7.287719 55.672737 -0.528693 -0.461193 -0.712590 0.335938 0.140625
view_finger.bmp
 42 6.227456 -7.287719 55.672737 -0.528693 -0.461193 -0.712590 0.335938 0.140625
 41 7.223706 -7.344578 55.597420 0.241512 -0.763437 -0.599029 0.335938 0.406250
 42 6.238260 -7.346378 55.925800 -0.369907 -0.914317 0.164903 0.171875 0.140625
view_finger.bmp
 41 7.223706 -7.344578 55.597420 0.241512 -0.763437 -0.599029 0.335938 0.406250
 41 7.248682 -7.249709 56.158916 0.155400 -0.462300 0.873000 0.007813 0.406250
 42 6.238260 -7.346378 55.925800 -0.369907 -0.914317 0.164903 0.171875 0.140625
view_finger.bmp
 42 6.238260 -7.346378 55.925800 -0.369907 -0.914317 0.164903 0.171875 0.140625
 41 7.248682 -7.249709 56.158916 0.155400 -0.462300 0.873000 0.007813 0.406250
 42 6.248955 -7.216025 56.157089 -0.453287 -0.216493 0.864674 0.007813 0.140625
view_finger.bmp
 48 5.964869 -4.708006 54.605244 -0.081100 0.413698 0.906795 0.007813 0.140625
 48 5.905190 -4.608973 54.376266 -0.639308 0.757309 0.133302 0.171875 0.140625
 47 5.466221 -5.646021 54.483791 -0.825200 -0.035900 0.563699 0.007813 0.406250
view_finger.bmp
 47 5.466221 -5.646021 54.483791 -0.825200 -0.035900 0.563699 0.007813 0.406250
 48 5.905190 -4.608973 54.376266 -0.639308 0.757309 0.133302 0.171875 0.140625
 47 5.474696 -5.531849 53.904663 -0.637958 0.452970 -0.622759 0.335938 0.406250
view_finger.bmp
 48 5.905190 -4.608973 54.376266 -0.639308 0.757309 0.133302 0.171875 0.140625
 48 5.994820 -4.609827 54.135921 -0.004200 0.715006 -0.699106 0.335938 0.140625
 47 5.474696 -5.531849 53.904663 -0.637958 0.452970 -0.622759 0.335938 0.406250
view_finger.bmp
 47 5.474696 -5.531849 53.904663 -0.637958 0.452970 -0.622759 0.335938 0.406250
 48 5.994820 -4.609827 54.135921 -0.004200 0.715006 -0.699106 0.335938 0.140625
 48 5.892453 -5.570047 53.945137 0.596481 0.666778 -0.446785 0.648438 0.406250
view_finger.bmp
 48 5.994820 -4.609827 54.135921 -0.004200 0.715006 -0.699106 0.335938 0.140625
 48 6.272556 -4.791639 54.156097 0.901185 0.240496 -0.360594 0.648438 0.140625
 48 5.892453 -5.570047 53.945137 0.596481 0.666778 -0.446785 0.648438 0.406250
view_finger.bmp
 48 5.892453 -5.570047 53.945137 0.596481 0.666778 -0.446785 0.648438 0.406250
 48 6.272556 -4.791639 54.156097 0.901185 0.240496 -0.360594 0.648438 0.140625
 48 6.235456 -5.047510 54.333729 0.927840 -0.372916 -0.006800 0.812500 0.195313
view_finger.bmp
 48 6.272556 -4.791639 54.156097 0.901185 0.240496 -0.360594 0.648438 0.140625
 48 6.245740 -4.876170 54.546654 0.834993 0.082799 0.543996 0.968750 0.140625
 48 6.235456 -5.047510 54.333729 0.927840 -0.372916 -0.006800 0.812500 0.195313
view_finger.bmp
 48 6.235456 -5.047510 54.333729 0.927840 -0.372916 -0.006800 0.812500 0.195313
 48 6.245740 -4.876170 54.546654 0.834993 0.082799 0.543996 0.968750 0.140625
 48 5.860544 -5.676757 54.463688 0.634904 0.230501 0.737405 0.968750 0.406250
view_finger.bmp
 30 7.993974 -15.010655 56.755665 -0.047700 0.796007 -0.603405 0.648438 0.406250
 29 7.385050 -15.531198 56.306190 -0.868815 0.167603 0.465908 0.968750 0.679688
 30 7.605339 -15.343491 56.958351 -0.984485 -0.138298 -0.107999 0.968750 0.406250
view_finger.bmp
 30 7.993974 -15.010655 56.755665 -0.047700 0.796007 -0.603405 0.648438 0.406250
 29 7.820562 -15.181242 56.087193 0.257004 0.959216 0.117702 0.648438 0.679688
 29 7.385050 -15.531198 56.306190 -0.868815 0.167603 0.465908 0.968750 0.679688
view_finger.bmp
 30 7.993974 -15.010655 56.755665 -0.047700 0.796007 -0.603405 0.648438 0.406250
 29 8.337406 -15.188005 57.063114 0.941585 0.297995 0.156898 0.335938 0.406250
 29 7.820562 -15.181242 56.087193 0.257004 0.959216 0.117702 0.648438 0.679688
view_finger.bmp
 30 7.993974 -15.010655 56.755665 -0.047700 0.796007 -0.603405 0.648438 0.406250
 30 7.763150 -14.311115 57.428246 0.514977 0.840761 0.167093 0.335938 0.140625
 29 8.337406 -15.188005 57.063114 0.941585 0.297995 0.156898 0.335938 0.406250
view_finger.bmp
 30 7.993974 -15.010655 56.755665 -0.047700 0.796007 -0.603405 0.648438 0.406250
 30 7.581075 -14.321321 57.197063 -0.316001 0.801804 -0.507202 0.648438 0.140625
 30 7.763150 -14.311115 57.428246 0.514977 0.840761 0.167093 0.335938 0.140625
view_finger.bmp
 30 7.993974 -15.010655 56.755665 -0.047700 0.796007 -0.603405 0.648438 0.406250
 30 7.480470 -14.588066 57.127594 -0.590417 0.230707 -0.773422 0.812500 0.195313
 30 7.581075 -14.321321 57.197063 -0.316001 0.801804 -0.507202 0.648438 0.140625
view_finger.bmp
 30 7.993974 -15.010655 56.755665 -0.047700 0.796007 -0.603405 0.648438 0.406250
 30 7.605339 -15.343491 56.958351 -0.984485 -0.138298 -0.107999 0.968750 0.406250
 30 7.480470 -14.588066 57.127594 -0.590417 0.230707 -0.773422 0.812500 0.195313
view_finger.bmp
 26 7.900615 -16.277452 56.901043 0.946728 -0.295109 -0.128904 0.335938 0.406250
 25 7.031093 -16.537411 56.356907 -0.346395 -0.934585 0.080998 0.007813 0.679688
 25 7.553884 -16.257013 56.116768 0.755667 -0.252389 -0.604373 0.335938 0.679688
view_finger.bmp
 26 7.900615 -16.277452 56.901043 0.946728 -0.295109 -0.128904 0.335938 0.406250
 26 7.435005 -16.527182 57.114918 -0.287703 -0.818908 0.496605 0.007813 0.406250
 25 7.031093 -16.537411 56.356907 -0.346395 -0.934585 0.080998 0.007813 0.679688
view_finger.bmp
 26 7.900615 -16.277452 56.901043 0.946728 -0.295109 -0.128904 0.335938 0.406250
 27 7.745800 -15.863020 57.820793 0.559699 -0.414300 0.717699 0.171875 0.140625
 26 7.435005 -16.527182 57.114918 -0.287703 -0.818908 0.496605 0.007813 0.406250
view_finger.bmp
 26 7.900615 -16.277452 56.901043 0.946728 -0.295109 -0.128904 0.335938 0.406250
 27 7.890254 -15.695864 57.690823 0.877224 0.408311 0.252507 0.335938 0.140625
 27 7.745800 -15.863020 57.820793 0.559699 -0.414300 0.717699 0.171875 0.140625
view_finger.bmp
 26 7.900615 -16.277452 56.901043 0.946728 -0.295109 -0.128904 0.335938 0.406250
 27 7.603724 -15.887115 56.817081 0.254213 0.909645 -0.328516 0.648438 0.406250
 27 7.890254 -15.695864 57.690823 0.877224 0.408311 0.252507 0.335938 0.140625
view_finger.bmp
 26 7.900615 -16.277452 56.901043 0.946728 -0.295109 -0.128904 0.335938 0.406250
 26 7.363243 -15.779405 56.339367 0.360901 0.894102 0.265201 0.648438 0.679688
 27 7.603724 -15.887115 56.817081 0.254213 0.909645 -0.328516 0.648438 0.406250
view_finger.bmp
 26 7.900615 -16.277452 56.901043 0.946728 -0.295109 -0.128904 0.335938 0.406250
 25 7.553884 -16.257013 56.116768 0.755667 -0.252389 -0.604373 0.335938 0.679688
 26 7.363243 -15.779405 56.339367 0.360901 0.894102 0.265201 0.648438 0.679688
view_finger.bmp
 35 8.337829 -13.719879 56.173092 0.482900 0.732399 0.480000 0.335938 0.406250
 34 8.283356 -14.611837 55.747356 0.156297 -0.788087 0.595390 0.007813 0.679688
 34 8.603031 -14.150789 55.562038 0.973202 0.228800 0.023000 0.335938 0.679688
view_finger.bmp
 35 8.337829 -13.719879 56.173092 0.482900 0.732399 0.480000 0.335938 0.406250
 35 8.069757 -14.136028 56.335442 -0.447322 -0.194610 0.872943 0.007813 0.406250
 34 8.283356 -14.611837 55.747356 0.156297 -0.788087 0.595390 0.007813 0.679688
view_finger.bmp
 35 8.337829 -13.719879 56.173092 0.482900 0.732399 0.480000 0.335938 0.406250
 36 7.473909 -13.516881 56.042057 -0.394802 0.571103 0.719704 0.171875 0.140625
 35 8.069757 -14.136028 56.335442 -0.447322 -0.194610 0.872943 0.007813 0.406250
view_finger.bmp
 35 8.337829 -13.719879 56.173092 0.482900 0.732399 0.480000 0.335938 0.406250
 36 7.578469 -13.391406 55.881050 0.016600 0.986471 -0.163095 0.335938 0.140625
 36 7.473909 -13.516881 56.042057 -0.394802 0.571103 0.719704 0.171875 0.140625
view_finger.bmp
 35 8.337829 -13.719879 56.173092 0.482900 0.732399 0.480000 0.335938 0.406250
 36 8.223594 -13.870901 55.771053 -0.301699 0.670398 -0.677897 0.648438 0.406250
 36 7.578469 -13.391406 55.881050 0.016600 0.986471 -0.163095 0.335938 0.140625
view_finger.bmp
 35 8.337829 -13.719879 56.173092 0.482900 0.732399 0.480000 0.335938 0.406250
 35 8.162820 -13.956508 55.392143 -0.359513 0.863831 0.352913 0.648438 0.679688
 36 8.223594 -13.870901 55.771053 -0.301699 0.670398 -0.677897 0.648438 0.406250
view_finger.bmp
 35 8.337829 -13.719879 56.173092 0.482900 0.732399 0.480000 0.335938 0.406250
 34 8.603031 -14.150789 55.562038 0.973202 0.228800 0.023000 0.335938 0.679688
 35 8.162820 -13.956508 55.392143 -0.359513 0.863831 0.352913 0.648438 0.679688
view_finger.bmp
 24 5.734560 -16.214649 57.140709 0.240606 0.069602 0.968124 0.515625 0.312500
 24 5.975408 -16.031633 56.895359 0.941163 0.214091 0.261490 0.750000 0.273438
 23 5.568795 -15.747343 57.072903 0.347406 0.230604 0.908917 0.507813 0.609375
view_finger.bmp
 24 5.734560 -16.214649 57.140709 0.240606 0.069602 0.968124 0.515625 0.312500
 24 5.984995 -16.454607 56.894127 0.956255 -0.167992 0.239489 0.765625 0.125000
 24 5.975408 -16.031633 56.895359 0.941163 0.214091 0.261490 0.750000 0.273438
view_finger.bmp
 24 5.734560 -16.214649 57.140709 0.240606 0.069602 0.968124 0.515625 0.312500
 24 5.836391 -16.720825 57.120281 0.324497 -0.498295 0.803992 0.515625 0.062500
 24 5.984995 -16.454607 56.894127 0.956255 -0.167992 0.239489 0.765625 0.125000
view_finger.bmp
 24 5.734560 -16.214649 57.140709 0.240606 0.069602 0.968124 0.515625 0.312500
 24 5.623481 -16.648329 57.116566 -0.402905 -0.292603 0.867209 0.250000 0.156250
 24 5.836391 -16.720825 57.120281 0.324497 -0.498295 0.803992 0.515625 0.062500
view_finger.bmp
 24 5.734560 -16.214649 57.140709 0.240606 0.069602 0.968124 0.515625 0.312500
 24 5.495002 -16.226051 57.080860 -0.716605 -0.293102 0.632904 0.250000 0.359375
 24 5.623481 -16.648329 57.116566 -0.402905 -0.292603 0.867209 0.250000 0.156250
view_finger.bmp
 24 5.734560 -16.214649 57.140709 0.240606 0.069602 0.968124 0.515625 0.312500
 23 5.153082 -15.694311 57.064480 -0.463704 -0.095701 0.880807 0.257813 0.671875
 24 5.495002 -16.226051 57.080860 -0.716605 -0.293102 0.632904 0.250000 0.359375
view_finger.bmp
 24 5.734560 -16.214649 57.140709 0.240606 0.069602 0.968124 0.515625 0.312500
 23 5.568795 -15.747343 57.072903 0.347406 0.230604 0.908917 0.507813 0.609375
 23 5.153082 -15.694311 57.064480 -0.463704 -0.095701 0.880807 0.257813 0.671875
view_finger.bmp
 24 5.838906 -15.694296 56.819393 0.977461 0.208091 0.035599 0.898438 0.632813
 24 5.975408 -16.031633 56.895359 0.941163 0.214091 0.261490 0.914063 0.273438
 24 5.852727 -16.145735 56.477470 0.556295 0.028600 -0.830492 0.750000 0.273438
view_finger.bmp
 24 5.852727 -16.145735 56.477470 0.556295 0.028600 -0.830492 0.750000 0.273438
 24 5.975408 -16.031633 56.895359 0.941163 0.214091 0.261490 0.914063 0.273438
 24 5.895386 -16.542248 56.577759 0.708583 -0.338592 -0.619085 0.765625 0.125000
view_finger.bmp
 24 5.975408 -16.031633 56.895359 0.941163 0.214091 0.261490 0.914063 0.273438
 24 5.984995 -16.454607 56.894127 0.956255 -0.167992 0.239489 0.890625 0.132813
 24 5.895386 -16.542248 56.577759 0.708583 -0.338592 -0.619085 0.765625 0.125000
view_finger.bmp
 24 5.895386 -16.542248 56.577759 0.708583 -0.338592 -0.619085 0.765625 0.125000
 24 5.984995 -16.454607 56.894127 0.956255 -0.167992 0.239489 0.890625 0.132813
 24 5.793785 -16.861647 56.921650 0.516909 -0.853116 0.070701 0.828125 0.070313
view_finger.bmp
 24 5.984995 -16.454607 56.894127 0.956255 -0.167992 0.239489 0.890625 0.132813
 24 5.836391 -16.720825 57.120281 0.324497 -0.498295 0.803992 0.921875 0.070313
 24 5.793785 -16.861647 56.921650 0.516909 -0.853116 0.070701 0.828125 0.070313
view_finger.bmp
 24 5.793785 -16.861647 56.921650 0.516909 -0.853116 0.070701 0.828125 0.070313
 24 5.836391 -16.720825 57.120281 0.324497 -0.498295 0.803992 0.921875 0.070313
 24 5.595907 -16.777124 56.964081 -0.641264 -0.661362 0.389077 0.828125 0.015625
view_finger.bmp
 24 5.836391 -16.720825 57.120281 0.324497 -0.498295 0.803992 0.921875 0.070313
 24 5.623481 -16.648329 57.116566 -0.402905 -0.292603 0.867209 0.906250 0.015625
 24 5.595907 -16.777124 56.964081 -0.641264 -0.661362 0.389077 0.828125 0.015625
view_finger.bmp
 50 5.707398 -5.386697 53.402466 -0.857421 -0.173704 -0.484412 0.335938 0.406250
 49 6.418005 -5.648862 53.274307 -0.109901 -0.442904 -0.889808 0.335938 0.679688
 49 6.463799 -5.798914 53.854298 -0.131098 -0.816688 0.561991 0.007813 0.679688
view_finger.bmp
 50 5.707398 -5.386697 53.402466 -0.857421 -0.173704 -0.484412 0.335938 0.406250
 50 6.511935 -5.139691 53.427132 -0.609585 0.784982 -0.110497 0.648438 0.679688
 49 6.418005 -5.648862 53.274307 -0.109901 -0.442904 -0.889808 0.335938 0.679688
view_finger.bmp
 50 5.707398 -5.386697 53.402466 -0.857421 -0.173704 -0.484412 0.335938 0.406250
 51 6.122337 -5.348597 53.422970 0.399696 0.833991 -0.380396 0.648438 0.406250
 50 6.511935 -5.139691 53.427132 -0.609585 0.784982 -0.110497 0.648438 0.679688
view_finger.bmp
 50 5.707398 -5.386697 53.402466 -0.857421 -0.173704 -0.484412 0.335938 0.406250
 51 5.979768 -4.585920 53.648579 -0.182508 0.724632 -0.664529 0.335938 0.140625
 51 6.122337 -5.348597 53.422970 0.399696 0.833991 -0.380396 0.648438 0.406250
view_finger.bmp
 50 5.707398 -5.386697 53.402466 -0.857421 -0.173704 -0.484412 0.335938 0.406250
 51 5.897250 -4.617710 53.859482 -0.791867 0.576076 0.202691 0.171875 0.140625
 51 5.979768 -4.585920 53.648579 -0.182508 0.724632 -0.664529 0.335938 0.140625
view_finger.bmp
 50 5.707398 -5.386697 53.402466 -0.857421 -0.173704 -0.484412 0.335938 0.406250
 50 5.746622 -5.532256 53.901039 -0.808508 -0.111601 0.577806 0.007813 0.406250
 51 5.897250 -4.617710 53.859482 -0.791867 0.576076 0.202691 0.171875 0.140625
view_finger.bmp
 50 5.707398 -5.386697 53.402466 -0.857421 -0.173704 -0.484412 0.335938 0.406250
 49 6.463799 -5.798914 53.854298 -0.131098 -0.816688 0.561991 0.007813 0.679688
 50 5.746622 -5.532256 53.901039 -0.808508 -0.111601 0.577806 0.007813 0.406250
view_finger.bmp
 41 7.336742 -6.448339 55.440968 -0.790679 -0.160995 -0.590684 0.648438 0.679688
 41 7.223706 -7.344578 55.597420 0.241512 -0.763437 -0.599029 0.335938 0.406250
 42 7.074986 -6.879031 55.555836 -0.337806 0.472509 -0.814016 0.648438 0.406250
view_finger.bmp
 41 7.336742 -6.448339 55.440968 -0.790679 -0.160995 -0.590684 0.648438 0.679688
 40 7.793135 -6.658806 55.425770 0.590586 -0.176296 -0.787482 0.335938 0.679688
 41 7.223706 -7.344578 55.597420 0.241512 -0.763437 -0.599029 0.335938 0.406250
view_finger.bmp
 41 7.336742 -6.448339 55.440968 -0.790679 -0.160995 -0.590684 0.648438 0.679688
 43 6.749073 -5.511178 55.220985 -0.981696 -0.160199 -0.103000 0.648438 0.953125
 40 7.793135 -6.658806 55.425770 0.590586 -0.176296 -0.787482 0.335938 0.679688
view_finger.bmp
 41 7.336742 -6.448339 55.440968 -0.790679 -0.160995 -0.590684 0.648438 0.679688
 40 6.893245 -5.790119 56.049934 -0.508910 -0.291906 0.809816 0.968750 0.953125
 43 6.749073 -5.511178 55.220985 -0.981696 -0.160199 -0.103000 0.648438 0.953125
view_finger.bmp
 41 7.336742 -6.448339 55.440968 -0.790679 -0.160995 -0.590684 0.648438 0.679688
 41 7.362595 -6.350141 56.022163 -0.533192 -0.003400 0.845987 0.968750 0.679688
 40 6.893245 -5.790119 56.049934 -0.508910 -0.291906 0.809816 0.968750 0.953125
view_finger.bmp
 41 7.336742 -6.448339 55.440968 -0.790679 -0.160995 -0.590684 0.648438 0.679688
 42 7.097333 -6.794148 56.058224 -0.410880 0.721465 0.557373 0.968750 0.406250
 41 7.362595 -6.350141 56.022163 -0.533192 -0.003400 0.845987 0.968750 0.679688
view_finger.bmp
 41 7.336742 -6.448339 55.440968 -0.790679 -0.160995 -0.590684 0.648438 0.679688
 42 7.074986 -6.879031 55.555836 -0.337806 0.472509 -0.814016 0.648438 0.406250
 42 7.097333 -6.794148 56.058224 -0.410880 0.721465 0.557373 0.968750 0.406250
view_finger.bmp
 38 5.593447 -5.330504 55.579559 -0.657814 0.148403 -0.738416 0.507813 0.609375
 39 5.932272 -5.643145 55.318012 0.191803 0.104901 -0.975811 0.750000 0.273438
 39 5.603475 -5.816031 55.455502 -0.757782 0.005600 -0.652484 0.515625 0.312500
view_finger.bmp
 38 5.593447 -5.330504 55.579559 -0.657814 0.148403 -0.738416 0.507813 0.609375
 39 5.933037 -5.293145 55.442108 0.397896 0.031499 -0.916890 0.757813 0.632813
 39 5.932272 -5.643145 55.318012 0.191803 0.104901 -0.975811 0.750000 0.273438
view_finger.bmp
 38 5.593447 -5.330504 55.579559 -0.657814 0.148403 -0.738416 0.507813 0.609375
 37 6.135709 -4.709256 55.368416 -0.311102 -0.166901 -0.935607 0.750000 0.929688
 39 5.933037 -5.293145 55.442108 0.397896 0.031499 -0.916890 0.757813 0.632813
view_finger.bmp
 38 5.593447 -5.330504 55.579559 -0.657814 0.148403 -0.738416 0.507813 0.609375
 37 5.728244 -4.395189 55.555592 -0.756471 0.024299 -0.653575 0.507813 0.960938
 37 6.135709 -4.709256 55.368416 -0.311102 -0.166901 -0.935607 0.750000 0.929688
view_finger.bmp
 38 5.593447 -5.330504 55.579559 -0.657814 0.148403 -0.738416 0.507813 0.609375
 37 5.597691 -4.248741 55.985718 -0.975776 0.198395 0.092198 0.250000 0.992188
 37 5.728244 -4.395189 55.555592 -0.756471 0.024299 -0.653575 0.507813 0.960938
view_finger.bmp
 38 5.593447 -5.330504 55.579559 -0.657814 0.148403 -0.738416 0.507813 0.609375
 38 5.432951 -5.186818 55.939137 -0.998808 -0.027100 0.040600 0.257813 0.671875
 37 5.597691 -4.248741 55.985718 -0.975776 0.198395 0.092198 0.250000 0.992188
view_finger.bmp
 38 5.593447 -5.330504 55.579559 -0.657814 0.148403 -0.738416 0.507813 0.609375
 39 5.603475 -5.816031 55.455502 -0.757782 0.005600 -0.652484 0.515625 0.312500
 38 5.432951 -5.186818 55.939137 -0.998808 -0.027100 0.040600 0.257813 0.671875
view_finger.bmp
 30 7.393740 -14.612404 57.610073 -0.637897 -0.100799 0.763496 0.007813 0.140625
 29 7.888219 -15.524561 57.276333 -0.054101 -0.701607 0.710507 0.007813 0.406250
 30 7.630690 -14.466372 57.598682 0.294801 0.211301 0.931904 0.171875 0.140625
view_finger.bmp
 30 7.630690 -14.466372 57.598682 0.294801 0.211301 0.931904 0.171875 0.140625
 29 7.888219 -15.524561 57.276333 -0.054101 -0.701607 0.710507 0.007813 0.406250
 29 8.337406 -15.188005 57.063114 0.941585 0.297995 0.156898 0.335938 0.406250
view_finger.bmp
 29 7.888219 -15.524561 57.276333 -0.054101 -0.701607 0.710507 0.007813 0.406250
 28 8.187456 -15.625794 56.034401 0.905910 -0.264503 -0.330704 0.335938 0.679688
 29 8.337406 -15.188005 57.063114 0.941585 0.297995 0.156898 0.335938 0.406250
view_finger.bmp
 29 8.337406 -15.188005 57.063114 0.941585 0.297995 0.156898 0.335938 0.406250
 28 8.187456 -15.625794 56.034401 0.905910 -0.264503 -0.330704 0.335938 0.679688
 29 7.820562 -15.181242 56.087193 0.257004 0.959216 0.117702 0.648438 0.679688
view_finger.bmp
 28 8.187456 -15.625794 56.034401 0.905910 -0.264503 -0.330704 0.335938 0.679688
 28 7.469180 -14.885009 55.734043 0.090697 0.373787 0.923069 0.648438 0.953125
 29 7.820562 -15.181242 56.087193 0.257004 0.959216 0.117702 0.648438 0.679688
view_finger.bmp
 29 7.820562 -15.181242 56.087193 0.257004 0.959216 0.117702 0.648438 0.679688
 28 7.469180 -14.885009 55.734043 0.090697 0.373787 0.923069 0.648438 0.953125
 28 6.948975 -15.280022 55.960209 0.141600 0.355201 0.924003 0.968750 0.953125
view_finger.bmp
 32 8.508254 -14.466340 56.685795 0.784025 0.582118 0.215507 0.335938 0.406250
 32 8.142347 -14.881848 56.890648 -0.044601 -0.577714 0.815020 0.007813 0.406250
 31 8.565658 -14.917303 55.903805 0.971780 -0.052399 -0.229995 0.335938 0.679688
view_finger.bmp
 32 8.508254 -14.466340 56.685795 0.784025 0.582118 0.215507 0.335938 0.406250
 33 7.593219 -13.934542 56.933052 0.004600 0.446008 0.895017 0.171875 0.140625
 32 8.142347 -14.881848 56.890648 -0.044601 -0.577714 0.815020 0.007813 0.406250
view_finger.bmp
 32 8.508254 -14.466340 56.685795 0.784025 0.582118 0.215507 0.335938 0.406250
 33 7.710549 -13.773269 56.756348 0.248190 0.967962 0.038099 0.335938 0.140625
 33 7.593219 -13.934542 56.933052 0.004600 0.446008 0.895017 0.171875 0.140625
view_finger.bmp
 32 8.508254 -14.466340 56.685795 0.784025 0.582118 0.215507 0.335938 0.406250
 33 8.231023 -14.478334 56.308475 -0.102197 0.720881 -0.685482 0.648438 0.406250
 33 7.710549 -13.773269 56.756348 0.248190 0.967962 0.038099 0.335938 0.140625
view_finger.bmp
 32 8.508254 -14.466340 56.685795 0.784025 0.582118 0.215507 0.335938 0.406250
 32 8.136908 -14.612432 55.853111 0.159094 0.986764 -0.031399 0.648438 0.679688
 33 8.231023 -14.478334 56.308475 -0.102197 0.720881 -0.685482 0.648438 0.406250
view_finger.bmp
 32 8.508254 -14.466340 56.685795 0.784025 0.582118 0.215507 0.335938 0.406250
 31 8.565658 -14.917303 55.903805 0.971780 -0.052399 -0.229995 0.335938 0.679688
 32 8.136908 -14.612432 55.853111 0.159094 0.986764 -0.031399 0.648438 0.679688
view_finger.bmp
 25 6.389704 -16.051243 55.741470 -0.403893 -0.828685 -0.387493 0.335938 0.953125
 25 7.031093 -16.537411 56.356907 -0.346395 -0.934585 0.080998 0.335938 0.679688
 25 6.338416 -15.570625 56.191002 -0.496003 -0.130201 0.858504 0.648438 0.953125
view_finger.bmp
 25 6.338416 -15.570625 56.191002 -0.496003 -0.130201 0.858504 0.648438 0.953125
 25 7.031093 -16.537411 56.356907 -0.346395 -0.934585 0.080998 0.335938 0.679688
 26 6.885465 -16.033901 56.547836 -0.713015 0.088702 0.695515 0.648438 0.679688
view_finger.bmp
 25 7.031093 -16.537411 56.356907 -0.346395 -0.934585 0.080998 0.335938 0.679688
 26 7.435005 -16.527182 57.114918 -0.287703 -0.818908 0.496605 0.335938 0.406250
 26 6.885465 -16.033901 56.547836 -0.713015 0.088702 0.695515 0.648438 0.679688
view_finger.bmp
 26 6.885465 -16.033901 56.547836 -0.713015 0.088702 0.695515 0.648438 0.679688
 26 7.435005 -16.527182 57.114918 -0.287703 -0.818908 0.496605 0.335938 0.406250
 27 7.195294 -16.106176 57.004692 -0.877421 0.400410 0.264206 0.648438 0.406250
view_finger.bmp
 26 7.435005 -16.527182 57.114918 -0.287703 -0.818908 0.496605 0.335938 0.406250
 27 7.498803 -15.900388 57.879070 -0.413316 -0.308512 0.856732 0.335938 0.140625
 27 7.195294 -16.106176 57.004692 -0.877421 0.400410 0.264206 0.648438 0.406250
view_finger.bmp
 27 7.195294 -16.106176 57.004692 -0.877421 0.400410 0.264206 0.648438 0.406250
 27 7.498803 -15.900388 57.879070 -0.413316 -0.308512 0.856732 0.335938 0.140625
 27 7.351333 -15.680553 57.734760 -0.680726 0.610323 0.405115 0.648438 0.140625
view_finger.bmp
 36 7.430184 -13.829548 55.784904 -0.724803 -0.400901 -0.560302 0.648438 0.140625
 36 8.004048 -14.225252 55.941746 -0.852996 -0.431097 -0.294199 0.648438 0.406250
 36 7.388355 -13.719066 56.040726 -0.858028 -0.293309 0.421613 0.335938 0.140625
view_finger.bmp
 36 7.388355 -13.719066 56.040726 -0.858028 -0.293309 0.421613 0.335938 0.140625
 36 8.004048 -14.225252 55.941746 -0.852996 -0.431097 -0.294199 0.648438 0.406250
 35 8.069757 -14.136028 56.335442 -0.447322 -0.194610 0.872943 0.335938 0.406250
view_finger.bmp
 36 8.004048 -14.225252 55.941746 -0.852996 -0.431097 -0.294199 0.648438 0.406250
 35 7.887493 -14.384039 55.574936 -0.800995 0.273399 0.532597 0.648438 0.679688
 35 8.069757 -14.136028 56.335442 -0.447322 -0.194610 0.872943 0.335938 0.406250
view_finger.bmp
 35 8.069757 -14.136028 56.335442 -0.447322 -0.194610 0.872943 0.335938 0.406250
 35 7.887493 -14.384039 55.574936 -0.800995 0.273399 0.532597 0.648438 0.679688
 34 8.283356 -14.611837 55.747356 0.156297 -0.788087 0.595390 0.335938 0.679688
view_finger.bmp
 35 7.887493 -14.384039 55.574936 -0.800995 0.273399 0.532597 0.648438 0.679688
 31 7.722436 -14.354590 55.473419 -0.004800 0.464723 0.885443 0.648438 0.953125
 34 8.283356 -14.611837 55.747356 0.156297 -0.788087 0.595390 0.335938 0.679688
view_finger.bmp
 34 8.283356 -14.611837 55.747356 0.156297 -0.788087 0.595390 0.335938 0.679688
 31 7.722436 -14.354590 55.473419 -0.004800 0.464723 0.885443 0.648438 0.953125
 21 7.785462 -14.808558 54.841808 0.463008 -0.531509 -0.709311 0.335938 0.953125
view_finger.bmp
 44 6.617634 -6.045929 54.541103 -0.647398 0.571099 -0.504699 0.648438 0.679688
 43 6.749073 -5.511178 55.220985 -0.981696 -0.160199 -0.103000 0.968750 0.953125
 43 6.751169 -5.480368 54.539558 -0.955963 0.120096 0.267790 0.648438 0.953125
view_finger.bmp
 44 6.617634 -6.045929 54.541103 -0.647398 0.571099 -0.504699 0.648438 0.679688
 44 6.577316 -6.093312 55.137951 -0.369889 0.698079 0.613081 0.968750 0.679688
 43 6.749073 -5.511178 55.220985 -0.981696 -0.160199 -0.103000 0.968750 0.953125
view_finger.bmp
 44 6.617634 -6.045929 54.541103 -0.647398 0.571099 -0.504699 0.648438 0.679688
 45 5.975165 -5.800636 54.536861 0.678916 0.374009 -0.631815 0.648438 0.406250
 44 6.577316 -6.093312 55.137951 -0.369889 0.698079 0.613081 0.968750 0.679688
view_finger.bmp
 44 6.617634 -6.045929 54.541103 -0.647398 0.571099 -0.504699 0.648438 0.679688
 44 5.541313 -5.841300 54.459507 -0.499894 0.108299 -0.859289 0.335938 0.406250
 45 5.975165 -5.800636 54.536861 0.678916 0.374009 -0.631815 0.648438 0.406250
view_finger.bmp
 44 6.617634 -6.045929 54.541103 -0.647398 0.571099 -0.504699 0.648438 0.679688
 43 6.510396 -6.517421 54.470646 -0.204909 -0.793435 -0.573126 0.335938 0.679688
 44 5.541313 -5.841300 54.459507 -0.499894 0.108299 -0.859289 0.335938 0.406250
view_finger.bmp
 44 6.617634 -6.045929 54.541103 -0.647398 0.571099 -0.504699 0.648438 0.679688
 43 6.751169 -5.480368 54.539558 -0.955963 0.120096 0.267790 0.648438 0.953125
 43 6.510396 -6.517421 54.470646 -0.204909 -0.793435 -0.573126 0.335938 0.679688
view_finger.bmp
 39 5.572849 -6.234664 55.613003 -0.957060 -0.289888 0.001400 0.117188 0.156250
 39 5.695927 -6.352907 55.720104 -0.639295 -0.609995 0.468196 0.187500 0.132813
 39 5.548932 -5.800354 55.696079 -0.893140 -0.220509 0.392017 0.101563 0.367188
view_finger.bmp
 39 5.548932 -5.800354 55.696079 -0.893140 -0.220509 0.392017 0.101563 0.367188
 39 5.695927 -6.352907 55.720104 -0.639295 -0.609995 0.468196 0.187500 0.132813
 39 5.817717 -5.874802 55.968868 -0.423213 -0.290709 0.858125 0.250000 0.359375
view_finger.bmp
 39 5.695927 -6.352907 55.720104 -0.639295 -0.609995 0.468196 0.187500 0.132813
 39 5.813056 -6.297142 55.873959 -0.109402 -0.463507 0.879314 0.250000 0.156250
 39 5.817717 -5.874802 55.968868 -0.423213 -0.290709 0.858125 0.250000 0.359375
view_finger.bmp
 39 5.817717 -5.874802 55.968868 -0.423213 -0.290709 0.858125 0.250000 0.359375
 39 5.813056 -6.297142 55.873959 -0.109402 -0.463507 0.879314 0.250000 0.156250
 39 6.058187 -5.931213 55.905689 0.555908 -0.285404 0.780712 0.515625 0.312500
view_finger.bmp
 39 5.813056 -6.297142 55.873959 -0.109402 -0.463507 0.879314 0.250000 0.156250
 39 5.974380 -6.403368 55.748695 0.370499 -0.799199 0.473299 0.515625 0.062500
 39 6.058187 -5.931213 55.905689 0.555908 -0.285404 0.780712 0.515625 0.312500
view_finger.bmp
 39 6.058187 -5.931213 55.905689 0.555908 -0.285404 0.780712 0.515625 0.312500
 39 5.974380 -6.403368 55.748695 0.370499 -0.799199 0.473299 0.515625 0.062500
 39 6.176894 -6.132203 55.601532 0.870366 -0.379886 -0.313288 0.765625 0.125000
view_finger.bmp
 36 7.379765 -13.525796 55.859692 -0.864868 0.458283 -0.204892 0.812500 0.070313
 36 7.473909 -13.516881 56.042057 -0.394802 0.571103 0.719704 0.812500 0.023438
 36 7.578469 -13.391406 55.881050 0.016600 0.986471 -0.163095 0.648438 0.046875
view_finger.bmp
 36 7.379765 -13.525796 55.859692 -0.864868 0.458283 -0.204892 0.812500 0.070313
 36 7.388355 -13.719066 56.040726 -0.858028 -0.293309 0.421613 0.968750 0.046875
 36 7.473909 -13.516881 56.042057 -0.394802 0.571103 0.719704 0.812500 0.023438
view_finger.bmp
 36 7.379765 -13.525796 55.859692 -0.864868 0.458283 -0.204892 0.812500 0.070313
 36 7.430184 -13.829548 55.784904 -0.724803 -0.400901 -0.560302 0.968750 0.140625
 36 7.388355 -13.719066 56.040726 -0.858028 -0.293309 0.421613 0.968750 0.046875
view_finger.bmp
 36 7.379765 -13.525796 55.859692 -0.864868 0.458283 -0.204892 0.812500 0.070313
 36 7.600366 -13.563902 55.657745 -0.226807 0.324110 -0.918429 0.648438 0.140625
 36 7.430184 -13.829548 55.784904 -0.724803 -0.400901 -0.560302 0.968750 0.140625
view_finger.bmp
 36 7.379765 -13.525796 55.859692 -0.864868 0.458283 -0.204892 0.812500 0.070313
 36 7.578469 -13.391406 55.881050 0.016600 0.986471 -0.163095 0.648438 0.046875
 36 7.600366 -13.563902 55.657745 -0.226807 0.324110 -0.918429 0.648438 0.140625
view_finger.bmp
 27 7.662426 -15.677725 57.855644 0.154906 0.476117 0.865631 0.812500 0.070313
 27 7.890254 -15.695864 57.690823 0.877224 0.408311 0.252507 0.648438 0.046875
 27 7.685604 -15.506698 57.572781 0.043998 0.996849 0.065997 0.648438 0.140625
view_finger.bmp
 27 7.662426 -15.677725 57.855644 0.154906 0.476117 0.865631 0.812500 0.070313
 27 7.745800 -15.863020 57.820793 0.559699 -0.414300 0.717699 0.812500 0.023438
 27 7.890254 -15.695864 57.690823 0.877224 0.408311 0.252507 0.648438 0.046875
view_finger.bmp
 27 7.662426 -15.677725 57.855644 0.154906 0.476117 0.865631 0.812500 0.070313
 27 7.498803 -15.900388 57.879070 -0.413316 -0.308512 0.856732 0.968750 0.046875
 27 7.745800 -15.863020 57.820793 0.559699 -0.414300 0.717699 0.812500 0.023438
view_finger.bmp
 27 7.662426 -15.677725 57.855644 0.154906 0.476117 0.865631 0.812500 0.070313
 27 7.351333 -15.680553 57.734760 -0.680726 0.610323 0.405115 0.968750 0.140625
 27 7.498803 -15.900388 57.879070 -0.413316 -0.308512 0.856732 0.968750 0.046875
view_finger.bmp
 27 7.662426 -15.677725 57.855644 0.154906 0.476117 0.865631 0.812500 0.070313
 27 7.685604 -15.506698 57.572781 0.043998 0.996849 0.065997 0.648438 0.140625
 27 7.351333 -15.680553 57.734760 -0.680726 0.610323 0.405115 0.968750 0.140625
view_finger.bmp
 30 7.494225 -14.354779 57.507446 -0.410001 0.781603 0.470102 0.812500 0.070313
 30 7.763150 -14.311115 57.428246 0.514977 0.840761 0.167093 0.648438 0.046875
 30 7.581075 -14.321321 57.197063 -0.316001 0.801804 -0.507202 0.648438 0.140625
view_finger.bmp
 30 7.494225 -14.354779 57.507446 -0.410001 0.781603 0.470102 0.812500 0.070313
 30 7.630690 -14.466372 57.598682 0.294801 0.211301 0.931904 0.812500 0.023438
 30 7.763150 -14.311115 57.428246 0.514977 0.840761 0.167093 0.648438 0.046875
view_finger.bmp
 30 7.494225 -14.354779 57.507446 -0.410001 0.781603 0.470102 0.812500 0.070313
 30 7.393740 -14.612404 57.610073 -0.637897 -0.100799 0.763496 0.968750 0.046875
 30 7.630690 -14.466372 57.598682 0.294801 0.211301 0.931904 0.812500 0.023438
view_finger.bmp
 30 7.494225 -14.354779 57.507446 -0.410001 0.781603 0.470102 0.812500 0.070313
 30 7.288965 -14.565425 57.349659 -0.940477 0.289393 -0.178196 0.968750 0.140625
 30 7.393740 -14.612404 57.610073 -0.637897 -0.100799 0.763496 0.968750 0.046875
view_finger.bmp
 30 7.494225 -14.354779 57.507446 -0.410001 0.781603 0.470102 0.812500 0.070313
 30 7.581075 -14.321321 57.197063 -0.316001 0.801804 -0.507202 0.648438 0.140625
 30 7.288965 -14.565425 57.349659 -0.940477 0.289393 -0.178196 0.968750 0.140625
view_finger.bmp
 33 7.437562 -13.877121 56.778538 -0.707293 0.681794 0.186798 0.812500 0.070313
 33 7.593219 -13.934542 56.933052 0.004600 0.446008 0.895017 0.812500 0.023438
 33 7.710549 -13.773269 56.756348 0.248190 0.967962 0.038099 0.648438 0.046875
view_finger.bmp
 33 7.437562 -13.877121 56.778538 -0.707293 0.681794 0.186798 0.812500 0.070313
 33 7.432680 -14.122479 56.935623 -0.747839 -0.162708 0.643633 0.968750 0.046875
 33 7.593219 -13.934542 56.933052 0.004600 0.446008 0.895017 0.812500 0.023438
view_finger.bmp
 33 7.437562 -13.877121 56.778538 -0.707293 0.681794 0.186798 0.812500 0.070313
 33 7.355408 -14.181596 56.618710 -0.925468 -0.073197 -0.371687 0.968750 0.140625
 33 7.432680 -14.122479 56.935623 -0.747839 -0.162708 0.643633 0.968750 0.046875
view_finger.bmp
 33 7.437562 -13.877121 56.778538 -0.707293 0.681794 0.186798 0.812500 0.070313
 33 7.590632 -13.893986 56.469208 -0.370281 0.562872 -0.738963 0.648438 0.140625
 33 7.355408 -14.181596 56.618710 -0.925468 -0.073197 -0.371687 0.968750 0.140625
view_finger.bmp
 33 7.437562 -13.877121 56.778538 -0.707293 0.681794 0.186798 0.812500 0.070313
 33 7.710549 -13.773269 56.756348 0.248190 0.967962 0.038099 0.648438 0.046875
 33 7.590632 -13.893986 56.469208 -0.370281 0.562872 -0.738963 0.648438 0.140625
view_finger.bmp
 23 5.568795 -15.747343 57.072903 0.347406 0.230604 0.908917 0.507813 0.609375
 22 4.973073 -14.773540 56.893959 -0.487316 0.129104 0.863629 0.250000 0.992188
 23 5.153082 -15.694311 57.064480 -0.463704 -0.095701 0.880807 0.257813 0.671875
view_finger.bmp
 23 5.568795 -15.747343 57.072903 0.347406 0.230604 0.908917 0.507813 0.609375
 22 5.436147 -14.820282 56.950325 0.256095 0.085298 0.962881 0.507813 0.960938
 22 4.973073 -14.773540 56.893959 -0.487316 0.129104 0.863629 0.250000 0.992188
view_finger.bmp
 23 5.568795 -15.747343 57.072903 0.347406 0.230604 0.908917 0.507813 0.609375
 22 5.843303 -15.048773 56.671371 0.754307 -0.148502 0.639506 0.750000 0.929688
 22 5.436147 -14.820282 56.950325 0.256095 0.085298 0.962881 0.507813 0.960938
view_finger.bmp
 23 5.568795 -15.747343 57.072903 0.347406 0.230604 0.908917 0.507813 0.609375
 24 5.838906 -15.694296 56.819393 0.977461 0.208091 0.035599 0.757813 0.632813
 22 5.843303 -15.048773 56.671371 0.754307 -0.148502 0.639506 0.750000 0.929688
view_finger.bmp
 23 5.568795 -15.747343 57.072903 0.347406 0.230604 0.908917 0.507813 0.609375
 24 5.975408 -16.031633 56.895359 0.941163 0.214091 0.261490 0.750000 0.273438
 24 5.838906 -15.694296 56.819393 0.977461 0.208091 0.035599 0.757813 0.632813
view_finger.bmp
 27 7.685604 -15.506698 57.572781 0.043998 0.996849 0.065997 0.648438 0.140625
 27 7.603724 -15.887115 56.817081 0.254213 0.909645 -0.328516 0.648438 0.406250
 27 7.452708 -15.635127 57.448822 -0.543705 0.795907 -0.266302 0.812500 0.195313
view_finger.bmp
 27 7.452708 -15.635127 57.448822 -0.543705 0.795907 -0.266302 0.812500 0.195313
 27 7.603724 -15.887115 56.817081 0.254213 0.909645 -0.328516 0.648438 0.406250
 27 7.195294 -16.106176 57.004692 -0.877421 0.400410 0.264206 0.968750 0.406250
view_finger.bmp
 27 7.603724 -15.887115 56.817081 0.254213 0.909645 -0.328516 0.648438 0.406250
 26 7.363243 -15.779405 56.339367 0.360901 0.894102 0.265201 0.648438 0.679688
 27 7.195294 -16.106176 57.004692 -0.877421 0.400410 0.264206 0.968750 0.406250
view_finger.bmp
 27 7.195294 -16.106176 57.004692 -0.877421 0.400410 0.264206 0.968750 0.406250
 26 7.363243 -15.779405 56.339367 0.360901 0.894102 0.265201 0.648438 0.679688
 26 6.885465 -16.033901 56.547836 -0.713015 0.088702 0.695515 0.968750 0.679688
view_finger.bmp
 26 7.363243 -15.779405 56.339367 0.360901 0.894102 0.265201 0.648438 0.679688
 25 6.338416 -15.570625 56.191002 -0.496003 -0.130201 0.858504 0.968750 0.953125
 26 6.885465 -16.033901 56.547836 -0.713015 0.088702 0.695515 0.968750 0.679688
view_finger.bmp
 23 5.022655 -15.809793 56.660313 -0.895654 -0.406879 -0.179591 0.257813 0.671875
 22 5.183391 -15.032002 56.177677 -0.499003 -0.484803 -0.718305 0.507813 0.960938
 23 5.369218 -15.918151 56.456467 -0.226293 -0.255793 -0.939873 0.507813 0.601563
view_finger.bmp
 23 5.022655 -15.809793 56.660313 -0.895654 -0.406879 -0.179591 0.257813 0.671875
 22 4.846799 -14.874571 56.506344 -0.988891 -0.147698 -0.016700 0.250000 0.992188
 22 5.183391 -15.032002 56.177677 -0.499003 -0.484803 -0.718305 0.507813 0.960938
view_finger.bmp
 23 5.022655 -15.809793 56.660313 -0.895654 -0.406879 -0.179591 0.257813 0.671875
 22 4.973073 -14.773540 56.893959 -0.487316 0.129104 0.863629 0.085938 0.984375
 22 4.846799 -14.874571 56.506344 -0.988891 -0.147698 -0.016700 0.250000 0.992188
view_finger.bmp
 23 5.022655 -15.809793 56.660313 -0.895654 -0.406879 -0.179591 0.257813 0.671875
 23 5.153082 -15.694311 57.064480 -0.463704 -0.095701 0.880807 0.093750 0.671875
 22 4.973073 -14.773540 56.893959 -0.487316 0.129104 0.863629 0.085938 0.984375
view_finger.bmp
 23 5.022655 -15.809793 56.660313 -0.895654 -0.406879 -0.179591 0.257813 0.671875
 24 5.495002 -16.226051 57.080860 -0.716605 -0.293102 0.632904 0.101563 0.367188
 23 5.153082 -15.694311 57.064480 -0.463704 -0.095701 0.880807 0.093750 0.671875
view_finger.bmp
 47 5.466221 -5.646021 54.483791 -0.825200 -0.035900 0.563699 0.007813 0.406250
 47 5.474696 -5.531849 53.904663 -0.637958 0.452970 -0.622759 0.335938 0.406250
 46 6.226069 -6.055282 53.823544 -0.147596 -0.597883 -0.787878 0.335938 0.679688
view_finger.bmp
 46 6.226069 -6.055282 53.823544 -0.147596 -0.597883 -0.787878 0.335938 0.679688
 47 5.474696 -5.531849 53.904663 -0.637958 0.452970 -0.622759 0.335938 0.406250
 47 6.402659 -5.596649 53.940517 -0.258804 0.900014 -0.350706 0.648438 0.679688
view_finger.bmp
 47 5.474696 -5.531849 53.904663 -0.637958 0.452970 -0.622759 0.335938 0.406250
 48 5.892453 -5.570047 53.945137 0.596481 0.666778 -0.446785 0.648438 0.406250
 47 6.402659 -5.596649 53.940517 -0.258804 0.900014 -0.350706 0.648438 0.679688
view_finger.bmp
 47 6.402659 -5.596649 53.940517 -0.258804 0.900014 -0.350706 0.648438 0.679688
 48 5.892453 -5.570047 53.945137 0.596481 0.666778 -0.446785 0.648438 0.406250
 47 6.393663 -5.696893 54.522045 -0.215094 0.815577 0.537185 0.968750 0.679688
view_finger.bmp
 48 5.892453 -5.570047 53.945137 0.596481 0.666778 -0.446785 0.648438 0.406250
 48 5.860544 -5.676757 54.463688 0.634904 0.230501 0.737405 0.968750 0.406250
 47 6.393663 -5.696893 54.522045 -0.215094 0.815577 0.537185 0.968750 0.679688
view_finger.bmp
 42 6.248955 -7.216025 56.157089 -0.453287 -0.216493 0.864674 0.335938 0.140625
 41 7.248682 -7.249709 56.158916 0.155400 -0.462300 0.873000 0.335938 0.406250
 42 7.097333 -6.794148 56.058224 -0.410880 0.721465 0.557373 0.648438 0.406250
view_finger.bmp
 42 7.097333 -6.794148 56.058224 -0.410880 0.721465 0.557373 0.648438 0.406250
 41 7.248682 -7.249709 56.158916 0.155400 -0.462300 0.873000 0.335938 0.406250
 41 7.362595 -6.350141 56.022163 -0.533192 -0.003400 0.845987 0.648438 0.679688
view_finger.bmp
 41 7.248682 -7.249709 56.158916 0.155400 -0.462300 0.873000 0.335938 0.406250
 40 7.821178 -6.552287 56.056221 0.607065 -0.231587 0.760157 0.335938 0.679688
 41 7.362595 -6.350141 56.022163 -0.533192 -0.003400 0.845987 0.648438 0.679688
view_finger.bmp
 41 7.362595 -6.350141 56.022163 -0.533192 -0.003400 0.845987 0.648438 0.679688
 40 7.821178 -6.552287 56.056221 0.607065 -0.231587 0.760157 0.335938 0.679688
 40 6.893245 -5.790119 56.049934 -0.508910 -0.291906 0.809816 0.648438 0.953125
view_finger.bmp
 40 7.821178 -6.552287 56.056221 0.607065 -0.231587 0.760157 0.335938 0.679688
 40 7.515893 -5.576728 55.996334 0.906983 0.141197 0.396793 0.335938 0.953125
 40 6.893245 -5.790119 56.049934 -0.508910 -0.291906 0.809816 0.648438 0.953125
view_finger.bmp
 51 6.083492 -4.546493 53.852993 0.211495 0.939175 0.270593 0.812500 0.070313
 51 5.979768 -4.585920 53.648579 -0.182508 0.724632 -0.664529 0.648438 0.046875
 51 5.897250 -4.617710 53.859482 -0.791867 0.576076 0.202691 0.812500 0.023438
view_finger.bmp
 51 6.083492 -4.546493 53.852993 0.211495 0.939175 0.270593 0.812500 0.070313
 51 6.241830 -4.692109 53.655449 0.785720 0.496612 -0.368809 0.648438 0.140625
 51 5.979768 -4.585920 53.648579 -0.182508 0.724632 -0.664529 0.648438 0.046875
view_finger.bmp
 51 6.083492 -4.546493 53.852993 0.211495 0.939175 0.270593 0.812500 0.070313
 51 6.242501 -4.794418 53.969822 0.794780 0.256593 0.549986 0.968750 0.140625
 51 6.241830 -4.692109 53.655449 0.785720 0.496612 -0.368809 0.648438 0.140625
view_finger.bmp
 51 6.083492 -4.546493 53.852993 0.211495 0.939175 0.270593 0.812500 0.070313
 51 5.991674 -4.712076 54.039143 -0.122898 0.301594 0.945482 0.968750 0.046875
 51 6.242501 -4.794418 53.969822 0.794780 0.256593 0.549986 0.968750 0.140625
view_finger.bmp
 51 6.083492 -4.546493 53.852993 0.211495 0.939175 0.270593 0.812500 0.070313
 51 5.897250 -4.617710 53.859482 -0.791867 0.576076 0.202691 0.812500 0.023438
 51 5.991674 -4.712076 54.039143 -0.122898 0.301594 0.945482 0.968750 0.046875
view_finger.bmp
 42 6.118353 -7.186412 55.914261 -0.988459 -0.140194 0.057397 0.812500 0.070313
 42 6.228810 -6.993444 55.673714 -0.653210 0.551409 -0.518908 0.648438 0.140625
 42 6.227456 -7.287719 55.672737 -0.528693 -0.461193 -0.712590 0.648438 0.046875
view_finger.bmp
 42 6.118353 -7.186412 55.914261 -0.988459 -0.140194 0.057397 0.812500 0.070313
 42 6.246776 -6.925206 56.077595 -0.620411 0.698412 0.356806 0.968750 0.140625
 42 6.228810 -6.993444 55.673714 -0.653210 0.551409 -0.518908 0.648438 0.140625
view_finger.bmp
 42 6.118353 -7.186412 55.914261 -0.988459 -0.140194 0.057397 0.812500 0.070313
 42 6.248955 -7.216025 56.157089 -0.453287 -0.216493 0.864674 0.968750 0.046875
 42 6.246776 -6.925206 56.077595 -0.620411 0.698412 0.356806 0.968750 0.140625
view_finger.bmp
 42 6.118353 -7.186412 55.914261 -0.988459 -0.140194 0.057397 0.812500 0.070313
 42 6.238260 -7.346378 55.925800 -0.369907 -0.914317 0.164903 0.812500 0.023438
 42 6.248955 -7.216025 56.157089 -0.453287 -0.216493 0.864674 0.968750 0.046875
view_finger.bmp
 42 6.118353 -7.186412 55.914261 -0.988459 -0.140194 0.057397 0.812500 0.070313
 42 6.227456 -7.287719 55.672737 -0.528693 -0.461193 -0.712590 0.648438 0.046875
 42 6.238260 -7.346378 55.925800 -0.369907 -0.914317 0.164903 0.812500 0.023438
view_finger.bmp
 45 6.072266 -4.745664 54.887154 0.286695 0.951382 0.112598 0.812500 0.070313
 45 6.241884 -4.935469 54.676670 0.887097 0.316699 -0.335799 0.648438 0.140625
 45 5.983810 -4.807048 54.624653 -0.044500 0.643202 -0.764402 0.648438 0.046875
view_finger.bmp
 45 6.072266 -4.745664 54.887154 0.286695 0.951382 0.112598 0.812500 0.070313
 45 6.204173 -4.972470 55.093452 0.810597 0.247999 0.530498 0.968750 0.140625
 45 6.241884 -4.935469 54.676670 0.887097 0.316699 -0.335799 0.648438 0.140625
view_finger.bmp
 45 6.072266 -4.745664 54.887154 0.286695 0.951382 0.112598 0.812500 0.070313
 45 5.944051 -4.862887 55.120434 -0.177298 0.511995 0.840492 0.968750 0.046875
 45 6.204173 -4.972470 55.093452 0.810597 0.247999 0.530498 0.968750 0.140625
view_finger.bmp
 45 6.072266 -4.745664 54.887154 0.286695 0.951382 0.112598 0.812500 0.070313
 45 5.880648 -4.790213 54.858902 -0.724131 0.689630 0.006700 0.812500 0.023438
 45 5.944051 -4.862887 55.120434 -0.177298 0.511995 0.840492 0.968750 0.046875
view_finger.bmp
 45 6.072266 -4.745664 54.887154 0.286695 0.951382 0.112598 0.812500 0.070313
 45 5.983810 -4.807048 54.624653 -0.044500 0.643202 -0.764402 0.648438 0.046875
 45 5.880648 -4.790213 54.858902 -0.724131 0.689630 0.006700 0.812500 0.023438
view_finger.bmp
 48 6.132499 -4.594872 54.387756 0.413107 0.884914 0.215104 0.812500 0.070313
 48 5.994820 -4.609827 54.135921 -0.004200 0.715006 -0.699106 0.648438 0.046875
 48 5.905190 -4.608973 54.376266 -0.639308 0.757309 0.133302 0.812500 0.023438
view_finger.bmp
 48 6.132499 -4.594872 54.387756 0.413107 0.884914 0.215104 0.812500 0.070313
 48 6.272556 -4.791639 54.156097 0.901185 0.240496 -0.360594 0.648438 0.140625
 48 5.994820 -4.609827 54.135921 -0.004200 0.715006 -0.699106 0.648438 0.046875
view_finger.bmp
 48 6.132499 -4.594872 54.387756 0.413107 0.884914 0.215104 0.812500 0.070313
 48 6.245740 -4.876170 54.546654 0.834993 0.082799 0.543996 0.968750 0.140625
 48 6.272556 -4.791639 54.156097 0.901185 0.240496 -0.360594 0.648438 0.140625
view_finger.bmp
 48 6.132499 -4.594872 54.387756 0.413107 0.884914 0.215104 0.812500 0.070313
 48 5.964869 -4.708006 54.605244 -0.081100 0.413698 0.906795 0.968750 0.046875
 48 6.245740 -4.876170 54.546654 0.834993 0.082799 0.543996 0.968750 0.140625
view_finger.bmp
 48 6.132499 -4.594872 54.387756 0.413107 0.884914 0.215104 0.812500 0.070313
 48 5.905190 -4.608973 54.376266 -0.639308 0.757309 0.133302 0.812500 0.023438
 48 5.964869 -4.708006 54.605244 -0.081100 0.413698 0.906795 0.968750 0.046875
view_finger.bmp
 39 5.603475 -5.816031 55.455502 -0.757782 0.005600 -0.652484 0.515625 0.312500
 39 5.548932 -5.800354 55.696079 -0.893140 -0.220509 0.392017 0.250000 0.359375
 38 5.432951 -5.186818 55.939137 -0.998808 -0.027100 0.040600 0.257813 0.671875
view_finger.bmp
 39 5.603475 -5.816031 55.455502 -0.757782 0.005600 -0.652484 0.515625 0.312500
 39 5.572849 -6.234664 55.613003 -0.957060 -0.289888 0.001400 0.250000 0.156250
 39 5.548932 -5.800354 55.696079 -0.893140 -0.220509 0.392017 0.250000 0.359375
view_finger.bmp
 39 5.603475 -5.816031 55.455502 -0.757782 0.005600 -0.652484 0.515625 0.312500
 39 5.665089 -6.328456 55.430534 -0.573905 -0.565305 -0.592506 0.515625 0.062500
 39 5.572849 -6.234664 55.613003 -0.957060 -0.289888 0.001400 0.250000 0.156250
view_finger.bmp
 39 5.603475 -5.816031 55.455502 -0.757782 0.005600 -0.652484 0.515625 0.312500
 39 5.935249 -6.068626 55.370522 0.216192 -0.275190 -0.936766 0.765625 0.125000
 39 5.665089 -6.328456 55.430534 -0.573905 -0.565305 -0.592506 0.515625 0.062500
view_finger.bmp
 39 5.603475 -5.816031 55.455502 -0.757782 0.005600 -0.652484 0.515625 0.312500
 39 5.932272 -5.643145 55.318012 0.191803 0.104901 -0.975811 0.750000 0.273438
 39 5.935249 -6.068626 55.370522 0.216192 -0.275190 -0.936766 0.765625 0.125000
view_finger.bmp
 24 5.548743 -16.379267 56.529011 -0.408310 -0.373309 -0.833021 0.515625 0.312500
 24 5.503544 -16.740616 56.778782 -0.782096 -0.559197 -0.274999 0.250000 0.156250
 24 5.381664 -16.329002 56.722034 -0.913791 -0.405996 0.012400 0.250000 0.359375
view_finger.bmp
 24 5.548743 -16.379267 56.529011 -0.408310 -0.373309 -0.833021 0.515625 0.312500
 24 5.702008 -16.840612 56.696850 -0.171696 -0.845279 -0.505988 0.515625 0.062500
 24 5.503544 -16.740616 56.778782 -0.782096 -0.559197 -0.274999 0.250000 0.156250
view_finger.bmp
 24 5.548743 -16.379267 56.529011 -0.408310 -0.373309 -0.833021 0.515625 0.312500
 24 5.895386 -16.542248 56.577759 0.708583 -0.338592 -0.619085 0.765625 0.125000
 24 5.702008 -16.840612 56.696850 -0.171696 -0.845279 -0.505988 0.515625 0.062500
view_finger.bmp
 24 5.548743 -16.379267 56.529011 -0.408310 -0.373309 -0.833021 0.515625 0.312500
 24 5.852727 -16.145735 56.477470 0.556295 0.028600 -0.830492 0.750000 0.273438
 24 5.895386 -16.542248 56.577759 0.708583 -0.338592 -0.619085 0.765625 0.125000
view_finger.bmp
 39 6.176894 -6.132203 55.601532 0.870366 -0.379886 -0.313288 0.765625 0.125000
 39 6.249169 -5.729246 55.640289 0.992168 0.010199 -0.124496 0.750000 0.273438
 39 6.058187 -5.931213 55.905689 0.555908 -0.285404 0.780712 0.515625 0.312500
view_finger.bmp
 39 6.058187 -5.931213 55.905689 0.555908 -0.285404 0.780712 0.515625 0.312500
 39 6.249169 -5.729246 55.640289 0.992168 0.010199 -0.124496 0.750000 0.273438
 38 6.045229 -5.450189 56.045681 0.731358 -0.190789 0.654763 0.507813 0.601563
view_finger.bmp
 39 6.249169 -5.729246 55.640289 0.992168 0.010199 -0.124496 0.750000 0.273438
 39 6.207963 -5.359733 55.724918 0.985085 -0.169198 -0.031299 0.757813 0.632813
 38 6.045229 -5.450189 56.045681 0.731358 -0.190789 0.654763 0.507813 0.601563
view_finger.bmp
 38 6.045229 -5.450189 56.045681 0.731358 -0.190789 0.654763 0.507813 0.601563
 39 6.207963 -5.359733 55.724918 0.985085 -0.169198 -0.031299 0.757813 0.632813
 37 6.302267 -4.544399 56.150517 0.433404 -0.312703 0.845209 0.507813 0.960938
view_finger.bmp
 24 5.503544 -16.740616 56.778782 -0.782096 -0.559197 -0.274999 0.757813 0.015625
 24 5.702008 -16.840612 56.696850 -0.171696 -0.845279 -0.505988 0.742188 0.062500
 24 5.595907 -16.777124 56.964081 -0.641264 -0.661362 0.389077 0.828125 0.015625
view_finger.bmp
 24 5.595907 -16.777124 56.964081 -0.641264 -0.661362 0.389077 0.828125 0.015625
 24 5.702008 -16.840612 56.696850 -0.171696 -0.845279 -0.505988 0.742188 0.062500
 24 5.793785 -16.861647 56.921650 0.516909 -0.853116 0.070701 0.828125 0.070313
view_finger.bmp
 24 5.702008 -16.840612 56.696850 -0.171696 -0.845279 -0.505988 0.742188 0.062500
 24 5.895386 -16.542248 56.577759 0.708583 -0.338592 -0.619085 0.765625 0.125000
 24 5.793785 -16.861647 56.921650 0.516909 -0.853116 0.070701 0.828125 0.070313
view_finger.bmp
 43 6.751169 -5.480368 54.539558 -0.955963 0.120096 0.267790 0.968750 0.953125
 46 6.811195 -5.144121 53.974255 -0.889829 0.428614 0.156505 0.648438 0.953125
 47 6.393663 -5.696893 54.522045 -0.215094 0.815577 0.537185 0.968750 0.679688
view_finger.bmp
 47 6.393663 -5.696893 54.522045 -0.215094 0.815577 0.537185 0.968750 0.679688
 46 6.811195 -5.144121 53.974255 -0.889829 0.428614 0.156505 0.648438 0.953125
 47 6.402659 -5.596649 53.940517 -0.258804 0.900014 -0.350706 0.648438 0.679688
view_finger.bmp
 46 6.811195 -5.144121 53.974255 -0.889829 0.428614 0.156505 0.648438 0.953125
 46 6.226069 -6.055282 53.823544 -0.147596 -0.597883 -0.787878 0.335938 0.679688
 47 6.402659 -5.596649 53.940517 -0.258804 0.900014 -0.350706 0.648438 0.679688
view_finger.bmp
 51 5.979768 -4.585920 53.648579 -0.182508 0.724632 -0.664529 0.335938 0.140625
 51 6.241830 -4.692109 53.655449 0.785720 0.496612 -0.368809 0.648438 0.140625
 51 6.122337 -5.348597 53.422970 0.399696 0.833991 -0.380396 0.648438 0.406250
view_finger.bmp
 51 6.122337 -5.348597 53.422970 0.399696 0.833991 -0.380396 0.648438 0.406250
 51 6.241830 -4.692109 53.655449 0.785720 0.496612 -0.368809 0.648438 0.140625
 51 6.290578 -4.915305 53.760838 0.995840 -0.078303 -0.046602 0.812500 0.195313
view_finger.bmp
 51 6.241830 -4.692109 53.655449 0.785720 0.496612 -0.368809 0.648438 0.140625
 51 6.242501 -4.794418 53.969822 0.794780 0.256593 0.549986 0.968750 0.140625
 51 6.290578 -4.915305 53.760838 0.995840 -0.078303 -0.046602 0.812500 0.195313
view_finger.bmp
 39 6.176894 -6.132203 55.601532 0.870366 -0.379886 -0.313288 0.765625 0.125000
 39 5.974380 -6.403368 55.748695 0.370499 -0.799199 0.473299 0.742188 0.062500
 39 5.815659 -6.453358 55.565918 0.165799 -0.903597 -0.394999 0.828125 0.070313
view_finger.bmp
 39 5.815659 -6.453358 55.565918 0.165799 -0.903597 -0.394999 0.828125 0.070313
 39 5.974380 -6.403368 55.748695 0.370499 -0.799199 0.473299 0.742188 0.062500
 39 5.695927 -6.352907 55.720104 -0.639295 -0.609995 0.468196 0.828125 0.015625
view_finger.bmp
 39 5.974380 -6.403368 55.748695 0.370499 -0.799199 0.473299 0.742188 0.062500
 39 5.813056 -6.297142 55.873959 -0.109402 -0.463507 0.879314 0.757813 0.015625
 39 5.695927 -6.352907 55.720104 -0.639295 -0.609995 0.468196 0.828125 0.015625
view_finger.bmp
 21 7.469801 -15.327578 55.085896 0.287807 -0.648816 -0.704418 0.007813 0.953125
 31 8.565658 -14.917303 55.903805 0.971780 -0.052399 -0.229995 0.335938 0.679688
 31 8.148848 -15.346271 56.132618 -0.193399 -0.928396 0.317298 0.007813 0.679688
view_finger.bmp
 31 8.148848 -15.346271 56.132618 -0.193399 -0.928396 0.317298 0.007813 0.679688
 31 8.565658 -14.917303 55.903805 0.971780 -0.052399 -0.229995 0.335938 0.679688
 32 8.142347 -14.881848 56.890648 -0.044601 -0.577714 0.815020 0.007813 0.406250
view_finger.bmp
 36 7.578469 -13.391406 55.881050 0.016600 0.986471 -0.163095 0.335938 0.140625
 36 8.223594 -13.870901 55.771053 -0.301699 0.670398 -0.677897 0.648438 0.406250
 36 7.600366 -13.563902 55.657745 -0.226807 0.324110 -0.918429 0.648438 0.140625
view_finger.bmp
 36 7.600366 -13.563902 55.657745 -0.226807 0.324110 -0.918429 0.648438 0.140625
 36 8.223594 -13.870901 55.771053 -0.301699 0.670398 -0.677897 0.648438 0.406250
 36 7.656161 -13.802274 55.674042 -0.114399 -0.358498 -0.926495 0.812500 0.195313
view_finger.bmp
 33 7.571867 -14.193199 56.451344 -0.430884 -0.125995 -0.893568 0.812500 0.195313
 33 7.590632 -13.893986 56.469208 -0.370281 0.562872 -0.738963 0.648438 0.140625
 33 8.231023 -14.478334 56.308475 -0.102197 0.720881 -0.685482 0.648438 0.406250
view_finger.bmp
 33 8.231023 -14.478334 56.308475 -0.102197 0.720881 -0.685482 0.648438 0.406250
 33 7.590632 -13.893986 56.469208 -0.370281 0.562872 -0.738963 0.648438 0.140625
 33 7.710549 -13.773269 56.756348 0.248190 0.967962 0.038099 0.335938 0.140625
view_finger.bmp
 27 7.195294 -16.106176 57.004692 -0.877421 0.400410 0.264206 0.968750 0.406250
 27 7.351333 -15.680553 57.734760 -0.680726 0.610323 0.405115 0.968750 0.140625
 27 7.452708 -15.635127 57.448822 -0.543705 0.795907 -0.266302 0.812500 0.195313
view_finger.bmp
 27 7.452708 -15.635127 57.448822 -0.543705 0.795907 -0.266302 0.812500 0.195313
 27 7.351333 -15.680553 57.734760 -0.680726 0.610323 0.405115 0.968750 0.140625
 27 7.685604 -15.506698 57.572781 0.043998 0.996849 0.065997 0.648438 0.140625
view_finger.bmp
 30 7.581075 -14.321321 57.197063 -0.316001 0.801804 -0.507202 0.648438 0.140625
 30 7.480470 -14.588066 57.127594 -0.590417 0.230707 -0.773422 0.812500 0.195313
 30 7.288965 -14.565425 57.349659 -0.940477 0.289393 -0.178196 0.968750 0.140625
view_finger.bmp
 30 7.288965 -14.565425 57.349659 -0.940477 0.289393 -0.178196 0.968750 0.140625
 30 7.480470 -14.588066 57.127594 -0.590417 0.230707 -0.773422 0.812500 0.195313
 30 7.605339 -15.343491 56.958351 -0.984485 -0.138298 -0.107999 0.968750 0.406250
view_finger.bmp
 23 5.369218 -15.918151 56.456467 -0.226293 -0.255793 -0.939873 0.507813 0.601563
 22 5.183391 -15.032002 56.177677 -0.499003 -0.484803 -0.718305 0.507813 0.960938
 24 5.718646 -15.790517 56.450233 0.486287 -0.096298 -0.868477 0.757813 0.632813
view_finger.bmp
 24 5.718646 -15.790517 56.450233 0.486287 -0.096298 -0.868477 0.757813 0.632813
 22 5.183391 -15.032002 56.177677 -0.499003 -0.484803 -0.718305 0.507813 0.960938
 22 5.710807 -15.164273 56.267883 0.395382 -0.906759 -0.146494 0.750000 0.929688
view_finger.bmp
 25 7.553884 -16.257013 56.116768 0.755667 -0.252389 -0.604373 0.335938 0.679688
 28 6.948975 -15.280022 55.960209 0.141600 0.355201 0.924003 0.648438 0.953125
 26 7.363243 -15.779405 56.339367 0.360901 0.894102 0.265201 0.648438 0.679688
view_finger.bmp
 26 7.363243 -15.779405 56.339367 0.360901 0.894102 0.265201 0.648438 0.679688
 28 6.948975 -15.280022 55.960209 0.141600 0.355201 0.924003 0.648438 0.953125
 25 6.338416 -15.570625 56.191002 -0.496003 -0.130201 0.858504 0.968750 0.953125
view_finger.bmp
 44 6.577316 -6.093312 55.137951 -0.369889 0.698079 0.613081 0.968750 0.679688
 45 5.975165 -5.800636 54.536861 0.678916 0.374009 -0.631815 0.648438 0.406250
 45 5.923401 -5.854517 55.072041 0.530516 0.076402 0.844225 0.968750 0.406250
view_finger.bmp
 45 5.923401 -5.854517 55.072041 0.530516 0.076402 0.844225 0.968750 0.406250
 45 5.975165 -5.800636 54.536861 0.678916 0.374009 -0.631815 0.648438 0.406250
 45 6.227410 -5.163108 54.861252 0.969377 -0.237595 0.062099 0.812500 0.195313
view_finger.bmp
 40 7.793135 -6.658806 55.425770 0.590586 -0.176296 -0.787482 0.335938 0.679688
 40 7.821178 -6.552287 56.056221 0.607065 -0.231587 0.760157 0.007813 0.679688
 41 7.223706 -7.344578 55.597420 0.241512 -0.763437 -0.599029 0.335938 0.406250
view_finger.bmp
 41 7.223706 -7.344578 55.597420 0.241512 -0.763437 -0.599029 0.335938 0.406250
 40 7.821178 -6.552287 56.056221 0.607065 -0.231587 0.760157 0.007813 0.679688
 41 7.248682 -7.249709 56.158916 0.155400 -0.462300 0.873000 0.007813 0.406250
view_finger.bmp
 43 6.460043 -6.547687 55.128181 -0.399696 -0.533093 0.745691 0.007813 0.679688
 44 5.508093 -5.881716 55.057392 -0.695684 -0.190296 0.692684 0.007813 0.406250
 43 6.510396 -6.517421 54.470646 -0.204909 -0.793435 -0.573126 0.335938 0.679688
view_finger.bmp
 43 6.510396 -6.517421 54.470646 -0.204909 -0.793435 -0.573126 0.335938 0.679688
 44 5.508093 -5.881716 55.057392 -0.695684 -0.190296 0.692684 0.007813 0.406250
 44 5.541313 -5.841300 54.459507 -0.499894 0.108299 -0.859289 0.335938 0.406250
view_finger.bmp
 35 7.887493 -14.384039 55.574936 -0.800995 0.273399 0.532597 0.968750 0.679688
 34 7.865084 -13.710389 55.180222 0.441700 0.460100 0.770201 0.648438 0.953125
 31 7.722436 -14.354590 55.473419 -0.004800 0.464723 0.885443 0.968750 0.953125
view_finger.bmp
 31 7.722436 -14.354590 55.473419 -0.004800 0.464723 0.885443 0.648438 0.953125
 28 7.469180 -14.885009 55.734043 0.090697 0.373787 0.923069 0.968750 0.953125
 32 7.777249 -15.021089 56.054218 -0.857475 0.140096 0.495085 0.968750 0.679688
view_finger.bmp
 28 8.187456 -15.625794 56.034401 0.905910 -0.264503 -0.330704 0.335938 0.679688
 29 7.888219 -15.524561 57.276333 -0.054101 -0.701607 0.710507 0.007813 0.406250
 28 7.689229 -15.993282 56.291542 -0.338210 -0.896525 0.286108 0.007813 0.679688
view_finger.bmp
 34 8.283356 -14.611837 55.747356 0.156297 -0.788087 0.595390 0.007813 0.679688
 21 7.785462 -14.808558 54.841808 0.463008 -0.531509 -0.709311 0.007813 0.953125
 34 8.603031 -14.150789 55.562038 0.973202 0.228800 0.023000 0.335938 0.679688
view_finger.bmp
 27 7.685604 -15.506698 57.572781 0.043998 0.996849 0.065997 0.648438 0.140625
 27 7.890254 -15.695864 57.690823 0.877224 0.408311 0.252507 0.335938 0.140625
 27 7.603724 -15.887115 56.817081 0.254213 0.909645 -0.328516 0.648438 0.406250
view_finger.bmp
 24 5.595907 -16.777124 56.964081 -0.641264 -0.661362 0.389077 0.187500 0.132813
 24 5.381664 -16.329002 56.722034 -0.913791 -0.405996 0.012400 0.250000 0.359375
 24 5.503544 -16.740616 56.778782 -0.782096 -0.559197 -0.274999 0.250000 0.156250
view_finger.bmp
 30 7.763150 -14.311115 57.428246 0.514977 0.840761 0.167093 0.335938 0.140625
 30 7.630690 -14.466372 57.598682 0.294801 0.211301 0.931904 0.171875 0.140625
 29 8.337406 -15.188005 57.063114 0.941585 0.297995 0.156898 0.335938 0.406250
view_finger.bmp
 27 7.745800 -15.863020 57.820793 0.559699 -0.414300 0.717699 0.171875 0.140625
 27 7.498803 -15.900388 57.879070 -0.413316 -0.308512 0.856732 0.007813 0.140625
 26 7.435005 -16.527182 57.114918 -0.287703 -0.818908 0.496605 0.007813 0.406250
view_finger.bmp
 33 7.593219 -13.934542 56.933052 0.004600 0.446008 0.895017 0.171875 0.140625
 33 7.432680 -14.122479 56.935623 -0.747839 -0.162708 0.643633 0.007813 0.140625
 32 8.142347 -14.881848 56.890648 -0.044601 -0.577714 0.815020 0.007813 0.406250
view_finger.bmp
 21 6.978418 -15.705159 55.340794 0.114202 -0.732414 -0.671213 0.335938 0.953125
 25 6.389704 -16.051243 55.741470 -0.403893 -0.828685 -0.387493 0.007813 0.953125
 21 6.505810 -15.658361 55.353107 -0.282611 -0.476818 -0.832332 0.171875 0.984375
view_finger.bmp
 36 7.473909 -13.516881 56.042057 -0.394802 0.571103 0.719704 0.171875 0.140625
 36 7.388355 -13.719066 56.040726 -0.858028 -0.293309 0.421613 0.007813 0.140625
 35 8.069757 -14.136028 56.335442 -0.447322 -0.194610 0.872943 0.007813 0.406250
view_finger.bmp
 21 7.469801 -15.327578 55.085896 0.287807 -0.648816 -0.704418 0.335938 0.953125
 21 6.978418 -15.705159 55.340794 0.114202 -0.732414 -0.671213 0.007813 0.953125
 21 7.046831 -15.343516 55.097824 -0.119005 -0.436017 -0.892035 0.171875 0.984375
view_finger.bmp
 28 6.948975 -15.280022 55.960209 0.141600 0.355201 0.924003 0.968750 0.953125
 29 7.385050 -15.531198 56.306190 -0.868815 0.167603 0.465908 0.968750 0.679688
 29 7.820562 -15.181242 56.087193 0.257004 0.959216 0.117702 0.648438 0.679688
view_finger.bmp
 46 6.811195 -5.144121 53.974255 -0.889829 0.428614 0.156505 0.968750 0.953125
 49 6.809200 -4.812803 53.402653 -0.893198 0.063200 -0.445199 0.648438 0.953125
 50 6.533762 -5.281798 53.947735 -0.468311 0.720018 0.512112 0.968750 0.679688
view_finger.bmp
 46 6.215452 -6.147775 54.457130 -0.094396 -0.610375 0.786468 0.007813 0.679688
 47 5.466221 -5.646021 54.483791 -0.825200 -0.035900 0.563699 0.007813 0.406250
 46 6.226069 -6.055282 53.823544 -0.147596 -0.597883 -0.787878 0.335938 0.679688
view_finger.bmp
 42 6.246776 -6.925206 56.077595 -0.620411 0.698412 0.356806 0.648438 0.140625
 42 6.248955 -7.216025 56.157089 -0.453287 -0.216493 0.864674 0.335938 0.140625
 42 7.097333 -6.794148 56.058224 -0.410880 0.721465 0.557373 0.648438 0.406250
view_finger.bmp
 49 6.418005 -5.648862 53.274307 -0.109901 -0.442904 -0.889808 0.335938 0.679688
 10 7.476002 -5.567024 53.957645 0.698119 -0.651518 -0.296908 0.007813 0.953125
 49 6.463799 -5.798914 53.854298 -0.131098 -0.816688 0.561991 0.007813 0.679688
view_finger.bmp
 48 5.860544 -5.676757 54.463688 0.634904 0.230501 0.737405 0.968750 0.406250
 48 5.892453 -5.570047 53.945137 0.596481 0.666778 -0.446785 0.648438 0.406250
 48 6.235456 -5.047510 54.333729 0.927840 -0.372916 -0.006800 0.812500 0.195313
view_finger.bmp
 10 7.533036 -5.466667 55.582478 0.995556 -0.030199 0.089196 0.171875 0.984375
 40 7.515893 -5.576728 55.996334 0.906983 0.141197 0.396793 0.007813 0.953125
 10 7.452933 -5.798650 55.252220 0.898594 -0.438497 -0.015800 0.335938 0.953125
view_finger.bmp
 50 5.746622 -5.532256 53.901039 -0.808508 -0.111601 0.577806 0.007813 0.406250
 51 5.991674 -4.712076 54.039143 -0.122898 0.301594 0.945482 0.007813 0.140625
 51 5.897250 -4.617710 53.859482 -0.791867 0.576076 0.202691 0.171875 0.140625
view_finger.bmp
 10 7.558416 -5.539689 54.900917 0.983567 -0.179694 0.017500 0.171875 0.984375
 10 7.452933 -5.798650 55.252220 0.898594 -0.438497 -0.015800 0.007813 0.953125
 10 7.470701 -5.792054 54.572411 0.754509 -0.647608 -0.106401 0.335938 0.953125
view_finger.bmp
 10 7.470701 -5.792054 54.572411 0.754509 -0.647608 -0.106401 0.007813 0.953125
 10 7.476002 -5.567024 53.957645 0.698119 -0.651518 -0.296908 0.335938 0.953125
 10 7.560884 -5.395709 54.304123 0.986246 -0.155507 -0.056002 0.171875 0.984375
view_finger.bmp
 42 7.097333 -6.794148 56.058224 -0.410880 0.721465 0.557373 0.968750 0.406250
 42 7.074986 -6.879031 55.555836 -0.337806 0.472509 -0.814016 0.648438 0.406250
 42 6.436655 -6.864108 55.835495 -0.210989 0.964554 -0.158492 0.812500 0.195313
view_finger.bmp
 39 5.933037 -5.293145 55.442108 0.397896 0.031499 -0.916890 0.898438 0.632813
 37 6.135709 -4.709256 55.368416 -0.311102 -0.166901 -0.935607 0.906250 0.929688
 37 6.434805 -4.791879 55.680531 0.933909 -0.202102 0.294903 0.750000 0.929688
view_skin.BMP
 20 4.788009 -12.776538 55.958549 -0.982089 -0.170498 -0.080199 0.132813 0.015625
 20 2.075437 -9.046051 51.654140 -0.656229 -0.687030 -0.312014 0.253906 0.718750
 20 5.240084 -13.120502 55.188213 -0.877587 -0.089998 -0.470893 0.253906 0.015625
view_skin.BMP
 20 5.240084 -13.120502 55.188213 -0.877587 -0.089998 -0.470893 0.253906 0.015625
 20 2.075437 -9.046051 51.654140 -0.656229 -0.687030 -0.312014 0.253906 0.718750
 20 5.917162 -13.206361 54.531258 0.008200 -0.999945 0.006500 0.378906 0.015625
view_skin.BMP
 20 2.075437 -9.046051 51.654140 -0.656229 -0.687030 -0.312014 0.253906 0.718750
 20 3.114586 -9.164113 50.690643 -0.051101 -0.659907 -0.749608 0.378906 0.718750
 20 5.917162 -13.206361 54.531258 0.008200 -0.999945 0.006500 0.378906 0.015625
view_skin.BMP
 20 5.917162 -13.206361 54.531258 0.008200 -0.999945 0.006500 0.378906 0.015625
 20 3.114586 -9.164113 50.690643 -0.051101 -0.659907 -0.749608 0.378906 0.718750
 20 6.423456 -12.964337 54.439651 0.767792 -0.155698 -0.621493 0.503906 0.015625
view_skin.BMP
 20 3.114586 -9.164113 50.690643 -0.051101 -0.659907 -0.749608 0.378906 0.718750
 20 3.934175 -8.712221 50.600266 0.614308 -0.246703 -0.749509 0.503906 0.718750
 20 6.423456 -12.964337 54.439651 0.767792 -0.155698 -0.621493 0.503906 0.015625
view_skin.BMP
 20 6.423456 -12.964337 54.439651 0.767792 -0.155698 -0.621493 0.503906 0.015625
 20 3.934175 -8.712221 50.600266 0.614308 -0.246703 -0.749509 0.503906 0.718750
 20 4.204906 -8.042150 51.215336 0.903821 0.316207 -0.288306 0.621094 0.718750
view_skin.BMP
 20 3.934175 -8.712221 50.600266 0.614308 -0.246703 -0.749509 0.503906 0.718750
 20 2.851339 -7.049206 49.321419 0.587588 -0.205296 -0.782684 0.503906 0.988281
 20 4.204906 -8.042150 51.215336 0.903821 0.316207 -0.288306 0.621094 0.718750
view_skin.BMP
 20 4.204906 -8.042150 51.215336 0.903821 0.316207 -0.288306 0.621094 0.718750
 20 2.851339 -7.049206 49.321419 0.587588 -0.205296 -0.782684 0.503906 0.988281
 20 3.068158 -6.441864 49.899628 0.840905 0.534403 -0.085400 0.621094 0.988281
view_skin.BMP
 20 3.561043 -7.514181 52.368111 0.668811 0.667211 0.327905 0.742188 0.718750
 20 6.097266 -12.233543 55.599239 0.367304 0.700907 0.611406 0.742188 0.015625
 20 6.545586 -12.561450 54.834198 0.623088 0.753685 -0.209096 0.621094 0.015625
view_skin.BMP
 20 3.561043 -7.514181 52.368111 0.668811 0.667211 0.327905 0.742188 0.718750
 20 5.416433 -12.131627 56.261494 0.411284 0.414583 0.811768 0.863281 0.015625
 20 6.097266 -12.233543 55.599239 0.367304 0.700907 0.611406 0.742188 0.015625
view_skin.BMP
 20 3.561043 -7.514181 52.368111 0.668811 0.667211 0.327905 0.742188 0.718750
 20 2.521894 -7.396118 53.331612 0.077996 0.617669 0.782561 0.863281 0.718750
 20 5.416433 -12.131627 56.261494 0.411284 0.414583 0.811768 0.863281 0.015625
view_skin.BMP
 20 3.561043 -7.514181 52.368111 0.668811 0.667211 0.327905 0.742188 0.718750
 20 1.413678 -5.812070 51.990959 0.302594 0.734186 0.607789 0.863281 0.988281
 20 2.521894 -7.396118 53.331612 0.077996 0.617669 0.782561 0.863281 0.718750
view_skin.BMP
 20 3.561043 -7.514181 52.368111 0.668811 0.667211 0.327905 0.742188 0.718750
 20 2.416389 -5.938633 51.027393 0.638420 0.712922 0.290109 0.742188 0.988281
 20 1.413678 -5.812070 51.990959 0.302594 0.734186 0.607789 0.863281 0.988281
view_skin.BMP
 20 3.561043 -7.514181 52.368111 0.668811 0.667211 0.327905 0.742188 0.718750
 20 3.068158 -6.441864 49.899628 0.840905 0.534403 -0.085400 0.621094 0.988281
 20 2.416389 -5.938633 51.027393 0.638420 0.712922 0.290109 0.742188 0.988281
view_skin.BMP
 20 3.561043 -7.514181 52.368111 0.668811 0.667211 0.327905 0.742188 0.718750
 20 4.204906 -8.042150 51.215336 0.903821 0.316207 -0.288306 0.621094 0.718750
 20 3.068158 -6.441864 49.899628 0.840905 0.534403 -0.085400 0.621094 0.988281
view_skin.BMP
 20 3.561043 -7.514181 52.368111 0.668811 0.667211 0.327905 0.742188 0.718750
 20 6.545586 -12.561450 54.834198 0.623088 0.753685 -0.209096 0.621094 0.015625
 20 4.204906 -8.042150 51.215336 0.903821 0.316207 -0.288306 0.621094 0.718750
view_skin.BMP
  9 11.557918 -0.110500 51.215694 0.180091 0.812959 0.553773 0.253906 0.718750
  9 6.320917 -1.856488 54.290161 -0.273614 0.850543 0.449123 0.132813 0.015625
  9 6.964807 -2.199563 54.909603 0.180091 0.812959 0.553773 0.253906 0.015625
view_skin.BMP
  9 11.557918 -0.110500 51.215694 0.180091 0.812959 0.553773 0.253906 0.718750
  9 10.599532 0.369252 50.281120 -0.352281 0.934951 0.041998 0.132813 0.718750
  9 6.320917 -1.856488 54.290161 -0.273614 0.850543 0.449123 0.132813 0.015625
view_skin.BMP
  9 11.557918 -0.110500 51.215694 0.180091 0.812959 0.553773 0.253906 0.718750
  9 12.320542 0.918721 48.760986 -0.105803 0.969127 0.222706 0.132813 0.988281
  9 10.599532 0.369252 50.281120 -0.352281 0.934951 0.041998 0.132813 0.718750
view_skin.BMP
  9 11.557918 -0.110500 51.215694 0.180091 0.812959 0.553773 0.253906 0.718750
  9 13.260392 0.424949 49.667995 0.216389 0.825057 0.521973 0.253906 0.988281
  9 12.320542 0.918721 48.760986 -0.105803 0.969127 0.222706 0.132813 0.988281
view_skin.BMP
  9 11.557918 -0.110500 51.215694 0.180091 0.812959 0.553773 0.253906 0.718750
  9 14.100463 -0.508741 50.278164 0.486819 0.503020 0.714128 0.378906 0.988281
  9 13.260392 0.424949 49.667995 0.216389 0.825057 0.521973 0.253906 0.988281
view_skin.BMP
  9 11.557918 -0.110500 51.215694 0.180091 0.812959 0.553773 0.253906 0.718750
  9 12.405437 -1.079049 51.820446 0.566024 0.220209 0.794434 0.378906 0.718750
  9 14.100463 -0.508741 50.278164 0.486819 0.503020 0.714128 0.378906 0.988281
view_skin.BMP
  9 11.557918 -0.110500 51.215694 0.180091 0.812959 0.553773 0.253906 0.718750
  9 7.537528 -2.822559 55.331104 -0.257007 0.190605 0.947426 0.378906 0.015625
  9 12.405437 -1.079049 51.820446 0.566024 0.220209 0.794434 0.378906 0.718750
view_skin.BMP
  9 11.557918 -0.110500 51.215694 0.180091 0.812959 0.553773 0.253906 0.718750
  9 6.964807 -2.199563 54.909603 0.180091 0.812959 0.553773 0.253906 0.015625
  9 7.537528 -2.822559 55.331104 -0.257007 0.190605 0.947426 0.378906 0.015625
view_skin.BMP
  9 11.156919 -1.938394 49.966335 -0.189298 -0.816391 -0.545594 0.742188 0.718750
  9 7.374891 -3.599539 54.790874 -0.061597 -0.979949 -0.189490 0.621094 0.015625
  9 6.739345 -3.253528 54.182468 -0.464987 -0.280592 -0.839676 0.742188 0.015625
view_skin.BMP
  9 11.156919 -1.938394 49.966335 -0.189298 -0.816391 -0.545594 0.742188 0.718750
  9 12.115304 -2.418146 50.900913 0.308203 -0.951309 -0.004800 0.621094 0.718750
  9 7.374891 -3.599539 54.790874 -0.061597 -0.979949 -0.189490 0.621094 0.015625
view_skin.BMP
  9 11.156919 -1.938394 49.966335 -0.189298 -0.816391 -0.545594 0.742188 0.718750
  9 13.843590 -1.701199 49.457577 0.168794 -0.946368 -0.275491 0.621094 0.988281
  9 12.115304 -2.418146 50.900913 0.308203 -0.951309 -0.004800 0.621094 0.718750
view_skin.BMP
  9 11.156919 -1.938394 49.966335 -0.189298 -0.816391 -0.545594 0.742188 0.718750
  9 12.910235 -1.212636 48.556103 -0.139794 -0.797962 -0.586272 0.742188 0.988281
  9 13.843590 -1.701199 49.457577 0.168794 -0.946368 -0.275491 0.621094 0.988281
view_skin.BMP
  9 11.156919 -1.938394 49.966335 -0.189298 -0.816391 -0.545594 0.742188 0.718750
  9 12.063669 -0.273737 47.940399 -0.424000 -0.480800 -0.767500 0.863281 0.988281
  9 12.910235 -1.212636 48.556103 -0.139794 -0.797962 -0.586272 0.742188 0.988281
view_skin.BMP
  9 11.156919 -1.938394 49.966335 -0.189298 -0.816391 -0.545594 0.742188 0.718750
  9 10.309399 -0.969845 49.361584 -0.609693 -0.235997 -0.756691 0.863281 0.718750
  9 12.063669 -0.273737 47.940399 -0.424000 -0.480800 -0.767500 0.863281 0.988281
view_skin.BMP
  9 11.156919 -1.938394 49.966335 -0.189298 -0.816391 -0.545594 0.742188 0.718750
  9 6.160128 -2.625322 53.755424 -0.706733 -0.540225 -0.456821 0.863281 0.015625
  9 10.309399 -0.969845 49.361584 -0.609693 -0.235997 -0.756691 0.863281 0.718750
view_skin.BMP
  9 11.156919 -1.938394 49.966335 -0.189298 -0.816391 -0.545594 0.742188 0.718750
  9 6.739345 -3.253528 54.182468 -0.464987 -0.280592 -0.839676 0.742188 0.015625
  9 6.160128 -2.625322 53.755424 -0.706733 -0.540225 -0.456821 0.863281 0.015625
view_skin.BMP
 20 1.435953 -8.525126 52.812500 -0.876595 -0.357898 0.321698 0.132813 0.718750
 20 4.788009 -12.776538 55.958549 -0.982089 -0.170498 -0.080199 0.132813 0.015625
 20 4.907855 -12.387409 56.355434 -0.618397 0.149599 0.771496 0.003906 0.015625
view_skin.BMP
 20 1.435953 -8.525126 52.812500 -0.876595 -0.357898 0.321698 0.132813 0.718750
 20 2.075437 -9.046051 51.654140 -0.656229 -0.687030 -0.312014 0.253906 0.718750
 20 4.788009 -12.776538 55.958549 -0.982089 -0.170498 -0.080199 0.132813 0.015625
view_skin.BMP
 20 1.435953 -8.525126 52.812500 -0.876595 -0.357898 0.321698 0.132813 0.718750
 20 0.443257 -6.813173 51.524723 -0.879128 -0.475115 0.037401 0.132813 0.988281
 20 2.075437 -9.046051 51.654140 -0.656229 -0.687030 -0.312014 0.253906 0.718750
view_skin.BMP
 20 1.435953 -8.525126 52.812500 -0.876595 -0.357898 0.321698 0.132813 0.718750
 20 0.647377 -6.210247 52.107315 -0.608806 0.237902 0.756807 0.003906 0.988281
 20 0.443257 -6.813173 51.524723 -0.879128 -0.475115 0.037401 0.132813 0.988281
view_skin.BMP
 20 1.435953 -8.525126 52.812500 -0.876595 -0.357898 0.321698 0.132813 0.718750
 20 1.693984 -7.859471 53.431957 -0.576312 0.188404 0.795216 0.003906 0.718750
 20 0.647377 -6.210247 52.107315 -0.608806 0.237902 0.756807 0.003906 0.988281
view_skin.BMP
 20 1.435953 -8.525126 52.812500 -0.876595 -0.357898 0.321698 0.132813 0.718750
 20 4.907855 -12.387409 56.355434 -0.618397 0.149599 0.771496 0.003906 0.015625
 20 1.693984 -7.859471 53.431957 -0.576312 0.188404 0.795216 0.003906 0.718750
view_skin.BMP
 20 3.934175 -8.712221 50.600266 0.614308 -0.246703 -0.749509 0.503906 0.718750
 20 3.114586 -9.164113 50.690643 -0.051101 -0.659907 -0.749608 0.378906 0.718750
 20 2.851339 -7.049206 49.321419 0.587588 -0.205296 -0.782684 0.503906 0.988281
view_skin.BMP
 20 2.851339 -7.049206 49.321419 0.587588 -0.205296 -0.782684 0.503906 0.988281
 20 3.114586 -9.164113 50.690643 -0.051101 -0.659907 -0.749608 0.378906 0.718750
 20 2.097738 -7.442967 49.433392 -0.340383 -0.674266 -0.655367 0.378906 0.988281
view_skin.BMP
 20 3.114586 -9.164113 50.690643 -0.051101 -0.659907 -0.749608 0.378906 0.718750
 20 2.075437 -9.046051 51.654140 -0.656229 -0.687030 -0.312014 0.253906 0.718750
 20 2.097738 -7.442967 49.433392 -0.340383 -0.674266 -0.655367 0.378906 0.988281
view_skin.BMP
 20 2.097738 -7.442967 49.433392 -0.340383 -0.674266 -0.655367 0.378906 0.988281
 20 2.075437 -9.046051 51.654140 -0.656229 -0.687030 -0.312014 0.253906 0.718750
 20 1.090648 -7.309359 50.391369 -0.684318 -0.640617 -0.348309 0.253906 0.988281
view_skin.BMP
 20 2.075437 -9.046051 51.654140 -0.656229 -0.687030 -0.312014 0.253906 0.718750
 20 0.443257 -6.813173 51.524723 -0.879128 -0.475115 0.037401 0.132813 0.988281
 20 1.090648 -7.309359 50.391369 -0.684318 -0.640617 -0.348309 0.253906 0.988281
view_skin.BMP
  9 7.537528 -2.822559 55.331104 -0.257007 0.190605 0.947426 0.378906 0.015625
  9 7.665932 -3.369613 55.243675 -0.070700 -0.078500 0.994404 0.503906 0.015625
  9 12.405437 -1.079049 51.820446 0.566024 0.220209 0.794434 0.378906 0.718750
view_skin.BMP
  9 12.405437 -1.079049 51.820446 0.566024 0.220209 0.794434 0.378906 0.718750
  9 7.665932 -3.369613 55.243675 -0.070700 -0.078500 0.994404 0.503906 0.015625
  9 12.560113 -1.984172 51.618137 0.631804 -0.526904 0.568504 0.503906 0.718750
view_skin.BMP
  9 7.665932 -3.369613 55.243675 -0.070700 -0.078500 0.994404 0.503906 0.015625
  9 12.115304 -2.418146 50.900913 0.308203 -0.951309 -0.004800 0.621094 0.718750
  9 12.560113 -1.984172 51.618137 0.631804 -0.526904 0.568504 0.503906 0.718750
view_skin.BMP
  9 12.560113 -1.984172 51.618137 0.631804 -0.526904 0.568504 0.503906 0.718750
  9 12.115304 -2.418146 50.900913 0.308203 -0.951309 -0.004800 0.621094 0.718750
  9 14.265273 -1.335334 50.119789 0.675404 -0.511104 0.531603 0.503906 0.988281
view_skin.BMP
  9 12.115304 -2.418146 50.900913 0.308203 -0.951309 -0.004800 0.621094 0.718750
  9 13.843590 -1.701199 49.457577 0.168794 -0.946368 -0.275491 0.621094 0.988281
  9 14.265273 -1.335334 50.119789 0.675404 -0.511104 0.531603 0.503906 0.988281
view_skin.BMP
 20 2.521894 -7.396118 53.331612 0.077996 0.617669 0.782561 0.863281 0.718750
 20 4.907855 -12.387409 56.355434 -0.618397 0.149599 0.771496 0.984375 0.015625
 20 5.416433 -12.131627 56.261494 0.411284 0.414583 0.811768 0.863281 0.015625
view_skin.BMP
 20 2.521894 -7.396118 53.331612 0.077996 0.617669 0.782561 0.863281 0.718750
 20 1.693984 -7.859471 53.431957 -0.576312 0.188404 0.795216 0.984375 0.718750
 20 4.907855 -12.387409 56.355434 -0.618397 0.149599 0.771496 0.984375 0.015625
view_skin.BMP
 20 2.521894 -7.396118 53.331612 0.077996 0.617669 0.782561 0.863281 0.718750
 20 0.647377 -6.210247 52.107315 -0.608806 0.237902 0.756807 0.984375 0.988281
 20 1.693984 -7.859471 53.431957 -0.576312 0.188404 0.795216 0.984375 0.718750
view_skin.BMP
 20 2.521894 -7.396118 53.331612 0.077996 0.617669 0.782561 0.863281 0.718750
 20 1.413678 -5.812070 51.990959 0.302594 0.734186 0.607789 0.863281 0.988281
 20 0.647377 -6.210247 52.107315 -0.608806 0.237902 0.756807 0.984375 0.988281
view_skin.BMP
  9 10.599532 0.369252 50.281120 -0.352281 0.934951 0.041998 0.132813 0.718750
  9 6.033572 -2.070121 53.848354 -0.851323 0.498514 -0.163504 0.003906 0.015625
  9 6.320917 -1.856488 54.290161 -0.273614 0.850543 0.449123 0.132813 0.015625
view_skin.BMP
  9 10.599532 0.369252 50.281120 -0.352281 0.934951 0.041998 0.132813 0.718750
  9 10.150074 -0.051366 49.563854 -0.692314 0.504210 -0.516210 0.003906 0.718750
  9 6.033572 -2.070121 53.848354 -0.851323 0.498514 -0.163504 0.003906 0.015625
view_skin.BMP
  9 10.599532 0.369252 50.281120 -0.352281 0.934951 0.041998 0.132813 0.718750
  9 11.900706 0.561003 48.104267 -0.641292 0.523694 -0.560793 0.003906 0.988281
  9 10.150074 -0.051366 49.563854 -0.692314 0.504210 -0.516210 0.003906 0.718750
view_skin.BMP
  9 10.599532 0.369252 50.281120 -0.352281 0.934951 0.041998 0.132813 0.718750
  9 12.320542 0.918721 48.760986 -0.105803 0.969127 0.222706 0.132813 0.988281
  9 11.900706 0.561003 48.104267 -0.641292 0.523694 -0.560793 0.003906 0.988281
view_skin.BMP
  9 10.309399 -0.969845 49.361584 -0.609693 -0.235997 -0.756691 0.863281 0.718750
  9 11.900706 0.561003 48.104267 -0.641292 0.523694 -0.560793 0.984375 0.988281
  9 12.063669 -0.273737 47.940399 -0.424000 -0.480800 -0.767500 0.863281 0.988281
view_skin.BMP
  9 10.309399 -0.969845 49.361584 -0.609693 -0.235997 -0.756691 0.863281 0.718750
  9 10.150074 -0.051366 49.563854 -0.692314 0.504210 -0.516210 0.984375 0.718750
  9 11.900706 0.561003 48.104267 -0.641292 0.523694 -0.560793 0.984375 0.988281
view_skin.BMP
  9 10.309399 -0.969845 49.361584 -0.609693 -0.235997 -0.756691 0.863281 0.718750
  9 6.033572 -2.070121 53.848354 -0.851323 0.498514 -0.163504 0.984375 0.015625
  9 10.150074 -0.051366 49.563854 -0.692314 0.504210 -0.516210 0.984375 0.718750
view_skin.BMP
  9 10.309399 -0.969845 49.361584 -0.609693 -0.235997 -0.756691 0.863281 0.718750
  9 6.160128 -2.625322 53.755424 -0.706733 -0.540225 -0.456821 0.863281 0.015625
  9 6.033572 -2.070121 53.848354 -0.851323 0.498514 -0.163504 0.984375 0.015625
view_skin.BMP
  9 14.100463 -0.508741 50.278164 0.486819 0.503020 0.714128 0.378906 0.988281
  9 12.405437 -1.079049 51.820446 0.566024 0.220209 0.794434 0.378906 0.718750
  9 14.265273 -1.335334 50.119789 0.675404 -0.511104 0.531603 0.503906 0.988281
view_skin.BMP
  9 14.265273 -1.335334 50.119789 0.675404 -0.511104 0.531603 0.503906 0.988281
  9 12.405437 -1.079049 51.820446 0.566024 0.220209 0.794434 0.378906 0.718750
  9 12.560113 -1.984172 51.618137 0.631804 -0.526904 0.568504 0.503906 0.718750
view_skin.BMP
 20 6.545586 -12.561450 54.834198 0.623088 0.753685 -0.209096 0.621094 0.015625
 20 6.423456 -12.964337 54.439651 0.767792 -0.155698 -0.621493 0.503906 0.015625
 20 4.204906 -8.042150 51.215336 0.903821 0.316207 -0.288306 0.621094 0.718750
view_skin.BMP
  9 12.115304 -2.418146 50.900913 0.308203 -0.951309 -0.004800 0.621094 0.718750
  9 7.665932 -3.369613 55.243675 -0.070700 -0.078500 0.994404 0.503906 0.015625
  9 7.374891 -3.599539 54.790874 -0.061597 -0.979949 -0.189490 0.621094 0.015625
end
