version 1
nodes
0 "Bip01" -1
1 "Bip01 Pelvis" 0
2 "Bip01 Spine" 1
3 "Bip01 Spine1" 2
4 "Bip01 Spine2" 3
5 "Bip01 Spine3" 4
6 "Bip01 Neck" 5
7 "Bip01 L Clavicle" 6
8 "Bip01 L UpperArm" 7
9 "Bip01 L Forearm" 8
10 "Bip01 L Hand" 9
11 "Bone01" 10
12 "Bone02" 11
13 "Bone03" 12
14 "Bone05" 12
15 "Bone07" 12
16 "Bone09" 12
17 "Bone11" 12
18 "Bip01 L Finger0" 10
19 "Bip01 L Finger01" 18
20 "Bip01 L Finger02" 19
21 "Bip01 L Finger1" 10
22 "Bip01 L Finger11" 21
23 "Bip01 L Finger12" 22
24 "Bip01 L Finger2" 10
25 "Bip01 L Finger21" 24
26 "Bip01 L Finger22" 25
27 "Bip01 L Finger3" 10
28 "Bip01 L Finger31" 27
29 "Bip01 L Finger32" 28
30 "Bip01 L Finger4" 10
31 "Bip01 L Finger41" 30
32 "Bip01 L Finger42" 31
33 "Bip01 R Clavicle" 6
34 "Bip01 R UpperArm" 33
35 "Bip01 R Forearm" 34
36 "Bip01 R Hand" 35
37 "Bip01 R Finger0" 36
38 "Bip01 R Finger01" 37
39 "Bip01 R Finger02" 38
40 "Bip01 R Finger1" 36
41 "Bip01 R Finger11" 40
42 "Bip01 R Finger12" 41
43 "Bip01 R Finger2" 36
44 "Bip01 R Finger21" 43
45 "Bip01 R Finger22" 44
46 "Bip01 R Finger3" 36
47 "Bip01 R Finger31" 46
48 "Bip01 R Finger32" 47
49 "Bip01 R Finger4" 36
50 "Bip01 R Finger41" 49
51 "Bip01 R Finger42" 50
end
skeleton
time 0
0  -0.031793 0.000000 33.147358  0.000000 -0.000000 -1.570795
1  0.000000 0.000000 0.000000  -1.377188 -1.570445 -0.193639
2  3.435064 -0.003087 0.000237  -0.000004 -0.000105 0.000787
3  3.883116 -0.003055 -0.000144  0.000000 -0.000000 -0.000000
4  3.883114 -0.003055 -0.000144  -0.000000 0.000000 -0.000000
5  3.883119 -0.003055 -0.000144  0.000000 0.000000 -0.000000
6  3.883118 -0.001747 -0.000144  0.000000 0.000000 -0.000000
7  0.000034 0.001781 1.045454  -0.000012 -1.370833 3.140817
8  3.883117 0.000002 -0.000004  -0.956472 0.064956 -0.042302
9  8.961033 -0.000009 -0.000005  0.000001 -0.000010 -2.614064
10  8.961039 -0.000044 -0.000076  0.483606 2.205548 -1.861030
11  2.288906 0.478820 -0.213631  3.117585 -0.024726 -1.475468
12  -0.000000 -1.653059 2.385134  0.000000 0.000000 -0.000000
13  -0.000000 -0.141691 -0.472300  -0.000000 -0.000000 -0.000000
14  -0.000000 -1.771133 -1.275213  0.000000 -0.000000 -0.000000
15  -0.296293 -1.794750 0.991839  0.000000 -0.000000 -0.000000
16  -0.494551 -5.951009 1.251603  0.000000 -0.000000 -0.000000
17  -0.008695 -3.129705 0.074369  -0.000000 -0.000000 -0.000000
18  0.642850 0.500641 -1.160050  -0.795544 0.133549 0.433719
19  1.164114 0.000002 0.000004  -0.000007 -0.000007 -0.218166
20  0.947481 -0.000005 -0.000006  0.000002 0.000003 -0.357792
21  2.889318 -0.168189 -1.032891  -0.124244 0.161686 -0.221228
22  1.200778 -0.000004 0.000011  -0.000014 0.000001 1.117007
23  0.740580 -0.000000 -0.000004  0.000005 -0.000000 0.759220
24  2.985628 -0.166495 -0.361979  -0.000412 -0.069142 1.003591
25  1.223182 -0.000001 0.000004  0.000005 0.000004 1.457352
26  0.950412 -0.000003 0.000003  -0.000003 0.000017 1.256633
27  2.848552 -0.167765 0.254608  -0.130068 -0.070543 1.272058
28  1.263508 -0.000003 -0.000002  -0.000010 0.000003 1.151914
29  0.753030 0.000001 0.000002  -0.000013 0.000007 1.413716
30  2.575177 -0.170768 0.868173  -0.233613 -0.049938 1.255399
31  1.008119 0.000001 0.000004  0.000014 -0.000005 0.881392
32  0.643753 0.000001 -0.000002  -0.000001 0.000014 1.474801
33  -0.000041 0.001787 -1.045454  -0.695415 1.379416 2.454436
34  3.883117 -0.000005 0.000002  1.789791 -0.226443 -2.262907
35  8.961041 0.000041 -0.000021  0.000008 0.000014 -0.770504
36  8.961072 -0.000030 0.000084  2.418912 0.115038 0.597118
37  0.642852 0.500654 1.160051  1.563997 -0.733013 0.011037
38  1.164119 0.000004 -0.000005  0.000006 0.000010 -0.218163
39  0.947482 0.000001 0.000000  -0.000007 -0.000010 -0.226895
40  2.889326 -0.168171 1.032881  -0.106553 -0.127281 0.704869
41  1.200781 0.000001 0.000008  0.000003 0.000002 0.654495
42  0.740588 -0.000001 0.000006  -0.000010 0.000004 0.654506
43  2.985632 -0.166480 0.361969  0.000437 -0.000647 0.977392
44  1.223189 0.000000 0.000009  -0.000002 -0.000004 0.916286
45  0.950414 0.000006 0.000004  -0.000007 0.000008 0.916313
46  2.848554 -0.167754 -0.254616  0.132157 0.067609 1.095368
47  1.263512 0.000006 0.000010  -0.000012 0.000007 1.047204
48  0.753033 -0.000008 0.000009  -0.000009 -0.000006 1.047196
49  2.575176 -0.170766 -0.868186  0.265008 0.089115 1.251173
50  1.008121 0.000014 0.000006  -0.000008 0.000012 1.204293
51  0.643752 -0.000003 0.000004  -0.000007 -0.000009 1.204270
end
triangles
galil.bmp
11  6.017366 -5.985930 56.943340  0.000002 0.475191 -0.879883  0.171875 0.824219
11  6.017366 -5.765971 57.063416  0.000001 0.876986 -0.480517  0.160156 0.832031
11  6.117366 -5.765971 57.063416  -0.000010 0.719771 -0.694212  0.160156 0.832031
galil.bmp
11  6.117366 -5.765971 57.063416  -0.000010 0.719771 -0.694212  0.160156 0.832031
11  6.017366 -5.765971 57.063416  0.000001 0.876986 -0.480517  0.160156 0.832031
11  6.117367 -5.696071 57.353439  -0.000000 0.998069 0.062110  0.156250 0.855469
galil.bmp
11  6.017366 -5.765971 57.063416  0.000001 0.876986 -0.480517  0.160156 0.832031
11  6.017367 -5.696071 57.353439  0.000000 0.952968 0.303072  0.156250 0.855469
11  6.117367 -5.696071 57.353439  -0.000000 0.998069 0.062110  0.156250 0.855469
galil.bmp
11  6.117367 -5.696071 57.353439  -0.000000 0.998069 0.062110  0.156250 0.855469
11  6.017367 -5.696071 57.353439  0.000000 0.952968 0.303072  0.156250 0.855469
11  6.117367 -5.836151 57.583393  0.000000 0.687988 0.725722  0.164063 0.875000
galil.bmp
11  6.017367 -5.696071 57.353439  0.000000 0.952968 0.303072  0.156250 0.855469
11  6.017367 -5.836151 57.583393  0.000000 0.447936 0.894066  0.164063 0.875000
11  6.117367 -5.836151 57.583393  0.000000 0.687988 0.725722  0.164063 0.875000
galil.bmp
11  6.117367 -5.836151 57.583393  0.000000 0.687988 0.725722  0.164063 0.875000
11  6.017367 -5.836151 57.583393  0.000000 0.447936 0.894066  0.164063 0.875000
11  6.117367 -6.116168 57.633293  0.000000 0.008689 0.999962  0.179688 0.878906
galil.bmp
11  6.017367 -5.836151 57.583393  0.000000 0.447936 0.894066  0.164063 0.875000
11  6.017367 -6.116168 57.633293  -0.000000 -0.176783 0.984250  0.179688 0.878906
11  6.117367 -6.116168 57.633293  0.000000 0.008689 0.999962  0.179688 0.878906
galil.bmp
11  6.117367 -6.116168 57.633293  0.000000 0.008689 0.999962  0.179688 0.878906
11  6.017367 -6.116168 57.633293  -0.000000 -0.176783 0.984250  0.179688 0.878906
11  6.117366 -6.586112 57.473133  -0.000000 0.009604 0.999954  0.203125 0.863281
galil.bmp
11  6.017367 -6.116168 57.633293  -0.000000 -0.176783 0.984250  0.179688 0.878906
11  6.017366 -6.586112 57.473133  -0.000103 0.374070 0.927401  0.203125 0.863281
11  6.117366 -6.586112 57.473133  -0.000000 0.009604 0.999954  0.203125 0.863281
galil.bmp
11  6.117366 -6.586112 57.473133  -0.000000 0.009604 0.999954  0.203125 0.863281
11  6.017366 -6.586112 57.473133  -0.000103 0.374070 0.927401  0.203125 0.863281
11  6.117367 -6.956223 57.793003  0.000087 0.445385 0.895339  0.222656 0.890625
galil.bmp
11  6.017366 -6.586112 57.473133  -0.000103 0.374070 0.927401  0.203125 0.863281
11  6.017367 -6.956223 57.793007  0.000091 0.115749 0.993278  0.222656 0.890625
11  6.117367 -6.956223 57.793003  0.000087 0.445385 0.895339  0.222656 0.890625
galil.bmp
11  6.117367 -6.956223 57.793003  0.000087 0.445385 0.895339  0.222656 0.890625
11  6.017367 -6.956223 57.793007  0.000091 0.115749 0.993278  0.222656 0.890625
11  6.117366 -8.846102 57.442352  0.000001 -0.275301 0.961358  0.320313 0.863281
galil.bmp
11  6.017367 -6.956223 57.793007  0.000091 0.115749 0.993278  0.222656 0.890625
11  6.017365 -8.846102 57.442352  0.000000 -0.366563 0.930393  0.320313 0.863281
11  6.117366 -8.846102 57.442352  0.000001 -0.275301 0.961358  0.320313 0.863281
galil.bmp
11  6.117366 -8.846102 57.442352  0.000001 -0.275301 0.961358  0.320313 0.863281
11  6.017365 -8.846102 57.442352  0.000000 -0.366563 0.930393  0.320313 0.863281
11  6.117365 -8.996078 57.372299  -0.000012 -0.453692 0.891158  0.328125 0.855469
galil.bmp
11  6.017365 -8.846102 57.442352  0.000000 -0.366563 0.930393  0.320313 0.863281
11  6.017365 -8.996078 57.372303  0.000001 -0.453728 0.891140  0.328125 0.855469
11  6.117365 -8.996078 57.372299  -0.000012 -0.453692 0.891158  0.328125 0.855469
galil.bmp
11  6.897360 -25.416140 57.556633  0.923621 0.000300 0.383307  0.914063 0.546875
11  6.807360 -25.416216 57.776634  0.604081 -0.000275 0.796923  0.914063 0.566406
11  6.807360 -26.626215 57.776218  0.796884 0.000618 0.604132  0.976563 0.566406
galil.bmp
11  6.807360 -26.626215 57.776218  0.796884 0.000618 0.604132  0.976563 0.566406
11  6.807360 -25.416216 57.776634  0.604081 -0.000275 0.796923  0.914063 0.566406
11  6.587360 -26.626245 57.866219  0.134967 0.001678 0.990849  0.976563 0.578125
galil.bmp
11  6.807360 -25.416216 57.776634  0.604081 -0.000275 0.796923  0.914063 0.566406
11  6.587360 -25.416248 57.866634  -0.135399 0.001686 0.990790  0.914063 0.578125
11  6.587360 -26.626245 57.866219  0.134967 0.001678 0.990849  0.976563 0.578125
galil.bmp
11  6.587360 -26.626245 57.866219  0.134967 0.001678 0.990849  0.976563 0.578125
11  6.587360 -25.416248 57.866634  -0.135399 0.001686 0.990790  0.914063 0.578125
11  6.367360 -26.626215 57.776218  -0.604417 -0.000273 0.796668  0.976563 0.566406
galil.bmp
11  6.587360 -25.416248 57.866634  -0.135399 0.001686 0.990790  0.914063 0.578125
11  6.367360 -25.416216 57.776634  -0.795876 -0.000208 0.605459  0.914063 0.566406
11  6.367360 -26.626215 57.776218  -0.604417 -0.000273 0.796668  0.976563 0.566406
galil.bmp
11  6.367360 -26.626215 57.776218  -0.604417 -0.000273 0.796668  0.976563 0.566406
11  6.367360 -25.416216 57.776634  -0.795876 -0.000208 0.605459  0.914063 0.566406
11  6.277359 -26.626139 57.556217  -0.990728 -0.000046 0.135861  0.976563 0.546875
galil.bmp
11  6.367360 -25.416216 57.776634  -0.795876 -0.000208 0.605459  0.914063 0.566406
11  6.277360 -25.416140 57.556637  -0.990783 0.000047 -0.135458  0.914063 0.546875
11  6.277359 -26.626139 57.556217  -0.990728 -0.000046 0.135861  0.976563 0.546875
galil.bmp
11  6.277359 -26.626139 57.556217  -0.990728 -0.000046 0.135861  0.976563 0.546875
11  6.277360 -25.416140 57.556637  -0.990783 0.000047 -0.135458  0.914063 0.546875
11  6.367360 -26.626060 57.326218  -0.796098 0.000211 -0.605168  0.976563 0.531250
galil.bmp
11  6.277360 -25.416140 57.556637  -0.990783 0.000047 -0.135458  0.914063 0.546875
11  6.367360 -25.416061 57.326637  -0.604275 0.000276 -0.796776  0.914063 0.531250
11  6.367360 -26.626060 57.326218  -0.796098 0.000211 -0.605168  0.976563 0.531250
galil.bmp
11  6.367360 -26.626060 57.326218  -0.796098 0.000211 -0.605168  0.976563 0.531250
11  6.367360 -25.416061 57.326637  -0.604275 0.000276 -0.796776  0.914063 0.531250
11  6.587359 -26.626028 57.236217  -0.382142 0.001183 -0.924103  0.976563 0.523438
galil.bmp
11  6.367360 -25.416061 57.326637  -0.604275 0.000276 -0.796776  0.914063 0.531250
11  6.587360 -25.416031 57.236637  -0.382182 0.001198 -0.924086  0.914063 0.523438
11  6.587359 -26.626028 57.236217  -0.382142 0.001183 -0.924103  0.976563 0.523438
galil.bmp
11  6.817363 -17.876139 57.549236  0.923635 0.000293 0.383273  0.535156 0.546875
11  6.747363 -17.876198 57.719238  0.604064 -0.000274 0.796936  0.535156 0.562500
11  6.747360 -25.526196 57.716599  0.796114 0.000080 0.605147  0.921875 0.562500
galil.bmp
11  6.747360 -25.526196 57.716599  0.796114 0.000080 0.605147  0.921875 0.562500
11  6.747363 -17.876198 57.719238  0.604064 -0.000274 0.796936  0.535156 0.562500
11  6.587360 -25.526220 57.786598  0.134968 0.001677 0.990849  0.921875 0.566406
galil.bmp
11  6.747363 -17.876198 57.719238  0.604064 -0.000274 0.796936  0.535156 0.562500
11  6.587363 -17.876221 57.789238  -0.135400 0.001682 0.990790  0.535156 0.566406
11  6.587360 -25.526220 57.786598  0.134968 0.001677 0.990849  0.921875 0.566406
galil.bmp
11  6.587360 -25.526220 57.786598  0.134968 0.001677 0.990849  0.921875 0.566406
11  6.587363 -17.876221 57.789238  -0.135400 0.001682 0.990790  0.535156 0.566406
11  6.427360 -25.526196 57.716599  -0.604397 -0.000275 0.796683  0.921875 0.562500
galil.bmp
11  6.587363 -17.876221 57.789238  -0.135400 0.001682 0.990790  0.535156 0.566406
11  6.427363 -17.876198 57.719238  -0.795882 0.000067 0.605451  0.535156 0.562500
11  6.427360 -25.526196 57.716599  -0.604397 -0.000275 0.796683  0.921875 0.562500
galil.bmp
11  6.427360 -25.526196 57.716599  -0.604397 -0.000275 0.796683  0.921875 0.562500
11  6.427363 -17.876198 57.719238  -0.795882 0.000067 0.605451  0.535156 0.562500
11  6.357360 -25.526140 57.556599  -0.990722 -0.000325 0.135902  0.921875 0.546875
galil.bmp
11  6.427363 -17.876198 57.719238  -0.795882 0.000067 0.605451  0.535156 0.562500
11  6.357363 -17.876139 57.549236  -0.990780 0.000325 -0.135481  0.535156 0.546875
11  6.357360 -25.526140 57.556599  -0.990722 -0.000325 0.135902  0.921875 0.546875
galil.bmp
11  6.357360 -25.526140 57.556599  -0.990722 -0.000325 0.135902  0.921875 0.546875
11  6.357363 -17.876139 57.549236  -0.990780 0.000325 -0.135481  0.535156 0.546875
11  6.427360 -25.526083 57.386597  -0.796097 -0.000066 -0.605169  0.921875 0.535156
galil.bmp
11  6.357363 -17.876139 57.549236  -0.990780 0.000325 -0.135481  0.535156 0.546875
11  6.427362 -17.876083 57.389236  -0.604238 0.000276 -0.796804  0.535156 0.535156
11  6.427360 -25.526083 57.386597  -0.796097 -0.000066 -0.605169  0.921875 0.535156
galil.bmp
11  6.427360 -25.526083 57.386597  -0.796097 -0.000066 -0.605169  0.921875 0.535156
11  6.427362 -17.876083 57.389236  -0.604238 0.000276 -0.796804  0.535156 0.535156
11  6.587360 -25.526058 57.316597  -0.382198 0.001198 -0.924080  0.921875 0.531250
galil.bmp
11  6.427362 -17.876083 57.389236  -0.604238 0.000276 -0.796804  0.535156 0.535156
11  6.587362 -17.876059 57.319237  -0.382192 0.001198 -0.924082  0.535156 0.531250
11  6.587360 -25.526058 57.316597  -0.382198 0.001198 -0.924080  0.921875 0.531250
galil.bmp
11  6.167365 -12.846342 58.140972  -0.382179 0.001197 -0.924088  0.839844 0.457031
11  6.047365 -12.846356 58.180973  -0.796086 0.000208 -0.605184  0.839844 0.464844
11  6.047365 -12.376356 58.181133  -0.604255 0.000895 -0.796791  0.804688 0.464844
galil.bmp
11  6.047365 -12.376356 58.181133  -0.604255 0.000895 -0.796791  0.804688 0.464844
11  6.047365 -12.846356 58.180973  -0.796086 0.000208 -0.605184  0.839844 0.464844
11  5.997365 -12.376398 58.301136  -0.990786 0.000047 -0.135436  0.804688 0.476563
galil.bmp
11  6.047365 -12.846356 58.180973  -0.796086 0.000208 -0.605184  0.839844 0.464844
11  5.997365 -12.846397 58.300972  -0.990725 -0.000047 0.135879  0.839844 0.476563
11  5.997365 -12.376398 58.301136  -0.990786 0.000047 -0.135436  0.804688 0.476563
galil.bmp
11  5.997365 -12.376398 58.301136  -0.990786 0.000047 -0.135436  0.804688 0.476563
11  5.997365 -12.846397 58.300972  -0.990725 -0.000047 0.135879  0.839844 0.476563
11  6.047366 -12.376436 58.411137  -0.795867 -0.000211 0.605471  0.804688 0.492188
galil.bmp
11  5.997365 -12.846397 58.300972  -0.990725 -0.000047 0.135879  0.839844 0.476563
11  6.047366 -12.846436 58.410973  -0.604415 -0.000278 0.796670  0.839844 0.492188
11  6.047366 -12.376436 58.411137  -0.795867 -0.000211 0.605471  0.804688 0.492188
galil.bmp
11  6.047366 -12.376436 58.411137  -0.795867 -0.000211 0.605471  0.804688 0.492188
11  6.047366 -12.846436 58.410973  -0.604415 -0.000278 0.796670  0.839844 0.492188
11  6.167366 -12.376453 58.461136  -0.135369 -0.000346 0.990795  0.804688 0.496094
galil.bmp
11  6.047366 -12.846436 58.410973  -0.604415 -0.000278 0.796670  0.839844 0.492188
11  6.167366 -12.846453 58.460972  0.134953 0.001680 0.990851  0.839844 0.496094
11  6.167366 -12.376453 58.461136  -0.135369 -0.000346 0.990795  0.804688 0.496094
galil.bmp
11  6.167366 -12.376453 58.461136  -0.135369 -0.000346 0.990795  0.804688 0.496094
11  6.167366 -12.846453 58.460972  0.134953 0.001680 0.990851  0.839844 0.496094
11  6.277366 -12.376436 58.411133  0.604059 -0.000275 0.796939  0.804688 0.492188
galil.bmp
11  6.167366 -12.846453 58.460972  0.134953 0.001680 0.990851  0.839844 0.496094
11  6.277365 -12.846436 58.410973  0.796167 0.000613 0.605077  0.839844 0.492188
11  6.277366 -12.376436 58.411133  0.604059 -0.000275 0.796939  0.804688 0.492188
galil.bmp
11  6.277366 -12.376436 58.411133  0.604059 -0.000275 0.796939  0.804688 0.492188
11  6.277365 -12.846436 58.410973  0.796167 0.000613 0.605077  0.839844 0.492188
11  6.327365 -12.376398 58.301136  0.923621 0.000299 0.383308  0.804688 0.476563
galil.bmp
11  6.277365 -12.846436 58.410973  0.797640 0.000611 0.603133  0.839844 0.492188
11  6.327365 -12.846397 58.300972  0.923610 0.000297 0.383333  0.839844 0.476563
11  6.327365 -12.376398 58.301136  0.923610 0.000302 0.383333  0.804688 0.476563
galil.bmp
11  6.877366 -12.386418 58.361130  0.923621 0.000302 0.383308  0.261719 0.609375
11  6.787366 -12.386488 58.561131  0.604082 0.000036 0.796922  0.261719 0.625000
11  6.787363 -20.066490 58.568481  0.796108 0.000484 0.605155  0.644531 0.625000
galil.bmp
11  6.787363 -20.066490 58.568481  0.796108 0.000484 0.605155  0.644531 0.625000
11  6.787366 -12.386488 58.561131  0.604082 0.000036 0.796922  0.261719 0.625000
11  6.587363 -20.066517 58.648479  0.134982 0.000325 0.990848  0.644531 0.628906
galil.bmp
11  6.787366 -12.386488 58.561131  0.604082 0.000036 0.796922  0.261719 0.625000
11  6.587366 -12.386518 58.651131  -0.135372 0.000330 0.990795  0.261719 0.628906
11  6.587363 -20.066517 58.648479  0.134982 0.000325 0.990848  0.644531 0.628906
galil.bmp
11  6.587363 -20.066517 58.648479  0.134982 0.000325 0.990848  0.644531 0.628906
11  6.587366 -12.386518 58.651131  -0.135372 0.000330 0.990795  0.261719 0.628906
11  6.387363 -20.066490 58.568481  -0.604440 0.000028 0.796651  0.644531 0.625000
galil.bmp
11  6.587366 -12.386518 58.651131  -0.135372 0.000330 0.990795  0.261719 0.628906
11  6.387366 -12.386487 58.561131  -0.795889 0.000458 0.605443  0.261719 0.625000
11  6.387363 -20.066490 58.568481  -0.604440 0.000028 0.796651  0.644531 0.625000
galil.bmp
11  6.387363 -20.066490 58.568481  -0.604440 0.000028 0.796651  0.644531 0.625000
11  6.387366 -12.386487 58.561131  -0.795889 0.000458 0.605443  0.261719 0.625000
11  6.297363 -20.066418 58.358482  -0.990728 0.000241 0.135862  0.644531 0.609375
galil.bmp
11  6.387366 -12.386487 58.561131  -0.795889 0.000458 0.605443  0.261719 0.625000
11  6.297366 -12.386418 58.361130  -0.990784 0.000047 -0.135449  0.261719 0.609375
11  6.297363 -20.066418 58.358482  -0.990728 0.000241 0.135862  0.644531 0.609375
galil.bmp
11  6.297363 -20.066418 58.358482  -0.990728 0.000241 0.135862  0.644531 0.609375
11  6.297366 -12.386418 58.361130  -0.990784 0.000047 -0.135449  0.261719 0.609375
11  6.387362 -20.066345 58.148483  -0.796109 0.000209 -0.605154  0.644531 0.593750
galil.bmp
11  6.297366 -12.386418 58.361130  -0.990784 0.000047 -0.135449  0.261719 0.609375
11  6.387365 -12.386346 58.151131  -0.604243 0.000275 -0.796800  0.261719 0.593750
11  6.387362 -20.066345 58.148483  -0.796109 0.000209 -0.605154  0.644531 0.593750
galil.bmp
11  6.387362 -20.066345 58.148483  -0.796109 0.000209 -0.605154  0.644531 0.593750
11  6.387365 -12.386346 58.151131  -0.604243 0.000275 -0.796800  0.261719 0.593750
11  6.587362 -20.066313 58.058479  -0.382220 0.001198 -0.924071  0.644531 0.585938
galil.bmp
11  6.387365 -12.386346 58.151131  -0.604243 0.000275 -0.796800  0.261719 0.593750
11  6.587365 -12.386315 58.061131  -0.382190 0.001200 -0.924083  0.261719 0.585938
11  6.587362 -20.066313 58.058479  -0.382220 0.001198 -0.924071  0.644531 0.585938
galil.bmp
11  6.387366 -2.935741 56.394390  -0.906535 -0.000001 -0.422131  0.535156 0.656250
11  6.297367 -2.935813 56.604393  -0.963748 0.000002 -0.266814  0.535156 0.671875
11  6.387367 -2.205741 56.394642  -0.906548 0.000002 -0.422104  0.496094 0.656250
galil.bmp
11  6.387367 -2.205741 56.394642  -0.906548 0.000002 -0.422104  0.496094 0.656250
11  6.297367 -2.935813 56.604393  -0.963748 0.000002 -0.266814  0.535156 0.671875
11  6.297367 -2.205813 56.604645  -0.990598 0.000103 -0.136806  0.496094 0.671875
galil.bmp
11  6.297367 -2.935813 56.604393  -0.963748 0.000002 -0.266814  0.535156 0.671875
11  6.297368 -2.936089 57.404392  -0.990540 0.000201 0.137222  0.535156 0.734375
11  6.297367 -2.205813 56.604645  -0.990598 0.000103 -0.136806  0.496094 0.671875
galil.bmp
11  6.297367 -2.205813 56.604645  -0.990598 0.000103 -0.136806  0.496094 0.671875
11  6.297368 -2.936089 57.404392  -0.990540 0.000201 0.137222  0.535156 0.734375
11  6.297368 -2.206089 57.404644  -0.970939 -0.007399 0.239213  0.496094 0.734375
galil.bmp
11  6.297368 -2.936089 57.404392  -0.990540 0.000201 0.137222  0.535156 0.734375
11  6.387368 -2.936162 57.614391  -0.795880 0.000593 0.605455  0.535156 0.750000
11  6.297368 -2.206089 57.404644  -0.970939 -0.007399 0.239213  0.496094 0.734375
galil.bmp
11  6.297368 -2.206089 57.404644  -0.970939 -0.007399 0.239213  0.496094 0.734375
11  6.387368 -2.936162 57.614391  -0.795880 0.000593 0.605455  0.535156 0.750000
11  6.387368 -2.206162 57.614643  -0.604463 0.001280 0.796632  0.496094 0.750000
galil.bmp
11  6.387368 -2.936162 57.614391  -0.795880 0.000593 0.605455  0.535156 0.750000
11  6.587368 -2.936189 57.694393  -0.135384 0.001684 0.990792  0.535156 0.765625
11  6.387368 -2.206162 57.614643  -0.604463 0.001280 0.796632  0.496094 0.750000
galil.bmp
11  6.387368 -2.206162 57.614643  -0.604463 0.001280 0.796632  0.496094 0.750000
11  6.587368 -2.936189 57.694393  -0.135384 0.001684 0.990792  0.535156 0.765625
11  6.587368 -2.206189 57.694645  0.134952 0.001677 0.990851  0.496094 0.765625
galil.bmp
11  6.587368 -2.936189 57.694393  -0.135384 0.001684 0.990792  0.535156 0.765625
11  6.787368 -2.936162 57.614391  0.382681 -0.000001 0.923880  0.535156 0.750000
11  6.587368 -2.206189 57.694645  0.134952 0.001677 0.990851  0.496094 0.765625
galil.bmp
11  6.587368 -2.206189 57.694645  0.134952 0.001677 0.990851  0.496094 0.765625
11  6.787368 -2.936162 57.614391  0.382681 -0.000001 0.923880  0.535156 0.750000
11  6.787368 -2.206162 57.614643  0.382681 -0.000001 0.923881  0.496094 0.750000
galil.bmp
11  6.797362 -19.796213 57.768574  0.382684 -0.000319 0.923879  0.632813 0.566406
11  6.587362 -19.796249 57.868572  -0.135356 -0.000340 0.990797  0.632813 0.570313
11  6.587362 -21.336248 57.868042  0.136311 0.001692 0.990665  0.710938 0.570313
galil.bmp
11  6.587362 -21.336248 57.868042  0.136311 0.001692 0.990665  0.710938 0.570313
11  6.587362 -19.796249 57.868572  -0.135356 -0.000340 0.990797  0.632813 0.570313
11  6.367362 -21.336214 57.768044  -0.604449 -0.000274 0.796644  0.710938 0.566406
galil.bmp
11  6.587362 -19.796249 57.868572  -0.135356 -0.000340 0.990797  0.632813 0.570313
11  6.367362 -19.796213 57.768574  -0.795872 -0.000209 0.605465  0.632813 0.566406
11  6.367362 -21.336214 57.768044  -0.604449 -0.000274 0.796644  0.710938 0.566406
galil.bmp
11  6.367362 -21.336214 57.768044  -0.604449 -0.000274 0.796644  0.710938 0.566406
11  6.367362 -19.796213 57.768574  -0.795872 -0.000209 0.605465  0.632813 0.566406
11  6.277361 -21.336138 57.548042  -0.990724 -0.000046 0.135892  0.710938 0.546875
galil.bmp
11  6.367362 -19.796213 57.768574  -0.795872 -0.000209 0.605465  0.632813 0.566406
11  6.277362 -19.796139 57.548576  -0.990783 0.000047 -0.135459  0.632813 0.546875
11  6.277361 -21.336138 57.548042  -0.990724 -0.000046 0.135892  0.710938 0.546875
galil.bmp
11  6.277361 -21.336138 57.548042  -0.990724 -0.000046 0.135892  0.710938 0.546875
11  6.277362 -19.796139 57.548576  -0.990783 0.000047 -0.135459  0.632813 0.546875
11  6.367361 -21.336061 57.328045  -0.796090 0.000209 -0.605178  0.710938 0.531250
galil.bmp
11  6.277362 -19.796139 57.548576  -0.990783 0.000047 -0.135459  0.632813 0.546875
11  6.367362 -19.796062 57.328575  -0.604257 0.000274 -0.796790  0.632813 0.531250
11  6.367361 -21.336061 57.328045  -0.796090 0.000209 -0.605178  0.710938 0.531250
galil.bmp
11  6.367361 -21.336061 57.328045  -0.796090 0.000209 -0.605178  0.710938 0.531250
11  6.367362 -19.796062 57.328575  -0.604257 0.000274 -0.796790  0.632813 0.531250
11  6.587361 -21.336031 57.238045  -0.381563 0.001041 -0.924342  0.710938 0.523438
galil.bmp
11  6.367362 -19.796062 57.328575  -0.604257 0.000274 -0.796790  0.632813 0.531250
11  6.587362 -19.796032 57.238575  -0.382167 0.001194 -0.924093  0.632813 0.523438
11  6.587361 -21.336031 57.238045  -0.381563 0.001041 -0.924342  0.710938 0.523438
galil.bmp
11  6.757370 3.903919 57.376751  0.382688 -0.000002 0.923878  0.871094 0.953125
11  6.587370 3.903895 57.446751  -0.135428 0.001999 0.990785  0.871094 0.964844
11  6.587368 -2.256172 57.644627  0.135011 0.001999 0.990842  0.550781 0.980469
galil.bmp
11  6.587368 -2.256172 57.644627  0.135011 0.001999 0.990842  0.550781 0.980469
11  6.587370 3.903895 57.446751  -0.135428 0.001999 0.990785  0.871094 0.964844
11  6.417368 -2.266148 57.574623  -0.604397 0.001506 0.796682  0.550781 0.968750
galil.bmp
11  6.587370 3.903895 57.446751  -0.135428 0.001999 0.990785  0.871094 0.964844
11  6.417370 3.903919 57.376751  -0.795895 0.000844 0.605434  0.871094 0.953125
11  6.417368 -2.266148 57.574623  -0.604397 0.001506 0.796682  0.550781 0.968750
galil.bmp
11  6.417368 -2.266148 57.574623  -0.604397 0.001506 0.796682  0.550781 0.968750
11  6.417370 3.903919 57.376751  -0.795895 0.000844 0.605434  0.871094 0.953125
11  6.347368 -2.266089 57.404621  -0.990726 -0.000344 0.135872  0.546875 0.957031
galil.bmp
11  6.417370 3.903919 57.376751  -0.795895 0.000844 0.605434  0.871094 0.953125
11  6.347370 3.903982 57.196751  -0.990778 0.000097 -0.135492  0.871094 0.941406
11  6.347368 -2.266089 57.404621  -0.990726 -0.000344 0.135872  0.546875 0.957031
galil.bmp
11  6.347368 -2.266089 57.404621  -0.990726 -0.000344 0.135872  0.546875 0.957031
11  6.347370 3.903982 57.196751  -0.990778 0.000097 -0.135492  0.871094 0.941406
11  6.417367 -2.276031 57.234619  -0.796106 0.000257 -0.605157  0.546875 0.941406
galil.bmp
11  6.347370 3.903982 57.196751  -0.990778 0.000097 -0.135492  0.871094 0.941406
11  6.417369 3.894041 57.026749  -0.604231 0.000759 -0.796809  0.871094 0.925781
11  6.417367 -2.276031 57.234619  -0.796106 0.000257 -0.605157  0.546875 0.941406
galil.bmp
11  6.417367 -2.276031 57.234619  -0.796106 0.000257 -0.605157  0.546875 0.941406
11  6.417369 3.894041 57.026749  -0.604231 0.000759 -0.796809  0.871094 0.925781
11  6.587368 -2.276006 57.164619  -0.382155 0.001179 -0.924097  0.546875 0.937500
galil.bmp
11  6.417369 3.894041 57.026749  -0.604231 0.000759 -0.796809  0.871094 0.925781
11  6.587369 3.894065 56.956749  -0.382191 0.001180 -0.924083  0.871094 0.921875
11  6.587368 -2.276006 57.164619  -0.382155 0.001179 -0.924097  0.546875 0.937500
galil.bmp
11  6.827366 3.574982 54.296638  0.923686 0.233091 0.304092  0.855469 0.714844
11  6.757366 3.674931 54.446671  0.604356 0.484676 0.632331  0.859375 0.726563
11  6.757368 1.194279 56.335815  0.707572 0.357217 0.609703  0.730469 0.871094
galil.bmp
11  6.757368 1.194279 56.335815  0.707572 0.357217 0.609703  0.730469 0.871094
11  6.757366 3.674931 54.446671  0.604356 0.484676 0.632331  0.859375 0.726563
11  6.587368 1.234258 56.395832  0.000001 0.510882 0.859651  0.730469 0.878906
galil.bmp
11  6.757366 3.674931 54.446671  0.604356 0.484676 0.632331  0.859375 0.726563
11  6.587367 3.704910 54.506683  -0.135324 0.602723 0.786392  0.859375 0.730469
11  6.587368 1.234258 56.395832  0.000001 0.510882 0.859651  0.730469 0.878906
galil.bmp
11  6.587368 1.234258 56.395832  0.000001 0.510882 0.859651  0.730469 0.878906
11  6.587367 3.704910 54.506683  -0.135324 0.602723 0.786392  0.859375 0.730469
11  6.417368 1.194279 56.335815  -0.707596 0.374999 0.598901  0.730469 0.871094
galil.bmp
11  6.587367 3.704910 54.506683  -0.135324 0.602723 0.786392  0.859375 0.730469
11  6.417367 3.674931 54.446674  -0.796006 0.368256 0.480377  0.859375 0.726563
11  6.417368 1.194279 56.335815  -0.707596 0.374999 0.598901  0.730469 0.871094
galil.bmp
11  6.417368 1.194279 56.335815  -0.707596 0.374999 0.598901  0.730469 0.871094
11  6.417367 3.674931 54.446674  -0.796006 0.368256 0.480377  0.859375 0.726563
11  6.347368 1.094328 56.195782  -1.000000 0.000004 0.000006  0.722656 0.863281
galil.bmp
11  6.417367 3.674931 54.446674  -0.796006 0.368256 0.480377  0.859375 0.726563
11  6.347366 3.574982 54.296638  -0.990758 -0.082505 -0.107661  0.855469 0.714844
11  6.347368 1.094328 56.195782  -1.000000 0.000004 0.000006  0.722656 0.863281
galil.bmp
11  6.347368 1.094328 56.195782  -1.000000 0.000004 0.000006  0.722656 0.863281
11  6.347366 3.574982 54.296638  -0.990758 -0.082505 -0.107661  0.855469 0.714844
11  6.417367 0.994376 56.055748  -0.923771 -0.209303 -0.320685  0.718750 0.851563
galil.bmp
11  6.347366 3.574982 54.296638  -0.990758 -0.082505 -0.107661  0.855469 0.714844
11  6.417366 3.475031 54.156605  -0.923774 -0.209304 -0.320676  0.847656 0.703125
11  6.417367 0.994376 56.055748  -0.923771 -0.209303 -0.320685  0.718750 0.851563
galil.bmp
11  6.827367 1.094327 56.195782  0.923717 0.186018 0.334880  0.722656 0.863281
11  6.757368 1.194279 56.335815  0.707572 0.357217 0.609703  0.730469 0.871094
11  6.757368 0.654193 56.585629  0.707207 0.207095 0.675995  0.703125 0.890625
galil.bmp
11  6.757368 0.654193 56.585629  0.707207 0.207095 0.675995  0.703125 0.890625
11  6.757368 1.194279 56.335815  0.707572 0.357217 0.609703  0.730469 0.871094
11  6.587368 0.684172 56.645641  0.000190 0.309054 0.951044  0.703125 0.898438
galil.bmp
11  6.757368 1.194279 56.335815  0.707572 0.357217 0.609703  0.730469 0.871094
11  6.587368 1.234258 56.395832  0.000001 0.510882 0.859651  0.730469 0.878906
11  6.587368 0.684172 56.645641  0.000190 0.309054 0.951044  0.703125 0.898438
galil.bmp
11  6.587368 0.684172 56.645641  0.000190 0.309054 0.951044  0.703125 0.898438
11  6.587368 1.234258 56.395832  0.000001 0.510882 0.859651  0.730469 0.878906
11  6.417368 0.654193 56.585632  -0.707201 0.230099 0.668521  0.703125 0.890625
galil.bmp
11  6.587368 1.234258 56.395832  0.000001 0.510882 0.859651  0.730469 0.878906
11  6.417368 1.194279 56.335815  -0.707596 0.374999 0.598901  0.730469 0.871094
11  6.417368 0.654193 56.585632  -0.707201 0.230099 0.668521  0.703125 0.890625
galil.bmp
11  6.417368 0.654193 56.585632  -0.707201 0.230099 0.668521  0.703125 0.890625
11  6.417368 1.194279 56.335815  -0.707596 0.374999 0.598901  0.730469 0.871094
11  6.347368 0.594248 56.425610  -1.000000 0.000002 0.000016  0.699219 0.878906
galil.bmp
11  6.417368 1.194279 56.335815  -0.707596 0.374999 0.598901  0.730469 0.871094
11  6.347368 1.094328 56.195782  -1.000000 0.000004 0.000006  0.722656 0.863281
11  6.347368 0.594248 56.425610  -1.000000 0.000002 0.000016  0.699219 0.878906
galil.bmp
11  6.347368 0.594248 56.425610  -1.000000 0.000002 0.000016  0.699219 0.878906
11  6.347368 1.094328 56.195782  -1.000000 0.000004 0.000006  0.722656 0.863281
11  6.417367 0.534307 56.255589  -0.923299 -0.132281 -0.360585  0.695313 0.867188
galil.bmp
11  6.347368 1.094328 56.195782  -1.000000 0.000004 0.000006  0.722656 0.863281
11  6.417367 0.994376 56.055748  -0.923771 -0.209303 -0.320685  0.718750 0.851563
11  6.417367 0.534307 56.255589  -0.923299 -0.132281 -0.360585  0.695313 0.867188
galil.bmp
11  6.827368 0.594248 56.425610  0.923450 0.103190 0.369583  0.699219 0.878906
11  6.757368 0.654193 56.585629  0.707207 0.207095 0.675995  0.703125 0.890625
11  6.757368 0.074155 56.695431  0.706588 0.073410 0.703807  0.671875 0.902344
galil.bmp
11  6.757368 0.074155 56.695431  0.706588 0.073410 0.703807  0.671875 0.902344
11  6.757368 0.654193 56.585629  0.707207 0.207095 0.675995  0.703125 0.890625
11  6.587368 0.074131 56.765430  -0.000703 0.114265 0.993450  0.671875 0.906250
galil.bmp
11  6.757368 0.654193 56.585629  0.707207 0.207095 0.675995  0.703125 0.890625
11  6.587368 0.684172 56.645641  0.000190 0.309054 0.951044  0.703125 0.898438
11  6.587368 0.074131 56.765430  -0.000703 0.114265 0.993450  0.671875 0.906250
galil.bmp
11  6.587368 0.074131 56.765430  -0.000703 0.114265 0.993450  0.671875 0.906250
11  6.587368 0.684172 56.645641  0.000190 0.309054 0.951044  0.703125 0.898438
11  6.417368 0.074155 56.695431  -0.706604 0.088591 0.702042  0.671875 0.902344
galil.bmp
11  6.587368 0.684172 56.645641  0.000190 0.309054 0.951044  0.703125 0.898438
11  6.417368 0.654193 56.585632  -0.707201 0.230099 0.668521  0.703125 0.890625
11  6.417368 0.074155 56.695431  -0.706604 0.088591 0.702042  0.671875 0.902344
galil.bmp
11  6.417368 0.074155 56.695431  -0.706604 0.088591 0.702042  0.671875 0.902344
11  6.417368 0.654193 56.585632  -0.707201 0.230099 0.668521  0.703125 0.890625
11  6.347368 0.064214 56.525429  -1.000000 0.000003 0.000003  0.671875 0.886719
galil.bmp
11  6.417368 0.654193 56.585632  -0.707201 0.230099 0.668521  0.703125 0.890625
11  6.347368 0.594248 56.425610  -1.000000 0.000002 0.000016  0.699219 0.878906
11  6.347368 0.064214 56.525429  -1.000000 0.000003 0.000003  0.671875 0.886719
galil.bmp
11  6.347368 0.064214 56.525429  -1.000000 0.000003 0.000003  0.671875 0.886719
11  6.347368 0.594248 56.425610  -1.000000 0.000002 0.000016  0.699219 0.878906
11  6.417367 0.064272 56.355427  -0.929739 -0.055501 -0.364014  0.671875 0.875000
galil.bmp
11  6.347368 0.594248 56.425610  -1.000000 0.000002 0.000016  0.699219 0.878906
11  6.417367 0.534307 56.255589  -0.923299 -0.132281 -0.360585  0.695313 0.867188
11  6.417367 0.064272 56.355427  -0.929739 -0.055501 -0.364014  0.671875 0.875000
galil.bmp
11  6.827367 0.064214 56.525425  0.923620 0.000311 0.383308  0.671875 0.886719
11  6.757368 0.074155 56.695431  0.706588 0.073410 0.703807  0.671875 0.902344
11  6.757367 -2.315876 56.784607  0.796110 0.000853 0.605152  0.546875 0.906250
galil.bmp
11  6.757367 -2.315876 56.784607  0.796110 0.000853 0.605152  0.546875 0.906250
11  6.757368 0.074155 56.695431  0.706588 0.073410 0.703807  0.671875 0.902344
11  6.587367 -2.305900 56.854610  0.135006 0.002043 0.990843  0.546875 0.914063
galil.bmp
11  6.757368 0.074155 56.695431  0.706588 0.073410 0.703807  0.671875 0.902344
11  6.587368 0.074131 56.765430  -0.000703 0.114265 0.993450  0.671875 0.906250
11  6.587367 -2.305900 56.854610  0.135006 0.002043 0.990843  0.546875 0.914063
galil.bmp
11  6.587367 -2.305900 56.854610  0.135006 0.002043 0.990843  0.546875 0.914063
11  6.587368 0.074131 56.765430  -0.000703 0.114265 0.993450  0.671875 0.906250
11  6.417367 -2.315875 56.784607  -0.604416 0.001542 0.796667  0.546875 0.906250
galil.bmp
11  6.587368 0.074131 56.765430  -0.000703 0.114265 0.993450  0.671875 0.906250
11  6.417368 0.074155 56.695431  -0.706604 0.088591 0.702042  0.671875 0.902344
11  6.417367 -2.315875 56.784607  -0.604416 0.001542 0.796667  0.546875 0.906250
galil.bmp
11  6.417367 -2.315875 56.784607  -0.604416 0.001542 0.796667  0.546875 0.906250
11  6.417368 0.074155 56.695431  -0.706604 0.088591 0.702042  0.671875 0.902344
11  6.347367 -2.315817 56.614605  -0.990722 0.000413 0.135904  0.546875 0.894531
galil.bmp
11  6.417368 0.074155 56.695431  -0.706604 0.088591 0.702042  0.671875 0.902344
11  6.347368 0.064214 56.525429  -1.000000 0.000003 0.000003  0.671875 0.886719
11  6.347367 -2.315817 56.614605  -0.990722 0.000413 0.135904  0.546875 0.894531
galil.bmp
11  6.347367 -2.315817 56.614605  -0.990722 0.000413 0.135904  0.546875 0.894531
11  6.347368 0.064214 56.525429  -1.000000 0.000003 0.000003  0.671875 0.886719
11  6.417367 -2.325755 56.434601  -0.923905 -0.013700 -0.382377  0.546875 0.882813
galil.bmp
11  6.347368 0.064214 56.525429  -1.000000 0.000003 0.000003  0.671875 0.886719
11  6.417367 0.064272 56.355427  -0.929739 -0.055501 -0.364014  0.671875 0.875000
11  6.417367 -2.325755 56.434601  -0.923905 -0.013700 -0.382377  0.546875 0.882813
galil.bmp
11  6.477361 -21.326111 57.468048  -1.000000 0.000001 0.000001  0.710938 0.542969
11  6.477362 -20.406313 58.058365  -1.000000 0.000001 0.000001  0.664063 0.585938
11  6.477362 -19.866161 57.618549  -1.000000 0.000000 0.000001  0.636719 0.554688
galil.bmp
11  6.477362 -19.866161 57.618549  -1.000000 0.000000 0.000001  0.636719 0.554688
11  6.477362 -20.406313 58.058365  -1.000000 0.000001 0.000001  0.664063 0.585938
11  6.477363 -19.866392 58.288551  -1.000000 0.000000 0.000002  0.636719 0.601563
galil.bmp
11  6.477362 -20.406313 58.058365  -1.000000 0.000001 0.000001  0.664063 0.585938
11  6.477363 -20.406452 58.458363  -1.000000 0.000001 0.000002  0.664063 0.617188
11  6.477363 -19.866392 58.288551  -1.000000 0.000000 0.000002  0.636719 0.601563
galil.bmp
11  6.477363 -19.866392 58.288551  -1.000000 0.000000 0.000000  0.636719 0.601563
11  6.477363 -20.406452 58.458363  -1.000000 0.000000 0.000000  0.664063 0.617188
11  6.477363 -20.076483 58.548477  -1.000000 0.000000 0.000000  0.648438 0.621094
galil.bmp
11  6.477363 -20.406452 58.458363  -1.000000 0.000000 0.000000  0.664063 0.617188
11  6.477363 -20.496548 58.738331  -1.000000 0.000000 0.000000  0.667969 0.636719
11  6.477363 -20.076483 58.548477  -1.000000 0.000000 0.000000  0.648438 0.621094
galil.bmp
11  6.907368 -4.716458 58.473778  0.796913 0.000598 0.604094  0.105469 0.941406
11  6.777369 -4.866513 58.633724  0.634389 -0.000400 0.773014  0.113281 0.960938
11  6.907366 -12.376457 58.471134  0.769835 -0.000200 0.638243  0.507813 0.941406
galil.bmp
11  6.907366 -12.376457 58.471134  0.769835 -0.000200 0.638243  0.507813 0.941406
11  6.777369 -4.866513 58.633724  0.634389 -0.000400 0.773014  0.113281 0.960938
11  6.777366 -12.376512 58.631134  0.457817 -0.000917 0.889046  0.507813 0.960938
galil.bmp
11  6.777369 -4.866513 58.633724  0.634389 -0.000400 0.773014  0.113281 0.960938
11  6.587368 -4.926534 58.693707  0.089790 -0.001306 0.995960  0.117188 0.980469
11  6.777366 -12.376512 58.631134  0.457817 -0.000917 0.889046  0.507813 0.960938
galil.bmp
11  6.777366 -12.376512 58.631134  0.457817 -0.000917 0.889046  0.507813 0.960938
11  6.587368 -4.926534 58.693707  0.089790 -0.001306 0.995960  0.117188 0.980469
11  6.587366 -12.376529 58.681133  -0.135417 0.001672 0.990787  0.507813 0.980469
galil.bmp
11  6.587368 -4.926534 58.693707  0.089790 -0.001306 0.995960  0.117188 0.980469
11  6.397368 -4.866513 58.633724  -0.560021 -0.000694 0.828478  0.113281 0.960938
11  6.587366 -12.376529 58.681133  -0.135417 0.001672 0.990787  0.507813 0.980469
galil.bmp
11  6.587366 -12.376529 58.681133  -0.135417 0.001672 0.990787  0.507813 0.980469
11  6.397368 -4.866513 58.633724  -0.560021 -0.000694 0.828478  0.113281 0.960938
11  6.397366 -12.376512 58.631134  -0.653708 0.006536 0.756718  0.507813 0.960938
galil.bmp
11  6.397368 -4.866513 58.633724  -0.560021 -0.000694 0.828478  0.113281 0.960938
11  6.267367 -9.316457 58.472191  -0.873423 -0.000102 0.486963  0.347656 0.941406
11  6.397366 -12.376512 58.631134  -0.653708 0.006536 0.756718  0.507813 0.960938
galil.bmp
11  6.397366 -12.376512 58.631134  -0.653708 0.006536 0.756718  0.507813 0.960938
11  6.267367 -9.316457 58.472191  -0.873423 -0.000102 0.486963  0.347656 0.941406
11  6.267366 -11.816457 58.471329  -0.894422 -0.000154 0.447223  0.476563 0.941406
galil.bmp
11  6.877367 -2.205814 56.604645  -0.000000 0.999879 -0.015571  0.468750 0.671875
11  6.787366 -2.205741 56.394642  -0.000001 0.999879 -0.015570  0.472656 0.656250
11  6.877368 -2.206089 57.404644  -0.000005 0.999879 -0.015570  0.468750 0.734375
galil.bmp
11  6.877368 -2.206089 57.404644  -0.000005 0.999879 -0.015570  0.468750 0.734375
11  6.787366 -2.205741 56.394642  -0.000001 0.999879 -0.015570  0.472656 0.656250
11  6.787368 -2.206162 57.614643  0.000001 0.999879 -0.015571  0.472656 0.750000
galil.bmp
11  6.787366 -2.205741 56.394642  -0.000001 0.999879 -0.015570  0.472656 0.656250
11  6.587367 -2.205714 56.314644  0.000002 0.999879 -0.015570  0.480469 0.652344
11  6.787368 -2.206162 57.614643  0.000001 0.999879 -0.015571  0.472656 0.750000
galil.bmp
11  6.787368 -2.206162 57.614643  0.000001 0.999879 -0.015571  0.472656 0.750000
11  6.587367 -2.205714 56.314644  0.000002 0.999879 -0.015570  0.480469 0.652344
11  6.587368 -2.206189 57.694645  0.000016 0.999879 -0.015571  0.480469 0.757813
galil.bmp
11  6.587367 -2.205714 56.314644  0.000002 0.999879 -0.015570  0.480469 0.652344
11  6.387367 -2.205741 56.394642  -0.000001 0.999879 -0.015571  0.492188 0.656250
11  6.587368 -2.206189 57.694645  0.000016 0.999879 -0.015571  0.480469 0.757813
galil.bmp
11  6.587368 -2.206189 57.694645  0.000000 0.999878 -0.015618  0.480469 0.757813
11  6.387367 -2.205741 56.394642  0.000001 0.999879 -0.015570  0.492188 0.656250
11  6.387368 -2.206162 57.614643  -0.000028 0.999878 -0.015618  0.492188 0.750000
galil.bmp
11  6.387367 -2.205741 56.394642  0.000001 0.999879 -0.015570  0.492188 0.656250
11  6.297367 -2.205813 56.604645  -0.000001 0.999879 -0.015570  0.496094 0.671875
11  6.387368 -2.206162 57.614643  -0.000028 0.999878 -0.015618  0.492188 0.750000
galil.bmp
11  6.387368 -2.206162 57.614643  -0.000028 0.999878 -0.015618  0.492188 0.750000
11  6.297367 -2.205813 56.604645  -0.000001 0.999879 -0.015570  0.496094 0.671875
11  6.297368 -2.206089 57.404644  -0.000000 0.999879 -0.015570  0.496094 0.734375
galil.bmp
11  7.157365 -13.036415 58.350906  -0.000000 0.008713 0.999962  0.496094 0.394531
11  6.017365 -13.036415 58.350906  -0.448572 0.000590 0.893746  0.496094 0.308594
11  7.157364 -17.386417 58.359406  0.000000 0.008713 0.999962  0.722656 0.394531
galil.bmp
11  7.157364 -17.386417 58.359406  0.000000 0.008713 0.999962  0.722656 0.394531
11  6.017365 -13.036415 58.350906  -0.448572 0.000590 0.893746  0.496094 0.308594
11  6.017364 -17.386417 58.359406  -0.893754 0.000299 0.448558  0.722656 0.308594
galil.bmp
11  6.017365 -13.036415 58.350906  -0.448572 0.000590 0.893746  0.496094 0.308594
11  6.017365 -13.026328 58.100910  -1.000000 -0.000010 -0.000002  0.496094 0.289063
11  6.017364 -17.386417 58.359406  -0.893754 0.000299 0.448558  0.722656 0.308594
galil.bmp
11  6.017364 -17.386417 58.359406  -0.893754 0.000299 0.448558  0.722656 0.308594
11  6.017365 -13.026328 58.100910  -1.000000 -0.000010 -0.000002  0.496094 0.289063
11  6.017362 -17.385759 56.449406  -0.942079 0.000002 -0.335390  0.722656 0.160156
galil.bmp
11  6.017365 -13.026328 58.100910  -1.000000 -0.000010 -0.000002  0.496094 0.289063
11  6.017363 -13.835756 56.440632  -0.929753 -0.055492 -0.363978  0.539063 0.160156
11  6.017362 -17.385759 56.449406  -0.942079 0.000002 -0.335390  0.722656 0.160156
galil.bmp
11  6.017362 -17.385759 56.449406  -0.942079 0.000002 -0.335390  0.722656 0.160156
11  6.017363 -13.835756 56.440632  -0.929753 -0.055492 -0.363978  0.539063 0.160156
11  6.147363 -13.835694 56.260632  -0.812994 -0.044108 -0.580600  0.539063 0.144531
galil.bmp
11  6.017363 -13.835756 56.440632  -0.929753 -0.055492 -0.363978  0.539063 0.160156
11  6.147363 -13.035632 56.080906  -0.812998 -0.044096 -0.580594  0.496094 0.132813
11  6.147363 -13.835694 56.260632  -0.812994 -0.044108 -0.580600  0.539063 0.144531
galil.bmp
11  6.407365 -4.725520 55.753773  -0.534372 0.845074 0.017207  0.074219 0.675781
11  6.767366 -4.625720 56.333809  0.289731 0.941686 -0.171123  0.050781 0.714844
11  6.767365 -4.725520 55.753773  0.464416 0.881719 0.083003  0.054688 0.675781
galil.bmp
11  6.407365 -4.725520 55.753773  -0.534372 0.845074 0.017207  0.074219 0.675781
11  6.407366 -4.625720 56.333809  -0.438301 0.884328 -0.160801  0.070313 0.718750
11  6.767366 -4.625720 56.333809  0.289731 0.941686 -0.171123  0.050781 0.714844
galil.bmp
11  6.407365 -4.725520 55.753773  -0.534372 0.845074 0.017207  0.074219 0.675781
11  6.197366 -4.885720 56.333721  -0.903701 0.420855 -0.078783  0.085938 0.718750
11  6.407366 -4.625720 56.333809  -0.438301 0.884328 -0.160801  0.070313 0.718750
galil.bmp
11  6.407365 -4.725520 55.753773  -0.534372 0.845074 0.017207  0.074219 0.675781
11  6.197365 -5.015482 55.643673  -0.980933 0.194019 0.011302  0.089844 0.667969
11  6.197366 -4.885720 56.333721  -0.903701 0.420855 -0.078783  0.085938 0.718750
galil.bmp
11  6.407365 -4.725520 55.753773  -0.534372 0.845074 0.017207  0.074219 0.675781
11  6.197362 -4.164630 53.173969  -0.973639 0.215443 0.074915  0.046875 0.480469
11  6.197365 -5.015482 55.643673  -0.980933 0.194019 0.011302  0.089844 0.667969
galil.bmp
11  6.407365 -4.725520 55.753773  -0.534372 0.845074 0.017207  0.074219 0.675781
11  6.407362 -3.864668 53.284073  -0.313429 0.896977 0.311762  0.031250 0.492188
11  6.197362 -4.164630 53.173969  -0.973639 0.215443 0.074915  0.046875 0.480469
galil.bmp
11  6.407365 -4.725520 55.753773  -0.534372 0.845074 0.017207  0.074219 0.675781
11  6.767365 -4.725520 55.753773  0.464416 0.881719 0.083003  0.054688 0.675781
11  6.407362 -3.864668 53.284073  -0.313429 0.896977 0.311762  0.031250 0.492188
galil.bmp
11  6.307369 -5.206823 59.533607  0.000000 0.275075 0.961423  0.804688 0.324219
11  6.307369 -5.006806 59.483677  0.000000 0.718819 0.695197  0.804688 0.320313
11  6.207369 -5.006806 59.483677  -0.730815 0.349507 0.586305  0.812500 0.320313
galil.bmp
11  6.207369 -5.006806 59.483677  -0.730815 0.349507 0.586305  0.812500 0.320313
11  6.307369 -5.006806 59.483677  0.000000 0.718819 0.695197  0.804688 0.320313
11  6.207369 -4.856703 59.183727  -0.716904 0.658419 0.229200  0.812500 0.285156
galil.bmp
11  6.307369 -5.006806 59.483677  0.000000 0.718819 0.695197  0.804688 0.320313
11  6.307369 -4.856703 59.183727  -0.000014 0.986213 0.165479  0.804688 0.285156
11  6.207369 -4.856703 59.183727  -0.716904 0.658419 0.229200  0.812500 0.285156
galil.bmp
11  6.207369 -4.856703 59.183727  -0.716904 0.658419 0.229200  0.812500 0.285156
11  6.307369 -4.856703 59.183727  -0.000008 0.986604 0.163131  0.804688 0.285156
11  6.207368 -4.856465 58.493729  -0.316229 0.948683 -0.000228  0.812500 0.207031
galil.bmp
11  6.307369 -4.856703 59.183727  -0.000008 0.986604 0.163131  0.804688 0.285156
11  6.867369 -4.856703 59.183727  0.000000 0.986411 0.164297  0.761719 0.285156
11  6.207368 -4.856465 58.493729  -0.316229 0.948683 -0.000228  0.812500 0.207031
galil.bmp
11  6.207368 -4.856465 58.493729  -0.316229 0.948683 -0.000228  0.812500 0.207031
11  6.867369 -4.856703 59.183727  0.000000 0.986411 0.164297  0.761719 0.285156
11  6.967368 -4.856465 58.493729  -0.000001 0.999879 -0.015571  0.753906 0.207031
galil.bmp
11  6.867369 -4.856703 59.183727  0.000000 0.986411 0.164297  0.761719 0.285156
11  6.967369 -4.856703 59.183727  0.000000 0.965801 0.259286  0.753906 0.285156
11  6.967368 -4.856465 58.493729  -0.000001 0.999879 -0.015571  0.753906 0.207031
galil.bmp
11  6.687369 -4.876765 59.363720  0.318200 0.259897 0.911703  0.761719 0.386719
11  6.587369 -4.876779 59.403721  0.112959 0.275569 0.954621  0.769531 0.390625
11  6.687369 -4.946772 59.383698  0.318206 0.259889 0.911703  0.761719 0.386719
galil.bmp
11  6.687369 -4.946772 59.383698  0.318206 0.259889 0.911703  0.761719 0.386719
11  6.587369 -4.876779 59.403721  0.112959 0.275569 0.954621  0.769531 0.390625
11  6.587369 -4.936782 59.413700  -0.107313 0.275562 0.955275  0.769531 0.390625
galil.bmp
11  6.587369 -4.876779 59.403721  0.112959 0.275569 0.954621  0.769531 0.390625
11  6.487369 -4.876765 59.363724  -0.542637 0.228165 0.808384  0.777344 0.386719
11  6.587369 -4.936782 59.413700  -0.107313 0.275562 0.955275  0.769531 0.390625
galil.bmp
11  6.587369 -4.936782 59.413700  -0.107313 0.275562 0.955275  0.769531 0.390625
11  6.487369 -4.876765 59.363724  -0.542637 0.228165 0.808384  0.777344 0.386719
11  6.487369 -4.946772 59.383698  -0.769669 0.148645 0.620898  0.777344 0.386719
galil.bmp
11  6.487369 -4.876765 59.363724  -0.542637 0.228165 0.808384  0.777344 0.386719
11  6.447369 -4.876737 59.283722  -0.973273 0.051197 0.223873  0.781250 0.375000
11  6.487369 -4.946772 59.383698  -0.769669 0.148645 0.620898  0.777344 0.386719
galil.bmp
11  6.487369 -4.946772 59.383698  -0.769669 0.148645 0.620898  0.777344 0.386719
11  6.447369 -4.876737 59.283722  -0.973273 0.051197 0.223873  0.781250 0.375000
11  6.447369 -4.966744 59.303692  -0.973266 0.051202 0.223902  0.781250 0.378906
galil.bmp
11  6.447369 -4.876737 59.283722  -0.973273 0.051197 0.223873  0.781250 0.375000
11  6.447369 -4.996699 59.173679  -1.000000 -0.000000 0.000000  0.781250 0.363281
11  6.447369 -4.966744 59.303692  -0.973266 0.051202 0.223902  0.781250 0.378906
galil.bmp
11  6.457368 -6.066675 59.103310  -1.000000 0.000000 0.000006  0.839844 0.820313
11  6.457369 -6.066734 59.273312  -0.536615 0.000000 -0.843827  0.839844 0.839844
11  6.457369 -5.906734 59.273365  -0.906191 0.000311 -0.422868  0.839844 0.839844
galil.bmp
11  6.457369 -5.906734 59.273365  -0.906191 0.000311 -0.422868  0.839844 0.839844
11  6.457369 -6.066734 59.273312  -0.536615 0.000000 -0.843827  0.839844 0.839844
11  6.327369 -5.906737 59.283367  -0.537205 0.000289 -0.843452  0.851563 0.843750
galil.bmp
11  6.457369 -6.066734 59.273312  -0.536615 0.000000 -0.843827  0.839844 0.839844
11  6.327369 -6.066737 59.283310  -0.905861 0.000158 -0.423575  0.851563 0.843750
11  6.327369 -5.906737 59.283367  -0.537205 0.000289 -0.843452  0.851563 0.843750
galil.bmp
11  6.327369 -5.906737 59.283367  -0.537205 0.000289 -0.843452  0.851563 0.843750
11  6.327369 -6.066737 59.283310  -0.905861 0.000158 -0.423575  0.851563 0.843750
11  6.327369 -5.906847 59.603367  -0.874004 -0.000180 0.485919  0.851563 0.886719
galil.bmp
11  6.327369 -6.066737 59.283310  -0.905861 0.000158 -0.423575  0.851563 0.843750
11  6.327369 -6.066847 59.603310  -0.136666 0.001649 0.990616  0.851563 0.886719
11  6.327369 -5.906847 59.603367  -0.874004 -0.000180 0.485919  0.851563 0.886719
galil.bmp
11  6.327369 -5.906847 59.603367  -0.874004 -0.000180 0.485919  0.851563 0.886719
11  6.327369 -6.066847 59.603310  -0.136666 0.001649 0.990616  0.851563 0.886719
11  6.467369 -5.906827 59.543365  0.382715 -0.000001 0.923866  0.835938 0.878906
galil.bmp
11  6.327369 -6.066847 59.603310  -0.136726 0.001710 0.990608  0.851563 0.886719
11  6.467369 -6.066827 59.543312  0.382691 -0.000014 0.923877  0.835938 0.878906
11  6.467369 -5.906827 59.543365  0.382691 0.000001 0.923877  0.835938 0.878906
galil.bmp
15  5.791074 -11.514441 58.988392  -0.913644 0.378417 -0.148510  0.605469 0.816406
15  5.861074 -11.354442 58.988449  -0.703205 0.700704 -0.120480  0.589844 0.816406
15  5.931073 -11.414310 58.608429  -0.773690 0.587664 -0.236760  0.589844 0.761719
galil.bmp
15  5.931073 -11.414310 58.608429  -0.773690 0.587664 -0.236760  0.589844 0.761719
15  5.861074 -11.354442 58.988449  -0.703205 0.700704 -0.120480  0.589844 0.816406
15  6.021073 -11.374310 58.608440  -0.131581 0.962645 -0.236647  0.582031 0.761719
galil.bmp
15  5.861074 -11.354442 58.988449  -0.703205 0.700704 -0.120480  0.589844 0.816406
15  6.021074 -11.284441 58.988472  -0.001710 0.992713 -0.120490  0.574219 0.816406
15  6.021073 -11.374310 58.608440  -0.131581 0.962645 -0.236647  0.582031 0.761719
galil.bmp
15  6.021073 -11.374310 58.608440  -0.131581 0.962645 -0.236647  0.582031 0.761719
15  6.021074 -11.284441 58.988472  -0.001710 0.992713 -0.120490  0.574219 0.816406
15  6.121073 -11.414310 58.608429  0.587691 0.773680 -0.236727  0.574219 0.761719
galil.bmp
15  6.021074 -11.284441 58.988472  -0.001710 0.992713 -0.120490  0.574219 0.816406
15  6.191074 -11.354442 58.988449  0.700685 0.703224 -0.120481  0.566406 0.816406
15  6.121073 -11.414310 58.608429  0.587691 0.773680 -0.236727  0.574219 0.761719
galil.bmp
15  6.121073 -11.414310 58.608429  0.587691 0.773680 -0.236727  0.574219 0.761719
15  6.191074 -11.354442 58.988449  0.700685 0.703224 -0.120481  0.566406 0.816406
15  6.161073 -11.514310 58.608391  0.900922 0.373187 -0.221519  0.578125 0.761719
galil.bmp
15  6.191074 -11.354442 58.988449  0.700685 0.703224 -0.120481  0.566406 0.816406
15  6.261074 -11.514441 58.988392  0.921330 0.381615 -0.074306  0.574219 0.816406
15  6.161073 -11.514310 58.608391  0.900908 0.373223 -0.221514  0.578125 0.761719
galil.bmp
15  5.791074 -11.514486 59.118393  -0.923864 0.382720 0.000001  0.605469 0.835938
15  5.861074 -11.354486 59.118446  -0.604807 0.796372 0.000282  0.589844 0.835938
15  5.861074 -11.354442 58.988449  -0.703205 0.700704 -0.120480  0.589844 0.816406
galil.bmp
15  5.861074 -11.354442 58.988449  -0.703205 0.700704 -0.120480  0.589844 0.816406
15  5.861074 -11.354486 59.118446  -0.604807 0.796372 0.000282  0.589844 0.835938
15  6.021074 -11.284441 58.988472  -0.001710 0.992713 -0.120490  0.574219 0.816406
galil.bmp
15  5.861074 -11.354486 59.118446  -0.604807 0.796372 0.000282  0.589844 0.835938
15  6.021074 -11.284486 59.118473  0.135418 0.990788 0.000343  0.574219 0.835938
15  6.021074 -11.284441 58.988472  -0.001710 0.992713 -0.120490  0.574219 0.816406
galil.bmp
15  6.021074 -11.284441 58.988472  -0.001710 0.992713 -0.120490  0.574219 0.816406
15  6.021074 -11.284486 59.118473  0.135418 0.990788 0.000343  0.574219 0.835938
15  6.191074 -11.354442 58.988449  0.700685 0.703224 -0.120481  0.566406 0.816406
galil.bmp
15  6.021074 -11.284486 59.118473  0.135418 0.990788 0.000343  0.574219 0.835938
15  6.191074 -11.354486 59.118446  0.796378 0.604799 0.000211  0.566406 0.835938
15  6.191074 -11.354442 58.988449  0.700685 0.703224 -0.120481  0.566406 0.816406
galil.bmp
15  6.191074 -11.354442 58.988449  0.700685 0.703224 -0.120481  0.566406 0.816406
15  6.191074 -11.354486 59.118446  0.796378 0.604799 0.000211  0.566406 0.835938
15  6.261074 -11.514441 58.988392  0.921330 0.381615 -0.074306  0.574219 0.816406
galil.bmp
15  6.191074 -11.354486 59.118446  0.796378 0.604799 0.000211  0.566406 0.835938
15  6.261074 -11.514486 59.118393  0.923878 0.382687 0.000001  0.574219 0.835938
15  6.261074 -11.514441 58.988392  0.921330 0.381615 -0.074306  0.574219 0.816406
galil.bmp
11  6.167366 -12.376453 58.461136  -0.000001 0.999879 -0.015567  0.863281 0.496094
11  5.997365 -12.376398 58.301136  0.000000 0.999879 -0.015567  0.875000 0.476563
11  6.047366 -12.376436 58.411137  -0.000029 0.999879 -0.015570  0.871094 0.492188
galil.bmp
11  6.167366 -12.376453 58.461136  -0.000001 0.999879 -0.015567  0.863281 0.496094
11  6.047365 -12.376356 58.181133  0.000001 0.999878 -0.015614  0.871094 0.464844
11  5.997365 -12.376398 58.301136  0.000000 0.999879 -0.015567  0.875000 0.476563
galil.bmp
11  6.167366 -12.376453 58.461136  -0.000001 0.999879 -0.015567  0.863281 0.496094
11  6.167365 -12.376339 58.131134  0.000002 0.999878 -0.015614  0.863281 0.457031
11  6.047365 -12.376356 58.181133  0.000001 0.999878 -0.015614  0.871094 0.464844
galil.bmp
11  6.167366 -12.376453 58.461136  0.000015 0.999879 -0.015566  0.863281 0.496094
11  6.277365 -12.376356 58.181133  -0.000001 0.999879 -0.015566  0.851563 0.464844
11  6.167365 -12.376339 58.131134  0.000003 0.999879 -0.015567  0.863281 0.457031
galil.bmp
11  6.167366 -12.376453 58.461136  0.000015 0.999879 -0.015566  0.863281 0.496094
11  6.327365 -12.376398 58.301136  -0.000001 0.999878 -0.015613  0.847656 0.476563
11  6.277365 -12.376356 58.181133  -0.000001 0.999879 -0.015566  0.851563 0.464844
galil.bmp
11  6.167366 -12.376453 58.461136  0.000015 0.999879 -0.015566  0.863281 0.496094
11  6.277366 -12.376436 58.411133  0.000001 0.999878 -0.015615  0.851563 0.492188
11  6.327365 -12.376398 58.301136  -0.000001 0.999878 -0.015613  0.847656 0.476563
galil.bmp
11  6.977361 -5.094502 52.803646  -0.025201 0.365484 -0.930477  0.082031 0.398438
11  6.767361 -5.384464 52.693546  -0.025198 0.365490 -0.930474  0.097656 0.406250
11  6.977362 -4.164630 53.173965  -0.025201 0.365400 -0.930509  0.035156 0.429688
galil.bmp
11  6.977362 -4.164630 53.173965  -0.025201 0.365400 -0.930509  0.035156 0.429688
11  6.767361 -5.384464 52.693546  -0.025198 0.365490 -0.930474  0.097656 0.406250
11  6.767362 -3.864668 53.284073  -0.025166 0.365486 -0.930477  0.023438 0.449219
galil.bmp
11  6.767361 -5.384464 52.693546  -0.025198 0.365490 -0.930474  0.097656 0.406250
11  6.407361 -5.384464 52.693546  -0.025170 0.365487 -0.930476  0.105469 0.433594
11  6.767362 -3.864668 53.284073  -0.025166 0.365486 -0.930477  0.023438 0.449219
galil.bmp
11  6.767362 -3.864668 53.284073  -0.025166 0.365486 -0.930477  0.023438 0.449219
11  6.407361 -5.384464 52.693546  -0.025170 0.365487 -0.930476  0.105469 0.433594
11  6.407362 -3.864668 53.284073  -0.025199 0.365488 -0.930475  0.031250 0.476563
galil.bmp
11  6.407361 -5.384464 52.693546  -0.025170 0.365487 -0.930476  0.105469 0.433594
11  6.197361 -5.094502 52.803646  -0.025171 0.365488 -0.930476  0.097656 0.453125
11  6.407362 -3.864668 53.284073  -0.025199 0.365488 -0.930475  0.031250 0.476563
galil.bmp
11  6.407362 -3.864668 53.284073  -0.025188 0.365487 -0.930476  0.031250 0.476563
11  6.197361 -5.094502 52.803646  -0.025187 0.365487 -0.930475  0.097656 0.453125
11  6.197362 -4.164630 53.173969  -0.025187 0.365487 -0.930476  0.046875 0.480469
galil.bmp
11  6.117368 -3.866182 57.674072  -1.000000 0.000000 0.000001  0.062500 0.878906
11  6.117366 -4.625706 56.293808  -1.000000 0.000000 0.000001  0.101563 0.773438
11  6.117368 -4.366333 58.113899  -1.000000 0.000000 0.000001  0.085938 0.914063
galil.bmp
11  6.117368 -4.366333 58.113899  -1.000000 0.000000 0.000001  0.085938 0.914063
11  6.117366 -4.625706 56.293808  -1.000000 0.000000 0.000001  0.101563 0.773438
11  6.117367 -6.466192 57.703175  -1.000000 0.000001 0.000001  0.199219 0.882813
galil.bmp
11  6.117366 -4.625706 56.293808  -1.000000 0.000000 0.000001  0.101563 0.773438
11  6.117364 -8.435705 56.292496  -1.000000 0.000000 0.000001  0.300781 0.773438
11  6.117367 -6.466192 57.703175  -1.000000 0.000001 0.000001  0.199219 0.882813
galil.bmp
11  6.117367 -6.466192 57.703175  -1.000000 0.000001 0.000001  0.199219 0.882813
11  6.117364 -8.435705 56.292496  -1.000000 0.000000 0.000001  0.300781 0.773438
11  6.117365 -11.816191 57.701328  -1.000000 0.000000 0.000001  0.476563 0.882813
galil.bmp
11  6.117364 -8.435705 56.292496  -1.000000 0.000000 0.000001  0.300781 0.773438
11  6.117364 -12.375957 57.021133  -1.000000 0.000000 0.000001  0.507813 0.828125
11  6.117365 -11.816191 57.701328  -1.000000 0.000000 0.000001  0.476563 0.882813
galil.bmp
11  6.117365 -11.816191 57.701328  -1.000000 0.000000 0.000001  0.476563 0.882813
11  6.117364 -12.375957 57.021133  -1.000000 0.000000 0.000001  0.507813 0.828125
11  6.117365 -12.376332 58.111134  -1.000000 0.000000 0.000001  0.507813 0.914063
galil.bmp
11  6.017366 -5.985930 56.943340  -1.000000 0.000000 0.000002  0.171875 0.824219
11  6.017367 -5.696071 57.353439  -1.000000 0.000004 0.000002  0.156250 0.855469
11  6.017366 -5.765971 57.063416  -1.000000 -0.000004 0.000004  0.160156 0.832031
galil.bmp
11  6.017366 -5.985930 56.943340  -1.000000 0.000000 0.000002  0.171875 0.824219
11  6.017367 -5.836151 57.583393  -1.000000 0.000002 0.000001  0.164063 0.875000
11  6.017367 -5.696071 57.353439  -1.000000 0.000004 0.000002  0.156250 0.855469
galil.bmp
11  6.017366 -5.985930 56.943340  -1.000000 0.000000 0.000002  0.171875 0.824219
11  6.017367 -6.116168 57.633293  -1.000000 0.000001 0.000002  0.179688 0.878906
11  6.017367 -5.836151 57.583393  -1.000000 0.000002 0.000001  0.164063 0.875000
galil.bmp
11  6.017366 -5.985930 56.943340  -1.000000 0.000000 0.000002  0.171875 0.824219
11  6.017366 -6.586112 57.473133  -1.000000 0.000001 0.000001  0.203125 0.863281
11  6.017367 -6.116168 57.633293  -1.000000 0.000001 0.000002  0.179688 0.878906
galil.bmp
11  6.017366 -5.985930 56.943340  -1.000000 0.000000 0.000002  0.171875 0.824219
11  6.017365 -8.846102 57.442352  -1.000000 -0.000000 0.000000  0.320313 0.863281
11  6.017366 -6.586112 57.473133  -1.000000 0.000001 0.000001  0.203125 0.863281
galil.bmp
11  6.017366 -5.985930 56.943340  -1.000000 0.000000 0.000002  0.171875 0.824219
11  6.017365 -8.895985 57.102337  -1.000000 0.000004 -0.000000  0.324219 0.835938
11  6.017365 -8.846102 57.442352  -1.000000 -0.000000 0.000000  0.320313 0.863281
galil.bmp
15  6.191074 -11.354486 59.118446  -0.000001 0.000131 1.000000  0.574219 0.722656
15  6.191074 -11.674486 59.118336  -0.000029 -0.000346 1.000000  0.605469 0.722656
15  6.261074 -11.514486 59.118393  0.000000 -0.000346 1.000000  0.589844 0.730469
galil.bmp
15  6.191074 -11.354486 59.118446  -0.000001 0.000131 1.000000  0.574219 0.722656
15  6.021074 -11.744486 59.118313  0.000006 -0.000348 1.000000  0.613281 0.699219
15  6.191074 -11.674486 59.118336  -0.000029 -0.000346 1.000000  0.605469 0.722656
galil.bmp
15  6.191074 -11.354486 59.118446  -0.000001 0.000131 1.000000  0.574219 0.722656
15  5.861074 -11.674486 59.118340  0.000026 -0.000341 1.000000  0.605469 0.675781
15  6.021074 -11.744486 59.118313  0.000006 -0.000348 1.000000  0.613281 0.699219
galil.bmp
15  6.191074 -11.354486 59.118446  -0.000001 0.000131 1.000000  0.574219 0.722656
15  5.791074 -11.514486 59.118393  0.000017 -0.000334 1.000000  0.589844 0.667969
15  5.861074 -11.674486 59.118340  0.000026 -0.000341 1.000000  0.605469 0.675781
galil.bmp
15  6.191074 -11.354486 59.118446  -0.000001 0.000131 1.000000  0.574219 0.722656
15  5.861074 -11.354486 59.118446  -0.000000 0.000233 1.000000  0.574219 0.675781
15  5.791074 -11.514486 59.118393  0.000017 -0.000334 1.000000  0.589844 0.667969
galil.bmp
15  6.191074 -11.354486 59.118446  -0.000001 0.000131 1.000000  0.574219 0.722656
15  6.021074 -11.284486 59.118473  0.000000 -0.000381 1.000000  0.566406 0.699219
15  5.861074 -11.354486 59.118446  -0.000000 0.000233 1.000000  0.574219 0.675781
galil.bmp
15  6.021073 -11.374310 58.608440  0.000034 -0.000095 -1.000000  0.582031 0.761719
15  5.891073 -11.514310 58.608395  0.000034 -0.000095 -1.000000  0.597656 0.761719
15  5.931073 -11.414310 58.608429  0.000035 -0.000095 -1.000000  0.589844 0.761719
galil.bmp
15  6.021073 -11.374310 58.608440  -0.000000 0.000359 -1.000000  0.582031 0.761719
15  5.931073 -11.614310 58.608356  -0.000065 0.000348 -1.000000  0.601563 0.761719
15  5.891073 -11.514310 58.608395  0.000000 -0.000210 -1.000000  0.597656 0.761719
galil.bmp
15  6.021073 -11.374310 58.608440  -0.000000 0.000359 -1.000000  0.582031 0.761719
15  6.021073 -11.654310 58.608345  -0.000003 0.000341 -1.000000  0.597656 0.761719
15  5.931073 -11.614310 58.608356  -0.000065 0.000348 -1.000000  0.601563 0.761719
galil.bmp
15  6.021073 -11.374310 58.608440  -0.000000 0.000359 -1.000000  0.582031 0.761719
15  6.121073 -11.614310 58.608356  0.000057 0.000343 -1.000000  0.589844 0.761719
15  6.021073 -11.654310 58.608345  -0.000003 0.000341 -1.000000  0.597656 0.761719
galil.bmp
15  6.021073 -11.374310 58.608440  -0.000000 0.000359 -1.000000  0.582031 0.761719
15  6.161073 -11.514310 58.608391  -0.000000 -0.000220 -1.000000  0.578125 0.761719
15  6.121073 -11.614310 58.608356  0.000057 0.000343 -1.000000  0.589844 0.761719
galil.bmp
15  6.021073 -11.374310 58.608440  -0.000000 0.000359 -1.000000  0.582031 0.761719
15  6.121073 -11.414310 58.608429  0.000000 -0.000080 -1.000000  0.574219 0.761719
15  6.161073 -11.514310 58.608391  -0.000000 -0.000220 -1.000000  0.578125 0.761719
galil.bmp
11  6.017363 -13.035694 56.260906  -0.946271 0.059775 -0.317802  0.496094 0.144531
11  6.017363 -13.835756 56.440632  -0.929753 -0.055492 -0.363978  0.539063 0.160156
11  6.017365 -13.026328 58.100910  -1.000000 -0.000010 -0.000002  0.496094 0.289063
galil.bmp
11  6.017363 -13.035694 56.260906  -0.946271 0.059775 -0.317802  0.496094 0.144531
11  6.147363 -13.035632 56.080906  -0.812998 -0.044096 -0.580594  0.496094 0.132813
11  6.017363 -13.835756 56.440632  -0.929753 -0.055492 -0.363978  0.539063 0.160156
galil.bmp
11  6.017363 -13.035694 56.260906  -0.946271 0.059775 -0.317802  0.496094 0.144531
11  6.147363 -12.365694 56.261139  -0.864333 0.167805 -0.474099  0.460938 0.144531
11  6.147363 -13.035632 56.080906  -0.812998 -0.044096 -0.580594  0.496094 0.132813
galil.bmp
11  6.017363 -13.035694 56.260906  -0.946271 0.059775 -0.317802  0.496094 0.144531
11  6.077363 -12.365756 56.441139  -0.985202 0.117599 -0.124691  0.460938 0.160156
11  6.147363 -12.365694 56.261139  -0.864333 0.167805 -0.474099  0.460938 0.144531
galil.bmp
11  6.017363 -13.035694 56.260906  -0.946271 0.059775 -0.317802  0.496094 0.144531
11  6.017365 -13.026328 58.100910  -1.000000 -0.000010 -0.000002  0.496094 0.289063
11  6.077363 -12.365756 56.441139  -0.985202 0.117599 -0.124691  0.460938 0.160156
galil.bmp
11  7.017363 -13.035632 56.080906  -1.000000 0.000000 0.000000  0.218750 0.703125
11  7.017363 -13.835694 56.260632  -0.929424 -0.002611 0.369005  0.230469 0.703125
11  7.017363 -12.365694 56.261139  -0.979836 -0.000010 0.199802  0.207031 0.703125
galil.bmp
11  7.017363 -12.365694 56.261139  -0.979836 -0.000010 0.199802  0.207031 0.703125
11  7.017363 -13.835694 56.260632  -0.929424 -0.002611 0.369005  0.230469 0.703125
11  7.097363 -12.365756 56.441139  -0.970990 -0.007375 0.239007  0.207031 0.703125
galil.bmp
11  6.837363 -7.715206 54.842743  -0.000001 0.995060 0.099279  0.164063 0.523438
11  6.337363 -7.715205 54.842743  -0.706048 0.703141 0.084198  0.187500 0.523438
11  6.837365 -7.895737 56.382679  -0.000000 0.995055 0.099327  0.171875 0.636719
galil.bmp
11  6.837365 -7.895737 56.382679  -0.000000 0.995055 0.099327  0.171875 0.636719
11  6.337363 -7.715205 54.842743  -0.706048 0.703141 0.084198  0.187500 0.523438
11  6.337365 -7.895737 56.382679  -0.948671 0.314018 0.037619  0.195313 0.636719
galil.bmp
11  6.337363 -7.715205 54.842743  -0.706048 0.703141 0.084198  0.187500 0.523438
11  6.337364 -8.135474 55.622597  -1.000000 0.000000 0.000001  0.207031 0.578125
11  6.337365 -7.895737 56.382679  -0.948671 0.314018 0.037619  0.195313 0.636719
galil.bmp
11  6.337365 -7.895737 56.382679  -0.948671 0.314018 0.037619  0.195313 0.636719
11  6.337364 -8.135474 55.622597  -1.000000 0.000000 0.000001  0.207031 0.578125
11  6.337364 -8.685564 55.882408  -1.000000 0.000000 0.000001  0.234375 0.597656
galil.bmp
11  6.337364 -8.135474 55.622597  -1.000000 0.000000 0.000001  0.207031 0.578125
11  6.337364 -8.495495 55.682472  -1.000000 0.000000 0.000000  0.226563 0.585938
11  6.337364 -8.685564 55.882408  -1.000000 0.000000 0.000001  0.234375 0.597656
galil.bmp
11  6.197362 -5.014688 53.343674  -1.000000 -0.000000 0.000002  0.089844 0.496094
11  6.197363 -5.094899 53.953648  -1.000000 -0.000000 0.000001  0.093750 0.539063
11  6.197362 -4.164630 53.173969  -0.973639 0.215443 0.074915  0.046875 0.480469
galil.bmp
11  6.197362 -4.164630 53.173969  -0.973639 0.215443 0.074915  0.046875 0.480469
11  6.197363 -5.094899 53.953648  -1.000000 -0.000000 0.000001  0.093750 0.539063
11  6.197365 -5.015482 55.643673  -0.980933 0.194019 0.011302  0.089844 0.667969
galil.bmp
11  6.197363 -5.094899 53.953648  -1.000000 -0.000000 0.000001  0.093750 0.539063
11  6.197364 -5.665416 55.453449  -1.000000 0.000001 0.000001  0.125000 0.652344
11  6.197365 -5.015482 55.643673  -0.980933 0.194019 0.011302  0.089844 0.667969
galil.bmp
11  6.197365 -5.015482 55.643673  -0.980933 0.194019 0.011302  0.089844 0.667969
11  6.197364 -5.665416 55.453449  -1.000000 0.000001 0.000001  0.125000 0.652344
11  6.197365 -6.255713 56.313248  -1.000000 0.000001 0.000002  0.152344 0.714844
galil.bmp
11  6.197364 -5.665416 55.453449  -1.000000 0.000001 0.000001  0.125000 0.652344
11  6.197364 -6.175506 55.713276  -1.000000 0.000000 0.000002  0.148438 0.671875
11  6.197365 -6.255713 56.313248  -1.000000 0.000001 0.000002  0.152344 0.714844
galil.bmp
11  6.117368 -4.366333 58.113899  -0.314764 0.532831 0.785503  0.062500 0.914063
11  6.217368 -4.496382 58.253853  -0.385125 0.511092 0.768416  0.054688 0.925781
11  7.057368 -4.366334 58.113895  -0.000000 0.689062 0.724703  0.011719 0.914063
galil.bmp
11  7.057368 -4.366334 58.113895  -0.000000 0.689062 0.724703  0.011719 0.914063
11  6.217368 -4.496382 58.253853  -0.385125 0.511092 0.768416  0.054688 0.925781
11  6.957368 -4.496382 58.253853  0.000099 0.719807 0.694174  0.015625 0.925781
galil.bmp
11  6.217368 -4.496382 58.253853  -0.385125 0.511092 0.768416  0.054688 0.925781
11  6.267368 -4.716458 58.473778  0.000100 0.719802 0.694180  0.054688 0.941406
11  6.957368 -4.496382 58.253853  0.000099 0.719807 0.694174  0.015625 0.925781
galil.bmp
11  6.957368 -4.496382 58.253853  0.000099 0.719807 0.694174  0.015625 0.925781
11  6.267368 -4.716458 58.473778  0.000100 0.719802 0.694180  0.054688 0.941406
11  6.907368 -4.716458 58.473778  0.000100 0.719799 0.694183  0.019531 0.941406
galil.bmp
11  6.267368 -4.716458 58.473778  0.000100 0.719802 0.694180  0.054688 0.941406
11  6.777369 -4.866513 58.633724  0.000100 0.719775 0.694207  0.027344 0.960938
11  6.907368 -4.716458 58.473778  0.000100 0.719799 0.694183  0.019531 0.941406
galil.bmp
11  6.267367 -9.316457 58.472191  0.000000 0.000345 -1.000000  0.347656 0.941406
11  6.387366 -11.816457 58.471329  -0.000006 0.718266 -0.695768  0.476563 0.941406
11  6.267366 -11.816457 58.471329  0.000000 0.718821 -0.695195  0.476563 0.941406
galil.bmp
11  6.267366 -11.816457 58.471329  0.000000 0.718821 -0.695195  0.476563 0.941406
11  6.387366 -11.816457 58.471329  -0.000006 0.718266 -0.695768  0.476563 0.941406
11  6.217366 -11.816381 58.251328  0.000000 0.999878 -0.015608  0.476563 0.925781
galil.bmp
11  6.387366 -11.816457 58.471329  -0.000006 0.718266 -0.695768  0.476563 0.941406
11  6.227365 -11.816333 58.111328  -0.000001 0.999878 -0.015610  0.476563 0.914063
11  6.217366 -11.816381 58.251328  0.000000 0.999878 -0.015608  0.476563 0.925781
galil.bmp
11  6.217366 -11.816381 58.251328  0.000000 0.999878 -0.015608  0.476563 0.925781
11  6.227365 -11.816333 58.111328  -0.000001 0.999878 -0.015610  0.476563 0.914063
11  6.117365 -11.816333 58.111328  0.000000 0.999878 -0.015611  0.476563 0.914063
galil.bmp
11  6.227365 -11.816333 58.111328  -0.000001 0.999878 -0.015610  0.476563 0.914063
11  6.117365 -11.816191 57.701328  0.000005 0.999879 -0.015570  0.476563 0.882813
11  6.117365 -11.816333 58.111328  0.000000 0.999878 -0.015611  0.476563 0.914063
galil.bmp
11  6.207369 -5.206823 59.533607  -0.708207 0.194062 0.678810  0.839844 0.324219
11  6.207369 -5.006806 59.483677  -0.730815 0.349507 0.586305  0.824219 0.320313
11  6.207369 -5.376789 59.433548  -1.000000 -0.000003 0.000000  0.851563 0.312500
galil.bmp
11  6.207369 -5.376789 59.433548  -1.000000 -0.000003 0.000000  0.851563 0.312500
11  6.207369 -5.006806 59.483677  -0.730815 0.349507 0.586305  0.824219 0.320313
11  6.207369 -5.426668 59.083534  -1.000000 -0.000001 0.000001  0.855469 0.273438
galil.bmp
11  6.207369 -5.006806 59.483677  -0.730815 0.349507 0.586305  0.824219 0.320313
11  6.207369 -4.856703 59.183727  -0.716904 0.658419 0.229200  0.812500 0.285156
11  6.207369 -5.426668 59.083534  -1.000000 -0.000001 0.000001  0.855469 0.273438
galil.bmp
11  6.207369 -5.426668 59.083534  -1.000000 -0.000001 0.000001  0.855469 0.273438
11  6.207369 -4.856703 59.183727  -0.716904 0.658419 0.229200  0.812500 0.285156
11  6.207368 -5.426465 58.493534  -1.000000 0.000001 0.000001  0.855469 0.207031
galil.bmp
11  6.207369 -4.856703 59.183727  -0.716904 0.658419 0.229200  0.812500 0.285156
11  6.207368 -4.856465 58.493729  -0.316229 0.948683 -0.000228  0.812500 0.207031
11  6.207368 -5.426465 58.493534  -1.000000 0.000001 0.000001  0.855469 0.207031
galil.bmp
11  6.447369 -4.876689 59.143723  0.000005 0.999879 -0.015574  0.781250 0.359375
11  6.447369 -4.876737 59.283722  -0.000000 0.999878 -0.015617  0.781250 0.375000
11  6.727369 -4.876689 59.143723  -0.000001 0.999879 -0.015570  0.757813 0.359375
galil.bmp
11  6.727369 -4.876689 59.143723  -0.000001 0.999879 -0.015570  0.757813 0.359375
11  6.447369 -4.876737 59.283722  -0.000000 0.999878 -0.015617  0.781250 0.375000
11  6.727369 -4.876737 59.283722  0.000000 0.999878 -0.015615  0.757813 0.375000
galil.bmp
11  6.447369 -4.876737 59.283722  -0.000000 0.999878 -0.015617  0.781250 0.375000
11  6.487369 -4.876765 59.363724  -0.000029 0.999878 -0.015611  0.777344 0.386719
11  6.727369 -4.876737 59.283722  0.000000 0.999878 -0.015615  0.757813 0.375000
galil.bmp
11  6.727369 -4.876737 59.283722  0.000000 0.999878 -0.015615  0.757813 0.375000
11  6.487369 -4.876765 59.363724  -0.000029 0.999878 -0.015611  0.777344 0.386719
11  6.687369 -4.876765 59.363720  0.000000 0.999878 -0.015612  0.761719 0.386719
galil.bmp
11  6.487369 -4.876765 59.363724  -0.000029 0.999878 -0.015611  0.777344 0.386719
11  6.587369 -4.876779 59.403721  0.000029 0.999878 -0.015605  0.769531 0.390625
11  6.687369 -4.876765 59.363720  0.000000 0.999878 -0.015612  0.761719 0.386719
galil.bmp
11  6.857369 -5.416668 59.083534  -0.000000 0.008718 0.999962  0.796875 0.164063
11  6.327369 -5.906668 59.083366  0.000003 0.644999 0.764184  0.828125 0.109375
11  6.857368 -5.906668 59.083366  0.000000 0.644993 0.764189  0.828125 0.164063
galil.bmp
11  6.857368 -5.906668 59.083366  0.000000 0.644993 0.764189  0.828125 0.164063
11  6.327369 -5.906668 59.083366  0.000003 0.644999 0.764184  0.828125 0.109375
11  6.857369 -5.936723 59.243355  -0.000002 0.827270 0.561804  0.832031 0.164063
galil.bmp
11  6.327369 -5.906668 59.083366  0.000003 0.644999 0.764184  0.828125 0.109375
11  6.327369 -5.936723 59.243355  0.000000 0.416243 0.909253  0.832031 0.109375
11  6.857369 -5.936723 59.243355  -0.000002 0.827270 0.561804  0.832031 0.164063
galil.bmp
11  6.857369 -5.936723 59.243355  -0.000002 0.827270 0.561804  0.832031 0.164063
11  6.327369 -5.936723 59.243355  0.000000 0.416243 0.909253  0.832031 0.109375
11  6.857368 -6.056723 59.243313  0.000000 0.008711 0.999962  0.839844 0.164063
galil.bmp
11  6.327369 -5.936723 59.243355  0.000000 0.416243 0.909253  0.832031 0.109375
11  6.327369 -6.056723 59.243313  -0.000000 0.008711 0.999962  0.839844 0.109375
11  6.857368 -6.056723 59.243313  0.000000 0.008711 0.999962  0.839844 0.164063
galil.bmp
11  6.847369 -5.906847 59.603367  -0.375704 -0.000001 0.926740  0.800781 0.886719
11  6.707369 -5.906827 59.543365  -0.873329 -0.000161 0.487131  0.816406 0.878906
11  6.707369 -6.066827 59.543312  -0.655717 0.006562 0.754978  0.816406 0.878906
galil.bmp
11  6.707369 -6.066827 59.543312  -0.655717 0.006562 0.754978  0.816406 0.878906
11  6.707369 -5.906827 59.543365  -0.873329 -0.000161 0.487131  0.816406 0.878906
11  6.667369 -6.066765 59.363312  -0.796172 0.000601 0.605071  0.820313 0.855469
galil.bmp
11  6.707369 -5.906827 59.543365  -0.873329 -0.000161 0.487131  0.816406 0.878906
11  6.667369 -5.906765 59.363365  -0.376520 -0.000310 0.926409  0.820313 0.855469
11  6.667369 -6.066765 59.363312  -0.796172 0.000601 0.605071  0.820313 0.855469
galil.bmp
11  6.667369 -6.066765 59.363312  -0.796172 0.000601 0.605071  0.820313 0.855469
11  6.667369 -5.906765 59.363365  -0.376520 -0.000310 0.926409  0.820313 0.855469
11  6.507369 -6.066765 59.363312  -0.000000 0.008679 0.999962  0.832031 0.855469
galil.bmp
11  6.667369 -5.906765 59.363365  -0.376520 -0.000310 0.926409  0.820313 0.855469
11  6.507369 -5.906765 59.363365  0.000003 0.008679 0.999962  0.832031 0.855469
11  6.507369 -6.066765 59.363312  -0.000000 0.008679 0.999962  0.832031 0.855469
galil.bmp
11  6.847369 -5.906847 59.603367  -0.000004 0.999879 -0.015572  0.800781 0.886719
11  6.847369 -5.906737 59.283367  -0.000000 0.999879 -0.015572  0.800781 0.843750
11  6.707369 -5.906827 59.543365  -0.000026 0.999878 -0.015618  0.816406 0.878906
galil.bmp
11  6.707369 -5.906827 59.543365  -0.000026 0.999878 -0.015618  0.816406 0.878906
11  6.847369 -5.906737 59.283367  -0.000000 0.999879 -0.015572  0.800781 0.843750
11  6.667369 -5.906765 59.363365  -0.000001 0.999879 -0.015567  0.820313 0.855469
galil.bmp
11  6.847369 -5.906737 59.283367  -0.000000 0.999879 -0.015572  0.800781 0.843750
11  6.717369 -5.906734 59.273365  -0.000000 0.999879 -0.015571  0.812500 0.839844
11  6.667369 -5.906765 59.363365  -0.000001 0.999879 -0.015567  0.820313 0.855469
galil.bmp
11  6.667369 -5.906765 59.363365  -0.000001 0.999879 -0.015567  0.820313 0.855469
11  6.717369 -5.906734 59.273365  -0.000000 0.999879 -0.015571  0.812500 0.839844
11  6.457369 -5.906734 59.273365  -0.000020 0.999879 -0.015578  0.839844 0.839844
galil.bmp
11  6.717369 -5.906734 59.273365  -0.000000 0.999879 -0.015571  0.812500 0.839844
11  6.457368 -5.906675 59.103367  0.000005 0.999878 -0.015616  0.839844 0.820313
11  6.457369 -5.906734 59.273365  -0.000020 0.999879 -0.015578  0.839844 0.839844
galil.bmp
11  6.727367 -2.925879 56.794395  -0.000001 0.999879 -0.015570  0.234375 0.386719
11  6.287367 -2.925879 56.794395  -0.449060 0.893496 0.003095  0.210938 0.386719
11  6.727368 -2.926193 57.704395  -0.000000 0.999879 -0.015570  0.234375 0.457031
galil.bmp
11  6.727368 -2.926193 57.704395  -0.000000 0.999879 -0.015570  0.234375 0.457031
11  6.287367 -2.925879 56.794395  -0.449060 0.893496 0.003095  0.210938 0.386719
11  6.287368 -2.926193 57.704395  -0.893766 0.448530 -0.001855  0.210938 0.457031
galil.bmp
11  6.287367 -3.095879 56.794338  -0.969717 0.244231 0.000095  0.210938 0.386719
11  6.287366 -3.095737 56.384338  -0.448960 0.893547 0.002994  0.199219 0.355469
11  6.287366 -3.895737 56.384060  -1.000000 0.000000 0.000002  0.160156 0.355469
galil.bmp
11  6.407363 -7.855374 55.332695  -1.000000 0.000001 0.000000  0.429688 0.671875
11  6.407364 -6.655409 55.433109  -1.000000 -0.000001 0.000000  0.347656 0.679688
11  6.407364 -6.635375 55.333115  -1.000000 -0.000001 0.000000  0.347656 0.671875
galil.bmp
11  6.407364 -6.635375 55.333115  -1.000000 -0.000001 0.000000  0.347656 0.671875
11  6.407364 -6.655409 55.433109  -1.000000 -0.000001 0.000000  0.347656 0.679688
11  6.407364 -6.435406 55.423183  -1.000000 -0.000001 0.000000  0.339844 0.671875
galil.bmp
11  6.407364 -6.655409 55.433109  -1.000000 -0.000001 0.000000  0.347656 0.679688
11  6.407364 -6.505430 55.493160  -1.000000 0.000000 0.000000  0.339844 0.679688
11  6.407364 -6.435406 55.423183  -1.000000 -0.000001 0.000000  0.339844 0.671875
galil.bmp
11  6.407364 -6.435406 55.423183  -1.000000 -0.000001 0.000000  0.339844 0.671875
11  6.407364 -6.505430 55.493160  -1.000000 0.000000 0.000000  0.339844 0.679688
11  6.407364 -6.325481 55.643223  -1.000000 0.000000 0.000000  0.328125 0.671875
galil.bmp
11  6.407364 -6.505430 55.493160  -1.000000 0.000000 0.000000  0.339844 0.679688
11  6.407364 -6.375537 55.803204  -1.000000 0.000000 0.000000  0.328125 0.679688
11  6.407364 -6.325481 55.643223  -1.000000 0.000000 0.000000  0.328125 0.671875
galil.bmp
13  6.727365 -6.420548 56.566010  0.000001 0.844103 -0.536181  0.437500 0.531250
13  6.667365 -6.700396 56.125912  0.000028 0.962798 -0.270224  0.457031 0.496094
13  6.507365 -6.700396 56.125912  0.000003 0.912685 -0.408663  0.464844 0.496094
galil.bmp
13  6.507365 -6.700396 56.125912  0.000003 0.912685 -0.408663  0.464844 0.496094
13  6.667365 -6.700396 56.125912  0.000028 0.962798 -0.270224  0.457031 0.496094
13  6.507365 -6.740289 55.815899  0.000000 0.962917 -0.269798  0.464844 0.472656
galil.bmp
13  6.667365 -6.700396 56.125912  0.000028 0.962798 -0.270224  0.457031 0.496094
13  6.667365 -6.740289 55.815899  0.000004 0.913191 -0.407533  0.457031 0.472656
13  6.507365 -6.740289 55.815899  0.000000 0.962917 -0.269798  0.464844 0.472656
galil.bmp
13  6.507365 -6.740289 55.815899  0.000000 0.962917 -0.269798  0.464844 0.472656
13  6.667365 -6.740289 55.815899  0.000004 0.913191 -0.407533  0.457031 0.472656
13  6.507364 -6.900192 55.535843  -0.000003 0.844171 -0.536074  0.476563 0.453125
galil.bmp
13  6.667365 -6.740289 55.815899  0.000006 0.912464 -0.409157  0.457031 0.472656
13  6.667364 -6.900192 55.535843  -0.000002 0.844172 -0.536072  0.464844 0.453125
13  6.507364 -6.900192 55.535843  0.000000 0.844173 -0.536072  0.476563 0.453125
galil.bmp
15  5.961073 -11.404331 58.668430  -1.000000 0.000000 0.000000  0.753906 0.500000
15  5.961073 -11.364138 58.108444  -1.000000 -0.000001 0.000003  0.750000 0.453125
15  5.961073 -11.624331 58.668354  -1.000000 -0.000001 0.000000  0.761719 0.500000
galil.bmp
15  5.961073 -11.624331 58.668354  -1.000000 -0.000001 0.000000  0.761719 0.500000
15  5.961073 -11.364138 58.108444  -1.000000 -0.000001 0.000003  0.750000 0.453125
15  5.961073 -11.664138 58.108341  -1.000000 -0.000001 0.000003  0.765625 0.453125
galil.bmp
15  5.961073 -11.364138 58.108444  -1.000000 -0.000001 0.000003  0.750000 0.453125
15  5.961072 -11.274065 57.898476  -0.973207 0.000000 -0.229933  0.746094 0.437500
15  5.961073 -11.664138 58.108341  -1.000000 -0.000001 0.000003  0.765625 0.453125
galil.bmp
15  5.961073 -11.664138 58.108341  -1.000000 -0.000001 0.000003  0.765625 0.453125
15  5.961072 -11.274065 57.898476  -0.973207 0.000000 -0.229933  0.746094 0.437500
15  5.961072 -11.754066 57.898312  -0.973215 0.000002 -0.229895  0.769531 0.437500
galil.bmp
15  5.961072 -11.274065 57.898476  -0.973207 0.000000 -0.229933  0.746094 0.437500
15  6.021072 -11.754027 57.788311  -0.894326 0.000152 -0.447417  0.769531 0.429688
15  5.961072 -11.754066 57.898312  -0.973215 0.000002 -0.229895  0.769531 0.437500
galil.bmp
15  6.091074 -11.404331 58.668430  -0.000000 0.997101 0.076088  0.746094 0.500000
15  6.091073 -11.364138 58.108444  -0.000002 0.958687 0.284463  0.742188 0.453125
15  5.961073 -11.364138 58.108444  0.000029 0.983536 0.180712  0.750000 0.453125
galil.bmp
15  5.961073 -11.364138 58.108444  0.000029 0.983536 0.180712  0.750000 0.453125
15  6.091073 -11.364138 58.108444  -0.000002 0.958687 0.284463  0.742188 0.453125
15  5.961072 -11.274065 57.898476  0.000005 0.958342 0.285624  0.746094 0.437500
galil.bmp
15  6.091073 -11.364138 58.108444  -0.000002 0.958687 0.284463  0.742188 0.453125
15  6.091073 -11.274065 57.898476  -0.000015 0.997007 0.077309  0.738281 0.437500
15  5.961072 -11.274065 57.898476  0.000005 0.958342 0.285624  0.746094 0.437500
galil.bmp
15  5.961072 -11.274065 57.898476  -0.000009 0.959021 0.283336  0.746094 0.437500
15  6.091073 -11.274065 57.898476  0.000002 0.997102 0.076076  0.738281 0.437500
15  6.021072 -11.274027 57.788475  0.000000 1.000000 0.000358  0.742188 0.429688
galil.bmp
15  6.091073 -11.274065 57.898476  -0.000004 0.997100 0.076099  0.738281 0.437500
15  6.221072 -11.274020 57.768475  0.000001 1.000000 0.000339  0.730469 0.429688
15  6.021072 -11.274027 57.788475  -0.000001 1.000000 -0.000153  0.742188 0.429688
galil.bmp
11  6.367360 -25.416216 57.776634  -0.000029 0.999878 -0.015597  0.914063 0.566406
11  6.897360 -25.416140 57.556633  -0.000001 0.999879 -0.015578  0.914063 0.546875
11  6.277360 -25.416140 57.556637  -0.000000 0.999878 -0.015607  0.914063 0.546875
galil.bmp
11  6.277360 -25.416140 57.556637  -0.000000 0.999878 -0.015607  0.914063 0.546875
11  6.897360 -25.416140 57.556633  -0.000001 0.999879 -0.015578  0.914063 0.546875
11  6.367360 -25.416061 57.326637  0.000001 0.999879 -0.015574  0.914063 0.531250
galil.bmp
11  6.897360 -25.416140 57.556633  -0.000001 0.999879 -0.015578  0.914063 0.546875
11  6.807360 -25.416061 57.326633  -0.000001 0.999878 -0.015592  0.914063 0.531250
11  6.367360 -25.416061 57.326637  0.000001 0.999879 -0.015574  0.914063 0.531250
galil.bmp
11  6.367360 -25.416061 57.326637  0.000001 0.999879 -0.015574  0.914063 0.531250
11  6.807360 -25.416061 57.326633  -0.000001 0.999878 -0.015592  0.914063 0.531250
11  6.587360 -25.416031 57.236637  0.000001 0.999879 -0.015578  0.914063 0.523438
galil.bmp
11  6.387362 -20.236111 57.468422  -1.000000 0.000000 0.000002  0.656250 0.542969
11  6.387361 -20.235933 56.958424  -0.941589 0.000144 -0.336763  0.656250 0.503906
11  6.387362 -21.326111 57.468048  -1.000000 -0.000000 0.000002  0.710938 0.542969
galil.bmp
11  6.387362 -21.326111 57.468048  -1.000000 -0.000000 0.000002  0.710938 0.542969
11  6.387361 -20.235933 56.958424  -0.941589 0.000144 -0.336763  0.656250 0.503906
11  6.387361 -21.325933 56.958046  -0.742678 -0.000053 -0.669649  0.710938 0.503906
galil.bmp
11  6.387361 -20.235933 56.958424  -0.941589 0.000144 -0.336763  0.656250 0.503906
11  6.587361 -20.235897 56.848423  -0.473808 0.000000 -0.880628  0.656250 0.496094
11  6.387361 -21.325933 56.958046  -0.742678 -0.000053 -0.669649  0.710938 0.503906
galil.bmp
11  6.387361 -21.325933 56.958046  -0.742678 -0.000053 -0.669649  0.710938 0.503906
11  6.587361 -20.235897 56.848423  -0.473808 0.000000 -0.880628  0.656250 0.496094
11  6.587360 -21.325895 56.848045  -0.473809 0.000000 -0.880628  0.710938 0.496094
galil.bmp
11  6.367362 -19.796213 57.768574  -0.000029 0.999879 -0.015569  0.632813 0.566406
11  6.897362 -19.796139 57.548573  -0.000001 0.999878 -0.015620  0.632813 0.546875
11  6.277362 -19.796139 57.548576  -0.000001 0.999878 -0.015620  0.632813 0.546875
galil.bmp
11  6.277362 -19.796139 57.548576  -0.000001 0.999878 -0.015620  0.632813 0.546875
11  6.897362 -19.796139 57.548573  -0.000001 0.999878 -0.015620  0.632813 0.546875
11  6.367362 -19.796062 57.328575  -0.000000 0.999879 -0.015581  0.632813 0.531250
galil.bmp
11  6.897362 -19.796139 57.548573  -0.000001 0.999878 -0.015620  0.632813 0.546875
11  6.797362 -19.796062 57.328575  0.000000 0.999879 -0.015576  0.632813 0.531250
11  6.367362 -19.796062 57.328575  -0.000000 0.999879 -0.015581  0.632813 0.531250
galil.bmp
11  6.367362 -19.796062 57.328575  -0.000000 0.999879 -0.015581  0.632813 0.531250
11  6.797362 -19.796062 57.328575  0.000000 0.999879 -0.015576  0.632813 0.531250
11  6.587362 -19.796032 57.238575  0.000001 0.999878 -0.015595  0.632813 0.523438
galil.bmp
11  6.117368 -3.866182 57.674072  0.000040 0.910848 0.412742  0.062500 0.878906
11  7.057366 -3.865755 56.434071  -0.000001 0.999879 -0.015570  0.011719 0.785156
11  6.117366 -3.865754 56.434071  -0.000005 0.999879 -0.015570  0.062500 0.785156
galil.bmp
11  6.117368 -3.866182 57.674072  0.000008 0.909794 0.415060  0.062500 0.878906
11  7.057367 -3.866182 57.674068  -0.000001 0.910373 0.413789  0.011719 0.878906
11  7.057366 -3.865755 56.434071  -0.000001 0.999879 -0.015571  0.011719 0.785156
galil.bmp
11  6.117368 -3.866182 57.674072  0.000008 0.909794 0.415060  0.062500 0.878906
11  7.057368 -4.366334 58.113895  -0.000000 0.689062 0.724703  0.011719 0.914063
11  7.057367 -3.866182 57.674068  -0.000001 0.910373 0.413789  0.011719 0.878906
galil.bmp
11  6.117368 -3.866182 57.674072  0.000008 0.909794 0.415060  0.062500 0.878906
11  6.117368 -4.366333 58.113899  -0.314764 0.532831 0.785503  0.062500 0.914063
11  7.057368 -4.366334 58.113895  -0.000000 0.689062 0.724703  0.011719 0.914063
galil.bmp
11  6.227366 -8.826302 58.022358  -0.996389 0.002730 0.084864  0.167969 0.058594
11  6.227365 -11.816333 58.111328  -0.970943 -0.007396 0.239197  0.011719 0.066406
11  6.387367 -9.316457 58.472191  -0.929274 -0.002598 0.369382  0.144531 0.093750
galil.bmp
11  6.227366 -8.826302 58.022358  -0.996389 0.002730 0.084864  0.167969 0.058594
11  6.227365 -11.816191 57.701328  -1.000000 0.000000 -0.000000  0.015625 0.035156
11  6.227365 -11.816333 58.111328  -0.970943 -0.007396 0.239197  0.011719 0.066406
galil.bmp
11  6.227366 -8.826302 58.022358  -0.996389 0.002730 0.084864  0.167969 0.058594
11  6.227367 -6.466192 57.703175  -1.000000 0.000000 -0.000000  0.292969 0.035156
11  6.227365 -11.816191 57.701328  -1.000000 0.000000 -0.000000  0.015625 0.035156
galil.bmp
11  6.227366 -8.826302 58.022358  -0.996386 0.002700 0.084898  0.167969 0.058594
11  6.227367 -6.816302 58.023052  -1.000000 0.000000 0.000001  0.273438 0.058594
11  6.227367 -6.466192 57.703175  -1.000000 0.000000 0.000001  0.292969 0.035156
galil.bmp
11  6.327368 -6.226637 58.993256  -1.000000 0.000000 0.000003  0.917969 0.265625
11  6.327368 -5.416506 58.613537  -1.000000 0.000002 0.000002  0.855469 0.222656
11  6.327368 -6.226506 58.613255  -1.000000 -0.000001 0.000000  0.917969 0.222656
galil.bmp
11  6.327368 -6.226637 58.993256  -1.000000 0.000000 0.000003  0.917969 0.265625
11  6.327369 -5.416668 59.083534  -1.000000 0.000002 0.000004  0.855469 0.273438
11  6.327368 -5.416506 58.613537  -1.000000 0.000002 0.000002  0.855469 0.222656
galil.bmp
11  6.327368 -6.226637 58.993256  -1.000000 0.000000 0.000003  0.917969 0.265625
11  6.327369 -5.906668 59.083366  -1.000000 0.000000 0.000012  0.890625 0.273438
11  6.327369 -5.416668 59.083534  -1.000000 0.000002 0.000004  0.855469 0.273438
galil.bmp
11  6.327368 -6.226637 58.993256  -1.000000 0.000000 0.000003  0.917969 0.265625
11  6.327369 -6.056723 59.243313  -1.000000 0.000000 0.000003  0.902344 0.292969
11  6.327369 -5.906668 59.083366  -1.000000 0.000000 0.000012  0.890625 0.273438
galil.bmp
13  6.507364 -6.900192 55.535843  -1.000000 0.000003 0.000004  0.476563 0.453125
13  6.507365 -6.840299 55.845863  -1.000000 0.000002 0.000002  0.472656 0.476563
13  6.507365 -6.740289 55.815899  -1.000000 0.000001 0.000002  0.464844 0.472656
galil.bmp
13  6.507365 -6.740289 55.815899  -1.000000 0.000001 0.000002  0.464844 0.472656
13  6.507365 -6.840299 55.845863  -1.000000 0.000002 0.000002  0.472656 0.476563
13  6.507365 -6.700396 56.125912  -0.997727 -0.000200 -0.067388  0.464844 0.496094
galil.bmp
13  6.507365 -6.840299 55.845863  -1.000000 0.000002 0.000002  0.472656 0.476563
13  6.507365 -6.860396 56.125858  -0.997726 -0.000200 -0.067403  0.472656 0.496094
13  6.507365 -6.700396 56.125912  -0.997727 -0.000200 -0.067388  0.464844 0.496094
galil.bmp
13  6.507365 -6.700396 56.125912  -0.997727 -0.000200 -0.067388  0.464844 0.496094
13  6.507365 -6.860396 56.125858  -0.997726 -0.000200 -0.067403  0.472656 0.496094
13  6.447365 -7.080551 56.575783  -0.990857 -0.000690 -0.134912  0.484375 0.531250
galil.bmp
15  6.191072 -11.814141 58.118290  -0.964517 -0.000001 0.264019  0.257813 0.281250
15  6.191073 -8.834110 58.029316  -1.000000 0.000000 0.000000  0.046875 0.273438
15  6.191072 -11.814003 57.718288  -1.000000 0.000000 0.000000  0.257813 0.242188
galil.bmp
15  6.191072 -11.814141 58.118290  -0.964517 -0.000001 0.264019  0.257813 0.281250
15  6.191073 -8.934142 58.119282  -0.964859 0.000008 0.262769  0.054688 0.281250
15  6.191073 -8.834110 58.029316  -1.000000 0.000000 0.000000  0.046875 0.273438
galil.bmp
15  6.191072 -11.814141 58.118290  -0.964517 -0.000001 0.264019  0.257813 0.281250
15  6.271074 -9.074186 58.249233  -0.860527 -0.000030 0.509405  0.062500 0.296875
15  6.191073 -8.934142 58.119282  -0.964859 0.000008 0.262769  0.054688 0.281250
galil.bmp
15  6.191072 -11.814141 58.118290  -0.964517 -0.000001 0.264019  0.257813 0.281250
15  6.271073 -11.814186 58.248287  -0.860525 -0.000000 0.509408  0.257813 0.296875
15  6.271074 -9.074186 58.249233  -0.860527 -0.000030 0.509405  0.062500 0.296875
galil.bmp
11  6.357363 -20.056414 58.348484  -1.000000 0.000000 0.000000  0.644531 0.605469
11  6.357363 -20.626413 58.348289  -1.000000 0.000000 0.000000  0.675781 0.605469
11  6.357363 -20.626554 58.758289  -1.000000 0.000000 0.000000  0.675781 0.636719
galil.bmp
11  6.357363 -20.626554 58.758289  -1.000000 0.000005 0.000000  0.675781 0.636719
11  6.357363 -20.626413 58.348289  -1.000000 0.000002 0.000000  0.675781 0.605469
11  6.357363 -20.736521 58.658249  -1.000000 0.000005 0.000000  0.679688 0.628906
galil.bmp
11  6.357363 -20.626413 58.348289  -1.000000 0.000002 0.000000  0.675781 0.605469
11  6.357363 -20.736444 58.438251  -1.000000 0.000000 0.000000  0.679688 0.613281
11  6.357363 -20.736521 58.658249  -1.000000 0.000005 0.000000  0.679688 0.628906
galil.bmp
11  6.777361 -20.235933 56.958424  0.000000 0.999879 -0.015570  0.546875 0.437500
11  6.587361 -20.235897 56.848423  -0.000001 0.999879 -0.015570  0.558594 0.425781
11  6.777362 -20.236111 57.468422  -0.000011 0.999879 -0.015570  0.546875 0.480469
galil.bmp
11  6.777362 -20.236111 57.468422  0.000000 0.999879 -0.015572  0.546875 0.480469
11  6.587361 -20.235897 56.848423  -0.000000 0.999878 -0.015616  0.558594 0.425781
11  6.387362 -20.236111 57.468422  -0.000000 0.999879 -0.015570  0.570313 0.480469
galil.bmp
11  6.587361 -20.235897 56.848423  -0.000000 0.999878 -0.015616  0.558594 0.425781
11  6.387361 -20.235933 56.958424  0.000001 0.999878 -0.015612  0.570313 0.437500
11  6.387362 -20.236111 57.468422  -0.000000 0.999879 -0.015570  0.570313 0.480469
galil.bmp
11  6.077365 -12.366328 58.101139  0.000001 0.008715 0.999962  0.453125 0.312500
11  6.017365 -13.026328 58.100910  -0.000282 0.893083 0.449892  0.488281 0.308594
11  7.157365 -13.026329 58.100910  0.000011 0.447440 0.894314  0.488281 0.394531
galil.bmp
11  7.157365 -13.026329 58.100910  0.000011 0.447440 0.894314  0.488281 0.394531
11  6.017365 -13.026328 58.100910  -0.000282 0.893083 0.449892  0.488281 0.308594
11  7.157365 -13.036415 58.350906  0.000001 0.999879 -0.015575  0.496094 0.394531
galil.bmp
11  6.017365 -13.026328 58.100910  -0.000282 0.893083 0.449892  0.488281 0.308594
11  6.017365 -13.036415 58.350906  -0.000000 0.999879 -0.015575  0.496094 0.308594
11  7.157365 -13.036415 58.350906  0.000001 0.999879 -0.015575  0.496094 0.394531
galil.bmp
11  6.077365 -12.366328 58.101139  0.000001 0.999879 -0.015572  0.460938 0.289063
11  7.097365 -12.366329 58.101135  0.000000 0.999879 -0.015571  0.460938 0.289063
11  6.107364 -12.365832 56.661140  -0.000020 0.999879 -0.015571  0.460938 0.175781
galil.bmp
11  6.107364 -12.365832 56.661140  -0.000020 0.999879 -0.015571  0.460938 0.175781
11  7.097365 -12.366329 58.101135  0.000000 0.999879 -0.015571  0.460938 0.289063
11  7.067363 -12.365832 56.661137  0.000000 0.999879 -0.015569  0.460938 0.175781
galil.bmp
11  7.097365 -12.366329 58.101135  0.000000 0.999879 -0.015571  0.460938 0.289063
11  7.097363 -12.365756 56.441139  0.000000 0.999878 -0.015617  0.460938 0.160156
11  7.067363 -12.365832 56.661137  0.000000 0.999879 -0.015569  0.460938 0.175781
galil.bmp
11  6.977365 -4.885720 56.333717  0.791031 0.601343 -0.112505  0.085938 0.718750
11  6.977365 -5.015482 55.643673  0.831486 0.549403 0.082389  0.089844 0.667969
11  6.767365 -4.725520 55.753773  0.464416 0.881719 0.083003  0.074219 0.675781
galil.bmp
11  6.767365 -4.725520 55.753773  0.464416 0.881719 0.083003  0.074219 0.675781
11  6.977365 -5.015482 55.643673  0.831486 0.549403 0.082389  0.089844 0.667969
11  6.767362 -3.864668 53.284073  0.623149 0.738803 0.256622  0.031250 0.492188
galil.bmp
11  6.977365 -5.015482 55.643673  0.831486 0.549403 0.082389  0.089844 0.667969
11  6.977362 -4.164630 53.173965  0.836888 0.517039 0.179690  0.046875 0.480469
11  6.767362 -3.864668 53.284073  0.623149 0.738803 0.256622  0.031250 0.492188
galil.bmp
11  6.397366 -12.376512 58.631134  -0.653708 0.006536 0.756718  0.507813 0.960938
11  6.267366 -11.816457 58.471329  -0.894422 -0.000154 0.447223  0.476563 0.941406
11  6.267365 -12.376456 58.471134  -0.894439 0.000298 0.447191  0.507813 0.941406
galil.bmp
11  6.267365 -12.376456 58.471134  -0.894439 0.000298 0.447191  0.507813 0.941406
11  6.267366 -11.816457 58.471329  -0.894422 -0.000154 0.447223  0.476563 0.941406
11  6.217365 -12.376381 58.251133  -0.970940 -0.007399 0.239210  0.507813 0.925781
galil.bmp
11  6.267366 -11.816457 58.471329  -0.894422 -0.000154 0.447223  0.476563 0.941406
11  6.217366 -11.816381 58.251328  -0.970944 -0.007418 0.239191  0.476563 0.925781
11  6.217365 -12.376381 58.251133  -0.970940 -0.007399 0.239210  0.507813 0.925781
galil.bmp
11  6.217367 -9.076381 58.252274  -0.970938 -0.007403 0.239216  0.335938 0.925781
11  6.267367 -9.316457 58.472191  -0.874582 -0.000094 0.484878  0.347656 0.941406
11  6.217368 -4.496382 58.253853  -0.970938 -0.007404 0.239216  0.093750 0.925781
galil.bmp
11  6.217368 -4.496382 58.253853  -0.970941 -0.007400 0.239206  0.093750 0.925781
11  6.267367 -9.316457 58.472191  -0.873423 -0.000102 0.486963  0.347656 0.941406
11  6.267368 -4.716458 58.473778  -0.894983 0.000301 0.446100  0.105469 0.941406
galil.bmp
11  6.267367 -9.316457 58.472191  -0.873423 -0.000102 0.486963  0.347656 0.941406
11  6.397368 -4.866513 58.633724  -0.560021 -0.000694 0.828478  0.113281 0.960938
11  6.267368 -4.716458 58.473778  -0.894983 0.000301 0.446100  0.105469 0.941406
galil.bmp
11  6.117367 -6.466192 57.703175  -1.000000 0.000001 0.000001  0.199219 0.882813
11  6.117367 -6.816302 58.023052  -1.000000 0.000001 0.000001  0.214844 0.906250
11  6.117368 -4.366333 58.113899  -1.000000 0.000000 0.000001  0.085938 0.914063
galil.bmp
11  6.117368 -4.366333 58.113899  -1.000000 0.000000 0.000001  0.085938 0.914063
11  6.117367 -6.816302 58.023052  -1.000000 0.000001 0.000001  0.214844 0.906250
11  6.117366 -8.926332 58.112324  -1.000000 0.000001 0.000002  0.328125 0.914063
galil.bmp
11  6.117367 -6.816302 58.023052  -1.000000 0.000001 0.000001  0.214844 0.906250
11  6.117366 -8.826302 58.022358  -1.000000 0.000001 0.000001  0.320313 0.906250
11  6.117366 -8.926332 58.112324  -1.000000 0.000001 0.000001  0.328125 0.914063
galil.bmp
11  6.967369 -5.206823 59.533607  0.000000 0.275075 0.961423  0.753906 0.324219
11  6.967369 -5.006806 59.483677  0.000000 0.718817 0.695199  0.753906 0.320313
11  6.867369 -5.006806 59.483677  0.000000 0.512072 0.858943  0.761719 0.320313
galil.bmp
11  6.867369 -5.006806 59.483677  0.000000 0.512072 0.858943  0.761719 0.320313
11  6.967369 -5.006806 59.483677  0.000000 0.718817 0.695199  0.753906 0.320313
11  6.867369 -4.856703 59.183727  0.000000 0.986411 0.164297  0.761719 0.285156
galil.bmp
11  6.967369 -5.006806 59.483677  0.000000 0.718817 0.695199  0.753906 0.320313
11  6.967369 -4.856703 59.183727  0.000000 0.965801 0.259286  0.753906 0.285156
11  6.867369 -4.856703 59.183727  0.000000 0.986411 0.164297  0.761719 0.285156
galil.bmp
11  6.867369 -5.426668 59.083530  -1.000000 0.000000 0.000000  0.855469 0.273438
11  6.867369 -5.376789 59.433548  -1.000000 0.000000 0.000000  0.851563 0.312500
11  6.867369 -4.856703 59.183727  -1.000000 0.000001 0.000000  0.812500 0.285156
galil.bmp
11  6.867369 -4.856703 59.183727  -1.000000 0.000001 0.000000  0.812500 0.285156
11  6.867369 -5.376789 59.433548  -1.000000 0.000000 0.000000  0.851563 0.312500
11  6.867369 -5.006806 59.483677  -1.000000 0.000001 0.000000  0.824219 0.320313
galil.bmp
11  6.867369 -5.376789 59.433548  -1.000000 0.000000 0.000000  0.851563 0.312500
11  6.867369 -5.206823 59.533607  -1.000000 0.000000 0.000000  0.839844 0.324219
11  6.867369 -5.006806 59.483677  -1.000000 0.000001 0.000000  0.824219 0.320313
galil.bmp
11  6.467369 -5.906827 59.543365  0.000027 0.999879 -0.015570  0.835938 0.878906
11  6.507369 -5.906765 59.363365  -0.000001 0.999879 -0.015567  0.832031 0.855469
11  6.327369 -5.906737 59.283367  0.000009 0.999879 -0.015569  0.851563 0.843750
galil.bmp
11  6.327369 -5.906737 59.283367  0.000000 0.999879 -0.015588  0.851563 0.843750
11  6.507369 -5.906765 59.363365  0.000000 0.999879 -0.015585  0.832031 0.855469
11  6.457369 -5.906734 59.273365  -0.000020 0.999879 -0.015578  0.839844 0.839844
galil.bmp
11  6.507369 -5.906765 59.363365  0.000000 0.999879 -0.015585  0.832031 0.855469
11  6.667369 -5.906765 59.363365  -0.000001 0.999879 -0.015567  0.820313 0.855469
11  6.457369 -5.906734 59.273365  -0.000020 0.999879 -0.015578  0.839844 0.839844
galil.bmp
11  6.767365 -6.325482 55.643223  -0.000001 0.914038 -0.405629  0.328125 0.671875
11  6.767364 -6.435406 55.423183  -0.000019 0.603257 -0.797547  0.339844 0.671875
11  6.407364 -6.435406 55.423183  0.000001 0.787466 -0.616358  0.339844 0.671875
galil.bmp
11  6.407364 -6.435406 55.423183  0.000001 0.787466 -0.616358  0.339844 0.671875
11  6.767364 -6.435406 55.423183  -0.000019 0.603257 -0.797547  0.339844 0.671875
11  6.407364 -6.635375 55.333115  -0.000000 0.390520 -0.920595  0.347656 0.671875
galil.bmp
11  6.767364 -6.435406 55.423183  0.000002 0.601281 -0.799037  0.339844 0.671875
11  6.767364 -6.635375 55.333115  -0.000001 0.390517 -0.920596  0.347656 0.671875
11  6.407364 -6.635375 55.333115  0.000001 0.390517 -0.920596  0.347656 0.671875
galil.bmp
11  6.767364 -7.885409 55.432682  0.000000 0.008715 0.999962  0.429688 0.714844
11  6.767364 -6.655409 55.433109  0.000009 -0.274192 0.961675  0.347656 0.714844
11  6.407364 -6.655409 55.433109  0.000002 -0.135023 0.990843  0.347656 0.679688
galil.bmp
11  6.407364 -6.655409 55.433109  0.000002 -0.135023 0.990843  0.347656 0.679688
11  6.767364 -6.655409 55.433109  0.000009 -0.274192 0.961675  0.347656 0.714844
11  6.407364 -6.505430 55.493160  0.000000 -0.366583 0.930385  0.339844 0.679688
galil.bmp
11  6.767364 -6.655409 55.433109  0.000000 -0.276434 0.961033  0.347656 0.714844
11  6.767364 -6.505430 55.493160  -0.000000 -0.366584 0.930385  0.339844 0.714844
11  6.407364 -6.505430 55.493160  -0.000001 -0.366584 0.930385  0.339844 0.679688
galil.bmp
11  6.817363 -20.056555 58.758484  -0.000000 0.008671 0.999963  0.644531 0.636719
11  6.357363 -20.056555 58.758484  0.000000 0.008671 0.999963  0.644531 0.636719
11  6.817363 -20.626554 58.758289  0.000000 0.008671 0.999963  0.675781 0.636719
galil.bmp
11  6.817363 -20.626554 58.758289  0.000000 0.008671 0.999963  0.675781 0.636719
11  6.357363 -20.056555 58.758484  0.000000 0.008671 0.999963  0.644531 0.636719
11  6.357363 -20.626554 58.758289  -0.000000 0.008671 0.999963  0.675781 0.636719
galil.bmp
11  6.817363 -20.056414 58.348484  -0.000001 0.999878 -0.015619  0.644531 0.605469
11  6.357363 -20.056414 58.348484  0.000000 0.999878 -0.015619  0.644531 0.605469
11  6.817363 -20.056555 58.758484  0.000000 0.999878 -0.015619  0.644531 0.636719
galil.bmp
11  6.817363 -20.056555 58.758484  0.000002 0.999878 -0.015619  0.644531 0.636719
11  6.357363 -20.056414 58.348484  0.000006 0.999878 -0.015619  0.644531 0.605469
11  6.357363 -20.056555 58.758484  -0.000000 0.999878 -0.015619  0.644531 0.636719
galil.bmp
11  6.687362 -19.866161 57.618549  -0.000001 0.999879 -0.015576  0.636719 0.554688
11  6.477362 -19.866161 57.618549  0.000000 0.999879 -0.015576  0.636719 0.554688
11  6.687363 -19.866392 58.288551  -0.000000 0.999879 -0.015576  0.636719 0.601563
galil.bmp
11  6.687363 -19.866392 58.288551  -0.000000 0.999878 -0.015612  0.636719 0.601563
11  6.477362 -19.866161 57.618549  0.000004 0.999878 -0.015612  0.636719 0.554688
11  6.477363 -19.866392 58.288551  -0.000000 0.999878 -0.015612  0.636719 0.601563
galil.bmp
11  6.897360 -25.416140 57.556633  -0.000001 0.999879 -0.015578  0.914063 0.546875
11  6.367360 -25.416216 57.776634  -0.000029 0.999878 -0.015597  0.914063 0.566406
11  6.807360 -25.416216 57.776634  0.000001 0.999878 -0.015616  0.914063 0.566406
galil.bmp
11  6.807360 -25.416216 57.776634  0.000001 0.999878 -0.015616  0.914063 0.566406
11  6.367360 -25.416216 57.776634  -0.000029 0.999878 -0.015597  0.914063 0.566406
11  6.587360 -25.416248 57.866634  0.000029 0.999878 -0.015602  0.914063 0.578125
galil.bmp
11  6.897362 -19.796139 57.548573  -0.000001 0.999878 -0.015620  0.632813 0.546875
11  6.367362 -19.796213 57.768574  -0.000029 0.999879 -0.015569  0.632813 0.566406
11  6.797362 -19.796213 57.768574  0.000000 0.999879 -0.015574  0.632813 0.566406
galil.bmp
11  6.797362 -19.796213 57.768574  0.000000 0.999879 -0.015574  0.632813 0.566406
11  6.367362 -19.796213 57.768574  -0.000029 0.999879 -0.015569  0.632813 0.566406
11  6.587362 -19.796249 57.868572  0.000027 0.999879 -0.015582  0.632813 0.570313
galil.bmp
11  6.117365 -12.376332 58.111134  -0.796688 0.000599 0.604391  0.507813 0.914063
11  6.217365 -12.376381 58.251133  -0.796688 0.000598 0.604391  0.507813 0.925781
11  6.117365 -11.816333 58.111328  -0.796688 0.000599 0.604391  0.476563 0.914063
galil.bmp
11  6.117365 -11.816333 58.111328  -0.796683 0.000599 0.604398  0.476563 0.914063
11  6.217365 -12.376381 58.251133  -0.796682 0.000598 0.604398  0.507813 0.925781
11  6.217366 -11.816381 58.251328  -0.796683 0.000600 0.604398  0.476563 0.925781
galil.bmp
11  6.217367 -9.076381 58.252274  -0.796701 0.000600 0.604373  0.335938 0.925781
11  6.217368 -4.496382 58.253853  -0.385125 0.511092 0.768416  0.093750 0.925781
11  6.117366 -8.926332 58.112324  -0.796703 0.000648 0.604371  0.328125 0.914063
galil.bmp
11  6.117366 -8.926332 58.112324  -0.796703 0.000648 0.604371  0.328125 0.914063
11  6.217368 -4.496382 58.253853  -0.385125 0.511092 0.768416  0.093750 0.925781
11  6.117368 -4.366333 58.113899  -0.314764 0.532831 0.785503  0.085938 0.914063
galil.bmp
11  6.267368 -4.716458 58.473778  0.000100 0.719802 0.694180  0.054688 0.941406
11  6.397368 -4.866513 58.633724  0.000100 0.719772 0.694210  0.046875 0.960938
11  6.777369 -4.866513 58.633724  0.000100 0.719775 0.694207  0.027344 0.960938
galil.bmp
11  6.777369 -4.866513 58.633724  0.000100 0.719775 0.694207  0.027344 0.960938
11  6.397368 -4.866513 58.633724  0.000100 0.719772 0.694210  0.046875 0.960938
11  6.587368 -4.926534 58.693707  0.000132 0.719775 0.694208  0.035156 0.980469
galil.bmp
11  6.117366 -3.865754 56.434071  0.000000 0.149829 -0.988712  0.062500 0.785156
11  7.057366 -3.865755 56.434071  0.000002 0.149829 -0.988712  0.062500 0.750000
11  6.117366 -4.625706 56.293808  0.000003 0.149829 -0.988712  0.101563 0.773438
galil.bmp
11  6.117366 -4.625706 56.293808  -0.000000 0.149829 -0.988712  0.101563 0.773438
11  7.057366 -3.865755 56.434071  -0.000000 0.149829 -0.988712  0.062500 0.750000
11  7.057365 -4.625706 56.293808  -0.000002 0.149829 -0.988712  0.101563 0.738281
galil.bmp
11  6.117365 -11.816191 57.701328  0.000000 0.008715 0.999962  0.476563 0.882813
11  6.227365 -11.816191 57.701328  -0.000000 0.008715 0.999962  0.476563 0.882813
11  6.117367 -6.466192 57.703175  -0.000000 0.008715 0.999962  0.199219 0.882813
galil.bmp
11  6.117367 -6.466192 57.703175  -0.000000 0.008715 0.999962  0.199219 0.882813
11  6.227365 -11.816191 57.701328  0.000000 0.008715 0.999962  0.476563 0.882813
11  6.227367 -6.466192 57.703175  -0.000000 0.008715 0.999962  0.199219 0.882813
galil.bmp
11  6.867369 -4.856703 59.183727  0.000000 -0.176774 0.984252  0.757813 0.164063
11  6.307369 -4.856703 59.183727  -0.000000 -0.176774 0.984252  0.757813 0.109375
11  6.867369 -5.426668 59.083530  0.000000 -0.176774 0.984252  0.796875 0.164063
galil.bmp
11  6.867369 -5.426668 59.083530  0.000000 -0.176821 0.984243  0.796875 0.164063
11  6.307369 -4.856703 59.183727  0.000000 -0.176821 0.984243  0.757813 0.109375
11  6.307369 -5.426668 59.083530  0.000000 -0.176821 0.984243  0.796875 0.109375
galil.bmp
11  6.527367 -0.645783 56.515182  -1.000000 0.000003 0.000001  0.632813 0.886719
11  6.527368 -0.646038 57.255180  -1.000000 0.000002 0.000001  0.632813 0.945313
11  6.527368 0.094217 56.515438  -1.000000 0.000002 0.000001  0.671875 0.886719
galil.bmp
11  6.527368 0.094217 56.515438  -1.000000 0.000002 0.000001  0.671875 0.886719
11  6.527368 -0.646038 57.255180  -1.000000 0.000002 0.000001  0.632813 0.945313
11  6.527369 0.093962 57.255436  -1.000000 0.000001 0.000001  0.671875 0.945313
galil.bmp
11  6.647367 0.094217 56.515438  -0.000001 0.999879 -0.015570  0.671875 0.886719
11  6.527368 0.094217 56.515438  -0.000000 0.999879 -0.015570  0.671875 0.886719
11  6.647368 0.093962 57.255436  -0.000000 0.999879 -0.015570  0.671875 0.945313
galil.bmp
11  6.647368 0.093962 57.255436  0.000000 0.999879 -0.015570  0.671875 0.945313
11  6.527368 0.094217 56.515438  0.000004 0.999879 -0.015570  0.671875 0.886719
11  6.527369 0.093962 57.255436  -0.000000 0.999879 -0.015570  0.671875 0.945313
galil.bmp
11  6.287368 -3.896192 57.704060  -0.000000 0.008714 0.999962  0.160156 0.457031
11  6.727367 -3.896193 57.704060  -0.000013 0.008714 0.999962  0.160156 0.492188
11  6.287368 -2.926193 57.704395  -0.000001 0.008714 0.999962  0.210938 0.457031
galil.bmp
11  6.287368 -2.926193 57.704395  -0.000001 0.008714 0.999962  0.210938 0.457031
11  6.727367 -3.896193 57.704060  -0.000013 0.008714 0.999962  0.160156 0.492188
11  6.727368 -2.926193 57.704395  -0.000000 0.008714 0.999962  0.210938 0.492188
galil.bmp
11  6.017365 -8.996078 57.372303  -1.000000 -0.000010 0.000000  0.328125 0.855469
11  6.017365 -8.846102 57.442352  -1.000000 -0.000000 0.000000  0.320313 0.863281
11  6.017365 -9.006022 57.212299  -1.000000 0.000006 0.000000  0.332031 0.843750
galil.bmp
11  6.017365 -9.006022 57.212299  -1.000000 0.000006 0.000000  0.332031 0.843750
11  6.017365 -8.846102 57.442352  -1.000000 -0.000000 0.000000  0.320313 0.863281
11  6.017365 -8.895985 57.102337  -1.000000 0.000004 -0.000000  0.324219 0.835938
galil.bmp
14  6.787363 -8.389422 54.922417  -0.000000 0.999898 -0.014295  0.597656 0.421875
14  6.387363 -8.389422 54.922417  0.000000 0.999898 -0.014295  0.621094 0.421875
14  6.787364 -8.379715 55.772423  -0.000000 0.999898 -0.014295  0.597656 0.492188
galil.bmp
14  6.787364 -8.379715 55.772423  -0.000000 0.999898 -0.014298  0.597656 0.492188
14  6.387363 -8.389422 54.922417  0.000000 0.999898 -0.014298  0.621094 0.421875
14  6.387364 -8.379715 55.772423  -0.000000 0.999898 -0.014298  0.621094 0.492188
galil.bmp
14  6.387364 -8.449718 55.782398  -1.000000 0.000016 0.000001  0.625000 0.496094
14  6.387364 -8.379715 55.772423  -1.000000 0.000016 0.000001  0.621094 0.492188
14  6.387363 -8.469422 54.922390  -1.000000 0.000016 0.000001  0.625000 0.421875
galil.bmp
14  6.387363 -8.469422 54.922390  -1.000000 0.000000 0.000001  0.625000 0.421875
14  6.387364 -8.379715 55.772423  -1.000000 0.000000 0.000001  0.621094 0.492188
14  6.387363 -8.389422 54.922417  -1.000000 0.000000 0.000001  0.621094 0.421875
galil.bmp
15  6.191072 -11.814003 57.718288  -1.000000 0.000000 0.000000  0.257813 0.242188
15  6.191073 -8.834110 58.029316  -1.000000 0.000000 0.000000  0.046875 0.273438
15  6.191073 -8.434004 57.719456  -1.000000 0.000000 0.000000  0.019531 0.242188
galil.bmp
15  6.191073 -8.434004 57.719456  -1.000000 0.000000 0.000000  0.019531 0.242188
15  6.191073 -8.834110 58.029316  -1.000000 0.000000 0.000000  0.046875 0.273438
15  6.191073 -8.554111 58.029415  -1.000000 0.000000 0.000000  0.027344 0.273438
galil.bmp
15  6.331073 -11.814261 58.468288  -0.947595 0.000003 0.319473  0.257813 0.320313
15  6.331074 -9.314262 58.469151  -0.947597 0.000003 0.319470  0.082031 0.320313
15  6.271073 -11.814186 58.248287  -0.947595 -0.000110 0.319473  0.257813 0.296875
galil.bmp
15  6.271073 -11.814186 58.248287  -0.947595 -0.000110 0.319473  0.257813 0.296875
15  6.331074 -9.314262 58.469151  -0.947597 0.000003 0.319470  0.082031 0.320313
15  6.271074 -9.074186 58.249233  -0.947597 0.000002 0.319469  0.062500 0.296875
galil.bmp
15  6.251074 -8.554111 58.029415  -0.000001 0.925725 0.378197  0.027344 0.273438
15  6.251073 -8.434004 57.719456  0.000000 0.925727 0.378192  0.019531 0.242188
15  6.191073 -8.554111 58.029415  0.000001 0.925725 0.378196  0.027344 0.273438
galil.bmp
15  6.191073 -8.554111 58.029415  0.000001 0.925725 0.378196  0.027344 0.273438
15  6.251073 -8.434004 57.719456  0.000000 0.925727 0.378192  0.019531 0.242188
15  6.191073 -8.434004 57.719456  0.000000 0.925728 0.378191  0.019531 0.242188
galil.bmp
15  6.091073 -11.754066 57.898312  0.000000 -0.000342 1.000000  0.738281 0.437500
15  6.221072 -11.754066 57.898312  0.000000 -0.000006 1.000000  0.730469 0.437500
15  6.091073 -11.274065 57.898476  0.000000 0.000234 1.000000  0.738281 0.437500
galil.bmp
15  6.091073 -11.274065 57.898476  0.000000 0.000234 1.000000  0.738281 0.437500
15  6.221072 -11.754066 57.898312  0.000000 -0.000006 1.000000  0.730469 0.437500
15  6.221073 -11.274065 57.898476  -0.000000 0.000138 1.000000  0.730469 0.437500
galil.bmp
17  6.878664 -9.076866 55.668030  0.000000 0.963372 -0.268167  0.292969 0.082031
17  6.288664 -9.076866 55.668030  0.000208 0.963417 -0.268007  0.324219 0.085938
17  6.878670 -8.648781 57.201912  0.000109 0.963422 -0.267989  0.269531 0.511719
galil.bmp
17  6.878670 -8.648781 57.201912  0.000000 0.963192 -0.268814  0.269531 0.511719
17  6.288664 -9.076866 55.668030  0.000000 0.963192 -0.268814  0.324219 0.085938
17  6.288671 -8.648781 57.201912  0.000000 0.963192 -0.268814  0.300781 0.511719
galil.bmp
17  6.878670 -8.648781 57.201912  -0.000000 0.005898 0.999983  0.300781 0.558594
17  6.288671 -8.648781 57.201912  0.000000 0.005994 0.999982  0.300781 0.511719
17  6.878670 -10.838783 57.211155  0.000000 0.005994 0.999982  0.417969 0.558594
galil.bmp
17  6.878670 -10.838783 57.211155  0.000000 0.005994 0.999982  0.417969 0.558594
17  6.288671 -8.648781 57.201912  0.000000 0.005994 0.999982  0.300781 0.511719
17  6.288670 -10.838783 57.211155  0.000000 0.004221 0.999991  0.414063 0.511719
galil.bmp
17  6.288664 -9.076866 55.668030  -1.000000 0.000002 0.000004  0.324219 0.085938
17  6.288663 -11.227042 56.177288  -1.000000 0.000001 0.000006  0.437500 0.125000
17  6.288671 -8.648781 57.201912  -1.000000 0.000001 0.000005  0.300781 0.511719
galil.bmp
17  6.288671 -8.648781 57.201912  -1.000000 0.000001 0.000005  0.300781 0.511719
17  6.288663 -11.227042 56.177288  -1.000000 0.000001 0.000006  0.437500 0.125000
17  6.288670 -10.838783 57.211155  -1.000000 0.000000 0.000007  0.414063 0.511719
galil.bmp
11  6.357363 -20.056555 58.758484  -1.000000 0.000000 0.000000  0.644531 0.636719
11  6.357363 -20.056414 58.348484  -1.000000 0.000000 0.000000  0.644531 0.605469
11  6.357363 -20.626554 58.758289  -1.000000 0.000000 0.000000  0.675781 0.636719
galil.bmp
11  6.807360 -26.626215 57.776218  0.797631 0.000596 0.603145  0.976563 0.566406
11  6.897360 -26.626139 57.556217  0.923613 0.000295 0.383326  0.976563 0.546875
11  6.897360 -25.416140 57.556633  0.923613 0.000301 0.383326  0.914063 0.546875
galil.bmp
11  6.587362 -21.336248 57.868042  0.137495 0.001704 0.990501  0.710938 0.570313
11  6.797362 -21.336214 57.768044  0.382704 -0.000001 0.923871  0.710938 0.566406
11  6.797362 -19.796213 57.768574  0.382704 0.000001 0.923871  0.632813 0.566406
galil.bmp
11  6.747360 -25.526196 57.716599  0.796114 0.000080 0.605147  0.921875 0.562500
11  6.817360 -25.526140 57.556599  0.923608 0.000301 0.383338  0.921875 0.546875
11  6.817363 -17.876139 57.549236  0.923635 0.000293 0.383273  0.535156 0.546875
galil.bmp
11  6.167365 -12.376339 58.131134  -0.382196 0.001179 -0.924080  0.804688 0.457031
11  6.167365 -12.846342 58.140972  -0.382179 0.001197 -0.924088  0.839844 0.457031
11  6.047365 -12.376356 58.181133  -0.604255 0.000895 -0.796791  0.804688 0.464844
galil.bmp
11  6.077363 -12.365756 56.441139  -0.985202 0.117599 -0.124691  0.460938 0.160156
11  6.017365 -13.026328 58.100910  -1.000000 -0.000010 -0.000002  0.496094 0.289063
11  6.077365 -12.366328 58.101139  -0.996365 0.085186 0.000000  0.460938 0.289063
galil.bmp
11  7.097365 -12.366329 58.101135  -0.000001 0.008720 0.999962  0.453125 0.390625
11  6.077365 -12.366328 58.101139  0.000001 0.008715 0.999962  0.453125 0.312500
11  7.157365 -13.026329 58.100910  0.000011 0.447440 0.894314  0.488281 0.394531
galil.bmp
11  6.147361 -17.385695 56.259407  -0.796927 0.000498 -0.604076  0.722656 0.144531
11  6.017362 -17.385759 56.449406  -0.942079 0.000002 -0.335390  0.722656 0.160156
11  6.147363 -13.835694 56.260632  -0.812994 -0.044108 -0.580600  0.539063 0.144531
galil.bmp
11  6.077363 -12.365756 56.441139  0.000001 0.999878 -0.015619  0.460938 0.160156
11  6.077365 -12.366328 58.101139  0.000001 0.999879 -0.015572  0.460938 0.289063
11  6.107364 -12.365832 56.661140  -0.000020 0.999879 -0.015571  0.460938 0.175781
galil.bmp
11  6.337365 -8.675764 56.462410  -1.000000 0.000000 0.000002  0.234375 0.640625
11  6.337365 -7.895737 56.382679  -0.948671 0.314018 0.037619  0.195313 0.636719
11  6.337364 -8.685564 55.882408  -1.000000 0.000000 0.000001  0.234375 0.597656
galil.bmp
11  6.337363 -7.715205 54.842743  -0.706048 0.703141 0.084198  0.187500 0.523438
11  6.337363 -7.945236 54.932663  -1.000000 0.000000 0.000002  0.199219 0.527344
11  6.337364 -8.135474 55.622597  -1.000000 0.000000 0.000001  0.207031 0.578125
galil.bmp
11  6.767365 -4.725520 55.753773  0.464416 0.881719 0.083003  0.074219 0.675781
11  6.767366 -4.625720 56.333809  0.289731 0.941686 -0.171123  0.070313 0.718750
11  6.977365 -4.885720 56.333717  0.791031 0.601343 -0.112505  0.085938 0.718750
galil.bmp
11  6.767362 -3.864668 53.284073  0.623149 0.738803 0.256622  0.011719 0.488281
11  6.407362 -3.864668 53.284073  -0.313429 0.896977 0.311762  0.031250 0.492188
11  6.767365 -4.725520 55.753773  0.464416 0.881719 0.083003  0.054688 0.675781
galil.bmp
11  6.197361 -5.094502 52.803646  -1.000000 -0.000001 0.000002  0.097656 0.453125
11  6.197362 -5.014688 53.343674  -1.000000 -0.000000 0.000002  0.089844 0.496094
11  6.197362 -4.164630 53.173969  -0.973639 0.215443 0.074915  0.046875 0.480469
galil.bmp
11  6.197366 -4.885720 56.333721  -0.903701 0.420855 -0.078783  0.085938 0.718750
11  6.197365 -5.015482 55.643673  -0.980933 0.194019 0.011302  0.089844 0.667969
11  6.197365 -6.255713 56.313248  -1.000000 0.000001 0.000002  0.152344 0.714844
galil.bmp
11  6.117368 -3.866182 57.674072  -1.000000 0.000000 0.000001  0.062500 0.878906
11  6.117366 -3.865754 56.434071  -1.000000 0.000000 0.000002  0.062500 0.785156
11  6.117366 -4.625706 56.293808  -1.000000 0.000000 0.000001  0.101563 0.773438
galil.bmp
11  6.117365 -12.376332 58.111134  -1.000000 0.000000 0.000000  0.507813 0.914063
11  6.117365 -11.816333 58.111328  -1.000000 0.000000 0.000000  0.476563 0.914063
11  6.117365 -11.816191 57.701328  -1.000000 0.000000 0.000000  0.476563 0.882813
galil.bmp
11  6.387367 -9.316457 58.472191  0.000000 0.000345 -1.000000  0.347656 0.941406
11  6.387366 -11.816457 58.471329  -0.000006 0.718266 -0.695768  0.476563 0.941406
11  6.267367 -9.316457 58.472191  0.000000 0.000345 -1.000000  0.347656 0.941406
galil.bmp
11  6.387366 -11.816457 58.471329  -0.929264 -0.002594 0.369406  0.011719 0.093750
11  6.387367 -9.316457 58.472191  -0.929274 -0.002598 0.369382  0.144531 0.093750
11  6.227365 -11.816333 58.111328  -0.970943 -0.007396 0.239197  0.011719 0.066406
galil.bmp
11  6.227365 -11.816333 58.111328  -0.000001 0.999878 -0.015610  0.476563 0.914063
11  6.227365 -11.816191 57.701328  -0.000001 0.999878 -0.015619  0.476563 0.882813
11  6.117365 -11.816191 57.701328  0.000005 0.999879 -0.015570  0.476563 0.882813
galil.bmp
11  6.207369 -5.206823 59.533607  -0.708207 0.194062 0.678810  0.812500 0.324219
11  6.307369 -5.206823 59.533607  0.000000 0.275075 0.961423  0.804688 0.324219
11  6.207369 -5.006806 59.483677  -0.730815 0.349507 0.586305  0.812500 0.320313
galil.bmp
11  6.867369 -5.206823 59.533607  -0.000000 0.275074 0.961423  0.761719 0.324219
11  6.967369 -5.206823 59.533607  0.000000 0.275075 0.961423  0.753906 0.324219
11  6.867369 -5.006806 59.483677  0.000000 0.512072 0.858943  0.761719 0.320313
galil.bmp
11  6.447369 -4.876737 59.283722  -0.973273 0.051197 0.223873  0.781250 0.375000
11  6.447369 -4.876689 59.143723  -1.000000 0.000005 0.000000  0.781250 0.359375
11  6.447369 -4.996699 59.173679  -1.000000 -0.000000 0.000000  0.781250 0.363281
galil.bmp
11  6.327369 -6.056723 59.243313  -1.000000 0.000012 0.000000  0.902344 0.292969
11  6.327369 -5.936723 59.243355  -1.000000 0.000012 0.000000  0.894531 0.292969
11  6.327369 -5.906668 59.083366  -1.000000 0.000012 0.000000  0.890625 0.273438
galil.bmp
11  6.857369 -5.416668 59.083534  -0.000000 0.008718 0.999962  0.796875 0.164063
11  6.327369 -5.416668 59.083534  0.000000 0.008670 0.999963  0.796875 0.109375
11  6.327369 -5.906668 59.083366  0.000003 0.644999 0.764184  0.828125 0.109375
galil.bmp
11  6.457368 -5.906675 59.103367  -1.000000 0.000000 0.000006  0.839844 0.820313
11  6.457368 -6.066675 59.103310  -1.000000 0.000000 0.000006  0.839844 0.820313
11  6.457369 -5.906734 59.273365  -0.906191 0.000311 -0.422868  0.839844 0.839844
galil.bmp
11  6.707369 -6.066827 59.543312  -0.653766 0.006591 0.756669  0.816406 0.878906
11  6.847369 -6.066847 59.603310  -0.375726 -0.000000 0.926731  0.800781 0.886719
11  6.847369 -5.906847 59.603367  -0.375726 -0.000001 0.926731  0.800781 0.886719
galil.bmp
11  6.327369 -5.906737 59.283367  0.000009 0.999879 -0.015569  0.851563 0.843750
11  6.327369 -5.906847 59.603367  0.000000 0.999878 -0.015620  0.851563 0.886719
11  6.467369 -5.906827 59.543365  0.000027 0.999879 -0.015570  0.835938 0.878906
galil.bmp
11  6.717369 -5.906734 59.273365  0.000000 0.999878 -0.015612  0.812500 0.839844
11  6.717369 -5.906675 59.103367  -0.000001 0.999878 -0.015612  0.812500 0.820313
11  6.457368 -5.906675 59.103367  0.000001 0.999878 -0.015612  0.839844 0.820313
galil.bmp
11  6.587368 -2.256172 57.644627  0.135011 0.001999 0.990842  0.550781 0.980469
11  6.757368 -2.266148 57.574623  0.382690 0.000003 0.923877  0.550781 0.968750
11  6.757370 3.903919 57.376751  0.382688 -0.000002 0.923878  0.871094 0.953125
galil.bmp
11  6.757368 1.194279 56.335815  0.707572 0.357217 0.609703  0.730469 0.871094
11  6.827367 1.094327 56.195782  0.923717 0.186018 0.334880  0.722656 0.863281
11  6.827366 3.574982 54.296638  0.923686 0.233091 0.304092  0.855469 0.714844
galil.bmp
11  6.757368 0.654193 56.585629  0.707207 0.207095 0.675995  0.703125 0.890625
11  6.827368 0.594248 56.425610  0.923450 0.103190 0.369583  0.699219 0.878906
11  6.827367 1.094327 56.195782  0.923717 0.186018 0.334880  0.722656 0.863281
galil.bmp
11  6.757368 0.074155 56.695431  0.706588 0.073410 0.703807  0.671875 0.902344
11  6.827367 0.064214 56.525425  0.923620 0.000311 0.383308  0.671875 0.886719
11  6.827368 0.594248 56.425610  0.923450 0.103190 0.369583  0.699219 0.878906
galil.bmp
11  6.757367 -2.315876 56.784607  0.796110 0.000853 0.605152  0.546875 0.906250
11  6.827367 -2.315817 56.614605  0.923620 0.000296 0.383310  0.546875 0.894531
11  6.827367 0.064214 56.525425  0.923620 0.000311 0.383308  0.671875 0.886719
galil.bmp
11  6.117366 -5.985930 56.943340  -0.000000 0.475196 -0.879880  0.171875 0.824219
11  6.017366 -5.985930 56.943340  0.000000 0.475196 -0.879880  0.171875 0.824219
11  6.117366 -5.765971 57.063416  0.000433 0.717976 -0.696068  0.160156 0.832031
galil.bmp
11  6.017365 -8.846102 57.442352  -1.000000 -0.000000 0.000000  0.320313 0.863281
11  6.017367 -6.956223 57.793007  -1.000000 0.000000 0.000003  0.222656 0.890625
11  6.017366 -6.586112 57.473133  -1.000000 0.000001 0.000001  0.203125 0.863281
galil.bmp
11  6.407364 -6.435406 55.423183  0.000001 0.787466 -0.616358  0.339844 0.671875
11  6.407364 -6.325481 55.643223  -0.000001 0.914038 -0.405629  0.328125 0.671875
11  6.767365 -6.325482 55.643223  -0.000001 0.914038 -0.405629  0.328125 0.671875
galil.bmp
11  6.407364 -6.655409 55.433109  0.000002 -0.135023 0.990843  0.347656 0.679688
11  6.407363 -7.885409 55.432686  0.000000 0.008716 0.999962  0.429688 0.679688
11  6.767364 -7.885409 55.432682  0.000000 0.008715 0.999962  0.429688 0.714844
galil.bmp
11  6.407363 -7.885409 55.432686  -1.000000 0.000001 0.000000  0.429688 0.679688
11  6.407364 -6.655409 55.433109  -1.000000 -0.000001 0.000000  0.347656 0.679688
11  6.407363 -7.855374 55.332695  -1.000000 0.000001 0.000000  0.429688 0.671875
galil.bmp
11  6.787363 -20.066490 58.568481  0.796108 0.000484 0.605155  0.644531 0.625000
11  6.877363 -20.066418 58.358482  0.923612 0.000298 0.383328  0.644531 0.609375
11  6.877366 -12.386418 58.361130  0.923621 0.000302 0.383308  0.261719 0.609375
galil.bmp
13  6.507365 -6.700396 56.125912  0.000003 0.912685 -0.408663  0.464844 0.496094
13  6.447366 -6.420547 56.566010  0.000001 0.844103 -0.536181  0.449219 0.531250
13  6.727365 -6.420548 56.566010  0.000001 0.844103 -0.536181  0.437500 0.531250
galil.bmp
13  6.447366 -6.420547 56.566010  -0.990858 -0.000688 -0.134905  0.449219 0.531250
13  6.507365 -6.700396 56.125912  -0.997727 -0.000200 -0.067388  0.464844 0.496094
13  6.447365 -7.080551 56.575783  -0.990857 -0.000690 -0.134912  0.484375 0.531250
galil.bmp
15  5.791074 -11.514441 58.988392  -0.913644 0.378417 -0.148510  0.605469 0.816406
15  5.791074 -11.514486 59.118393  -0.923872 0.382701 0.000000  0.605469 0.835938
15  5.861074 -11.354442 58.988449  -0.703205 0.700704 -0.120480  0.589844 0.816406
galil.bmp
15  5.891073 -11.514310 58.608395  -0.900908 0.373211 -0.221537  0.597656 0.761719
15  5.791074 -11.514441 58.988392  -0.913644 0.378417 -0.148510  0.605469 0.816406
15  5.931073 -11.414310 58.608429  -0.773690 0.587664 -0.236760  0.589844 0.761719
galil.bmp
15  5.961073 -11.404331 58.668430  0.000000 0.997112 0.075945  0.753906 0.500000
15  6.091074 -11.404331 58.668430  -0.000000 0.997101 0.076088  0.746094 0.500000
15  5.961073 -11.364138 58.108444  0.000029 0.983536 0.180712  0.750000 0.453125
galil.bmp
15  5.961072 -11.274065 57.898476  -0.973207 0.000000 -0.229933  0.746094 0.437500
15  6.021072 -11.274027 57.788475  -0.894324 0.000001 -0.447421  0.746094 0.429688
15  6.021072 -11.754027 57.788311  -0.894326 0.000152 -0.447417  0.769531 0.429688
galil.bmp
15  6.091073 -11.274065 57.898476  -0.000004 0.997100 0.076099  0.738281 0.437500
15  6.221073 -11.274065 57.898476  0.000000 1.000000 0.000350  0.730469 0.437500
15  6.221072 -11.274020 57.768475  0.000001 1.000000 0.000339  0.730469 0.429688
galil.bmp
17  6.501217 -9.302006 53.774189  0.524850 0.817910 -0.235702  0.750000 0.400000
17  7.173716 -9.380289 55.000031  0.524850 0.817910 -0.235702  0.625000 0.600000
17  7.173716 -9.702740 53.881096  0.524850 0.817910 -0.235702  0.625000 0.400000
galil.bmp
17  6.501217 -10.085477 53.008369  0.468435 0.617568 -0.631806  0.750000 0.200000
17  7.173716 -9.702740 53.881096  0.468435 0.617568 -0.631806  0.625000 0.400000
17  6.916844 -10.333146 53.074440  0.468435 0.617568 -0.631806  0.625000 0.200000
galil.bmp
17  6.501217 -8.979554 54.893124  0.531689 0.845604 -0.047547  0.750000 0.600000
17  7.032194 -9.250962 56.003857  0.531689 0.845604 -0.047547  0.625000 0.800000
17  7.173716 -9.380289 55.000031  0.531689 0.845604 -0.047547  0.625000 0.600000
galil.bmp
17  6.501217 -11.030711 52.888176  0.226791 0.122855 -0.966164  0.687500 0.000000
17  6.501217 -10.085477 53.008369  0.226791 0.122855 -0.966164  0.750000 0.200000
17  6.916844 -10.333146 53.074440  0.226791 0.122855 -0.966164  0.625000 0.200000
galil.bmp
17  6.501217 -11.030711 52.888176  0.515407 -0.079239 -0.853274  0.562500 0.000000
17  6.916844 -10.333146 53.074440  0.515407 -0.079239 -0.853274  0.625000 0.200000
17  7.089002 -10.931067 53.233952  0.515407 -0.079239 -0.853274  0.500000 0.200000
galil.bmp
17  7.173716 -9.702740 53.881096  0.963400 0.257587 -0.074229  0.625000 0.400000
17  7.452273 -10.347747 55.258129  0.963400 0.257587 -0.074229  0.500000 0.600000
17  7.452273 -10.670197 54.139191  0.963400 0.257587 -0.074229  0.500000 0.400000
galil.bmp
17  6.916844 -10.333146 53.074440  0.901508 0.151415 -0.405410  0.625000 0.200000
17  7.452273 -10.670197 54.139191  0.901508 0.151415 -0.405410  0.500000 0.400000
17  7.089002 -10.931067 53.233952  0.901508 0.151415 -0.405410  0.500000 0.200000
galil.bmp
17  7.173716 -9.380289 55.000031  0.950956 0.288643 0.111214  0.625000 0.600000
17  7.252131 -10.086878 56.163368  0.950956 0.288642 0.111216  0.500000 0.800000
17  7.452273 -10.347747 55.258129  0.950956 0.288643 0.111215  0.500000 0.600000
galil.bmp
17  6.501217 -11.030711 52.888176  0.517876 -0.356561 -0.777605  0.437500 0.000000
17  7.089002 -10.931067 53.233952  0.517876 -0.356561 -0.777605  0.500000 0.200000
17  6.916844 -11.528988 53.393463  0.517876 -0.356561 -0.777605  0.375000 0.200000
galil.bmp
17  7.452273 -10.670197 54.139191  0.963400 -0.257587 0.074230  0.500000 0.400000
17  7.173716 -11.315206 55.516224  0.963400 -0.257587 0.074230  0.375000 0.600000
17  7.173716 -11.637656 54.397289  0.963400 -0.257587 0.074230  0.375000 0.400000
galil.bmp
17  7.089002 -10.931067 53.233952  0.904649 -0.331814 -0.267413  0.500000 0.200000
17  7.173716 -11.637656 54.397289  0.904649 -0.331814 -0.267413  0.375000 0.400000
17  6.916844 -11.528988 53.393463  0.904649 -0.331814 -0.267413  0.375000 0.200000
galil.bmp
17  7.452273 -10.347747 55.258129  0.943521 -0.199553 0.264474  0.500000 0.600000
17  7.032194 -10.922794 56.322880  0.943521 -0.199553 0.264475  0.375000 0.800000
17  7.173716 -11.315206 55.516224  0.943521 -0.199553 0.264475  0.375000 0.600000
galil.bmp
17  6.501217 -11.030711 52.888176  0.229807 -0.591803 -0.772631  0.312500 0.000000
17  6.916844 -11.528988 53.393463  0.229807 -0.591803 -0.772631  0.375000 0.200000
17  6.501217 -11.776655 53.459538  0.229807 -0.591803 -0.772631  0.250000 0.200000
galil.bmp
17  7.173716 -11.637656 54.397289  0.524850 -0.817910 0.235703  0.375000 0.400000
17  6.501217 -11.715940 55.623131  0.524850 -0.817910 0.235703  0.250000 0.600000
17  6.501217 -12.038391 54.504196  0.524850 -0.817910 0.235703  0.250000 0.400000
galil.bmp
17  6.916844 -11.528988 53.393463  0.474734 -0.853741 -0.213903  0.375000 0.200000
17  6.501217 -12.038391 54.504196  0.474734 -0.853741 -0.213903  0.250000 0.400000
17  6.501217 -11.776655 53.459538  0.474734 -0.853741 -0.213903  0.250000 0.200000
galil.bmp
17  7.173716 -11.315206 55.516224  0.518623 -0.734019 0.438460  0.375000 0.600000
17  6.501217 -11.269042 56.388950  0.518624 -0.734019 0.438459  0.250000 0.800000
17  6.501217 -11.715940 55.623131  0.518623 -0.734019 0.438460  0.250000 0.600000
galil.bmp
17  6.501217 -11.030711 52.888176  -0.229807 -0.591802 -0.772631  0.187500 0.000000
17  6.501217 -11.776655 53.459538  -0.229807 -0.591802 -0.772631  0.250000 0.200000
17  6.085590 -11.528988 53.393463  -0.229807 -0.591802 -0.772631  0.125000 0.200000
galil.bmp
17  6.501217 -12.038391 54.504196  -0.524846 -0.817912 0.235704  0.250000 0.400000
17  5.828718 -11.315206 55.516224  -0.524846 -0.817912 0.235704  0.125000 0.600000
17  5.828718 -11.637656 54.397289  -0.524846 -0.817912 0.235704  0.125000 0.400000
galil.bmp
17  6.501217 -11.776655 53.459538  -0.474732 -0.853743 -0.213900  0.250000 0.200000
17  5.828718 -11.637656 54.397289  -0.474732 -0.853743 -0.213900  0.125000 0.400000
17  6.085590 -11.528988 53.393463  -0.474732 -0.853743 -0.213900  0.125000 0.200000
galil.bmp
17  6.501217 -11.715940 55.623131  -0.518628 -0.734021 0.438450  0.250000 0.600000
17  5.970240 -10.922794 56.322880  -0.518628 -0.734020 0.438451  0.125000 0.800000
17  5.828718 -11.315206 55.516224  -0.518628 -0.734020 0.438451  0.125000 0.600000
galil.bmp
17  6.501217 -11.030711 52.888176  -0.517876 -0.356561 -0.777605  0.062500 0.000000
17  6.085590 -11.528988 53.393463  -0.517876 -0.356561 -0.777605  0.125000 0.200000
17  5.913432 -10.931067 53.233952  -0.517876 -0.356561 -0.777605  0.000000 0.200000
galil.bmp
17  5.828718 -11.637656 54.397289  -0.963400 -0.257586 0.074230  0.125000 0.400000
17  5.550160 -10.347747 55.258129  -0.963400 -0.257586 0.074230  0.000000 0.600000
17  5.550160 -10.670197 54.139191  -0.963400 -0.257586 0.074230  0.000000 0.400000
galil.bmp
17  7.032194 -9.250962 56.003857  0.241984 0.532840 0.810879  0.625000 0.800000
17  6.501217 -8.904713 55.937782  -0.231437 0.539384 0.809630  0.750000 0.800000
17  5.970240 -9.250962 56.003857  -0.520344 0.285624 0.804774  0.875000 0.800000
galil.bmp
17  6.085590 -11.528988 53.393463  -0.904650 -0.331811 -0.267413  0.125000 0.200000
17  5.550160 -10.670197 54.139191  -0.904650 -0.331811 -0.267413  0.000000 0.400000
17  5.913432 -10.931067 53.233952  -0.904650 -0.331811 -0.267413  0.000000 0.200000
galil.bmp
17  5.828718 -11.315206 55.516224  -0.943516 -0.199572 0.264476  0.125000 0.600000
17  5.750302 -10.086878 56.163368  -0.943516 -0.199572 0.264476  0.000000 0.800000
17  5.550160 -10.347747 55.258129  -0.943516 -0.199572 0.264476  0.000000 0.600000
galil.bmp
17  6.501217 -11.030711 52.888176  -0.515407 -0.079239 -0.853274  0.937500 0.000000
17  5.913432 -10.931067 53.233952  -0.515407 -0.079239 -0.853274  1.000000 0.200000
17  6.085590 -10.333146 53.074440  -0.515407 -0.079239 -0.853274  0.875000 0.200000
galil.bmp
17  5.550160 -10.670197 54.139191  -0.963400 0.257585 -0.074230  1.000000 0.400000
17  5.828718 -9.380289 55.000031  -0.963400 0.257585 -0.074230  0.875000 0.600000
17  5.828718 -9.702740 53.881096  -0.963400 0.257585 -0.074230  0.875000 0.400000
galil.bmp
17  5.913432 -10.931067 53.233952  -0.901505 0.151420 -0.405415  1.000000 0.200000
17  5.828718 -9.702740 53.881096  -0.901505 0.151420 -0.405415  0.875000 0.400000
17  6.085590 -10.333146 53.074440  -0.901505 0.151420 -0.405415  0.875000 0.200000
galil.bmp
17  5.550160 -10.347747 55.258129  -0.950963 0.288627 0.111191  1.000000 0.600000
17  5.970240 -9.250962 56.003857  -0.950963 0.288627 0.111191  0.875000 0.800000
17  5.828718 -9.380289 55.000031  -0.950963 0.288628 0.111192  0.875000 0.600000
galil.bmp
17  6.501217 -11.030711 52.888176  -0.226791 0.122855 -0.966164  0.812500 0.000000
17  6.085590 -10.333146 53.074440  -0.226791 0.122855 -0.966164  0.875000 0.200000
17  6.501217 -10.085477 53.008369  -0.226791 0.122855 -0.966164  0.750000 0.200000
galil.bmp
17  5.828718 -9.702740 53.881096  -0.524849 0.817910 -0.235703  0.875000 0.400000
17  6.501217 -8.979554 54.893124  -0.524849 0.817910 -0.235703  0.750000 0.600000
17  6.501217 -9.302006 53.774189  -0.524849 0.817910 -0.235703  0.750000 0.400000
galil.bmp
17  6.085590 -10.333146 53.074440  -0.468448 0.617564 -0.631800  0.875000 0.200000
17  6.501217 -9.302006 53.774189  -0.468448 0.617564 -0.631800  0.750000 0.400000
17  6.501217 -10.085477 53.008369  -0.468448 0.617564 -0.631800  0.750000 0.200000
galil.bmp
17  5.828718 -9.380289 55.000031  -0.531674 0.845612 -0.047565  0.875000 0.600000
17  6.501217 -8.904713 55.937782  -0.531673 0.845613 -0.047564  0.750000 0.800000
17  6.501217 -8.979554 54.893124  -0.531673 0.845613 -0.047564  0.750000 0.600000
galil.bmp
11  6.287366 -3.895737 56.384060  -1.000000 0.000000 0.000002  0.160156 0.355469
11  6.287368 -3.896192 57.704060  -1.000000 0.000001 0.000001  0.160156 0.457031
11  6.287367 -3.095879 56.794338  -0.969717 0.244231 0.000095  0.210938 0.386719
galil.bmp
11  6.287368 -3.896192 57.704060  -1.000000 0.000001 0.000001  0.160156 0.457031
11  6.287368 -2.926193 57.704395  -0.893766 0.448530 -0.001855  0.210938 0.457031
11  6.287367 -3.095879 56.794338  -0.969717 0.244231 0.000095  0.210938 0.386719
galil.bmp
11  6.287368 -2.926193 57.704395  -0.893766 0.448530 -0.001855  0.210938 0.457031
11  6.287367 -2.925879 56.794395  -0.449060 0.893496 0.003095  0.210938 0.386719
11  6.287367 -3.095879 56.794338  -0.969717 0.244231 0.000095  0.210938 0.386719
galil.bmp
11  6.287367 -3.095879 56.794338  -0.969717 0.244231 0.000095  0.210938 0.386719
11  6.727367 -3.095879 56.794334  -0.000000 0.999878 -0.015616  0.234375 0.386719
11  6.287366 -3.095737 56.384338  -0.448960 0.893547 0.002994  0.199219 0.355469
galil.bmp
11  6.727367 -3.095879 56.794334  -0.000000 0.999878 -0.015616  0.234375 0.386719
11  6.727366 -3.095737 56.384335  0.000063 0.999880 -0.015521  0.234375 0.355469
11  6.287366 -3.095737 56.384338  -0.448960 0.893547 0.002994  0.199219 0.355469
galil.bmp
17  6.501217 -9.302006 53.774189  0.524856 0.817907 -0.235701  0.750000 0.400000
17  6.501217 -8.979554 54.893124  0.524856 0.817907 -0.235701  0.750000 0.600000
17  7.173716 -9.380289 55.000031  0.524856 0.817907 -0.235701  0.625000 0.600000
galil.bmp
17  6.501217 -10.085477 53.008369  0.468442 0.617567 -0.631801  0.750000 0.200000
17  6.501217 -9.302006 53.774189  0.468442 0.617567 -0.631801  0.750000 0.400000
17  7.173716 -9.702740 53.881096  0.468442 0.617567 -0.631801  0.625000 0.400000
galil.bmp
17  6.501217 -8.979554 54.893124  0.531709 0.845591 -0.047560  0.750000 0.600000
17  6.501217 -8.904713 55.937782  0.531709 0.845591 -0.047560  0.750000 0.800000
17  7.032194 -9.250962 56.003857  0.531708 0.845591 -0.047561  0.625000 0.800000
galil.bmp
17  7.173716 -9.702740 53.881096  0.963400 0.257584 -0.074230  0.625000 0.400000
17  7.173716 -9.380289 55.000031  0.963400 0.257584 -0.074230  0.625000 0.600000
17  7.452273 -10.347747 55.258129  0.963400 0.257584 -0.074230  0.500000 0.600000
galil.bmp
17  6.916844 -10.333146 53.074440  0.901507 0.151417 -0.405410  0.625000 0.200000
17  7.173716 -9.702740 53.881096  0.901507 0.151417 -0.405410  0.625000 0.400000
17  7.452273 -10.670197 54.139191  0.901507 0.151417 -0.405410  0.500000 0.400000
galil.bmp
17  7.173716 -9.380289 55.000031  0.950966 0.288614 0.111197  0.625000 0.600000
17  7.032194 -9.250962 56.003857  0.950967 0.288613 0.111198  0.625000 0.800000
17  7.252131 -10.086878 56.163368  0.950967 0.288613 0.111199  0.500000 0.800000
galil.bmp
17  7.452273 -10.670197 54.139191  0.963399 -0.257587 0.074230  0.500000 0.400000
17  7.452273 -10.347747 55.258129  0.963399 -0.257587 0.074230  0.500000 0.600000
17  7.173716 -11.315206 55.516224  0.963399 -0.257587 0.074230  0.375000 0.600000
galil.bmp
17  7.089002 -10.931067 53.233952  0.904651 -0.331810 -0.267410  0.500000 0.200000
17  7.452273 -10.670197 54.139191  0.904651 -0.331810 -0.267410  0.500000 0.400000
17  7.173716 -11.637656 54.397289  0.904651 -0.331810 -0.267410  0.375000 0.400000
galil.bmp
17  7.452273 -10.347747 55.258129  0.943520 -0.199564 0.264471  0.500000 0.600000
17  7.252131 -10.086878 56.163368  0.943520 -0.199564 0.264471  0.500000 0.800000
17  7.032194 -10.922794 56.322880  0.943520 -0.199564 0.264471  0.375000 0.800000
galil.bmp
17  7.173716 -11.637656 54.397289  0.524856 -0.817906 0.235702  0.375000 0.400000
17  7.173716 -11.315206 55.516224  0.524856 -0.817906 0.235702  0.375000 0.600000
17  6.501217 -11.715940 55.623131  0.524856 -0.817906 0.235702  0.250000 0.600000
galil.bmp
17  6.916844 -11.528988 53.393463  0.474733 -0.853742 -0.213900  0.375000 0.200000
17  7.173716 -11.637656 54.397289  0.474733 -0.853742 -0.213900  0.375000 0.400000
17  6.501217 -12.038391 54.504196  0.474733 -0.853742 -0.213900  0.250000 0.400000
galil.bmp
17  7.173716 -11.315206 55.516224  0.518621 -0.734021 0.438459  0.375000 0.600000
17  7.032194 -10.922794 56.322880  0.518622 -0.734021 0.438458  0.375000 0.800000
17  6.501217 -11.269042 56.388950  0.518621 -0.734020 0.438459  0.250000 0.800000
galil.bmp
17  6.501217 -12.038391 54.504196  -0.524858 -0.817905 0.235702  0.250000 0.400000
17  6.501217 -11.715940 55.623131  -0.524858 -0.817905 0.235702  0.250000 0.600000
17  5.828718 -11.315206 55.516224  -0.524858 -0.817905 0.235702  0.125000 0.600000
galil.bmp
17  6.501217 -11.776655 53.459538  -0.474733 -0.853741 -0.213903  0.250000 0.200000
17  6.501217 -12.038391 54.504196  -0.474733 -0.853741 -0.213903  0.250000 0.400000
17  5.828718 -11.637656 54.397289  -0.474733 -0.853741 -0.213903  0.125000 0.400000
galil.bmp
17  6.501217 -11.715940 55.623131  -0.518632 -0.734021 0.438445  0.250000 0.600000
17  6.501217 -11.269042 56.388950  -0.518633 -0.734020 0.438446  0.250000 0.800000
17  5.970240 -10.922794 56.322880  -0.518632 -0.734021 0.438445  0.125000 0.800000
galil.bmp
17  5.828718 -11.637656 54.397289  -0.963400 -0.257587 0.074231  0.125000 0.400000
17  5.828718 -11.315206 55.516224  -0.963400 -0.257587 0.074231  0.125000 0.600000
17  5.550160 -10.347747 55.258129  -0.963400 -0.257587 0.074231  0.000000 0.600000
galil.bmp
17  5.970240 -9.250962 56.003857  -0.520347 0.285610 0.804777  0.875000 0.800000
17  5.750302 -10.086878 56.163368  -0.515893 0.014390 0.856532  0.000000 0.800000
17  7.252131 -10.086878 56.163368  0.515875 0.302089 0.801633  0.500000 0.800000
galil.bmp
17  5.750302 -10.086878 56.163368  -0.515886 0.014365 0.856537  0.000000 0.800000
17  5.970240 -10.922794 56.322880  -0.241939 -0.196825 0.950118  0.125000 0.800000
17  7.032194 -10.922794 56.322880  0.520350 0.030822 0.853397  0.375000 0.800000
galil.bmp
17  5.970240 -10.922794 56.322880  -0.241918 -0.196843 0.950120  0.125000 0.800000
17  6.501217 -11.269042 56.388950  0.231437 -0.203346 0.951361  0.250000 0.800000
17  7.032194 -10.922794 56.322880  0.520344 0.030794 0.853402  0.375000 0.800000
galil.bmp
17  7.032194 -10.922794 56.322880  0.520346 0.030808 0.853399  0.375000 0.800000
17  7.252131 -10.086878 56.163368  0.515893 0.302028 0.801645  0.500000 0.800000
17  5.750302 -10.086878 56.163368  -0.515875 0.014329 0.856544  0.000000 0.800000
galil.bmp
17  7.252131 -10.086878 56.163368  0.515886 0.302052 0.801640  0.500000 0.800000
17  7.032194 -9.250962 56.003857  0.241990 0.532831 0.810884  0.625000 0.800000
17  5.970240 -9.250962 56.003857  -0.520350 0.285595 0.804780  0.875000 0.800000
galil.bmp
17  6.085590 -11.528988 53.393463  -0.904651 -0.331811 -0.267412  0.125000 0.200000
17  5.828718 -11.637656 54.397289  -0.904651 -0.331811 -0.267412  0.125000 0.400000
17  5.550160 -10.670197 54.139191  -0.904651 -0.331811 -0.267412  0.000000 0.400000
galil.bmp
17  5.828718 -11.315206 55.516224  -0.943510 -0.199581 0.264492  0.125000 0.600000
17  5.970240 -10.922794 56.322880  -0.943510 -0.199581 0.264493  0.125000 0.800000
17  5.750302 -10.086878 56.163368  -0.943510 -0.199581 0.264493  0.000000 0.800000
galil.bmp
17  5.550160 -10.670197 54.139191  -0.963400 0.257585 -0.074230  1.000000 0.400000
17  5.550160 -10.347747 55.258129  -0.963400 0.257585 -0.074230  1.000000 0.600000
17  5.828718 -9.380289 55.000031  -0.963400 0.257585 -0.074230  0.875000 0.600000
galil.bmp
17  5.913432 -10.931067 53.233952  -0.901509 0.151414 -0.405407  1.000000 0.200000
17  5.550160 -10.670197 54.139191  -0.901509 0.151414 -0.405407  1.000000 0.400000
17  5.828718 -9.702740 53.881096  -0.901509 0.151414 -0.405407  0.875000 0.400000
galil.bmp
17  5.550160 -10.347747 55.258129  -0.950965 0.288609 0.111226  1.000000 0.600000
17  5.750302 -10.086878 56.163368  -0.950965 0.288607 0.111225  1.000000 0.800000
17  5.970240 -9.250962 56.003857  -0.950965 0.288608 0.111225  0.875000 0.800000
galil.bmp
17  5.828718 -9.702740 53.881096  -0.524856 0.817907 -0.235700  0.875000 0.400000
17  5.828718 -9.380289 55.000031  -0.524856 0.817907 -0.235700  0.875000 0.600000
17  6.501217 -8.979554 54.893124  -0.524856 0.817907 -0.235700  0.750000 0.600000
galil.bmp
17  6.085590 -10.333146 53.074440  -0.468438 0.617569 -0.631803  0.875000 0.200000
17  5.828718 -9.702740 53.881096  -0.468438 0.617569 -0.631803  0.875000 0.400000
17  6.501217 -9.302006 53.774189  -0.468438 0.617569 -0.631803  0.750000 0.400000
galil.bmp
17  5.828718 -9.380289 55.000031  -0.531695 0.845600 -0.047543  0.875000 0.600000
17  5.970240 -9.250962 56.003857  -0.531694 0.845601 -0.047542  0.875000 0.800000
17  6.501217 -8.904713 55.937782  -0.531694 0.845601 -0.047542  0.750000 0.800000
end
