version 1
nodes
0 "Bone01" -1
1 "Bone02" 0
2 "Bone03" 1
3 "Bone04" 2
4 "Bone05" 3
5 "Bone06" 4
6 "Bone07" 2
7 "Bone08" 6
8 "Bone09" 7
9 "Bone11" 2
10 "Bone12" 9
11 "Bone13" 10
12 "Bone15" 2
13 "Bone16" 12
14 "Bone17" 13
15 "Bone19" 2
16 "Bone20" 15
17 "Bone21" 16
18 "Bone24" -1
19 "Bone25" 18
20 "Bone26" 19
21 "Bone27" 20
22 "Bone28" 21
23 "Bone29" 22
24 "Bone31" 20
25 "Bone32" 24
26 "Bone33" 25
27 "Bone35" 20
28 "Bone36" 27
29 "Bone37" 28
30 "Bone39" 20
31 "Bone40" 30
32 "Bone41" 31
33 "Bone43" 20
34 "Bone44" 33
35 "Bone45" 34
36 "Bone47" 19
37 "Bone48" 36
38 "Bone55" 37
39 "Bone51" 37
40 "Bone49" 37
41 "Bone53" 37
end
skeleton
time 0
0  -9.026067 -4.650023 1.313681  0.762834 1.855332 1.149480
1  0.026873 -9.077093 -0.000049  0.238960 -0.344243 0.246459
2  0.000005 -0.456717 -0.000002  0.000007 -0.000000 0.000007
3  -0.421910 0.233314 0.477534  -0.212792 -0.375548 -2.091537
4  1.827483 -0.104698 0.000011  -0.000008 -0.000002 0.523591
5  1.069446 0.056470 -0.000000  -0.000000 -0.000002 0.848239
6  -1.090119 -1.829638 -0.122568  -0.000003 -0.000006 -1.638872
7  1.390340 -0.000571 -0.000004  0.000003 -0.481708 0.005233
8  0.964939 -0.010936 0.000001  0.000001 -0.670206 -0.000001
9  -0.348490 -1.994084 -0.122567  -0.078964 -0.260138 -1.437437
10  1.546317 0.004632 -0.000002  0.000002 -1.623155 -0.000000
11  1.135737 0.008470 -0.000003  -0.000007 -1.110028 0.020949
12  0.310265 -1.738956 -0.122568  -0.056431 -0.182693 -1.438557
13  1.569653 0.049768 -0.000003  0.000075 -1.497489 -0.010551
14  1.096338 0.003411 0.000003  -0.000032 -1.214751 0.005271
15  0.956487 -1.335288 -0.122569  0.000002 -0.267036 -1.445139
16  1.346259 0.018214 0.000004  -0.000006 -0.612615 -0.005230
17  0.874448 -0.001049 -0.000003  0.000064 -1.392772 -0.000056
18  9.029037 -4.746507 1.572933  0.936433 -1.816588 -1.312238
19  -0.244747 -8.933569 0.000031  0.209146 0.299577 -0.249756
20  -0.017482 -0.437063 0.000001  -0.000002 0.000000 0.000001
21  0.472028 0.192308 0.472822  0.297070 -0.493085 -1.048318
22  1.857549 0.010595 0.000001  -0.000007 -0.000004 -0.455538
23  0.996042 -0.010013 -0.000002  0.000004 0.000008 -0.858699
24  1.137755 -1.867487 -0.137078  -0.000003 -0.052364 -1.523679
25  1.365645 0.014875 -0.000003  0.000002 -0.376991 -0.005230
26  0.938016 -0.005665 -0.000000  0.000004 -0.612609 0.010471
27  0.409678 -2.071859 -0.137077  0.068182 -0.280439 -1.750246
28  1.470907 0.007355 0.000002  0.000195 -1.617929 0.010273
29  1.152101 0.010332 -0.000004  -0.000018 -1.099555 0.005253
30  -0.292851 -1.816392 -0.137078  0.017966 -0.224445 -1.724672
31  1.511619 -0.004255 -0.000002  0.000224 -1.544618 0.036445
32  1.099637 -0.010803 -0.000003  -0.000029 -1.130969 0.010498
33  -0.957061 -1.356554 -0.137078  -0.000003 -0.235623 -1.685990
34  1.351392 -0.010798 -0.000005  0.000009 -0.753977 0.005227
35  0.859052 0.017735 -0.000000  -0.000002 -1.371831 -0.010468
36  -0.069482 -3.465246 0.968047  1.218518 1.752561 1.295780
37  0.000001 2.398082 0.584532  -0.000001 0.000000 0.000001
38  -0.000001 -1.378898 1.049159  0.000002 -0.000000 -0.000001
39  -0.000002 -1.588730 1.528775  -0.000000 -0.000000 -0.000001
40  -0.000004 -2.892687 1.423858  -0.000000 -0.000000 -0.000000
41  -0.000001 -1.079138 2.293163  -0.000000 -0.000000 -0.000000
end
triangles
fs1.bmp
36  5.206440 -14.530318 4.334261  0.438963 0.567385 -0.696696  0.101563 0.664063
36  4.982445 -14.458802 4.382344  -0.306469 0.776130 -0.551089  0.136719 0.664063
36  5.434351 -14.009834 4.522020  0.263298 0.440317 -0.858368  0.031250 0.718750
fs1.bmp
36  5.434351 -14.009834 4.522020  0.263298 0.440317 -0.858368  0.031250 0.718750
36  4.982445 -14.458802 4.382344  -0.306469 0.776130 -0.551089  0.136719 0.664063
36  5.182357 -13.929379 4.576114  -0.317303 0.649978 -0.690541  0.066406 0.718750
fs1.bmp
36  4.982445 -14.458802 4.382344  -0.306469 0.776130 -0.551089  0.136719 0.664063
36  4.834128 -14.546272 4.470383  -0.831094 0.526365 -0.179505  0.179688 0.679688
36  5.182357 -13.929379 4.576114  -0.317303 0.649978 -0.690541  0.066406 0.718750
fs1.bmp
36  5.182357 -13.929379 4.576114  -0.317303 0.649978 -0.690541  0.066406 0.718750
36  4.834128 -14.546272 4.470383  -0.831094 0.526365 -0.179505  0.179688 0.679688
36  5.042630 -13.976818 4.694545  -0.759139 0.539881 -0.363643  0.101563 0.734375
fs1.bmp
36  4.834128 -14.546272 4.470383  -0.831094 0.526365 -0.179505  0.179688 0.679688
36  4.740576 -14.984373 4.636263  -0.944487 0.315422 0.091945  0.230469 0.718750
36  5.042630 -13.976818 4.694545  -0.759139 0.539881 -0.363643  0.101563 0.734375
fs1.bmp
36  5.042630 -13.976818 4.694545  -0.759139 0.539881 -0.363643  0.101563 0.734375
36  4.740576 -14.984373 4.636263  -0.944487 0.315422 0.091945  0.230469 0.718750
36  5.049350 -13.839349 4.820866  -0.762855 0.639082 -0.098114  0.082031 0.765625
fs1.bmp
36  4.740576 -14.984373 4.636263  -0.944487 0.315422 0.091945  0.230469 0.718750
36  4.597547 -15.441086 4.699160  -0.944488 0.315427 0.091913  0.292969 0.734375
36  5.049350 -13.839349 4.820866  -0.762855 0.639082 -0.098114  0.082031 0.765625
fs1.bmp
36  5.049350 -13.839349 4.820866  -0.762855 0.639082 -0.098114  0.082031 0.765625
36  4.597547 -15.441086 4.699160  -0.944488 0.315427 0.091913  0.292969 0.734375
36  4.397067 -15.918770 4.875016  -0.958603 0.264848 -0.104572  0.359375 0.765625
fs1.bmp
36  4.597547 -15.441086 4.699160  -0.944488 0.315427 0.091913  0.292969 0.734375
36  4.457747 -15.871872 4.588802  -0.971479 0.224142 0.077381  0.351563 0.703125
36  4.397067 -15.918770 4.875016  -0.958603 0.264848 -0.104572  0.359375 0.765625
fs1.bmp
36  4.397067 -15.918770 4.875016  -0.958603 0.264848 -0.104572  0.359375 0.765625
36  4.457747 -15.871872 4.588802  -0.971479 0.224142 0.077381  0.351563 0.703125
36  4.399124 -16.201584 4.506625  -0.992501 0.117719 0.032936  0.394531 0.687500
fs1.bmp
36  4.457747 -15.871872 4.588802  -0.971479 0.224142 0.077381  0.351563 0.703125
36  4.399051 -15.806784 4.368306  -0.899844 0.119365 0.419563  0.343750 0.648438
36  4.399124 -16.201584 4.506625  -0.992501 0.117719 0.032936  0.394531 0.687500
fs1.bmp
36  4.399124 -16.201584 4.506625  -0.992501 0.117719 0.032936  0.394531 0.687500
36  4.399051 -15.806784 4.368306  -0.899844 0.119365 0.419563  0.343750 0.648438
36  4.372486 -16.085630 4.210070  -0.957356 -0.125652 0.260156  0.378906 0.609375
fs1.bmp
36  4.399051 -15.806784 4.368306  -0.899844 0.119365 0.419563  0.343750 0.648438
36  4.281543 -15.740978 4.272069  -0.822629 0.195455 0.533928  0.339844 0.625000
36  4.372486 -16.085630 4.210070  -0.957356 -0.125652 0.260156  0.378906 0.609375
fs1.bmp
36  4.372486 -16.085630 4.210070  -0.957356 -0.125652 0.260156  0.378906 0.609375
36  4.281543 -15.740978 4.272069  -0.822629 0.195455 0.533928  0.339844 0.625000
36  4.259499 -15.620788 3.790958  -0.995305 0.036424 0.089670  0.324219 0.507813
fs1.bmp
36  4.281543 -15.740978 4.272069  -0.822629 0.195455 0.533928  0.339844 0.625000
36  4.378589 -15.224034 3.955288  -0.698992 0.345254 0.626267  0.269531 0.546875
36  4.259499 -15.620788 3.790958  -0.995305 0.036424 0.089670  0.324219 0.507813
fs1.bmp
36  4.259499 -15.620788 3.790958  -0.995305 0.036424 0.089670  0.324219 0.507813
36  4.378589 -15.224034 3.955288  -0.698992 0.345254 0.626267  0.269531 0.546875
36  4.663435 -14.333073 3.757425  -0.725908 0.569957 0.384976  0.148438 0.507813
fs1.bmp
36  4.378589 -15.224034 3.955288  -0.698992 0.345254 0.626267  0.269531 0.546875
36  4.511679 -15.220824 4.071377  -0.799298 0.386940 0.459782  0.265625 0.578125
36  4.663435 -14.333073 3.757425  -0.725908 0.569957 0.384976  0.148438 0.507813
fs1.bmp
36  4.663435 -14.333073 3.757425  -0.725908 0.569957 0.384976  0.148438 0.507813
36  4.511679 -15.220824 4.071377  -0.799298 0.386940 0.459782  0.265625 0.578125
36  4.765571 -14.584040 4.207185  -0.746347 0.623631 0.232487  0.187500 0.617188
fs1.bmp
36  4.511679 -15.220824 4.071377  -0.799298 0.386940 0.459782  0.265625 0.578125
36  4.740576 -14.984373 4.636263  -0.944487 0.315422 0.091945  0.230469 0.718750
36  4.765571 -14.584040 4.207185  -0.746347 0.623631 0.232487  0.187500 0.617188
fs1.bmp
36  4.765571 -14.584040 4.207185  -0.746347 0.623631 0.232487  0.187500 0.617188
36  4.740576 -14.984373 4.636263  -0.944487 0.315422 0.091945  0.230469 0.718750
36  4.834128 -14.546272 4.470383  -0.831094 0.526365 -0.179505  0.179688 0.679688
fs1.bmp
36  4.716450 -16.302898 4.438507  -0.359056 -0.779889 -0.512691  0.628906 0.992188
36  4.670415 -16.556786 4.601671  -0.291335 -0.302260 -0.907614  0.574219 0.992188
36  4.399124 -16.201584 4.506625  -0.350166 -0.631813 -0.691517  0.628906 0.914063
fs1.bmp
36  4.399124 -16.201584 4.506625  -0.350166 -0.631813 -0.691517  0.628906 0.914063
36  4.670415 -16.556786 4.601671  -0.291335 -0.302260 -0.907614  0.574219 0.992188
36  4.353090 -16.455471 4.669789  -0.247793 -0.130695 -0.959957  0.574219 0.914063
fs1.bmp
36  4.670415 -16.556786 4.601671  -0.291335 -0.302260 -0.907614  0.574219 0.992188
36  4.371203 -17.510649 4.626511  -0.155530 0.167406 -0.973543  0.445313 0.992188
36  4.353090 -16.455471 4.669789  -0.247793 -0.130695 -0.959957  0.574219 0.914063
fs1.bmp
36  4.353090 -16.455471 4.669789  -0.247793 -0.130695 -0.959957  0.574219 0.914063
36  4.371203 -17.510649 4.626511  -0.155530 0.167406 -0.973543  0.445313 0.992188
36  4.053877 -17.409334 4.694628  -0.115930 0.278006 -0.953558  0.445313 0.914063
fs1.bmp
36  4.371203 -17.510649 4.626511  -0.155530 0.167406 -0.973543  0.445313 0.992188
36  4.279541 -17.735899 4.534531  0.023901 0.608273 -0.793368  0.406250 0.992188
36  4.053877 -17.409334 4.694628  -0.115930 0.278006 -0.953558  0.445313 0.914063
fs1.bmp
36  4.053877 -17.409334 4.694628  -0.115930 0.278006 -0.953558  0.445313 0.914063
36  4.279541 -17.735899 4.534531  0.023901 0.608273 -0.793368  0.406250 0.992188
36  3.962216 -17.634584 4.602649  0.125984 0.794239 -0.594402  0.406250 0.914063
fs1.bmp
36  4.279541 -17.735899 4.534531  0.023901 0.608273 -0.793368  0.406250 0.992188
36  4.151287 -17.863539 4.126904  0.259999 0.945651 -0.195305  0.347656 0.992188
36  3.962216 -17.634584 4.602649  0.125984 0.794239 -0.594402  0.406250 0.914063
fs1.bmp
36  3.962216 -17.634584 4.602649  0.125984 0.794239 -0.594402  0.406250 0.914063
36  4.151287 -17.863539 4.126904  0.259999 0.945651 -0.195305  0.347656 0.992188
36  3.833962 -17.762224 4.195023  0.299416 0.953825 -0.023844  0.347656 0.914063
fs1.bmp
36  4.151287 -17.863539 4.126904  0.259999 0.945651 -0.195305  0.347656 0.992188
36  4.111673 -17.795645 3.841385  0.354934 0.850073 0.389099  0.300781 0.992188
36  3.833962 -17.762224 4.195023  0.299416 0.953825 -0.023844  0.347656 0.914063
fs1.bmp
36  3.833962 -17.762224 4.195023  0.299416 0.953825 -0.023844  0.347656 0.914063
36  4.111673 -17.795645 3.841385  0.354934 0.850073 0.389099  0.300781 0.992188
36  3.794348 -17.694330 3.909503  0.357187 0.713348 0.602953  0.300781 0.914063
fs1.bmp
36  4.111673 -17.795645 3.841385  0.354934 0.850073 0.389099  0.300781 0.992188
36  4.137741 -17.618803 3.699797  0.318731 0.430558 0.844411  0.265625 0.992188
36  3.794348 -17.694330 3.909503  0.357187 0.713348 0.602953  0.300781 0.914063
fs1.bmp
36  3.794348 -17.694330 3.909503  0.357187 0.713348 0.602953  0.300781 0.914063
36  4.137741 -17.618803 3.699797  0.318731 0.430558 0.844411  0.265625 0.992188
36  3.820415 -17.517488 3.767915  0.292702 0.308186 0.905178  0.265625 0.914063
fs1.bmp
36  4.137741 -17.618803 3.699797  0.318731 0.430558 0.844411  0.265625 0.992188
36  4.197642 -17.387671 3.635071  0.211406 0.005002 0.977386  0.230469 0.992188
36  3.820415 -17.517488 3.767915  0.292702 0.308186 0.905178  0.265625 0.914063
fs1.bmp
36  3.820415 -17.517488 3.767915  0.292702 0.308186 0.905178  0.265625 0.914063
36  4.197642 -17.387671 3.635071  0.211406 0.005002 0.977386  0.230469 0.992188
36  3.880316 -17.286356 3.703189  0.151561 -0.178894 0.972125  0.230469 0.914063
fs1.bmp
36  4.197642 -17.387671 3.635071  0.211406 0.005002 0.977386  0.230469 0.992188
36  4.350094 -17.002100 3.771798  0.151515 -0.178876 0.972135  0.164063 0.992188
36  3.880316 -17.286356 3.703189  0.151561 -0.178894 0.972125  0.230469 0.914063
fs1.bmp
36  3.880316 -17.286356 3.703189  0.151561 -0.178894 0.972125  0.230469 0.914063
36  4.350094 -17.002100 3.771798  0.151515 -0.178876 0.972135  0.164063 0.992188
36  4.032769 -16.900785 3.839916  0.211368 0.005068 0.977393  0.164063 0.914063
fs1.bmp
36  4.350094 -17.002100 3.771798  0.151515 -0.178876 0.972135  0.164063 0.992188
36  4.420986 -16.722538 3.686242  0.211414 0.005024 0.977384  0.121094 0.992188
36  4.032769 -16.900785 3.839916  0.211368 0.005068 0.977393  0.164063 0.914063
fs1.bmp
36  4.032769 -16.900785 3.839916  0.211368 0.005068 0.977393  0.164063 0.914063
36  4.420986 -16.722538 3.686242  0.211414 0.005024 0.977384  0.121094 0.992188
36  4.103661 -16.621225 3.754360  0.163989 -0.142647 0.976094  0.121094 0.914063
fs1.bmp
36  4.420986 -16.722538 3.686242  0.211414 0.005024 0.977384  0.121094 0.992188
36  4.594384 -16.270199 3.821230  -0.006605 -0.572112 0.820149  0.046875 0.992188
36  4.103661 -16.621225 3.754360  0.163989 -0.142647 0.976094  0.121094 0.914063
fs1.bmp
36  4.103661 -16.621225 3.754360  0.163989 -0.142647 0.976094  0.121094 0.914063
36  4.594384 -16.270199 3.821230  -0.006605 -0.572112 0.820149  0.046875 0.992188
36  4.277058 -16.168884 3.889349  -0.127934 -0.797303 0.589866  0.046875 0.914063
fs1.bmp
36  4.565673 -16.214418 3.604518  -0.198507 0.036764 -0.979410  0.078125 0.984375
36  4.407090 -16.719965 3.617683  -0.238547 -0.097514 -0.966223  0.148438 0.984375
36  4.089765 -16.618652 3.685801  -0.214028 -0.013654 -0.976732  0.148438 0.921875
fs1.bmp
36  4.089765 -16.618652 3.685801  -0.214028 -0.013654 -0.976732  0.148438 0.921875
36  4.407090 -16.719965 3.617683  -0.238547 -0.097514 -0.966223  0.148438 0.984375
36  4.011911 -16.907017 3.752018  -0.213998 -0.013593 -0.976739  0.203125 0.921875
fs1.bmp
36  4.407090 -16.719965 3.617683  -0.238547 -0.097514 -0.966223  0.148438 0.984375
36  4.329237 -17.008329 3.683900  -0.155572 0.167321 -0.973551  0.203125 0.984375
36  4.011911 -16.907017 3.752018  -0.213998 -0.013593 -0.976739  0.203125 0.921875
fs1.bmp
36  4.011911 -16.907017 3.752018  -0.213998 -0.013593 -0.976739  0.203125 0.921875
36  4.329237 -17.008329 3.683900  -0.155572 0.167321 -0.973551  0.203125 0.984375
36  3.869413 -17.274244 3.634382  -0.155559 0.167337 -0.973550  0.273438 0.921875
fs1.bmp
36  4.329237 -17.008329 3.683900  -0.155572 0.167321 -0.973551  0.203125 0.984375
36  4.186738 -17.375557 3.566264  -0.214020 -0.013628 -0.976734  0.273438 0.984375
36  3.869413 -17.274244 3.634382  -0.155559 0.167337 -0.973550  0.273438 0.921875
fs1.bmp
36  3.869413 -17.274244 3.634382  -0.155559 0.167337 -0.973550  0.273438 0.921875
36  4.186738 -17.375557 3.566264  -0.214020 -0.013628 -0.976734  0.273438 0.984375
36  3.792537 -17.572882 3.720435  -0.291349 -0.302318 -0.907590  0.328125 0.921875
fs1.bmp
36  4.186738 -17.375557 3.566264  -0.214020 -0.013628 -0.976734  0.273438 0.984375
36  4.109863 -17.674196 3.652317  -0.315294 -0.413102 -0.854363  0.328125 0.984375
36  3.792537 -17.572882 3.720435  -0.291349 -0.302318 -0.907590  0.328125 0.921875
fs1.bmp
36  3.792537 -17.572882 3.720435  -0.291349 -0.302318 -0.907590  0.328125 0.921875
36  4.109863 -17.674196 3.652317  -0.315294 -0.413102 -0.854363  0.328125 0.984375
36  3.756487 -17.788246 3.872811  -0.355642 -0.690171 -0.630224  0.371094 0.921875
fs1.bmp
36  4.109863 -17.674196 3.652317  -0.315294 -0.413102 -0.854363  0.328125 0.984375
36  4.073812 -17.889561 3.804693  -0.356823 -0.832026 -0.424748  0.371094 0.984375
36  3.756487 -17.788246 3.872811  -0.355642 -0.690171 -0.630224  0.371094 0.921875
fs1.bmp
36  3.756487 -17.788246 3.872811  -0.355642 -0.690171 -0.630224  0.371094 0.921875
36  4.073812 -17.889561 3.804693  -0.356823 -0.832026 -0.424748  0.371094 0.984375
36  3.801019 -17.887329 4.227634  -0.318930 -0.944290 -0.081244  0.445313 0.921875
fs1.bmp
36  4.073812 -17.889561 3.804693  -0.356823 -0.832026 -0.424748  0.371094 0.984375
36  4.118345 -17.988644 4.159516  -0.294529 -0.954459 0.047555  0.445313 0.984375
36  3.801019 -17.887329 4.227634  -0.318930 -0.944290 -0.081244  0.445313 0.921875
fs1.bmp
36  3.801019 -17.887329 4.227634  -0.318930 -0.944290 -0.081244  0.445313 0.921875
36  4.118345 -17.988644 4.159516  -0.294529 -0.954459 0.047555  0.445313 0.984375
36  3.905336 -17.835999 4.637248  -0.265541 -0.948357 0.173511  0.539063 0.921875
fs1.bmp
36  4.118345 -17.988644 4.159516  -0.294529 -0.954459 0.047555  0.445313 0.984375
36  4.222662 -17.937313 4.569129  -0.265539 -0.948358 0.173513  0.539063 0.984375
36  3.905336 -17.835999 4.637248  -0.265541 -0.948357 0.173511  0.539063 0.921875
fs1.bmp
36  4.137741 -17.618803 3.699797  0.933310 -0.297987 -0.200340  0.582031 0.507813
36  4.111673 -17.795645 3.841385  0.933312 -0.297980 -0.200344  0.605469 0.531250
36  4.109863 -17.674196 3.652317  0.933309 -0.297988 -0.200345  0.589844 0.500000
fs1.bmp
36  4.109863 -17.674196 3.652317  0.933309 -0.297988 -0.200345  0.589844 0.500000
36  4.111673 -17.795645 3.841385  0.933312 -0.297980 -0.200344  0.605469 0.531250
36  4.073812 -17.889561 3.804693  0.933311 -0.297980 -0.200344  0.613281 0.523438
fs1.bmp
36  4.111673 -17.795645 3.841385  0.933312 -0.297980 -0.200344  0.605469 0.531250
36  4.151287 -17.863539 4.126904  0.933310 -0.297985 -0.200343  0.617188 0.601563
36  4.073812 -17.889561 3.804693  0.933311 -0.297980 -0.200344  0.613281 0.523438
fs1.bmp
36  4.073812 -17.889561 3.804693  0.933311 -0.297980 -0.200344  0.613281 0.523438
36  4.151287 -17.863539 4.126904  0.933310 -0.297985 -0.200343  0.617188 0.601563
36  4.118345 -17.988644 4.159516  0.933310 -0.297984 -0.200344  0.625000 0.601563
fs1.bmp
36  4.151287 -17.863539 4.126904  0.933310 -0.297985 -0.200343  0.617188 0.601563
36  4.279541 -17.735899 4.534531  0.933312 -0.297980 -0.200342  0.593750 0.695313
36  4.118345 -17.988644 4.159516  0.933310 -0.297984 -0.200344  0.625000 0.601563
fs1.bmp
36  4.118345 -17.988644 4.159516  0.933310 -0.297984 -0.200344  0.625000 0.601563
36  4.279541 -17.735899 4.534531  0.933312 -0.297980 -0.200342  0.593750 0.695313
36  4.222662 -17.937313 4.569129  0.900282 -0.268762 -0.342431  0.617188 0.703125
fs1.bmp
36  4.279541 -17.735899 4.534531  0.933312 -0.297980 -0.200342  0.593750 0.695313
36  4.371203 -17.510649 4.626511  0.802342 -0.242203 -0.545513  0.562500 0.726563
36  4.222662 -17.937313 4.569129  0.900282 -0.268762 -0.342431  0.617188 0.703125
fs1.bmp
36  4.222662 -17.937313 4.569129  0.900282 -0.268762 -0.342431  0.617188 0.703125
36  4.371203 -17.510649 4.626511  0.802342 -0.242203 -0.545513  0.562500 0.726563
36  4.273996 -18.471481 4.804141  0.601558 -0.577159 -0.552282  0.683594 0.765625
fs1.bmp
36  4.371203 -17.510649 4.626511  0.802342 -0.242203 -0.545513  0.562500 0.726563
36  4.670415 -16.556786 4.601671  0.802507 -0.294709 -0.518776  0.429688 0.726563
36  4.273996 -18.471481 4.804141  0.601558 -0.577159 -0.552282  0.683594 0.765625
fs1.bmp
36  4.273996 -18.471481 4.804141  0.601558 -0.577159 -0.552282  0.683594 0.765625
36  4.670415 -16.556786 4.601671  0.802507 -0.294709 -0.518776  0.429688 0.726563
36  5.665335 -14.036017 4.688637  0.837660 0.129742 -0.530560  0.082031 0.765625
fs1.bmp
36  4.670415 -16.556786 4.601671  0.802507 -0.294709 -0.518776  0.429688 0.726563
36  5.583950 -14.149649 4.578344  0.715733 -0.032691 -0.697609  0.101563 0.734375
36  5.665335 -14.036017 4.688637  0.837660 0.129742 -0.530560  0.082031 0.765625
fs1.bmp
36  5.665335 -14.036017 4.688637  0.837660 0.129742 -0.530560  0.082031 0.765625
36  5.583950 -14.149649 4.578344  0.715733 -0.032691 -0.697609  0.101563 0.734375
36  5.434351 -14.009834 4.522020  0.263298 0.440317 -0.858368  0.062500 0.718750
fs1.bmp
36  5.583950 -14.149649 4.578344  0.715733 -0.032691 -0.697609  0.101563 0.734375
36  5.206440 -14.530318 4.334261  0.438963 0.567385 -0.696696  0.136719 0.664063
36  5.434351 -14.009834 4.522020  0.263298 0.440317 -0.858368  0.062500 0.718750
fs1.bmp
36  3.905336 -17.835999 4.637248  -0.944478 0.315460 0.091907  0.617188 0.703125
36  3.833962 -17.762224 4.195023  -0.933309 0.297986 0.200347  0.617188 0.601563
36  3.801019 -17.887329 4.227634  -0.933309 0.297985 0.200348  0.625000 0.601563
fs1.bmp
36  3.801019 -17.887329 4.227634  -0.933309 0.297985 0.200348  0.625000 0.601563
36  3.833962 -17.762224 4.195023  -0.933309 0.297986 0.200347  0.617188 0.601563
36  3.756487 -17.788246 3.872811  -0.933310 0.297984 0.200344  0.613281 0.523438
fs1.bmp
36  3.833962 -17.762224 4.195023  -0.933309 0.297986 0.200347  0.617188 0.601563
36  3.794348 -17.694330 3.909503  -0.933310 0.297983 0.200344  0.605469 0.531250
36  3.756487 -17.788246 3.872811  -0.933310 0.297984 0.200344  0.613281 0.523438
fs1.bmp
36  3.756487 -17.788246 3.872811  -0.933310 0.297984 0.200344  0.613281 0.523438
36  3.794348 -17.694330 3.909503  -0.933310 0.297983 0.200344  0.605469 0.531250
36  3.792537 -17.572882 3.720435  -0.933309 0.297985 0.200349  0.589844 0.500000
fs1.bmp
36  3.794348 -17.694330 3.909503  -0.933310 0.297983 0.200344  0.605469 0.531250
36  3.820415 -17.517488 3.767915  -0.933309 0.297985 0.200349  0.582031 0.507813
36  3.792537 -17.572882 3.720435  -0.933309 0.297985 0.200349  0.589844 0.500000
fs1.bmp
36  3.792537 -17.572882 3.720435  -0.933309 0.297985 0.200349  0.589844 0.500000
36  3.820415 -17.517488 3.767915  -0.933309 0.297985 0.200349  0.582031 0.507813
36  3.869413 -17.274244 3.634382  -0.933309 0.297984 0.200351  0.550781 0.476563
fs1.bmp
36  3.820415 -17.517488 3.767915  -0.933309 0.297985 0.200349  0.582031 0.507813
36  3.880316 -17.286356 3.703189  -0.933309 0.297984 0.200349  0.550781 0.492188
36  3.869413 -17.274244 3.634382  -0.933309 0.297984 0.200351  0.550781 0.476563
fs1.bmp
36  3.869413 -17.274244 3.634382  -0.933309 0.297984 0.200351  0.550781 0.476563
36  3.880316 -17.286356 3.703189  -0.933309 0.297984 0.200349  0.550781 0.492188
36  4.011911 -16.907017 3.752018  -0.933310 0.297984 0.200346  0.500000 0.507813
fs1.bmp
36  3.880316 -17.286356 3.703189  -0.933309 0.297984 0.200349  0.550781 0.492188
36  4.032769 -16.900785 3.839916  -0.933310 0.297985 0.200344  0.500000 0.523438
36  4.011911 -16.907017 3.752018  -0.933310 0.297984 0.200346  0.500000 0.507813
fs1.bmp
36  4.011911 -16.907017 3.752018  -0.933310 0.297984 0.200346  0.500000 0.507813
36  4.032769 -16.900785 3.839916  -0.933310 0.297985 0.200344  0.500000 0.523438
36  4.103661 -16.621225 3.754360  -0.933309 0.297984 0.200348  0.460938 0.507813
fs1.bmp
36  5.583950 -14.149649 4.578344  0.715733 -0.032691 -0.697609  0.101563 0.734375
36  5.300783 -14.695264 4.370210  0.918622 -0.068197 -0.389208  0.179688 0.679688
36  5.206440 -14.530318 4.334261  0.438963 0.567385 -0.696696  0.136719 0.664063
fs1.bmp
36  5.206440 -14.530318 4.334261  0.438963 0.567385 -0.696696  0.136719 0.664063
36  5.300783 -14.695264 4.370210  0.918622 -0.068197 -0.389208  0.179688 0.679688
36  5.149793 -14.570291 4.129827  0.677174 0.734751 0.039700  0.144531 0.617188
fs1.bmp
36  5.300783 -14.695264 4.370210  0.918622 -0.068197 -0.389208  0.179688 0.679688
36  5.232226 -14.733031 4.107011  0.996468 -0.069570 0.047034  0.187500 0.617188
36  5.149793 -14.570291 4.129827  0.677174 0.734751 0.039700  0.144531 0.617188
fs1.bmp
36  5.149793 -14.570291 4.129827  0.677174 0.734751 0.039700  0.144531 0.617188
36  5.232226 -14.733031 4.107011  0.996468 -0.069570 0.047034  0.187500 0.617188
36  5.150943 -14.330780 3.679124  0.639507 0.722023 0.264034  0.113281 0.515625
fs1.bmp
36  5.232226 -14.733031 4.107011  0.996468 -0.069570 0.047034  0.187500 0.617188
36  5.279420 -14.529740 3.625196  0.983329 0.095662 0.154637  0.148438 0.507813
36  5.150943 -14.330780 3.679124  0.639507 0.722023 0.264034  0.113281 0.515625
fs1.bmp
36  5.150943 -14.330780 3.679124  0.639507 0.722023 0.264034  0.113281 0.515625
36  5.279420 -14.529740 3.625196  0.983329 0.095662 0.154637  0.148438 0.507813
36  5.035239 -14.016661 2.672923  0.616612 0.779223 0.112255  0.074219 0.273438
fs1.bmp
36  5.279420 -14.529740 3.625196  0.983329 0.095662 0.154637  0.148438 0.507813
36  5.161731 -14.215254 2.609200  0.990626 0.019715 -0.135171  0.117188 0.265625
36  5.035239 -14.016661 2.672923  0.616612 0.779223 0.112255  0.074219 0.273438
fs1.bmp
36  5.035239 -14.016661 2.672923  0.616612 0.779223 0.112255  0.074219 0.273438
36  5.161731 -14.215254 2.609200  0.990626 0.019715 -0.135171  0.117188 0.265625
36  4.861824 -13.792782 1.532088  0.702057 0.711474 0.030331  0.050781 0.007813
fs1.bmp
36  5.161731 -14.215254 2.609200  0.990626 0.019715 -0.135171  0.117188 0.265625
36  4.991278 -14.002016 1.497996  0.983235 0.129522 -0.128349  0.093750 0.007813
36  4.861824 -13.792782 1.532088  0.702057 0.711474 0.030331  0.050781 0.007813
fs1.bmp
36  4.545746 -14.018586 2.741429  -0.794293 0.553309 0.250893  0.117188 0.265625
36  4.783246 -13.936206 2.727016  0.012369 0.969539 0.244625  0.074219 0.273438
36  4.375294 -13.805347 1.630225  -0.577874 0.780590 0.238204  0.093750 0.007813
fs1.bmp
36  4.545746 -14.018586 2.741429  -0.794293 0.553309 0.250893  0.117188 0.265625
36  4.898949 -14.250324 3.733218  0.039371 0.919023 0.392233  0.113281 0.515625
36  4.783246 -13.936206 2.727016  0.012369 0.969539 0.244625  0.074219 0.273438
fs1.bmp
36  4.545746 -14.018586 2.741429  -0.794293 0.553309 0.250893  0.117188 0.265625
36  4.663435 -14.333073 3.757425  -0.725908 0.569957 0.384976  0.148438 0.507813
36  4.898949 -14.250324 3.733218  0.039371 0.919023 0.392233  0.113281 0.515625
fs1.bmp
36  4.545746 -14.018586 2.741429  -0.794293 0.553309 0.250893  0.117188 0.265625
36  4.153487 -15.469948 3.072760  -0.983451 0.092644 0.155696  0.308594 0.343750
36  4.663435 -14.333073 3.757425  -0.725908 0.569957 0.384976  0.148438 0.507813
fs1.bmp
36  4.545746 -14.018586 2.741429  -0.794293 0.553309 0.250893  0.117188 0.265625
36  3.998024 -15.188837 1.930434  -0.974023 0.149656 0.169947  0.273438 0.070313
36  4.153487 -15.469948 3.072760  -0.983451 0.092644 0.155696  0.308594 0.343750
fs1.bmp
36  4.545746 -14.018586 2.741429  -0.794293 0.553309 0.250893  0.117188 0.265625
36  4.174560 -14.626058 1.915779  -0.933311 0.297978 0.200347  0.199219 0.070313
36  3.998024 -15.188837 1.930434  -0.974023 0.149656 0.169947  0.273438 0.070313
fs1.bmp
36  4.545746 -14.018586 2.741429  -0.794293 0.553309 0.250893  0.117188 0.265625
36  4.153760 -14.591928 1.768123  -0.933311 0.297978 0.200350  0.195313 0.031250
36  4.174560 -14.626058 1.915779  -0.933311 0.297978 0.200347  0.199219 0.070313
fs1.bmp
36  4.545746 -14.018586 2.741429  -0.794293 0.553309 0.250893  0.117188 0.265625
36  4.174821 -14.444436 1.646868  -0.933310 0.297982 0.200349  0.171875 0.007813
36  4.153760 -14.591928 1.768123  -0.933311 0.297978 0.200350  0.195313 0.031250
fs1.bmp
36  4.545746 -14.018586 2.741429  -0.794293 0.553309 0.250893  0.117188 0.265625
36  4.375294 -13.805347 1.630225  -0.577874 0.780590 0.238204  0.093750 0.007813
36  4.174821 -14.444436 1.646868  -0.933310 0.297982 0.200349  0.171875 0.007813
fs1.bmp
38  4.979297 -14.110388 1.653280  0.933309 -0.297983 -0.200348  0.753906 0.125000
38  4.628037 -15.357395 1.871660  0.885335 -0.459658 -0.069978  0.921875 0.164063
38  4.888788 -14.224832 1.401863  0.933310 -0.297983 -0.200348  0.769531 0.070313
fs1.bmp
38  4.888788 -14.224832 1.401863  0.933310 -0.297983 -0.200348  0.769531 0.070313
38  4.628037 -15.357395 1.871660  0.885335 -0.459658 -0.069978  0.921875 0.164063
38  4.488734 -15.573823 1.544622  0.800954 -0.594353 0.072240  0.957031 0.085938
fs1.bmp
38  4.628037 -15.357395 1.871660  0.885335 -0.459658 -0.069978  0.921875 0.164063
38  4.393564 -15.555110 1.921971  0.462318 -0.798928 0.384677  0.957031 0.203125
38  4.488734 -15.573823 1.544622  0.800954 -0.594353 0.072240  0.957031 0.085938
fs1.bmp
38  4.488734 -15.573823 1.544622  0.800954 -0.594353 0.072240  0.957031 0.085938
38  4.393564 -15.555110 1.921971  0.462318 -0.798928 0.384677  0.957031 0.203125
38  4.244278 -15.810061 1.605721  0.162121 -0.822907 0.544556  0.992188 0.125000
fs1.bmp
38  4.393564 -15.555110 1.921971  0.462318 -0.798928 0.384677  0.957031 0.203125
38  4.122904 -15.468696 1.980072  -0.388973 -0.648485 0.654345  0.957031 0.203125
38  4.244278 -15.810061 1.605721  0.162121 -0.822907 0.544556  0.992188 0.125000
fs1.bmp
38  4.244278 -15.810061 1.605721  0.162121 -0.822907 0.544556  0.992188 0.125000
38  4.122904 -15.468696 1.980072  -0.388973 -0.648485 0.654345  0.957031 0.203125
38  3.979602 -15.704568 1.663324  -0.649217 -0.455484 0.609140  0.992188 0.125000
fs1.bmp
38  4.122904 -15.468696 1.980072  -0.388973 -0.648485 0.654345  0.957031 0.203125
38  4.030719 -15.166686 1.999882  -0.923273 0.029338 0.383023  0.921875 0.164063
38  3.979602 -15.704568 1.663324  -0.649217 -0.455484 0.609140  0.992188 0.125000
fs1.bmp
38  3.979602 -15.704568 1.663324  -0.649217 -0.455484 0.609140  0.992188 0.125000
38  4.030719 -15.166686 1.999882  -0.923273 0.029338 0.383023  0.921875 0.164063
38  3.891416 -15.383114 1.672844  -0.923254 0.029245 0.383076  0.957031 0.085938
fs1.bmp
38  4.030719 -15.166686 1.999882  -0.923273 0.029338 0.383023  0.921875 0.164063
38  4.291470 -14.034123 1.530085  -0.933311 0.297982 0.200345  0.769531 0.070313
38  3.891416 -15.383114 1.672844  -0.923254 0.029245 0.383076  0.957031 0.085938
fs1.bmp
36  5.524918 -13.855031 4.713680  0.492955 0.814358 -0.306296  0.007813 0.765625
36  5.272924 -13.774575 4.767773  -0.061116 0.980109 -0.188815  0.042969 0.765625
36  5.592206 -14.008791 5.255833  0.487815 0.854869 0.176734  0.023438 0.890625
fs1.bmp
36  5.592206 -14.008791 5.255833  0.487815 0.854869 0.176734  0.023438 0.890625
36  5.272924 -13.774575 4.767773  -0.061116 0.980109 -0.188815  0.042969 0.765625
36  5.340213 -13.928336 5.309926  0.012335 0.969536 0.244637  0.062500 0.890625
fs1.bmp
36  5.272924 -13.774575 4.767773  -0.061116 0.980109 -0.188815  0.042969 0.765625
36  5.049350 -13.839349 4.820866  -0.762855 0.639082 -0.098114  0.082031 0.765625
36  5.340213 -13.928336 5.309926  0.012335 0.969536 0.244637  0.062500 0.890625
fs1.bmp
36  5.340213 -13.928336 5.309926  0.012335 0.969536 0.244637  0.062500 0.890625
36  5.049350 -13.839349 4.820866  -0.762855 0.639082 -0.098114  0.082031 0.765625
36  5.120637 -13.973664 5.352728  -0.822965 0.513180 0.243670  0.097656 0.890625
fs1.bmp
36  5.049350 -13.839349 4.820866  -0.762855 0.639082 -0.098114  0.082031 0.765625
36  4.397067 -15.918770 4.875016  -0.958603 0.264848 -0.104572  0.359375 0.765625
36  5.120637 -13.973664 5.352728  -0.822965 0.513180 0.243670  0.097656 0.890625
fs1.bmp
36  5.120637 -13.973664 5.352728  -0.822965 0.513180 0.243670  0.097656 0.890625
36  4.397067 -15.918770 4.875016  -0.958603 0.264848 -0.104572  0.359375 0.765625
36  3.658012 -18.274813 4.936369  -0.975711 0.107194 -0.191042  0.683594 0.765625
fs1.bmp
36  4.397067 -15.918770 4.875016  -0.958603 0.264848 -0.104572  0.359375 0.765625
36  4.353090 -16.455471 4.669789  -0.913971 0.216221 -0.343374  0.429688 0.726563
36  3.658012 -18.274813 4.936369  -0.975711 0.107194 -0.191042  0.683594 0.765625
fs1.bmp
36  3.658012 -18.274813 4.936369  -0.975711 0.107194 -0.191042  0.683594 0.765625
36  4.353090 -16.455471 4.669789  -0.913971 0.216221 -0.343374  0.429688 0.726563
36  4.053877 -17.409334 4.694628  -0.934517 0.312302 -0.170721  0.562500 0.726563
fs1.bmp
36  4.769745 -14.788595 1.635894  0.933310 -0.297982 -0.200347  0.195313 0.031250
36  5.161731 -14.215254 2.609200  0.990626 0.019715 -0.135171  0.117188 0.265625
36  4.790544 -14.822726 1.783550  0.933311 -0.297981 -0.200347  0.199219 0.070313
fs1.bmp
36  4.790544 -14.822726 1.783550  0.933311 -0.297981 -0.200347  0.199219 0.070313
36  5.161731 -14.215254 2.609200  0.990626 0.019715 -0.135171  0.117188 0.265625
36  4.769472 -15.666616 2.940531  0.857033 -0.467676 -0.216272  0.308594 0.343750
fs1.bmp
36  5.161731 -14.215254 2.609200  0.990626 0.019715 -0.135171  0.117188 0.265625
36  5.279420 -14.529740 3.625196  0.983329 0.095662 0.154637  0.148438 0.507813
36  4.769472 -15.666616 2.940531  0.857033 -0.467676 -0.216272  0.308594 0.343750
fs1.bmp
36  4.769472 -15.666616 2.940531  0.857033 -0.467676 -0.216272  0.308594 0.343750
36  5.279420 -14.529740 3.625196  0.983329 0.095662 0.154637  0.148438 0.507813
36  4.875483 -15.817456 3.658729  0.861117 -0.489471 0.137461  0.324219 0.507813
fs1.bmp
36  5.279420 -14.529740 3.625196  0.983329 0.095662 0.154637  0.148438 0.507813
36  5.232226 -14.733031 4.107011  0.996468 -0.069570 0.047034  0.187500 0.617188
36  4.875483 -15.817456 3.658729  0.861117 -0.489471 0.137461  0.324219 0.507813
fs1.bmp
36  4.875483 -15.817456 3.658729  0.861117 -0.489471 0.137461  0.324219 0.507813
36  5.232226 -14.733031 4.107011  0.996468 -0.069570 0.047034  0.187500 0.617188
36  4.565673 -16.214418 3.604518  0.797450 -0.558679 -0.227929  0.390625 0.492188
fs1.bmp
36  5.232226 -14.733031 4.107011  0.996468 -0.069570 0.047034  0.187500 0.617188
36  4.594384 -16.270199 3.821230  0.933310 -0.297984 -0.200347  0.394531 0.539063
36  4.565673 -16.214418 3.604518  0.797450 -0.558679 -0.227929  0.390625 0.492188
fs1.bmp
36  4.565673 -16.214418 3.604518  0.797450 -0.558679 -0.227929  0.390625 0.492188
36  4.594384 -16.270199 3.821230  0.933310 -0.297984 -0.200347  0.394531 0.539063
36  4.420986 -16.722538 3.686242  0.933309 -0.297983 -0.200348  0.460938 0.507813
fs1.bmp
36  5.206440 -14.530318 4.334261  0.438963 0.567385 -0.696696  0.101563 0.664063
36  5.149793 -14.570291 4.129827  0.677174 0.734751 0.039700  0.109375 0.617188
36  4.925799 -14.498775 4.177910  -0.039290 0.984901 0.168600  0.144531 0.617188
fs1.bmp
36  4.925799 -14.498775 4.177910  -0.039290 0.984901 0.168600  0.144531 0.617188
36  5.149793 -14.570291 4.129827  0.677174 0.734751 0.039700  0.109375 0.617188
36  4.898949 -14.250324 3.733218  0.039371 0.919023 0.392233  0.113281 0.515625
fs1.bmp
36  5.149793 -14.570291 4.129827  0.677174 0.734751 0.039700  0.109375 0.617188
36  5.150943 -14.330780 3.679124  0.639507 0.722023 0.264034  0.078125 0.515625
36  4.898949 -14.250324 3.733218  0.039371 0.919023 0.392233  0.113281 0.515625
fs1.bmp
36  4.898949 -14.250324 3.733218  0.039371 0.919023 0.392233  0.113281 0.515625
36  5.150943 -14.330780 3.679124  0.639507 0.722023 0.264034  0.078125 0.515625
36  4.783246 -13.936206 2.727016  0.012369 0.969539 0.244625  0.074219 0.273438
fs1.bmp
36  5.150943 -14.330780 3.679124  0.639507 0.722023 0.264034  0.078125 0.515625
36  5.035239 -14.016661 2.672923  0.616612 0.779223 0.112255  0.039063 0.273438
36  4.783246 -13.936206 2.727016  0.012369 0.969539 0.244625  0.074219 0.273438
fs1.bmp
36  4.783246 -13.936206 2.727016  0.012369 0.969539 0.244625  0.074219 0.273438
36  5.035239 -14.016661 2.672923  0.616612 0.779223 0.112255  0.039063 0.273438
36  4.609830 -13.712326 1.586181  0.110683 0.978273 0.175301  0.050781 0.007813
fs1.bmp
36  5.035239 -14.016661 2.672923  0.616612 0.779223 0.112255  0.039063 0.273438
36  4.861824 -13.792782 1.532088  0.702057 0.711474 0.030331  0.015625 0.007813
36  4.609830 -13.712326 1.586181  0.110683 0.978273 0.175301  0.050781 0.007813
fs1.bmp
36  4.191873 -15.903292 2.997663  -0.770512 -0.637376 -0.007947  0.375000 0.328125
36  4.471866 -15.992686 2.937559  0.237032 -0.954862 -0.179039  0.332031 0.328125
36  4.284163 -15.930477 3.468028  -0.715126 -0.684216 -0.142979  0.375000 0.429688
fs1.bmp
36  4.191873 -15.903292 2.997663  -0.770512 -0.637376 -0.007947  0.375000 0.328125
36  4.341289 -15.665720 1.842962  -0.002940 -0.958970 -0.283493  0.289063 0.070313
36  4.471866 -15.992686 2.937559  0.237032 -0.954862 -0.179039  0.332031 0.328125
fs1.bmp
36  4.191873 -15.903292 2.997663  -0.770512 -0.637376 -0.007947  0.375000 0.328125
36  4.061296 -15.576325 1.903066  -0.893178 -0.449424 -0.015858  0.335938 0.070313
36  4.341289 -15.665720 1.842962  -0.002940 -0.958970 -0.283493  0.289063 0.070313
fs1.bmp
36  4.191873 -15.903292 2.997663  -0.770512 -0.637376 -0.007947  0.375000 0.328125
36  4.153487 -15.469948 3.072760  -0.983451 0.092644 0.155696  0.308594 0.343750
36  4.061296 -15.576325 1.903066  -0.893178 -0.449424 -0.015858  0.335938 0.070313
fs1.bmp
36  4.191873 -15.903292 2.997663  -0.770512 -0.637376 -0.007947  0.375000 0.328125
36  4.259499 -15.620788 3.790958  -0.995305 0.036424 0.089670  0.324219 0.507813
36  4.153487 -15.469948 3.072760  -0.983451 0.092644 0.155696  0.308594 0.343750
fs1.bmp
36  4.191873 -15.903292 2.997663  -0.770512 -0.637376 -0.007947  0.375000 0.328125
36  4.284163 -15.930477 3.468028  -0.715126 -0.684216 -0.142979  0.375000 0.437500
36  4.259499 -15.620788 3.790958  -0.995305 0.036424 0.089670  0.324219 0.507813
fs1.bmp
39  4.389615 -15.865159 5.259696  -0.933311 0.297980 0.200346  0.453125 0.156250
39  4.413552 -15.788851 5.257709  -0.933309 0.297985 0.200350  0.445313 0.156250
39  4.371720 -15.882031 5.201428  -0.933309 0.297984 0.200349  0.457031 0.140625
fs1.bmp
39  4.371720 -15.882031 5.201428  -0.933309 0.297984 0.200349  0.457031 0.140625
39  4.413552 -15.788851 5.257709  -0.933309 0.297985 0.200350  0.445313 0.156250
39  4.427767 -15.569442 4.997597  -0.933308 0.297985 0.200352  0.414063 0.093750
fs1.bmp
39  4.413552 -15.788851 5.257709  -0.933309 0.297985 0.200350  0.445313 0.156250
39  4.457601 -15.534596 5.084751  -0.933308 0.297985 0.200352  0.410156 0.117188
39  4.427767 -15.569442 4.997597  -0.933308 0.297985 0.200352  0.414063 0.093750
fs1.bmp
39  4.427767 -15.569442 4.997597  -0.933308 0.297985 0.200352  0.414063 0.093750
39  4.457601 -15.534596 5.084751  -0.933308 0.297985 0.200352  0.410156 0.117188
39  4.508554 -15.311899 4.990891  -0.933311 0.297978 0.200350  0.378906 0.093750
fs1.bmp
39  4.457601 -15.534596 5.084751  -0.933308 0.297985 0.200352  0.410156 0.117188
39  4.523428 -15.324746 5.079286  -0.933310 0.297980 0.200349  0.378906 0.117188
39  4.508554 -15.311899 4.990891  -0.933311 0.297978 0.200350  0.378906 0.093750
fs1.bmp
39  4.508554 -15.311899 4.990891  -0.933311 0.297978 0.200350  0.378906 0.093750
39  4.523428 -15.324746 5.079286  -0.933310 0.297980 0.200349  0.378906 0.117188
39  4.528463 -15.275215 5.029074  -0.933314 0.297969 0.200349  0.375000 0.101563
fs1.bmp
36  3.729299 -18.409128 5.468231  -0.716933 -0.692942 -0.076415  0.699219 0.890625
36  4.273996 -18.471481 4.804141  0.601558 -0.577159 -0.552282  0.683594 0.765625
36  4.345284 -18.605797 5.336002  0.423158 -0.863956 -0.272979  0.699219 0.890625
fs1.bmp
36  4.345284 -18.605797 5.336002  0.423158 -0.863956 -0.272979  0.699219 0.890625
36  4.273996 -18.471481 4.804141  0.601558 -0.577159 -0.552282  0.683594 0.765625
36  5.736622 -14.170333 5.220499  0.976396 0.204765 -0.068719  0.097656 0.890625
fs1.bmp
36  4.273996 -18.471481 4.804141  0.601558 -0.577159 -0.552282  0.683594 0.765625
36  5.665335 -14.036017 4.688637  0.837660 0.129742 -0.530560  0.082031 0.765625
36  5.736622 -14.170333 5.220499  0.976396 0.204765 -0.068719  0.097656 0.890625
fs1.bmp
36  5.736622 -14.170333 5.220499  0.976396 0.204765 -0.068719  0.097656 0.890625
36  5.665335 -14.036017 4.688637  0.837660 0.129742 -0.530560  0.082031 0.765625
36  5.524918 -13.855031 4.713680  0.492955 0.814358 -0.306296  0.042969 0.765625
fs1.bmp
36  5.665335 -14.036017 4.688637  0.837660 0.129742 -0.530560  0.082031 0.765625
36  5.434351 -14.009834 4.522020  0.263298 0.440317 -0.858368  0.062500 0.718750
36  5.524918 -13.855031 4.713680  0.492955 0.814358 -0.306296  0.042969 0.765625
fs1.bmp
36  4.565673 -16.214418 3.604518  0.797450 -0.558679 -0.227929  0.390625 0.492188
36  4.564156 -16.019873 3.407924  0.231183 -0.855268 -0.463758  0.375000 0.437500
36  4.875483 -15.817456 3.658729  0.861117 -0.489471 0.137461  0.324219 0.507813
fs1.bmp
36  4.875483 -15.817456 3.658729  0.861117 -0.489471 0.137461  0.324219 0.507813
36  4.564156 -16.019873 3.407924  0.231183 -0.855268 -0.463758  0.375000 0.437500
36  4.769472 -15.666616 2.940531  0.857033 -0.467676 -0.216272  0.308594 0.343750
fs1.bmp
36  4.564156 -16.019873 3.407924  0.231183 -0.855268 -0.463758  0.375000 0.437500
36  4.471866 -15.992686 2.937559  0.237032 -0.954862 -0.179039  0.375000 0.328125
36  4.769472 -15.666616 2.940531  0.857033 -0.467676 -0.216272  0.308594 0.343750
fs1.bmp
36  4.769472 -15.666616 2.940531  0.857033 -0.467676 -0.216272  0.308594 0.343750
36  4.471866 -15.992686 2.937559  0.237032 -0.954862 -0.179039  0.375000 0.328125
36  4.614009 -15.385506 1.798205  0.797516 -0.558620 -0.227842  0.273438 0.070313
fs1.bmp
36  4.471866 -15.992686 2.937559  0.237032 -0.954862 -0.179039  0.375000 0.328125
36  4.341289 -15.665720 1.842962  -0.002940 -0.958970 -0.283493  0.335938 0.070313
36  4.614009 -15.385506 1.798205  0.797516 -0.558620 -0.227842  0.273438 0.070313
fs1.bmp
36  4.011911 -16.907017 3.752018  -0.933310 0.297984 0.200346  0.500000 0.507813
36  4.103661 -16.621225 3.754360  -0.933309 0.297984 0.200348  0.460938 0.507813
36  4.089765 -16.618652 3.685801  -0.933309 0.297984 0.200348  0.460938 0.492188
fs1.bmp
36  4.089765 -16.618652 3.685801  -0.933309 0.297984 0.200348  0.460938 0.492188
36  4.103661 -16.621225 3.754360  -0.933309 0.297984 0.200348  0.460938 0.507813
36  4.248348 -16.113104 3.672636  -0.969307 -0.139740 -0.202281  0.390625 0.492188
fs1.bmp
36  4.103661 -16.621225 3.754360  -0.933309 0.297984 0.200348  0.460938 0.507813
36  4.277058 -16.168884 3.889349  -0.973024 0.111401 0.202023  0.394531 0.539063
36  4.248348 -16.113104 3.672636  -0.969307 -0.139740 -0.202281  0.390625 0.492188
fs1.bmp
36  4.248348 -16.113104 3.672636  -0.969307 -0.139740 -0.202281  0.390625 0.492188
36  4.277058 -16.168884 3.889349  -0.973024 0.111401 0.202023  0.394531 0.539063
36  4.259499 -15.620788 3.790958  -0.995305 0.036424 0.089670  0.324219 0.507813
fs1.bmp
36  4.277058 -16.168884 3.889349  -0.973024 0.111401 0.202023  0.394531 0.539063
36  4.372486 -16.085630 4.210070  -0.957356 -0.125652 0.260156  0.378906 0.609375
36  4.259499 -15.620788 3.790958  -0.995305 0.036424 0.089670  0.324219 0.507813
fs1.bmp
36  4.378589 -15.224034 3.955288  -0.698992 0.345254 0.626267  0.269531 0.546875
36  4.281543 -15.740978 4.272069  -0.822629 0.195455 0.533928  0.339844 0.625000
36  4.511679 -15.220824 4.071377  -0.799298 0.386940 0.459782  0.265625 0.578125
fs1.bmp
36  4.511679 -15.220824 4.071377  -0.799298 0.386940 0.459782  0.265625 0.578125
36  4.281543 -15.740978 4.272069  -0.822629 0.195455 0.533928  0.339844 0.625000
36  4.443963 -15.643524 4.334701  -0.781774 0.377046 0.496654  0.320313 0.640625
fs1.bmp
36  4.281543 -15.740978 4.272069  -0.822629 0.195455 0.533928  0.339844 0.625000
36  4.399051 -15.806784 4.368306  -0.899844 0.119365 0.419563  0.343750 0.648438
36  4.443963 -15.643524 4.334701  -0.781774 0.377046 0.496654  0.320313 0.640625
fs1.bmp
36  4.443963 -15.643524 4.334701  -0.781774 0.377046 0.496654  0.320313 0.640625
36  4.399051 -15.806784 4.368306  -0.899844 0.119365 0.419563  0.343750 0.648438
36  4.597547 -15.441086 4.699160  -0.944488 0.315427 0.091913  0.292969 0.734375
fs1.bmp
36  4.399051 -15.806784 4.368306  -0.899844 0.119365 0.419563  0.343750 0.648438
36  4.457747 -15.871872 4.588802  -0.971479 0.224142 0.077381  0.351563 0.703125
36  4.597547 -15.441086 4.699160  -0.944488 0.315427 0.091913  0.292969 0.734375
fs1.bmp
40  4.342234 -17.001537 3.884084  -0.185194 -0.877489 0.442397  0.503906 0.187500
40  4.457600 -16.861420 4.213109  -0.272102 -0.950993 0.146875  0.500000 0.320313
40  4.205606 -16.780964 4.267203  -0.230980 -0.925456 0.300299  0.500000 0.320313
fs1.bmp
40  4.205606 -16.780964 4.267203  -0.230980 -0.925456 0.300299  0.500000 0.320313
40  4.457600 -16.861420 4.213109  -0.272102 -0.950993 0.146875  0.500000 0.320313
40  4.332621 -16.824673 4.923904  -0.170059 -0.858223 0.484287  0.503906 0.476563
fs1.bmp
40  4.457600 -16.861420 4.213109  -0.272102 -0.950993 0.146875  0.500000 0.320313
40  4.584614 -16.905128 4.869811  0.183322 -0.084306 0.979431  0.503906 0.476563
40  4.332621 -16.824673 4.923904  -0.170059 -0.858223 0.484287  0.503906 0.476563
fs1.bmp
40  4.332621 -16.824673 4.923904  -0.170059 -0.858223 0.484287  0.503906 0.476563
40  4.584614 -16.905128 4.869811  0.183322 -0.084306 0.979431  0.503906 0.476563
40  4.473599 -16.134195 4.553681  0.313104 0.402234 0.860333  0.410156 0.390625
fs1.bmp
40  4.584614 -16.905128 4.869811  0.183322 -0.084306 0.979431  0.503906 0.476563
40  4.725593 -16.214649 4.499587  0.313105 0.402235 0.860333  0.390625 0.335938
40  4.473599 -16.134195 4.553681  0.313104 0.402234 0.860333  0.410156 0.390625
fs1.bmp
39  4.483453 -15.970706 5.155033  0.933311 -0.297978 -0.200347  0.468750 0.125000
39  4.544506 -15.628766 4.930869  0.933310 -0.297984 -0.200346  0.417969 0.078125
39  4.558139 -15.812962 5.268340  0.933311 -0.297980 -0.200347  0.441406 0.171875
fs1.bmp
39  4.558139 -15.812962 5.268340  0.933311 -0.297980 -0.200347  0.441406 0.171875
39  4.544506 -15.628766 4.930869  0.933310 -0.297984 -0.200346  0.417969 0.078125
39  4.600204 -15.558339 5.085588  0.933309 -0.297984 -0.200347  0.406250 0.132813
fs1.bmp
39  4.544506 -15.628766 4.930869  0.933310 -0.297984 -0.200346  0.417969 0.078125
39  4.637262 -15.333069 4.923169  0.933310 -0.297982 -0.200350  0.371094 0.078125
39  4.600204 -15.558339 5.085588  0.933309 -0.297984 -0.200347  0.406250 0.132813
fs1.bmp
39  4.600204 -15.558339 5.085588  0.933309 -0.297984 -0.200347  0.406250 0.132813
39  4.637262 -15.333069 4.923169  0.933310 -0.297982 -0.200350  0.371094 0.078125
39  4.669023 -15.338951 5.079875  0.933309 -0.297981 -0.200351  0.371094 0.132813
fs1.bmp
39  4.637262 -15.333069 4.923169  0.933310 -0.297982 -0.200350  0.371094 0.078125
39  4.674087 -15.269239 4.999783  0.933310 -0.297980 -0.200350  0.359375 0.101563
39  4.669023 -15.338951 5.079875  0.933309 -0.297981 -0.200351  0.371094 0.132813
fs1.bmp
36  5.434351 -14.009834 4.522020  0.263298 0.440317 -0.858368  0.031250 0.718750
36  5.182357 -13.929379 4.576114  -0.317303 0.649978 -0.690541  0.066406 0.718750
36  5.524918 -13.855031 4.713680  0.492955 0.814358 -0.306296  0.007813 0.765625
fs1.bmp
36  5.524918 -13.855031 4.713680  0.492955 0.814358 -0.306296  0.007813 0.765625
36  5.182357 -13.929379 4.576114  -0.317303 0.649978 -0.690541  0.066406 0.718750
36  5.272924 -13.774575 4.767773  -0.061116 0.980109 -0.188815  0.042969 0.765625
fs1.bmp
36  5.182357 -13.929379 4.576114  -0.317303 0.649978 -0.690541  0.066406 0.718750
36  5.042630 -13.976818 4.694545  -0.759139 0.539881 -0.363643  0.101563 0.734375
36  5.272924 -13.774575 4.767773  -0.061116 0.980109 -0.188815  0.042969 0.765625
fs1.bmp
36  5.272924 -13.774575 4.767773  -0.061116 0.980109 -0.188815  0.042969 0.765625
36  5.042630 -13.976818 4.694545  -0.759139 0.539881 -0.363643  0.101563 0.734375
36  5.049350 -13.839349 4.820866  -0.762855 0.639082 -0.098114  0.082031 0.765625
fs1.bmp
36  4.329237 -17.008329 3.683900  0.933310 -0.297984 -0.200343  0.500000 0.507813
36  4.197642 -17.387671 3.635071  0.933307 -0.297986 -0.200355  0.550781 0.492188
36  4.186738 -17.375557 3.566264  0.933307 -0.297985 -0.200356  0.550781 0.476563
fs1.bmp
36  4.329237 -17.008329 3.683900  0.933310 -0.297984 -0.200343  0.500000 0.507813
36  4.350094 -17.002100 3.771798  0.933310 -0.297984 -0.200343  0.500000 0.523438
36  4.197642 -17.387671 3.635071  0.933307 -0.297986 -0.200355  0.550781 0.492188
fs1.bmp
36  4.329237 -17.008329 3.683900  0.933310 -0.297984 -0.200343  0.500000 0.507813
36  4.420986 -16.722538 3.686242  0.933309 -0.297983 -0.200348  0.460938 0.507813
36  4.350094 -17.002100 3.771798  0.933310 -0.297984 -0.200343  0.500000 0.523438
fs1.bmp
36  4.329237 -17.008329 3.683900  0.933310 -0.297984 -0.200343  0.500000 0.507813
36  4.407090 -16.719965 3.617683  0.933309 -0.297983 -0.200348  0.460938 0.492188
36  4.420986 -16.722538 3.686242  0.933309 -0.297983 -0.200348  0.460938 0.507813
fs1.bmp
36  5.300783 -14.695264 4.370210  0.918622 -0.068197 -0.389208  0.179688 0.679688
36  4.689812 -16.186945 4.141952  0.918815 -0.342543 -0.196070  0.378906 0.609375
36  5.232226 -14.733031 4.107011  0.996468 -0.069570 0.047034  0.187500 0.617188
fs1.bmp
36  5.300783 -14.695264 4.370210  0.918622 -0.068197 -0.389208  0.179688 0.679688
36  4.716450 -16.302898 4.438507  0.909504 -0.337534 -0.242638  0.394531 0.687500
36  4.689812 -16.186945 4.141952  0.918815 -0.342543 -0.196070  0.378906 0.609375
fs1.bmp
36  5.300783 -14.695264 4.370210  0.918622 -0.068197 -0.389208  0.179688 0.679688
36  4.670415 -16.556786 4.601671  0.802507 -0.294709 -0.518776  0.429688 0.726563
36  4.716450 -16.302898 4.438507  0.909504 -0.337534 -0.242638  0.394531 0.687500
fs1.bmp
36  5.300783 -14.695264 4.370210  0.918622 -0.068197 -0.389208  0.179688 0.679688
36  5.583950 -14.149649 4.578344  0.715733 -0.032691 -0.697609  0.101563 0.734375
36  4.670415 -16.556786 4.601671  0.802507 -0.294709 -0.518776  0.429688 0.726563
fs1.bmp
36  4.925799 -14.498775 4.177910  -0.039290 0.984901 0.168600  0.144531 0.617188
36  4.982445 -14.458802 4.382344  -0.306469 0.776130 -0.551089  0.136719 0.664063
36  5.206440 -14.530318 4.334261  0.438963 0.567385 -0.696696  0.101563 0.664063
fs1.bmp
36  4.925799 -14.498775 4.177910  -0.039290 0.984901 0.168600  0.144531 0.617188
36  4.765571 -14.584040 4.207185  -0.746347 0.623631 0.232487  0.187500 0.617188
36  4.982445 -14.458802 4.382344  -0.306469 0.776130 -0.551089  0.136719 0.664063
fs1.bmp
36  4.925799 -14.498775 4.177910  -0.039290 0.984901 0.168600  0.144531 0.617188
36  4.663435 -14.333073 3.757425  -0.725908 0.569957 0.384976  0.148438 0.507813
36  4.765571 -14.584040 4.207185  -0.746347 0.623631 0.232487  0.187500 0.617188
fs1.bmp
36  4.925799 -14.498775 4.177910  -0.039290 0.984901 0.168600  0.144531 0.617188
36  4.898949 -14.250324 3.733218  0.039371 0.919023 0.392233  0.113281 0.515625
36  4.663435 -14.333073 3.757425  -0.725908 0.569957 0.384976  0.148438 0.507813
fs1.bmp
36  4.399124 -16.201584 4.506625  -0.350166 -0.631813 -0.691517  0.394531 0.687500
36  4.372486 -16.085630 4.210070  -0.318933 -0.944286 -0.081275  0.378906 0.609375
36  4.716450 -16.302898 4.438507  -0.359056 -0.779889 -0.512691  0.394531 0.687500
fs1.bmp
36  4.716450 -16.302898 4.438507  -0.359056 -0.779889 -0.512691  0.394531 0.687500
36  4.372486 -16.085630 4.210070  -0.318933 -0.944286 -0.081275  0.378906 0.609375
36  4.689812 -16.186945 4.141952  -0.279560 -0.953173 0.115360  0.378906 0.609375
fs1.bmp
36  4.372486 -16.085630 4.210070  -0.318933 -0.944286 -0.081275  0.378906 0.609375
36  4.277058 -16.168884 3.889349  -0.127934 -0.797303 0.589866  0.394531 0.539063
36  4.689812 -16.186945 4.141952  -0.279560 -0.953173 0.115360  0.378906 0.609375
fs1.bmp
36  4.689812 -16.186945 4.141952  -0.279560 -0.953173 0.115360  0.378906 0.609375
36  4.277058 -16.168884 3.889349  -0.127934 -0.797303 0.589866  0.394531 0.539063
36  4.594384 -16.270199 3.821230  -0.006605 -0.572112 0.820149  0.394531 0.539063
fs1.bmp
36  5.120637 -13.973664 5.352728  0.198505 -0.036763 0.979410  0.097656 0.890625
36  5.592206 -14.008791 5.255833  0.198507 -0.036767 0.979410  0.023438 0.890625
36  5.340213 -13.928336 5.309926  0.198498 -0.036758 0.979412  0.062500 0.890625
fs1.bmp
36  5.120637 -13.973664 5.352728  0.198505 -0.036763 0.979410  0.097656 0.890625
36  5.736622 -14.170333 5.220499  0.198506 -0.036765 0.979410  0.097656 0.890625
36  5.592206 -14.008791 5.255833  0.198507 -0.036767 0.979410  0.023438 0.890625
fs1.bmp
36  5.120637 -13.973664 5.352728  0.198505 -0.036763 0.979410  0.097656 0.890625
36  4.345284 -18.605797 5.336002  0.198505 -0.036764 0.979410  0.699219 0.890625
36  5.736622 -14.170333 5.220499  0.198506 -0.036765 0.979410  0.097656 0.890625
fs1.bmp
36  5.120637 -13.973664 5.352728  0.198505 -0.036763 0.979410  0.097656 0.890625
36  3.729299 -18.409128 5.468231  0.198505 -0.036764 0.979410  0.699219 0.890625
36  4.345284 -18.605797 5.336002  0.198505 -0.036764 0.979410  0.699219 0.890625
fs1.bmp
36  3.998024 -15.188837 1.930434  -0.198505 0.036763 -0.979410  0.273438 0.070313
36  4.341289 -15.665720 1.842962  -0.198506 0.036761 -0.979410  0.335938 0.070313
36  4.061296 -15.576325 1.903066  -0.198505 0.036762 -0.979410  0.335938 0.070313
fs1.bmp
36  3.998024 -15.188837 1.930434  -0.198505 0.036763 -0.979410  0.273438 0.070313
36  4.614009 -15.385506 1.798205  -0.198505 0.036763 -0.979410  0.273438 0.070313
36  4.341289 -15.665720 1.842962  -0.198506 0.036761 -0.979410  0.335938 0.070313
fs1.bmp
36  3.998024 -15.188837 1.930434  -0.198505 0.036763 -0.979410  0.273438 0.070313
36  4.790544 -14.822726 1.783550  -0.198505 0.036764 -0.979410  0.199219 0.070313
36  4.614009 -15.385506 1.798205  -0.198505 0.036763 -0.979410  0.273438 0.070313
fs1.bmp
36  3.998024 -15.188837 1.930434  -0.198505 0.036763 -0.979410  0.273438 0.070313
36  4.174560 -14.626058 1.915779  -0.198505 0.036764 -0.979410  0.199219 0.070313
36  4.790544 -14.822726 1.783550  -0.198505 0.036764 -0.979410  0.199219 0.070313
fs1.bmp
40  4.090240 -16.921082 3.938178  -0.933308 0.297984 0.200355  0.519531 0.242188
40  4.205606 -16.780964 4.267203  -0.933310 0.297982 0.200347  0.500000 0.320313
40  4.212714 -16.671259 4.137147  -0.933309 0.297983 0.200350  0.484375 0.289063
fs1.bmp
40  4.212714 -16.671259 4.137147  -0.933309 0.297983 0.200350  0.484375 0.289063
40  4.205606 -16.780964 4.267203  -0.933310 0.297982 0.200347  0.500000 0.320313
40  4.321001 -16.620665 4.566349  -0.933310 0.297982 0.200349  0.476563 0.390625
fs1.bmp
40  4.205606 -16.780964 4.267203  -0.933310 0.297982 0.200347  0.500000 0.320313
40  4.332621 -16.824673 4.923904  -0.933310 0.297982 0.200349  0.503906 0.476563
40  4.321001 -16.620665 4.566349  -0.933310 0.297982 0.200349  0.476563 0.390625
fs1.bmp
40  4.321001 -16.620665 4.566349  -0.933310 0.297982 0.200349  0.476563 0.390625
40  4.332621 -16.824673 4.923904  -0.933310 0.297982 0.200349  0.503906 0.476563
40  4.473599 -16.134195 4.553681  -0.933309 0.297982 0.200350  0.410156 0.390625
fs1.bmp
36  4.088495 -17.018538 5.223003  -0.933310 0.297983 0.200346  0.597656 0.382813
36  4.160422 -16.708889 5.097525  -0.933309 0.297983 0.200349  0.531250 0.335938
36  4.046809 -17.010817 5.017327  -0.933311 0.297984 0.200340  0.597656 0.304688
fs1.bmp
36  4.088495 -17.018538 5.223003  -0.933310 0.297983 0.200346  0.597656 0.382813
36  4.184243 -16.713301 5.215054  -0.933308 0.297983 0.200358  0.531250 0.382813
36  4.160422 -16.708889 5.097525  -0.933309 0.297983 0.200349  0.531250 0.335938
fs1.bmp
36  4.088495 -17.018538 5.223003  -0.933310 0.297983 0.200346  0.597656 0.382813
36  4.177164 -16.802826 5.315231  -0.933309 0.297983 0.200349  0.550781 0.421875
36  4.184243 -16.713301 5.215054  -0.933308 0.297983 0.200358  0.531250 0.382813
fs1.bmp
36  4.088495 -17.018538 5.223003  -0.933310 0.297983 0.200346  0.597656 0.382813
36  4.138267 -16.926828 5.318460  -0.933313 0.297980 0.200335  0.578125 0.421875
36  4.177164 -16.802826 5.315231  -0.933309 0.297983 0.200349  0.550781 0.421875
fs1.bmp
38  5.253452 -14.775734 4.768541  0.332835 0.927292 0.171321  0.710938 0.960938
38  4.828575 -14.061202 1.726516  0.325045 0.938209 0.118780  0.710938 0.164063
38  4.982792 -14.689320 4.826642  0.332835 0.927292 0.171321  0.750000 0.960938
fs1.bmp
38  4.982792 -14.689320 4.826642  0.332835 0.927292 0.171321  0.750000 0.960938
38  4.828575 -14.061202 1.726516  0.325045 0.938209 0.118780  0.710938 0.164063
38  4.557915 -13.974787 1.784616  0.316285 0.946376 0.065850  0.750000 0.164063
fs1.bmp
38  4.828575 -14.061202 1.726516  0.325045 0.938209 0.118780  0.710938 0.164063
38  4.979297 -14.110388 1.653280  0.306653 0.951733 0.012983  0.667969 0.125000
38  4.557915 -13.974787 1.784616  0.316285 0.946376 0.065850  0.750000 0.164063
fs1.bmp
38  4.557915 -13.974787 1.784616  0.316285 0.946376 0.065850  0.750000 0.164063
38  4.979297 -14.110388 1.653280  0.306653 0.951733 0.012983  0.667969 0.125000
38  4.381979 -13.919680 1.781502  0.306642 0.951737 0.012947  0.753906 0.125000
fs1.bmp
36  4.471866 -15.992686 2.937559  0.237032 -0.954862 -0.179039  0.332031 0.328125
36  4.564156 -16.019873 3.407924  0.231183 -0.855268 -0.463758  0.332031 0.429688
36  4.284163 -15.930477 3.468028  -0.715126 -0.684216 -0.142979  0.375000 0.429688
fs1.bmp
36  4.284163 -15.930477 3.468028  -0.715126 -0.684216 -0.142979  0.375000 0.429688
36  4.564156 -16.019873 3.407924  0.231183 -0.855268 -0.463758  0.332031 0.429688
36  4.248348 -16.113104 3.672636  -0.969307 -0.139740 -0.202281  0.382813 0.476563
fs1.bmp
36  4.564156 -16.019873 3.407924  0.231183 -0.855268 -0.463758  0.332031 0.429688
36  4.565673 -16.214418 3.604518  0.797450 -0.558679 -0.227929  0.339844 0.476563
36  4.248348 -16.113104 3.672636  -0.969307 -0.139740 -0.202281  0.382813 0.476563
fs1.bmp
36  3.833962 -17.762224 4.195023  -0.933309 0.297986 0.200347  0.617188 0.601563
36  3.905336 -17.835999 4.637248  -0.944478 0.315460 0.091907  0.617188 0.703125
36  3.962216 -17.634584 4.602649  -0.933311 0.297984 0.200341  0.593750 0.695313
fs1.bmp
36  3.962216 -17.634584 4.602649  -0.933311 0.297984 0.200341  0.593750 0.695313
36  3.905336 -17.835999 4.637248  -0.944478 0.315460 0.091907  0.617188 0.703125
36  4.053877 -17.409334 4.694628  -0.934517 0.312302 -0.170721  0.562500 0.726563
fs1.bmp
36  3.905336 -17.835999 4.637248  -0.944478 0.315460 0.091907  0.617188 0.703125
36  3.658012 -18.274813 4.936369  -0.975711 0.107194 -0.191042  0.683594 0.765625
36  4.053877 -17.409334 4.694628  -0.934517 0.312302 -0.170721  0.562500 0.726563
fs1.bmp
40  4.090240 -16.921082 3.938178  0.025328 0.611198 -0.791072  0.519531 0.242188
40  4.212714 -16.671259 4.137147  0.189378 0.882534 -0.430430  0.484375 0.289063
40  4.464707 -16.751715 4.083054  0.108181 0.765376 -0.634426  0.468750 0.234375
fs1.bmp
40  4.464707 -16.751715 4.083054  0.108181 0.765376 -0.634426  0.468750 0.234375
40  4.212714 -16.671259 4.137147  0.189378 0.882534 -0.430430  0.484375 0.289063
40  4.572995 -16.701120 4.512255  0.255281 0.943027 -0.213380  0.457031 0.335938
fs1.bmp
40  4.212714 -16.671259 4.137147  0.189378 0.882534 -0.430430  0.484375 0.289063
40  4.321001 -16.620665 4.566349  0.255280 0.943028 -0.213380  0.476563 0.390625
40  4.572995 -16.701120 4.512255  0.255281 0.943027 -0.213380  0.457031 0.335938
fs1.bmp
40  4.584614 -16.905128 4.869811  0.933310 -0.297984 -0.200345  0.503906 0.476563
40  4.457600 -16.861420 4.213109  0.933311 -0.297977 -0.200350  0.500000 0.320313
40  4.572995 -16.701120 4.512255  0.933310 -0.297984 -0.200345  0.457031 0.335938
fs1.bmp
40  4.572995 -16.701120 4.512255  0.933310 -0.297984 -0.200345  0.457031 0.335938
40  4.457600 -16.861420 4.213109  0.933311 -0.297977 -0.200350  0.500000 0.320313
40  4.464707 -16.751715 4.083054  0.933311 -0.297977 -0.200351  0.468750 0.234375
fs1.bmp
40  4.457600 -16.861420 4.213109  0.933311 -0.297977 -0.200350  0.500000 0.320313
40  4.342234 -17.001537 3.884084  0.933310 -0.297977 -0.200353  0.503906 0.187500
40  4.464707 -16.751715 4.083054  0.933311 -0.297977 -0.200351  0.468750 0.234375
fs1.bmp
36  3.960037 -17.287437 5.024530  -0.198510 0.036764 -0.979409  0.660156 0.304688
36  4.046809 -17.010817 5.017327  -0.198510 0.036764 -0.979409  0.597656 0.304688
36  4.044035 -17.314257 5.006499  -0.198510 0.036764 -0.979409  0.667969 0.289063
fs1.bmp
36  4.044035 -17.314257 5.006499  -0.198518 0.036765 -0.979407  0.667969 0.289063
36  4.046809 -17.010817 5.017327  -0.198517 0.036764 -0.979408  0.597656 0.304688
36  4.199625 -16.818247 4.993582  -0.198514 0.036761 -0.979408  0.542969 0.289063
fs1.bmp
36  4.046809 -17.010817 5.017327  -0.198517 0.036764 -0.979408  0.597656 0.304688
36  4.115628 -16.791430 5.011613  -0.198513 0.036759 -0.979409  0.550781 0.304688
36  4.199625 -16.818247 4.993582  -0.198514 0.036761 -0.979408  0.542969 0.289063
fs1.bmp
36  4.273996 -18.471481 4.804141  -0.315296 -0.413114 -0.854357  0.621094 0.984375
36  3.658012 -18.274813 4.936369  -0.315295 -0.413111 -0.854358  0.621094 0.921875
36  4.222662 -17.937313 4.569129  -0.315294 -0.413111 -0.854359  0.539063 0.984375
fs1.bmp
36  4.222662 -17.937313 4.569129  -0.315294 -0.413111 -0.854359  0.539063 0.984375
36  3.658012 -18.274813 4.936369  -0.315295 -0.413111 -0.854358  0.621094 0.921875
36  3.905336 -17.835999 4.637248  -0.315294 -0.413106 -0.854361  0.539063 0.921875
fs1.bmp
36  4.790544 -14.822726 1.783550  -0.334158 -0.924995 -0.180896  0.199219 0.070313
36  4.174560 -14.626058 1.915779  -0.334157 -0.924997 -0.180887  0.199219 0.070313
36  4.769745 -14.788595 1.635894  -0.334160 -0.924994 -0.180894  0.195313 0.031250
fs1.bmp
36  4.769745 -14.788595 1.635894  -0.334160 -0.924994 -0.180894  0.195313 0.031250
36  4.174560 -14.626058 1.915779  -0.334157 -0.924997 -0.180887  0.199219 0.070313
36  4.153760 -14.591928 1.768123  -0.334158 -0.924997 -0.180885  0.195313 0.031250
fs1.bmp
36  4.769745 -14.788595 1.635894  -0.340947 -0.560404 -0.754786  0.195313 0.031250
36  4.153760 -14.591928 1.768123  -0.340947 -0.560407 -0.754784  0.195313 0.031250
36  4.790806 -14.641105 1.514639  -0.340946 -0.560405 -0.754786  0.171875 0.007813
fs1.bmp
36  4.790806 -14.641105 1.514639  -0.340946 -0.560405 -0.754786  0.171875 0.007813
36  4.153760 -14.591928 1.768123  -0.340947 -0.560407 -0.754784  0.195313 0.031250
36  4.174821 -14.444436 1.646868  -0.340948 -0.560408 -0.754783  0.171875 0.007813
fs1.bmp
36  4.790806 -14.641105 1.514639  -0.198506 0.036763 -0.979410  0.171875 0.007813
36  4.174821 -14.444436 1.646868  -0.198505 0.036763 -0.979410  0.171875 0.007813
36  4.991278 -14.002016 1.497996  -0.198505 0.036763 -0.979410  0.093750 0.007813
fs1.bmp
36  4.991278 -14.002016 1.497996  -0.198505 0.036763 -0.979410  0.093750 0.007813
36  4.174821 -14.444436 1.646868  -0.198505 0.036763 -0.979410  0.171875 0.007813
36  4.375294 -13.805347 1.630225  -0.198505 0.036762 -0.979410  0.093750 0.007813
fs1.bmp
36  4.137741 -17.618803 3.699797  0.933310 -0.297987 -0.200340  0.582031 0.507813
36  4.109863 -17.674196 3.652317  0.933309 -0.297988 -0.200345  0.589844 0.500000
36  4.197642 -17.387671 3.635071  0.933307 -0.297986 -0.200355  0.550781 0.492188
fs1.bmp
36  4.197642 -17.387671 3.635071  0.933307 -0.297986 -0.200355  0.550781 0.492188
36  4.109863 -17.674196 3.652317  0.933309 -0.297988 -0.200345  0.589844 0.500000
36  4.186738 -17.375557 3.566264  0.933307 -0.297985 -0.200356  0.550781 0.476563
fs1.bmp
36  4.273996 -18.471481 4.804141  0.601558 -0.577159 -0.552282  0.683594 0.765625
36  3.729299 -18.409128 5.468231  -0.716933 -0.692942 -0.076415  0.699219 0.890625
36  3.658012 -18.274813 4.936369  -0.975711 0.107194 -0.191042  0.683594 0.765625
fs1.bmp
36  3.658012 -18.274813 4.936369  -0.975711 0.107194 -0.191042  0.683594 0.765625
36  3.729299 -18.409128 5.468231  -0.716933 -0.692942 -0.076415  0.699219 0.890625
36  5.120637 -13.973664 5.352728  -0.822965 0.513180 0.243670  0.097656 0.890625
fs1.bmp
36  4.991278 -14.002016 1.497996  0.983235 0.129522 -0.128349  0.093750 0.007813
36  5.161731 -14.215254 2.609200  0.990626 0.019715 -0.135171  0.117188 0.265625
36  4.790806 -14.641105 1.514639  0.933310 -0.297983 -0.200347  0.171875 0.007813
fs1.bmp
36  4.790806 -14.641105 1.514639  0.933310 -0.297983 -0.200347  0.171875 0.007813
36  5.161731 -14.215254 2.609200  0.990626 0.019715 -0.135171  0.117188 0.265625
36  4.769745 -14.788595 1.635894  0.933310 -0.297982 -0.200347  0.195313 0.031250
fs1.bmp
36  4.375294 -13.805347 1.630225  -0.214029 -0.013656 -0.976732  0.093750 0.007813
36  4.609830 -13.712326 1.586181  -0.214028 -0.013655 -0.976732  0.050781 0.007813
36  4.991278 -14.002016 1.497996  -0.214031 -0.013652 -0.976731  0.093750 0.007813
fs1.bmp
36  4.991278 -14.002016 1.497996  -0.214031 -0.013652 -0.976731  0.093750 0.007813
36  4.609830 -13.712326 1.586181  -0.214028 -0.013655 -0.976732  0.050781 0.007813
36  4.861824 -13.792782 1.532088  -0.214027 -0.013650 -0.976732  0.015625 0.007813
fs1.bmp
36  4.740576 -14.984373 4.636263  -0.944487 0.315422 0.091945  0.230469 0.718750
36  4.511679 -15.220824 4.071377  -0.799298 0.386940 0.459782  0.265625 0.578125
36  4.597547 -15.441086 4.699160  -0.944488 0.315427 0.091913  0.292969 0.734375
fs1.bmp
36  4.597547 -15.441086 4.699160  -0.944488 0.315427 0.091913  0.292969 0.734375
36  4.511679 -15.220824 4.071377  -0.799298 0.386940 0.459782  0.265625 0.578125
36  4.443963 -15.643524 4.334701  -0.781774 0.377046 0.496654  0.320313 0.640625
fs1.bmp
40  4.473599 -16.134195 4.553681  -0.197399 0.040284 -0.979495  0.410156 0.390625
40  4.725593 -16.214649 4.499587  -0.197399 0.040284 -0.979495  0.390625 0.335938
40  4.321001 -16.620665 4.566349  -0.197398 0.040284 -0.979495  0.476563 0.390625
fs1.bmp
40  4.321001 -16.620665 4.566349  -0.197398 0.040284 -0.979495  0.476563 0.390625
40  4.725593 -16.214649 4.499587  -0.197399 0.040284 -0.979495  0.390625 0.335938
40  4.572995 -16.701120 4.512255  -0.197399 0.040285 -0.979495  0.457031 0.335938
fs1.bmp
39  4.427767 -15.569442 4.997597  -0.564752 -0.393500 -0.725406  0.414063 0.093750
39  4.544506 -15.628766 4.930869  -0.564772 -0.393481 -0.725400  0.417969 0.078125
39  4.371720 -15.882031 5.201428  -0.564776 -0.393477 -0.725399  0.457031 0.140625
fs1.bmp
39  4.371720 -15.882031 5.201428  -0.564776 -0.393477 -0.725399  0.457031 0.140625
39  4.544506 -15.628766 4.930869  -0.564772 -0.393481 -0.725400  0.417969 0.078125
39  4.483453 -15.970706 5.155033  -0.564753 -0.393498 -0.725406  0.468750 0.125000
fs1.bmp
39  4.508554 -15.311899 4.990891  -0.406611 0.103914 -0.907673  0.378906 0.093750
39  4.637262 -15.333069 4.923169  -0.406613 0.103913 -0.907672  0.371094 0.078125
39  4.427767 -15.569442 4.997597  -0.406615 0.103912 -0.907671  0.414063 0.093750
fs1.bmp
39  4.427767 -15.569442 4.997597  -0.406615 0.103912 -0.907671  0.414063 0.093750
39  4.637262 -15.333069 4.923169  -0.406613 0.103913 -0.907672  0.371094 0.078125
39  4.544506 -15.628766 4.930869  -0.406617 0.103911 -0.907670  0.417969 0.078125
fs1.bmp
39  4.528463 -15.275215 5.029074  -0.150440 0.821922 -0.549374  0.375000 0.101563
39  4.674087 -15.269239 4.999783  -0.150451 0.821961 -0.549313  0.359375 0.101563
39  4.508554 -15.311899 4.990891  -0.150445 0.821951 -0.549330  0.378906 0.093750
fs1.bmp
39  4.508554 -15.311899 4.990891  -0.150445 0.821951 -0.549330  0.378906 0.093750
39  4.674087 -15.269239 4.999783  -0.150451 0.821961 -0.549313  0.359375 0.101563
39  4.637262 -15.333069 4.923169  -0.150445 0.821969 -0.549302  0.371094 0.078125
fs1.bmp
39  4.523428 -15.324746 5.079286  0.083814 0.754266 0.651197  0.378906 0.117188
39  4.669023 -15.338951 5.079875  0.083822 0.754279 0.651181  0.371094 0.132813
39  4.528463 -15.275215 5.029074  0.083822 0.754281 0.651179  0.375000 0.101563
fs1.bmp
39  4.528463 -15.275215 5.029074  0.083822 0.754281 0.651179  0.375000 0.101563
39  4.669023 -15.338951 5.079875  0.083822 0.754279 0.651181  0.371094 0.132813
39  4.674087 -15.269239 4.999783  0.083816 0.754280 0.651181  0.359375 0.101563
fs1.bmp
39  4.457601 -15.534596 5.084751  -0.028407 0.035032 0.998982  0.410156 0.117188
39  4.600204 -15.558339 5.085588  -0.028408 0.035032 0.998982  0.406250 0.132813
39  4.523428 -15.324746 5.079286  -0.028408 0.035033 0.998982  0.378906 0.117188
fs1.bmp
39  4.523428 -15.324746 5.079286  -0.028408 0.035033 0.998982  0.378906 0.117188
39  4.600204 -15.558339 5.085588  -0.028408 0.035032 0.998982  0.406250 0.132813
39  4.669023 -15.338951 5.079875  -0.028409 0.035030 0.998982  0.371094 0.132813
fs1.bmp
39  4.413552 -15.788851 5.257709  0.058035 0.553839 0.830599  0.445313 0.156250
39  4.558139 -15.812962 5.268340  0.057955 0.553646 0.830733  0.441406 0.171875
39  4.457601 -15.534596 5.084751  0.057992 0.553644 0.830732  0.410156 0.117188
fs1.bmp
39  4.457601 -15.534596 5.084751  0.057992 0.553644 0.830732  0.410156 0.117188
39  4.558139 -15.812962 5.268340  0.057955 0.553646 0.830733  0.441406 0.171875
39  4.600204 -15.558339 5.085588  0.057977 0.553624 0.830746  0.406250 0.132813
fs1.bmp
39  4.389615 -15.865159 5.259696  -0.028405 0.035026 0.998983  0.453125 0.156250
39  4.516250 -15.946502 5.271817  -0.028411 0.035030 0.998982  0.464844 0.171875
39  4.413552 -15.788851 5.257709  -0.028408 0.035032 0.998982  0.445313 0.156250
fs1.bmp
39  4.413552 -15.788851 5.257709  -0.028408 0.035032 0.998982  0.445313 0.156250
39  4.516250 -15.946502 5.271817  -0.028411 0.035030 0.998982  0.464844 0.171875
39  4.558139 -15.812962 5.268340  -0.028414 0.035032 0.998982  0.441406 0.171875
fs1.bmp
39  4.371720 -15.882031 5.201428  -0.511824 -0.806561 0.295798  0.457031 0.140625
39  4.483453 -15.970706 5.155033  -0.511844 -0.806559 0.295766  0.468750 0.125000
39  4.389615 -15.865159 5.259696  -0.511840 -0.806567 0.295753  0.453125 0.156250
fs1.bmp
39  4.389615 -15.865159 5.259696  -0.511840 -0.806567 0.295753  0.453125 0.156250
39  4.483453 -15.970706 5.155033  -0.511844 -0.806559 0.295766  0.468750 0.125000
39  4.516250 -15.946502 5.271817  -0.511841 -0.806566 0.295754  0.464844 0.171875
fs1.bmp
36  3.957936 -17.367790 5.134253  -0.127948 -0.797319 0.589840  0.675781 0.343750
36  4.041934 -17.394609 5.116221  -0.127947 -0.797318 0.589842  0.687500 0.343750
36  4.001723 -17.295158 5.230206  -0.127941 -0.797319 0.589843  0.660156 0.382813
fs1.bmp
36  4.001723 -17.295158 5.230206  -0.127941 -0.797319 0.589843  0.660156 0.382813
36  4.041934 -17.394609 5.116221  -0.127947 -0.797318 0.589842  0.687500 0.343750
36  4.085721 -17.321976 5.212175  -0.127944 -0.797315 0.589846  0.664063 0.406250
fs1.bmp
36  3.960037 -17.287437 5.024530  -0.358862 -0.755079 -0.548701  0.660156 0.304688
36  4.044035 -17.314257 5.006499  -0.358872 -0.755068 -0.548710  0.667969 0.289063
36  3.957936 -17.367790 5.134253  -0.358864 -0.755065 -0.548720  0.675781 0.343750
fs1.bmp
36  3.957936 -17.367790 5.134253  -0.358864 -0.755065 -0.548720  0.675781 0.343750
36  4.044035 -17.314257 5.006499  -0.358872 -0.755068 -0.548710  0.667969 0.289063
36  4.041934 -17.394609 5.116221  -0.358862 -0.755057 -0.548732  0.687500 0.343750
fs1.bmp
36  4.160422 -16.708889 5.097525  0.069830 0.697932 -0.712751  0.531250 0.335938
36  4.244420 -16.735708 5.079494  0.069811 0.697897 -0.712787  0.523438 0.328125
36  4.115628 -16.791430 5.011613  0.069812 0.697895 -0.712789  0.550781 0.304688
fs1.bmp
36  4.115628 -16.791430 5.011613  0.069812 0.697895 -0.712789  0.550781 0.304688
36  4.244420 -16.735708 5.079494  0.069811 0.697897 -0.712787  0.523438 0.328125
36  4.199625 -16.818247 4.993582  0.069826 0.697923 -0.712761  0.542969 0.289063
fs1.bmp
36  4.184243 -16.713301 5.215054  0.299427 0.953823 -0.023774  0.531250 0.382813
36  4.268241 -16.740120 5.197023  0.299439 0.953821 -0.023712  0.523438 0.398438
36  4.160422 -16.708889 5.097525  0.299411 0.953825 -0.023895  0.531250 0.335938
fs1.bmp
36  4.160422 -16.708889 5.097525  0.299411 0.953825 -0.023895  0.531250 0.335938
36  4.268241 -16.740120 5.197023  0.299439 0.953821 -0.023712  0.523438 0.398438
36  4.244420 -16.735708 5.079494  0.299397 0.953829 -0.023926  0.523438 0.328125
fs1.bmp
36  4.177164 -16.802826 5.315231  0.353034 0.659621 0.663526  0.550781 0.421875
36  4.261162 -16.829643 5.297200  0.353030 0.659622 0.663527  0.542969 0.437500
36  4.184243 -16.713301 5.215054  0.353037 0.659619 0.663526  0.531250 0.382813
fs1.bmp
36  4.184243 -16.713301 5.215054  0.353037 0.659619 0.663526  0.531250 0.382813
36  4.261162 -16.829643 5.297200  0.353030 0.659622 0.663527  0.542969 0.437500
36  4.268241 -16.740120 5.197023  0.353034 0.659620 0.663527  0.523438 0.398438
fs1.bmp
36  4.138267 -16.926828 5.318460  0.198497 -0.036762 0.979412  0.578125 0.421875
36  4.222265 -16.953646 5.300429  0.198495 -0.036762 0.979412  0.582031 0.437500
36  4.177164 -16.802826 5.315231  0.198493 -0.036763 0.979413  0.550781 0.421875
fs1.bmp
36  4.177164 -16.802826 5.315231  0.198493 -0.036763 0.979413  0.550781 0.421875
36  4.222265 -16.953646 5.300429  0.198495 -0.036762 0.979412  0.582031 0.437500
36  4.261162 -16.829643 5.297200  0.198491 -0.036763 0.979413  0.542969 0.437500
fs1.bmp
36  4.088495 -17.018538 5.223003  -0.078731 -0.714207 0.695493  0.597656 0.382813
36  4.172493 -17.045357 5.204971  -0.078731 -0.714211 0.695488  0.601563 0.406250
36  4.138267 -16.926828 5.318460  -0.078728 -0.714215 0.695484  0.578125 0.421875
fs1.bmp
36  4.138267 -16.926828 5.318460  -0.078728 -0.714215 0.695484  0.578125 0.421875
36  4.172493 -17.045357 5.204971  -0.078731 -0.714211 0.695488  0.601563 0.406250
36  4.222265 -16.953646 5.300429  -0.078737 -0.714217 0.695482  0.582031 0.437500
fs1.bmp
36  4.001723 -17.295158 5.230206  0.198501 -0.036764 0.979411  0.660156 0.382813
36  4.085721 -17.321976 5.212175  0.198505 -0.036764 0.979410  0.664063 0.406250
36  4.088495 -17.018538 5.223003  0.198516 -0.036765 0.979408  0.597656 0.382813
fs1.bmp
36  4.088495 -17.018538 5.223003  0.198516 -0.036765 0.979408  0.597656 0.382813
36  4.085721 -17.321976 5.212175  0.198505 -0.036764 0.979410  0.664063 0.406250
36  4.172493 -17.045357 5.204971  0.198520 -0.036765 0.979407  0.601563 0.406250
fs1.bmp
36  3.925753 -17.209269 5.197777  -0.933311 0.297982 0.200343  0.640625 0.359375
36  3.976619 -17.047113 5.193554  -0.933310 0.297982 0.200348  0.617188 0.359375
36  3.901932 -17.204859 5.080247  -0.933310 0.297982 0.200347  0.640625 0.328125
fs1.bmp
36  3.901932 -17.204859 5.080247  -0.933310 0.297982 0.200347  0.640625 0.328125
36  3.976619 -17.047113 5.193554  -0.933310 0.297982 0.200348  0.617188 0.359375
36  3.949806 -17.052240 5.076273  -0.933309 0.297982 0.200352  0.617188 0.328125
fs1.bmp
36  4.088495 -17.018538 5.223003  -0.308275 0.122003 0.943441  0.597656 0.382813
36  3.976619 -17.047113 5.193554  -0.308317 0.122015 0.943426  0.617188 0.359375
36  4.001723 -17.295158 5.230206  -0.308312 0.122016 0.943428  0.660156 0.382813
fs1.bmp
36  4.001723 -17.295158 5.230206  -0.308312 0.122016 0.943428  0.660156 0.382813
36  3.976619 -17.047113 5.193554  -0.308317 0.122015 0.943426  0.617188 0.359375
36  3.925753 -17.209269 5.197777  -0.308309 0.122014 0.943429  0.640625 0.359375
fs1.bmp
36  3.960037 -17.287437 5.024530  -0.649876 0.186140 -0.736895  0.660156 0.304688
36  3.901932 -17.204859 5.080247  -0.649876 0.186132 -0.736897  0.640625 0.328125
36  4.046809 -17.010817 5.017327  -0.649870 0.186134 -0.736902  0.597656 0.304688
fs1.bmp
36  4.046809 -17.010817 5.017327  -0.649870 0.186134 -0.736902  0.597656 0.304688
36  3.901932 -17.204859 5.080247  -0.649876 0.186132 -0.736897  0.640625 0.328125
36  3.949806 -17.052240 5.076273  -0.649862 0.186138 -0.736907  0.617188 0.328125
fs1.bmp
36  4.046809 -17.010817 5.017327  -0.364314 0.924891 0.108862  0.597656 0.304688
36  3.949806 -17.052240 5.076273  -0.364284 0.924904 0.108853  0.617188 0.328125
36  4.088495 -17.018538 5.223003  -0.364239 0.924927 0.108816  0.597656 0.382813
fs1.bmp
36  4.088495 -17.018538 5.223003  -0.364239 0.924927 0.108816  0.597656 0.382813
36  3.949806 -17.052240 5.076273  -0.364284 0.924904 0.108853  0.617188 0.328125
36  3.976619 -17.047113 5.193554  -0.364236 0.924930 0.108801  0.617188 0.359375
fs1.bmp
38  4.519013 -16.167807 4.865143  0.198500 -0.036763 0.979411  0.953125 0.960938
38  4.789673 -16.254223 4.807043  0.198501 -0.036763 0.979411  0.953125 0.960938
38  4.982792 -14.689320 4.826642  0.198505 -0.036763 0.979410  0.753906 0.960938
fs1.bmp
38  4.982792 -14.689320 4.826642  0.198505 -0.036763 0.979410  0.753906 0.960938
38  4.789673 -16.254223 4.807043  0.198501 -0.036763 0.979411  0.953125 0.960938
38  5.253452 -14.775734 4.768541  0.198506 -0.036763 0.979410  0.753906 0.960938
fs1.bmp
38  4.557915 -13.974787 1.784616  -0.933310 0.297983 0.200347  0.753906 0.164063
38  4.122904 -15.468696 1.980072  -0.933310 0.297983 0.200347  0.957031 0.203125
38  4.982792 -14.689320 4.826642  -0.933310 0.297983 0.200347  0.753906 0.960938
fs1.bmp
38  4.982792 -14.689320 4.826642  -0.933310 0.297983 0.200347  0.753906 0.960938
38  4.122904 -15.468696 1.980072  -0.933310 0.297983 0.200347  0.957031 0.203125
38  4.519013 -16.167807 4.865143  -0.933310 0.297983 0.200347  0.953125 0.960938
fs1.bmp
38  4.030719 -15.166686 1.999882  0.356147 0.060702 0.932456  0.921875 0.164063
38  4.122904 -15.468696 1.980072  0.194888 0.094089 0.976302  0.957031 0.203125
38  4.381979 -13.919680 1.781502  0.194746 0.094120 0.976328  0.753906 0.125000
fs1.bmp
38  4.381979 -13.919680 1.781502  0.194746 0.094120 0.976328  0.753906 0.125000
38  4.122904 -15.468696 1.980072  0.194888 0.094089 0.976302  0.957031 0.203125
38  4.557915 -13.974787 1.784616  0.027825 0.124765 0.991796  0.753906 0.164063
fs1.bmp
38  4.122904 -15.468696 1.980072  -0.333480 -0.926190 -0.175962  0.957031 0.203125
38  4.393564 -15.555110 1.921971  -0.333486 -0.926179 -0.176008  0.957031 0.203125
38  4.519013 -16.167807 4.865143  -0.333486 -0.926179 -0.176007  0.953125 0.960938
fs1.bmp
38  4.519013 -16.167807 4.865143  -0.333486 -0.926179 -0.176007  0.953125 0.960938
38  4.393564 -15.555110 1.921971  -0.333486 -0.926179 -0.176008  0.957031 0.203125
38  4.789673 -16.254223 4.807043  -0.333493 -0.926168 -0.176054  0.953125 0.960938
fs1.bmp
38  4.789673 -16.254223 4.807043  0.933310 -0.297983 -0.200347  0.953125 0.960938
38  4.393564 -15.555110 1.921971  0.933310 -0.297982 -0.200347  0.957031 0.203125
38  5.253452 -14.775734 4.768541  0.933310 -0.297983 -0.200347  0.753906 0.960938
fs1.bmp
38  5.253452 -14.775734 4.768541  0.933310 -0.297983 -0.200347  0.753906 0.960938
38  4.393564 -15.555110 1.921971  0.933310 -0.297982 -0.200347  0.957031 0.203125
38  4.828575 -14.061202 1.726516  0.933310 -0.297982 -0.200347  0.753906 0.164063
fs1.bmp
38  4.979297 -14.110388 1.653280  0.431434 0.034079 0.901501  0.753906 0.125000
38  4.828575 -14.061202 1.726516  0.299391 0.060046 0.952239  0.753906 0.164063
38  4.628037 -15.357395 1.871660  0.299249 0.060071 0.952282  0.921875 0.164063
fs1.bmp
38  4.628037 -15.357395 1.871660  0.299249 0.060071 0.952282  0.921875 0.164063
38  4.828575 -14.061202 1.726516  0.299391 0.060046 0.952239  0.753906 0.164063
38  4.393564 -15.555110 1.921971  0.161006 0.084864 0.983298  0.957031 0.203125
fs1.bmp
38  3.891416 -15.383114 1.672844  -0.200332 -0.039708 -0.978923  0.957031 0.085938
38  4.291470 -14.034123 1.530085  -0.200334 -0.039707 -0.978923  0.769531 0.070313
38  3.979602 -15.704568 1.663324  -0.200304 -0.039715 -0.978928  0.992188 0.125000
fs1.bmp
38  3.979602 -15.704568 1.663324  -0.200304 -0.039715 -0.978928  0.992188 0.125000
38  4.291470 -14.034123 1.530085  -0.200334 -0.039707 -0.978923  0.769531 0.070313
38  4.888788 -14.224832 1.401863  -0.200322 -0.039707 -0.978925  0.769531 0.070313
fs1.bmp
38  4.381979 -13.919680 1.781502  0.178743 0.869469 -0.460516  0.753906 0.125000
38  4.979297 -14.110388 1.653280  0.178849 0.869604 -0.460221  0.667969 0.125000
38  4.291470 -14.034123 1.530085  0.178848 0.869602 -0.460224  0.769531 0.070313
fs1.bmp
38  4.291470 -14.034123 1.530085  0.178848 0.869602 -0.460224  0.769531 0.070313
38  4.979297 -14.110388 1.653280  0.178849 0.869604 -0.460221  0.667969 0.125000
38  4.888788 -14.224832 1.401863  0.178849 0.869605 -0.460218  0.683594 0.070313
fs1.bmp
36  4.420986 -16.722538 3.686242  0.933309 -0.297983 -0.200348  0.460938 0.507813
36  4.407090 -16.719965 3.617683  0.933309 -0.297983 -0.200348  0.460938 0.492188
36  4.565673 -16.214418 3.604518  0.797450 -0.558679 -0.227929  0.390625 0.492188
fs1.bmp
36  4.565673 -16.214418 3.604518  -0.198507 0.036764 -0.979410  0.078125 0.984375
36  4.089765 -16.618652 3.685801  -0.214028 -0.013654 -0.976732  0.148438 0.921875
36  4.248348 -16.113104 3.672636  -0.198507 0.036764 -0.979410  0.078125 0.921875
fs1.bmp
36  4.790544 -14.822726 1.783550  0.933311 -0.297981 -0.200347  0.199219 0.070313
36  4.769472 -15.666616 2.940531  0.857033 -0.467676 -0.216272  0.308594 0.343750
36  4.614009 -15.385506 1.798205  0.797516 -0.558620 -0.227842  0.273438 0.070313
fs1.bmp
36  4.689812 -16.186945 4.141952  0.918815 -0.342543 -0.196070  0.378906 0.609375
36  4.594384 -16.270199 3.821230  0.933310 -0.297984 -0.200347  0.394531 0.539063
36  5.232226 -14.733031 4.107011  0.996468 -0.069570 0.047034  0.187500 0.617188
fs1.bmp
36  5.736622 -14.170333 5.220499  0.976396 0.204765 -0.068719  0.097656 0.890625
36  5.524918 -13.855031 4.713680  0.492955 0.814358 -0.306296  0.042969 0.765625
36  5.592206 -14.008791 5.255833  0.487815 0.854869 0.176734  0.058594 0.890625
fs1.bmp
36  4.375294 -13.805347 1.630225  -0.577874 0.780590 0.238204  0.093750 0.007813
36  4.783246 -13.936206 2.727016  0.012369 0.969539 0.244625  0.074219 0.273438
36  4.609830 -13.712326 1.586181  0.110683 0.978273 0.175301  0.050781 0.007813
fs1.bmp
36  4.982445 -14.458802 4.382344  -0.306469 0.776130 -0.551089  0.136719 0.664063
36  4.765571 -14.584040 4.207185  -0.746347 0.623631 0.232487  0.187500 0.617188
36  4.834128 -14.546272 4.470383  -0.831094 0.526365 -0.179505  0.179688 0.679688
fs1.bmp
36  4.061296 -15.576325 1.903066  -0.893178 -0.449424 -0.015858  0.335938 0.070313
36  4.153487 -15.469948 3.072760  -0.983451 0.092644 0.155696  0.308594 0.343750
36  3.998024 -15.188837 1.930434  -0.974023 0.149656 0.169947  0.273438 0.070313
fs1.bmp
36  4.259499 -15.620788 3.790958  -0.995305 0.036424 0.089670  0.324219 0.507813
36  4.284163 -15.930477 3.468028  -0.715126 -0.684216 -0.142979  0.375000 0.437500
36  4.248348 -16.113104 3.672636  -0.969307 -0.139740 -0.202281  0.390625 0.492188
fs1.bmp
36  4.259499 -15.620788 3.790958  -0.995305 0.036424 0.089670  0.324219 0.507813
36  4.663435 -14.333073 3.757425  -0.725908 0.569957 0.384976  0.148438 0.507813
36  4.153487 -15.469948 3.072760  -0.983451 0.092644 0.155696  0.308594 0.343750
fs1.bmp
36  4.399124 -16.201584 4.506625  -0.992501 0.117719 0.032936  0.394531 0.687500
36  4.353090 -16.455471 4.669789  -0.913971 0.216221 -0.343374  0.429688 0.726563
36  4.397067 -15.918770 4.875016  -0.958603 0.264848 -0.104572  0.359375 0.765625
fs1.bmp
36  4.875483 -15.817456 3.658729  0.861128 -0.489465 0.137410  0.324219 0.507813
36  5.279420 -14.529740 3.625196  0.983307 0.095726 0.154738  0.148438 0.507813
36  4.378589 -15.224034 3.955288  -0.698950 0.345190 0.626350  0.269531 0.546875
fs1.bmp
40  4.342234 -17.001537 3.884084  -0.185194 -0.877489 0.442397  0.503906 0.187500
40  4.205606 -16.780964 4.267203  -0.230980 -0.925456 0.300299  0.500000 0.320313
40  4.090240 -16.921082 3.938178  -0.185193 -0.877490 0.442396  0.519531 0.242188
fs1.bmp
40  4.342234 -17.001537 3.884084  0.025312 0.611169 -0.791096  0.503906 0.187500
40  4.090240 -16.921082 3.938178  0.025328 0.611198 -0.791072  0.519531 0.242188
40  4.464707 -16.751715 4.083054  0.108181 0.765376 -0.634426  0.468750 0.234375
fs1.bmp
40  4.584614 -16.905128 4.869811  0.933310 -0.297984 -0.200345  0.503906 0.476563
40  4.572995 -16.701120 4.512255  0.933310 -0.297984 -0.200345  0.457031 0.335938
40  4.725593 -16.214649 4.499587  0.933310 -0.297983 -0.200344  0.390625 0.335938
fs1.bmp
39  4.483453 -15.970706 5.155033  0.933311 -0.297978 -0.200347  0.468750 0.125000
39  4.558139 -15.812962 5.268340  0.933311 -0.297980 -0.200347  0.441406 0.171875
39  4.516250 -15.946502 5.271817  0.933312 -0.297973 -0.200350  0.464844 0.171875
fs1.bmp
36  4.046809 -17.010817 5.017327  -0.933311 0.297984 0.200340  0.597656 0.304688
36  4.160422 -16.708889 5.097525  -0.933309 0.297983 0.200349  0.531250 0.335938
36  4.115628 -16.791430 5.011613  -0.933314 0.297983 0.200329  0.550781 0.304688
fs1.bmp
36  4.001723 -17.295158 5.230206  -0.757715 -0.336094 0.559382  0.660156 0.382813
36  3.925753 -17.209269 5.197777  -0.757716 -0.336102 0.559376  0.640625 0.359375
36  3.957936 -17.367790 5.134253  -0.757684 -0.336122 0.559407  0.675781 0.343750
fs1.bmp
36  3.901932 -17.204859 5.080247  -0.960726 -0.203354 0.188820  0.640625 0.328125
36  3.957936 -17.367790 5.134253  -0.960725 -0.203354 0.188826  0.675781 0.343750
36  3.925753 -17.209269 5.197777  -0.960727 -0.203353 0.188815  0.640625 0.359375
fs1.bmp
36  3.957936 -17.367790 5.134253  -0.917215 -0.316713 -0.241681  0.675781 0.343750
36  3.901932 -17.204859 5.080247  -0.917215 -0.316714 -0.241680  0.640625 0.328125
36  3.960037 -17.287437 5.024530  -0.917215 -0.316707 -0.241690  0.660156 0.304688
fs1.bmp
38  4.030719 -15.166686 1.999882  -0.923273 0.029338 0.383023  0.921875 0.164063
38  4.381979 -13.919680 1.781502  -0.933311 0.297982 0.200345  0.753906 0.125000
38  4.291470 -14.034123 1.530085  -0.933311 0.297982 0.200345  0.769531 0.070313
fs1.bmp
38  4.888788 -14.224832 1.401863  -0.235536 -0.025743 -0.971524  0.769531 0.070313
38  4.244278 -15.810061 1.605721  -0.235537 -0.025743 -0.971524  0.992188 0.125000
38  3.979602 -15.704568 1.663324  -0.235536 -0.025743 -0.971524  0.992188 0.125000
fs1.bmp
38  4.244278 -15.810061 1.605721  -0.200336 -0.039741 -0.978921  0.992188 0.125000
38  4.888788 -14.224832 1.401863  -0.200335 -0.039741 -0.978921  0.769531 0.070313
38  4.488734 -15.573823 1.544622  -0.200335 -0.039742 -0.978921  0.957031 0.085938
fs2.bmp
36  4.434157 -18.361177 5.735581  0.940648 -0.299235 -0.160126  0.632813 0.757813
36  4.347791 -18.338924 5.549716  0.551886 -0.194238 -0.810983  0.632813 0.703125
36  4.904326 -16.564739 5.503515  0.742090 -0.248990 -0.622339  0.394531 0.703125
fs2.bmp
36  4.904326 -16.564739 5.503515  0.742090 -0.248990 -0.622339  0.394531 0.703125
36  4.347791 -18.338924 5.549716  0.551886 -0.194238 -0.810983  0.632813 0.703125
36  4.733161 -16.513020 5.427835  0.100504 -0.057392 -0.993280  0.394531 0.664063
fs2.bmp
36  4.347791 -18.338924 5.549716  0.551886 -0.194238 -0.810983  0.632813 0.703125
36  4.176626 -18.287205 5.474037  -0.160193 0.024553 -0.986780  0.632813 0.664063
36  4.733161 -16.513020 5.427835  0.100504 -0.057392 -0.993280  0.394531 0.664063
fs2.bmp
36  4.733161 -16.513020 5.427835  0.100504 -0.057392 -0.993280  0.394531 0.664063
36  4.176626 -18.287205 5.474037  -0.160193 0.024553 -0.986780  0.632813 0.664063
36  4.565757 -16.458241 5.514872  -0.599829 0.167785 -0.782338  0.394531 0.648438
fs2.bmp
36  4.176626 -18.287205 5.474037  -0.160193 0.024553 -0.986780  0.632813 0.664063
36  4.009222 -18.232426 5.561073  -0.778399 0.228951 -0.584531  0.632813 0.648438
36  4.565757 -16.458241 5.514872  -0.599829 0.167785 -0.782338  0.394531 0.648438
fs2.bmp
36  4.565757 -16.458241 5.514872  -0.599829 0.167785 -0.782338  0.394531 0.648438
36  4.009222 -18.232426 5.561073  -0.778399 0.228951 -0.584531  0.632813 0.648438
36  4.494854 -16.431345 5.693615  -0.948878 0.294705 -0.113042  0.394531 0.703125
fs2.bmp
36  4.009222 -18.232426 5.561073  -0.778399 0.228951 -0.584531  0.632813 0.648438
36  3.938319 -18.205530 5.739817  -0.940647 0.299237 0.160124  0.632813 0.703125
36  4.494854 -16.431345 5.693615  -0.948878 0.294705 -0.113042  0.394531 0.703125
fs2.bmp
36  4.494854 -16.431345 5.693615  -0.948878 0.294705 -0.113042  0.394531 0.703125
36  3.938319 -18.205530 5.739817  -0.940647 0.299237 0.160124  0.632813 0.703125
36  4.581221 -16.453596 5.879480  -0.742090 0.248988 0.622340  0.394531 0.757813
fs2.bmp
36  3.938319 -18.205530 5.739817  -0.940647 0.299237 0.160124  0.632813 0.703125
36  4.024685 -18.227781 5.925682  -0.551890 0.194238 0.810981  0.632813 0.757813
36  4.581221 -16.453596 5.879480  -0.742090 0.248988 0.622340  0.394531 0.757813
fs2.bmp
36  4.581221 -16.453596 5.879480  -0.742090 0.248988 0.622340  0.394531 0.757813
36  4.024685 -18.227781 5.925682  -0.551890 0.194238 0.810981  0.632813 0.757813
36  4.752386 -16.505318 5.955160  -0.100501 0.057392 0.993280  0.394531 0.812500
fs2.bmp
36  4.024685 -18.227781 5.925682  -0.551890 0.194238 0.810981  0.632813 0.757813
36  4.195850 -18.279503 6.001361  0.160193 -0.024555 0.986780  0.632813 0.812500
36  4.752386 -16.505318 5.955160  -0.100501 0.057392 0.993280  0.394531 0.812500
fs2.bmp
36  4.752386 -16.505318 5.955160  -0.100501 0.057392 0.993280  0.394531 0.812500
36  4.195850 -18.279503 6.001361  0.160193 -0.024555 0.986780  0.632813 0.812500
36  4.919789 -16.560097 5.868123  0.599831 -0.167784 0.782337  0.394531 0.867188
fs2.bmp
36  4.195850 -18.279503 6.001361  0.160193 -0.024555 0.986780  0.632813 0.812500
36  4.363254 -18.334282 5.914324  0.778397 -0.228951 0.584533  0.632813 0.867188
36  4.919789 -16.560097 5.868123  0.599831 -0.167784 0.782337  0.394531 0.867188
fs2.bmp
36  4.919789 -16.560097 5.868123  0.599831 -0.167784 0.782337  0.394531 0.867188
36  4.363254 -18.334282 5.914324  0.778397 -0.228951 0.584533  0.632813 0.867188
36  4.990693 -16.586992 5.689380  0.948878 -0.294706 0.113045  0.394531 0.757813
fs2.bmp
36  4.363254 -18.334282 5.914324  0.778397 -0.228951 0.584533  0.632813 0.867188
36  4.434157 -18.361177 5.735581  0.940648 -0.299235 -0.160126  0.632813 0.757813
36  4.990693 -16.586992 5.689380  0.948878 -0.294706 0.113045  0.394531 0.757813
fs2.bmp
36  4.990693 -16.586992 5.689380  0.948878 -0.294706 0.113045  0.394531 0.757813
36  4.434157 -18.361177 5.735581  0.940648 -0.299235 -0.160126  0.632813 0.757813
36  4.904326 -16.564739 5.503515  0.742090 -0.248990 -0.622339  0.394531 0.703125
fs2.bmp
36  4.144863 -18.264973 5.542570  -0.013281 -0.021867 -0.999673  0.632813 0.664063
36  4.347997 -18.326368 5.631827  0.903278 -0.291541 -0.314792  0.632813 0.710938
36  3.653824 -20.539331 5.689455  0.662663 -0.226454 -0.713860  0.925781 0.710938
fs2.bmp
36  3.653824 -20.539331 5.689455  0.662663 -0.226454 -0.713860  0.925781 0.710938
36  4.347997 -18.326368 5.631827  0.903278 -0.291541 -0.314792  0.632813 0.710938
36  3.643482 -20.529907 5.926740  0.857733 -0.257470 0.444976  0.925781 0.843750
fs2.bmp
36  4.347997 -18.326368 5.631827  0.903278 -0.291541 -0.314792  0.632813 0.710938
36  4.337655 -18.316944 5.869112  0.571565 -0.158323 0.805138  0.632813 0.843750
36  3.643482 -20.529907 5.926740  0.857733 -0.257470 0.444976  0.925781 0.843750
fs2.bmp
36  3.643482 -20.529907 5.926740  0.857733 -0.257470 0.444976  0.925781 0.843750
36  4.337655 -18.316944 5.869112  0.571565 -0.158323 0.805138  0.632813 0.843750
36  3.430806 -20.461739 5.982614  -0.100684 0.057448 0.993258  0.925781 0.781250
fs2.bmp
36  4.337655 -18.316944 5.869112  0.571565 -0.158323 0.805138  0.632813 0.843750
36  4.124979 -18.248775 5.924986  -0.551735 0.194191 0.811097  0.632813 0.781250
36  3.430806 -20.461739 5.982614  -0.100684 0.057448 0.993258  0.925781 0.781250
fs2.bmp
36  3.430806 -20.461739 5.982614  -0.100684 0.057448 0.993258  0.925781 0.781250
36  4.124979 -18.248775 5.924986  -0.551735 0.194191 0.811097  0.632813 0.781250
36  3.312470 -20.429811 5.783172  -0.940644 0.299236 0.160147  0.925781 0.718750
fs2.bmp
36  4.124979 -18.248775 5.924986  -0.551735 0.194191 0.811097  0.632813 0.781250
36  4.006643 -18.216850 5.725544  -0.911510 0.278035 -0.303061  0.632813 0.718750
36  3.312470 -20.429811 5.783172  -0.940644 0.299236 0.160147  0.925781 0.718750
fs2.bmp
36  3.312470 -20.429811 5.783172  -0.940644 0.299236 0.160147  0.925781 0.718750
36  4.006643 -18.216850 5.725544  -0.911510 0.278035 -0.303061  0.632813 0.718750
36  3.450690 -20.477934 5.600198  -0.448207 0.117519 -0.886171  0.925781 0.664063
fs2.bmp
36  4.006643 -18.216850 5.725544  -0.911510 0.278035 -0.303061  0.632813 0.718750
36  4.144863 -18.264973 5.542570  -0.013281 -0.021867 -0.999673  0.632813 0.664063
36  3.450690 -20.477934 5.600198  -0.448207 0.117519 -0.886171  0.925781 0.664063
fs2.bmp
36  3.450690 -20.477934 5.600198  -0.448207 0.117519 -0.886171  0.925781 0.664063
36  4.144863 -18.264973 5.542570  -0.013281 -0.021867 -0.999673  0.632813 0.664063
36  3.653824 -20.539331 5.689455  0.662663 -0.226454 -0.713860  0.925781 0.710938
fs2.bmp
41  4.152342 -17.979982 6.151805  -0.363502 0.144077 0.920385  0.605469 0.484375
41  3.976823 -17.932461 5.862435  -0.855231 0.284183 0.433381  0.605469 0.375000
41  4.061571 -18.276049 6.169299  -0.363582 0.144103 0.920349  0.644531 0.484375
fs2.bmp
41  4.061571 -18.276049 6.169299  -0.363582 0.144103 0.920349  0.644531 0.484375
41  3.976823 -17.932461 5.862435  -0.855231 0.284183 0.433381  0.605469 0.375000
41  3.797295 -18.504778 5.877339  -0.911481 0.293938 0.287755  0.679688 0.375000
fs2.bmp
41  3.976823 -17.932461 5.862435  -0.855231 0.284183 0.433381  0.605469 0.375000
41  3.993914 -17.784233 5.721592  -0.932887 0.298379 0.201720  0.585938 0.335938
41  3.797295 -18.504778 5.877339  -0.911481 0.293938 0.287755  0.679688 0.375000
fs2.bmp
41  3.797295 -18.504778 5.877339  -0.911481 0.293938 0.287755  0.679688 0.375000
41  3.993914 -17.784233 5.721592  -0.932887 0.298379 0.201720  0.585938 0.335938
41  3.741830 -18.413763 5.483588  -0.932889 0.298378 0.201715  0.671875 0.265625
fs2.bmp
41  3.993914 -17.784233 5.721592  -0.932887 0.298379 0.201720  0.585938 0.335938
41  4.329032 -16.715908 5.693772  -0.932903 0.298365 0.201671  0.445313 0.335938
41  3.741830 -18.413763 5.483588  -0.932889 0.298378 0.201715  0.671875 0.265625
fs2.bmp
41  3.741830 -18.413763 5.483588  -0.932889 0.298378 0.201715  0.671875 0.265625
41  4.329032 -16.715908 5.693772  -0.932903 0.298365 0.201671  0.445313 0.335938
41  5.130176 -13.987839 5.368333  -0.861643 0.506256 -0.035716  0.082031 0.265625
fs2.bmp
41  4.329032 -16.715908 5.693772  -0.932903 0.298365 0.201671  0.445313 0.335938
41  4.368849 -16.642540 5.770137  -0.932903 0.298364 0.201668  0.433594 0.359375
41  5.130176 -13.987839 5.368333  -0.861643 0.506256 -0.035716  0.082031 0.265625
fs2.bmp
41  5.130176 -13.987839 5.368333  -0.861643 0.506256 -0.035716  0.082031 0.265625
41  4.368849 -16.642540 5.770137  -0.932903 0.298364 0.201668  0.433594 0.359375
41  5.190619 -14.069682 5.771629  -0.695870 0.537241 0.476588  0.093750 0.375000
fs2.bmp
41  4.368849 -16.642540 5.770137  -0.932903 0.298364 0.201668  0.433594 0.359375
41  4.382745 -16.645113 5.838696  -0.882865 0.285808 0.372645  0.433594 0.375000
41  5.190619 -14.069682 5.771629  -0.695870 0.537241 0.476588  0.093750 0.375000
fs2.bmp
41  5.190619 -14.069682 5.771629  -0.695870 0.537241 0.476588  0.093750 0.375000
41  4.382745 -16.645113 5.838696  -0.882865 0.285808 0.372645  0.433594 0.375000
41  4.556279 -16.692266 6.118271  -0.479714 0.173815 0.860037  0.433594 0.484375
fs2.bmp
36  4.747440 -16.510658 5.690495  0.300716 0.953486 -0.020813  0.363281 0.734375
36  4.990693 -16.586992 5.689380  0.300700 0.953491 -0.020855  0.335938 0.757813
36  4.904326 -16.564739 5.503515  0.300682 0.953495 -0.020903  0.335938 0.703125
fs2.bmp
36  4.747440 -16.510658 5.690495  0.300716 0.953486 -0.020813  0.363281 0.734375
36  4.919789 -16.560097 5.868123  0.300684 0.953495 -0.020898  0.351563 0.796875
36  4.990693 -16.586992 5.689380  0.300700 0.953491 -0.020855  0.335938 0.757813
fs2.bmp
36  4.747440 -16.510658 5.690495  0.300716 0.953486 -0.020813  0.363281 0.734375
36  4.752386 -16.505318 5.955160  0.300699 0.953491 -0.020858  0.378906 0.796875
36  4.919789 -16.560097 5.868123  0.300684 0.953495 -0.020898  0.351563 0.796875
fs2.bmp
36  4.747440 -16.510658 5.690495  0.300716 0.953486 -0.020813  0.363281 0.734375
36  4.581221 -16.453596 5.879480  0.300701 0.953490 -0.020853  0.394531 0.757813
36  4.752386 -16.505318 5.955160  0.300699 0.953491 -0.020858  0.378906 0.796875
fs2.bmp
36  4.747440 -16.510658 5.690495  0.300716 0.953486 -0.020813  0.363281 0.734375
36  4.494854 -16.431345 5.693615  0.300698 0.953491 -0.020861  0.394531 0.703125
36  4.581221 -16.453596 5.879480  0.300701 0.953490 -0.020853  0.394531 0.757813
fs2.bmp
36  4.747440 -16.510658 5.690495  0.300716 0.953486 -0.020813  0.363281 0.734375
36  4.565757 -16.458241 5.514872  0.300697 0.953492 -0.020866  0.378906 0.664063
36  4.494854 -16.431345 5.693615  0.300698 0.953491 -0.020861  0.394531 0.703125
fs2.bmp
36  4.747440 -16.510658 5.690495  0.300716 0.953486 -0.020813  0.363281 0.734375
36  4.733161 -16.513020 5.427835  0.300684 0.953495 -0.020902  0.351563 0.664063
36  4.565757 -16.458241 5.514872  0.300697 0.953492 -0.020866  0.378906 0.664063
fs2.bmp
36  4.747440 -16.510658 5.690495  0.300716 0.953486 -0.020813  0.363281 0.734375
36  4.904326 -16.564739 5.503515  0.300682 0.953495 -0.020903  0.335938 0.703125
36  4.733161 -16.513020 5.427835  0.300684 0.953495 -0.020902  0.351563 0.664063
fs2.bmp
41  5.797270 -14.263371 5.641404  0.991417 -0.030182 0.127204  0.093750 0.375000
41  4.389044 -18.705799 5.688597  0.933309 -0.297983 -0.200350  0.683594 0.359375
41  5.736827 -14.181528 5.238107  0.691420 0.039311 -0.721383  0.082031 0.265625
fs2.bmp
41  5.797270 -14.263371 5.641404  0.991417 -0.030182 0.127204  0.093750 0.375000
41  4.403947 -18.698467 5.747113  0.953852 -0.299839 -0.016192  0.679688 0.375000
41  4.389044 -18.705799 5.688597  0.933309 -0.297983 -0.200350  0.683594 0.359375
fs2.bmp
41  5.797270 -14.263371 5.641404  0.991417 -0.030182 0.127204  0.093750 0.375000
41  4.434895 -18.395241 6.089160  0.684481 -0.195481 0.702334  0.644531 0.484375
41  4.403947 -18.698467 5.747113  0.953852 -0.299839 -0.016192  0.679688 0.375000
fs2.bmp
41  5.797270 -14.263371 5.641404  0.991417 -0.030182 0.127204  0.093750 0.375000
41  5.548501 -14.902438 5.882250  0.941490 -0.281361 0.185562  0.179688 0.460938
41  4.434895 -18.395241 6.089160  0.684481 -0.195481 0.702334  0.644531 0.484375
fs2.bmp
41  5.797270 -14.263371 5.641404  0.991417 -0.030182 0.127204  0.093750 0.375000
41  5.665551 -14.562028 5.871305  0.941484 -0.281366 0.185580  0.132813 0.460938
41  5.548501 -14.902438 5.882250  0.941490 -0.281361 0.185562  0.179688 0.460938
fs2.bmp
41  5.797270 -14.263371 5.641404  0.991417 -0.030182 0.127204  0.093750 0.375000
41  5.617791 -14.617576 5.981002  0.813820 -0.233368 0.532199  0.144531 0.484375
41  5.665551 -14.562028 5.871305  0.941484 -0.281366 0.185580  0.132813 0.460938
fs2.bmp
41  5.797270 -14.263371 5.641404  0.991417 -0.030182 0.127204  0.093750 0.375000
41  5.680626 -14.417264 5.975786  0.551652 0.205900 0.808260  0.117188 0.484375
41  5.617791 -14.617576 5.981002  0.813820 -0.233368 0.532199  0.144531 0.484375
fs2.bmp
41  4.849152 -15.742236 5.869948  0.408376 -0.307012 0.859635  0.269531 0.835938
41  5.283010 -14.359134 5.833930  0.551580 0.205892 0.808312  0.085938 0.835938
41  5.074896 -14.290560 5.960367  0.518510 0.037506 0.854249  0.097656 0.812500
fs2.bmp
41  5.074896 -14.290560 5.960367  0.518510 0.037506 0.854249  0.097656 0.812500
41  5.283010 -14.359134 5.833930  0.551580 0.205892 0.808312  0.085938 0.835938
41  5.113588 -14.179114 5.875026  0.556096 0.566283 0.608343  0.082031 0.781250
fs2.bmp
41  5.283010 -14.359134 5.833930  0.551580 0.205892 0.808312  0.085938 0.835938
41  5.305020 -14.242097 5.762391  0.480368 0.726282 0.491691  0.070313 0.820313
41  5.113588 -14.179114 5.875026  0.556096 0.566283 0.608343  0.082031 0.781250
fs2.bmp
41  5.113588 -14.179114 5.875026  0.556096 0.566283 0.608343  0.082031 0.781250
41  5.305020 -14.242097 5.762391  0.480368 0.726282 0.491691  0.070313 0.820313
41  5.122802 -14.134111 5.701274  0.376478 0.877850 0.296046  0.078125 0.718750
fs2.bmp
41  5.305020 -14.242097 5.762391  0.480368 0.726282 0.491691  0.070313 0.820313
41  5.300130 -14.190727 5.663208  0.376508 0.877840 0.296038  0.066406 0.742188
41  5.122802 -14.134111 5.701274  0.376478 0.877850 0.296046  0.078125 0.718750
fs2.bmp
41  5.122802 -14.134111 5.701274  0.376478 0.877850 0.296046  0.078125 0.718750
41  5.300130 -14.190727 5.663208  0.376508 0.877840 0.296038  0.066406 0.742188
41  5.086209 -14.036499 5.385627  0.342648 0.905918 0.248806  0.066406 0.625000
fs2.bmp
41  5.300130 -14.190727 5.663208  0.376508 0.877840 0.296038  0.066406 0.742188
41  5.263538 -14.093116 5.347561  0.342645 0.905920 0.248804  0.054688 0.656250
41  5.086209 -14.036499 5.385627  0.342648 0.905918 0.248806  0.066406 0.625000
fs2.bmp
36  3.680359 -20.055956 4.844562  0.599834 -0.208482 -0.772486  0.667969 0.007813
36  4.242879 -18.262693 4.797864  0.670406 0.240142 -0.702060  0.429688 0.007813
36  3.733958 -20.082232 4.883764  0.599831 -0.208494 -0.772485  0.667969 0.156250
fs2.bmp
36  3.733958 -20.082232 4.883764  0.599831 -0.208494 -0.772485  0.667969 0.156250
36  4.242879 -18.262693 4.797864  0.670406 0.240142 -0.702060  0.429688 0.007813
36  4.299469 -18.279430 4.836817  0.534056 0.760451 -0.369457  0.429688 0.156250
fs2.bmp
36  4.242879 -18.262693 4.797864  0.670406 0.240142 -0.702060  0.429688 0.007813
36  3.804223 -18.122641 4.892027  0.300685 0.953495 -0.020898  0.429688 0.140625
36  4.299469 -18.279430 4.836817  0.534056 0.760451 -0.369457  0.429688 0.156250
fs2.bmp
36  4.299469 -18.279430 4.836817  0.534056 0.760451 -0.369457  0.429688 0.156250
36  3.804223 -18.122641 4.892027  0.300685 0.953495 -0.020898  0.429688 0.140625
36  4.253988 -18.262247 4.948782  0.579385 0.810625 -0.084855  0.429688 0.195313
fs2.bmp
36  3.804223 -18.122641 4.892027  0.300685 0.953495 -0.020898  0.429688 0.140625
36  3.861998 -18.137094 5.032928  0.300684 0.953495 -0.020898  0.429688 0.195313
36  4.253988 -18.262247 4.948782  0.579385 0.810625 -0.084855  0.429688 0.195313
fs2.bmp
36  4.253988 -18.262247 4.948782  0.579385 0.810625 -0.084855  0.429688 0.195313
36  3.861998 -18.137094 5.032928  0.300684 0.953495 -0.020898  0.429688 0.195313
36  4.275824 -18.266293 5.056518  0.872472 0.463596 -0.154504  0.429688 0.226563
fs2.bmp
36  3.861998 -18.137094 5.032928  0.300684 0.953495 -0.020898  0.429688 0.195313
36  3.883834 -18.141138 5.140663  0.300685 0.953495 -0.020895  0.429688 0.226563
36  4.275824 -18.266293 5.056518  0.872472 0.463596 -0.154504  0.429688 0.226563
fs2.bmp
41  5.190619 -14.069682 5.771629  -0.695870 0.537241 0.476588  0.093750 0.375000
41  5.343410 -13.929992 5.327286  0.018594 0.971262 -0.237287  0.050781 0.265625
41  5.130176 -13.987839 5.368333  -0.861643 0.506256 -0.035716  0.082031 0.265625
fs2.bmp
41  5.190619 -14.069682 5.771629  -0.695870 0.537241 0.476588  0.093750 0.375000
41  5.405693 -14.113104 5.889772  0.163413 0.782144 0.601288  0.070313 0.445313
41  5.343410 -13.929992 5.327286  0.018594 0.971262 -0.237287  0.050781 0.265625
fs2.bmp
41  5.190619 -14.069682 5.771629  -0.695870 0.537241 0.476588  0.093750 0.375000
41  5.307302 -14.298071 6.055924  -0.316935 0.416996 0.851861  0.117188 0.484375
41  5.405693 -14.113104 5.889772  0.163413 0.782144 0.601288  0.070313 0.445313
fs2.bmp
41  5.190619 -14.069682 5.771629  -0.695870 0.537241 0.476588  0.093750 0.375000
41  5.208229 -14.416017 5.969475  -0.795869 0.263860 0.544950  0.132813 0.460938
41  5.307302 -14.298071 6.055924  -0.316935 0.416996 0.851861  0.117188 0.484375
fs2.bmp
41  5.190619 -14.069682 5.771629  -0.695870 0.537241 0.476588  0.093750 0.375000
41  5.100513 -14.759407 5.978417  -0.795846 0.263837 0.544994  0.179688 0.460938
41  5.208229 -14.416017 5.969475  -0.795869 0.263860 0.544950  0.132813 0.460938
fs2.bmp
41  5.190619 -14.069682 5.771629  -0.695870 0.537241 0.476588  0.093750 0.375000
41  4.556279 -16.692266 6.118271  -0.479714 0.173815 0.860037  0.433594 0.484375
41  5.100513 -14.759407 5.978417  -0.795846 0.263837 0.544994  0.179688 0.460938
fs2.bmp
41  5.224148 -14.688885 6.150000  0.021720 -0.510081 0.859852  0.175781 0.937500
41  5.069769 -15.033726 5.943720  0.021722 -0.510071 0.859858  0.242188 0.851563
41  5.345479 -14.727622 6.123955  0.021729 -0.510092 0.859845  0.175781 0.937500
fs2.bmp
41  5.345479 -14.727622 6.123955  0.021729 -0.510092 0.859845  0.175781 0.937500
41  5.069769 -15.033726 5.943720  0.021722 -0.510071 0.859858  0.242188 0.851563
41  5.311616 -14.802094 6.076972  0.021727 -0.510082 0.859852  0.191406 0.914063
fs2.bmp
41  5.069769 -15.033726 5.943720  0.021722 -0.510071 0.859858  0.242188 0.851563
41  5.415093 -15.143980 5.869592  0.021714 -0.510087 0.859849  0.242188 0.851563
41  5.311616 -14.802094 6.076972  0.021727 -0.510082 0.859852  0.191406 0.914063
fs2.bmp
41  5.311616 -14.802094 6.076972  0.021727 -0.510082 0.859852  0.191406 0.914063
41  5.415093 -15.143980 5.869592  0.021714 -0.510087 0.859849  0.242188 0.851563
41  5.414280 -14.834871 6.054934  0.021713 -0.510089 0.859847  0.191406 0.914063
fs2.bmp
41  5.415093 -15.143980 5.869592  0.021714 -0.510087 0.859849  0.242188 0.851563
41  5.569473 -14.799138 6.075872  0.021714 -0.510091 0.859846  0.175781 0.937500
41  5.414280 -14.834871 6.054934  0.021713 -0.510089 0.859847  0.191406 0.914063
fs2.bmp
41  5.414280 -14.834871 6.054934  0.021713 -0.510089 0.859847  0.191406 0.914063
41  5.569473 -14.799138 6.075872  0.021714 -0.510091 0.859846  0.175781 0.937500
41  5.448143 -14.760401 6.101917  0.021724 -0.510086 0.859849  0.175781 0.937500
fs2.bmp
41  5.074896 -14.290560 5.960367  -0.953930 0.299707 -0.013904  0.097656 0.812500
41  5.113588 -14.179114 5.875026  -0.953928 0.299711 -0.013921  0.082031 0.781250
41  4.641038 -15.673661 5.996384  -0.953929 0.299709 -0.013923  0.277344 0.812500
fs2.bmp
41  4.641038 -15.673661 5.996384  -0.953929 0.299709 -0.013923  0.277344 0.812500
41  5.113588 -14.179114 5.875026  -0.953928 0.299711 -0.013921  0.082031 0.781250
41  4.560282 -15.927374 5.747972  -0.951847 0.300011 0.063093  0.312500 0.718750
fs2.bmp
41  5.113588 -14.179114 5.875026  -0.953928 0.299711 -0.013921  0.082031 0.781250
41  5.122802 -14.134111 5.701274  -0.944950 0.299828 0.131045  0.078125 0.718750
41  4.560282 -15.927374 5.747972  -0.951847 0.300011 0.063093  0.312500 0.718750
fs2.bmp
41  4.560282 -15.927374 5.747972  -0.951847 0.300011 0.063093  0.312500 0.718750
41  5.122802 -14.134111 5.701274  -0.944950 0.299828 0.131045  0.078125 0.718750
41  4.514713 -15.858377 5.433071  -0.932888 0.298378 0.201718  0.304688 0.625000
fs2.bmp
41  5.122802 -14.134111 5.701274  -0.944950 0.299828 0.131045  0.078125 0.718750
41  5.086209 -14.036499 5.385627  -0.932902 0.298366 0.201674  0.066406 0.625000
41  4.514713 -15.858377 5.433071  -0.932888 0.298378 0.201718  0.304688 0.625000
fs2.bmp
41  3.296970 -20.429338 6.059657  -0.299278 -0.953851 0.024512  0.992188 0.500000
41  3.658767 -20.541391 6.114855  -0.299213 -0.953863 0.024844  0.992188 0.625000
41  3.453439 -20.475836 6.158931  -0.299277 -0.953851 0.024514  0.992188 0.562500
fs2.bmp
41  3.296970 -20.429338 6.059657  -0.299278 -0.953851 0.024512  0.992188 0.500000
41  3.770973 -20.580942 5.947686  -0.299325 -0.953842 0.024278  0.992188 0.500000
41  3.658767 -20.541391 6.114855  -0.299213 -0.953863 0.024844  0.992188 0.625000
fs2.bmp
41  3.296970 -20.429338 6.059657  -0.299278 -0.953851 0.024512  0.992188 0.500000
41  3.522007 -20.519817 5.295934  -0.299213 -0.953863 0.024842  0.992188 0.289063
41  3.770973 -20.580942 5.947686  -0.299325 -0.953842 0.024278  0.992188 0.500000
fs2.bmp
41  3.296970 -20.429338 6.059657  -0.299278 -0.953851 0.024512  0.992188 0.500000
41  3.260680 -20.436382 5.352032  -0.299306 -0.953846 0.024370  0.992188 0.289063
41  3.522007 -20.519817 5.295934  -0.299213 -0.953863 0.024842  0.992188 0.289063
fs2.bmp
41  3.296970 -20.429338 6.059657  -0.299278 -0.953851 0.024512  0.992188 0.500000
41  3.185807 -20.408752 5.511187  -0.299324 -0.953843 0.024279  0.992188 0.343750
41  3.260680 -20.436382 5.352032  -0.299306 -0.953846 0.024370  0.992188 0.289063
fs2.bmp
41  5.335835 -14.346230 6.160646  0.280277 0.953327 -0.112308  0.113281 0.945313
41  5.440278 -14.391932 6.066291  0.280259 0.953333 -0.112301  0.093750 0.914063
41  5.282209 -14.356483 5.926085  0.280260 0.953332 -0.112308  0.117188 0.851563
fs2.bmp
41  5.282209 -14.356483 5.926085  0.280260 0.953332 -0.112308  0.117188 0.851563
41  5.440278 -14.391932 6.066291  0.280259 0.953333 -0.112301  0.093750 0.914063
41  5.627534 -14.466737 5.851956  0.280260 0.953335 -0.112282  0.054688 0.851563
fs2.bmp
41  5.440278 -14.391932 6.066291  0.280259 0.953333 -0.112301  0.093750 0.914063
41  5.542942 -14.424710 6.044252  0.280242 0.953340 -0.112281  0.074219 0.914063
41  5.627534 -14.466737 5.851956  0.280260 0.953335 -0.112282  0.054688 0.851563
fs2.bmp
41  5.627534 -14.466737 5.851956  0.280260 0.953335 -0.112282  0.054688 0.851563
41  5.542942 -14.424710 6.044252  0.280242 0.953340 -0.112281  0.074219 0.914063
41  5.681160 -14.456483 6.086518  0.280248 0.953335 -0.112306  0.050781 0.945313
fs2.bmp
41  5.542942 -14.424710 6.044252  0.280242 0.953340 -0.112281  0.074219 0.914063
41  5.559830 -14.417745 6.112563  0.280266 0.953332 -0.112291  0.070313 0.945313
41  5.681160 -14.456483 6.086518  0.280248 0.953335 -0.112306  0.050781 0.945313
fs2.bmp
41  5.657686 -14.193560 5.835679  0.533996 0.742786 0.403879  0.039063 0.507813
41  5.595404 -14.010448 5.273192  0.543287 0.817954 -0.189182  0.027344 0.328125
41  5.343410 -13.929992 5.327286  0.018594 0.971262 -0.237287  0.050781 0.265625
fs2.bmp
41  5.657686 -14.193560 5.835679  0.533996 0.742786 0.403879  0.039063 0.507813
41  5.797270 -14.263371 5.641404  0.991417 -0.030182 0.127204  0.015625 0.546875
41  5.595404 -14.010448 5.273192  0.543287 0.817954 -0.189182  0.027344 0.328125
fs2.bmp
41  5.657686 -14.193560 5.835679  0.533996 0.742786 0.403879  0.039063 0.507813
41  5.680626 -14.417264 5.975786  0.551652 0.205900 0.808260  0.074219 0.593750
41  5.797270 -14.263371 5.641404  0.991417 -0.030182 0.127204  0.015625 0.546875
fs2.bmp
41  5.657686 -14.193560 5.835679  0.533996 0.742786 0.403879  0.039063 0.507813
41  5.405693 -14.113104 5.889772  0.163413 0.782144 0.601288  0.070313 0.445313
41  5.680626 -14.417264 5.975786  0.551652 0.205900 0.808260  0.074219 0.593750
fs2.bmp
41  5.657686 -14.193560 5.835679  0.533996 0.742786 0.403879  0.039063 0.507813
41  5.343410 -13.929992 5.327286  0.018594 0.971262 -0.237287  0.050781 0.265625
41  5.405693 -14.113104 5.889772  0.163413 0.782144 0.601288  0.070313 0.445313
fs2.bmp
41  4.061571 -18.276049 6.169299  -0.363582 0.144103 0.920349  0.644531 0.484375
41  4.434895 -18.395241 6.089160  0.684481 -0.195481 0.702334  0.644531 0.601563
41  4.375329 -18.061405 6.113764  0.198756 -0.035960 0.979389  0.605469 0.554688
fs2.bmp
41  4.375329 -18.061405 6.113764  0.198756 -0.035960 0.979389  0.605469 0.554688
41  4.434895 -18.395241 6.089160  0.684481 -0.195481 0.702334  0.644531 0.601563
41  4.780273 -16.763783 6.070188  0.198732 -0.035992 0.979393  0.433594 0.554688
fs2.bmp
41  4.434895 -18.395241 6.089160  0.684481 -0.195481 0.702334  0.644531 0.601563
41  5.548972 -14.836964 5.986715  0.432466 -0.111707 0.894704  0.171875 0.601563
41  4.780273 -16.763783 6.070188  0.198732 -0.035992 0.979393  0.433594 0.554688
fs2.bmp
41  4.780273 -16.763783 6.070188  0.198732 -0.035992 0.979393  0.433594 0.554688
41  5.548972 -14.836964 5.986715  0.432466 -0.111707 0.894704  0.171875 0.601563
41  4.556279 -16.692266 6.118271  -0.479714 0.173815 0.860037  0.433594 0.484375
fs2.bmp
41  5.548972 -14.836964 5.986715  0.432466 -0.111707 0.894704  0.171875 0.601563
41  5.175648 -14.717771 6.066854  -0.363416 0.144044 0.920424  0.171875 0.484375
41  4.556279 -16.692266 6.118271  -0.479714 0.173815 0.860037  0.433594 0.484375
fs2.bmp
41  4.171906 -18.218161 6.098058  0.299211 0.953864 -0.024837  0.695313 0.562500
41  4.367901 -18.280737 6.055985  0.299214 0.953863 -0.024839  0.695313 0.625000
41  4.006104 -18.168684 6.000787  0.299212 0.953863 -0.024840  0.695313 0.500000
fs2.bmp
41  4.006104 -18.168684 6.000787  0.299212 0.953863 -0.024840  0.695313 0.500000
41  4.367901 -18.280737 6.055985  0.299214 0.953863 -0.024839  0.695313 0.625000
41  4.229156 -18.258795 5.227271  0.299211 0.953864 -0.024836  0.695313 0.289063
fs2.bmp
41  4.367901 -18.280737 6.055985  0.299214 0.953863 -0.024839  0.695313 0.625000
41  4.480106 -18.320288 5.888816  0.299216 0.953862 -0.024836  0.695313 0.500000
41  4.229156 -18.258795 5.227271  0.299211 0.953864 -0.024836  0.695313 0.289063
fs2.bmp
41  4.229156 -18.258795 5.227271  0.299211 0.953864 -0.024836  0.695313 0.289063
41  4.480106 -18.320288 5.888816  0.299216 0.953862 -0.024836  0.695313 0.500000
41  4.372914 -18.300434 5.359935  0.299204 0.953866 -0.024824  0.695313 0.343750
fs2.bmp
36  3.538691 -20.518007 5.121397  -0.198506 0.036764 -0.979410  0.992188 0.023438
36  3.193367 -20.407755 5.195526  -0.448399 0.117581 -0.886066  0.992188 0.023438
36  4.247825 -18.257353 5.062528  -0.198503 0.036763 -0.979411  0.695313 0.023438
fs2.bmp
36  4.247825 -18.257353 5.062528  -0.198503 0.036763 -0.979411  0.695313 0.023438
36  3.193367 -20.407755 5.195526  -0.448399 0.117581 -0.886066  0.992188 0.023438
36  3.902500 -18.147099 5.136656  -0.713152 0.206189 -0.670001  0.695313 0.023438
fs2.bmp
36  3.193367 -20.407755 5.195526  -0.448399 0.117581 -0.886066  0.992188 0.023438
36  3.133189 -20.385347 5.331086  -0.869065 0.261679 -0.419821  0.992188 0.070313
36  3.902500 -18.147099 5.136656  -0.713152 0.206189 -0.670001  0.695313 0.023438
fs2.bmp
36  3.902500 -18.147099 5.136656  -0.713152 0.206189 -0.670001  0.695313 0.023438
36  3.133189 -20.385347 5.331086  -0.869065 0.261679 -0.419821  0.992188 0.070313
36  3.842323 -18.124691 5.272216  -0.869069 0.261677 -0.419815  0.695313 0.070313
fs2.bmp
36  4.247825 -18.257353 5.062528  0.300681 0.953496 -0.020908  0.695313 0.023438
36  4.389389 -18.294832 5.328526  0.300679 0.953496 -0.020911  0.695313 0.273438
36  4.355643 -18.288582 5.162025  0.300696 0.953492 -0.020867  0.695313 0.070313
fs2.bmp
36  4.247825 -18.257353 5.062528  0.300681 0.953496 -0.020908  0.695313 0.023438
36  3.876069 -18.130941 5.438716  0.300702 0.953490 -0.020851  0.695313 0.117188
36  4.389389 -18.294832 5.328526  0.300679 0.953496 -0.020911  0.695313 0.273438
fs2.bmp
36  4.247825 -18.257353 5.062528  0.300681 0.953496 -0.020908  0.695313 0.023438
36  3.842323 -18.124691 5.272216  0.300685 0.953495 -0.020894  0.695313 0.070313
36  3.876069 -18.130941 5.438716  0.300702 0.953490 -0.020851  0.695313 0.117188
fs2.bmp
36  4.247825 -18.257353 5.062528  0.300681 0.953496 -0.020908  0.695313 0.023438
36  3.902500 -18.147099 5.136656  0.300696 0.953492 -0.020869  0.695313 0.023438
36  3.842323 -18.124691 5.272216  0.300685 0.953495 -0.020894  0.695313 0.070313
fs2.bmp
36  3.293495 -19.949434 5.080123  -0.328266 -0.935383 -0.131529  0.667969 0.195313
36  3.685485 -20.074587 4.995977  -0.328283 -0.935380 -0.131505  0.667969 0.195313
36  3.309346 -19.972557 5.188355  -0.328272 -0.935380 -0.131537  0.671875 0.226563
fs2.bmp
36  3.293495 -19.949434 5.080123  -0.328266 -0.935383 -0.131529  0.667969 0.195313
36  3.680359 -20.055956 4.844562  -0.328270 -0.935382 -0.131526  0.667969 0.007813
36  3.685485 -20.074587 4.995977  -0.328283 -0.935380 -0.131505  0.667969 0.195313
fs2.bmp
36  3.293495 -19.949434 5.080123  -0.328266 -0.935383 -0.131529  0.667969 0.195313
36  3.241704 -19.915903 4.938725  -0.328271 -0.935381 -0.131530  0.667969 0.140625
36  3.680359 -20.055956 4.844562  -0.328270 -0.935382 -0.131526  0.667969 0.007813
fs2.bmp
36  3.293495 -19.949434 5.080123  -0.328266 -0.935383 -0.131529  0.667969 0.195313
36  3.211304 -19.915361 4.995958  -0.328244 -0.935391 -0.131526  0.667969 0.156250
36  3.241704 -19.915903 4.938725  -0.328271 -0.935381 -0.131530  0.667969 0.140625
fs2.bmp
41  4.807505 -16.782591 5.675974  -0.299277 -0.953851 0.024512  0.433594 0.359375
41  4.780273 -16.763783 6.070188  -0.299277 -0.953851 0.024519  0.433594 0.484375
41  4.368849 -16.642540 5.770137  -0.299345 -0.953838 0.024176  0.433594 0.359375
fs2.bmp
41  4.368849 -16.642540 5.770137  -0.299345 -0.953838 0.024176  0.433594 0.359375
41  4.780273 -16.763783 6.070188  -0.299277 -0.953851 0.024519  0.433594 0.484375
41  4.382745 -16.645113 5.838696  -0.299283 -0.953850 0.024503  0.433594 0.375000
fs2.bmp
41  4.780273 -16.763783 6.070188  -0.299277 -0.953851 0.024519  0.433594 0.484375
41  4.556279 -16.692266 6.118271  -0.299322 -0.953843 0.024296  0.433594 0.484375
41  4.382745 -16.645113 5.838696  -0.299283 -0.953850 0.024503  0.433594 0.375000
fs2.bmp
41  4.692042 -15.914994 5.395005  -0.332397 -0.928026 -0.168169  0.058594 0.656250
41  4.737611 -15.983991 5.709907  -0.066946 -0.868294 0.491512  0.062500 0.742188
41  4.560282 -15.927374 5.747972  -0.273940 -0.951613 0.139243  0.078125 0.734375
fs2.bmp
41  4.560282 -15.927374 5.747972  -0.273940 -0.951613 0.139243  0.078125 0.734375
41  4.737611 -15.983991 5.709907  -0.066946 -0.868294 0.491512  0.062500 0.742188
41  4.641038 -15.673661 5.996384  0.224920 -0.518951 0.824682  0.097656 0.812500
fs2.bmp
41  4.737611 -15.983991 5.709907  -0.066946 -0.868294 0.491512  0.062500 0.742188
41  4.849152 -15.742236 5.869948  0.408376 -0.307012 0.859635  0.078125 0.820313
41  4.641038 -15.673661 5.996384  0.224920 -0.518951 0.824682  0.097656 0.812500
fs2.bmp
36  3.193367 -20.407755 5.195526  -0.299210 -0.953864 0.024830  0.992188 0.023438
36  3.538691 -20.518007 5.121397  -0.299213 -0.953863 0.024839  0.992188 0.023438
36  3.133189 -20.385347 5.331086  -0.299211 -0.953863 0.024847  0.992188 0.070313
fs2.bmp
36  3.133189 -20.385347 5.331086  -0.299211 -0.953863 0.024847  0.992188 0.070313
36  3.538691 -20.518007 5.121397  -0.299213 -0.953863 0.024839  0.992188 0.023438
36  3.680256 -20.555487 5.387395  -0.299214 -0.953862 0.024846  0.992188 0.273438
fs2.bmp
36  3.538691 -20.518007 5.121397  -0.299213 -0.953863 0.024839  0.992188 0.023438
36  3.646510 -20.549238 5.220895  -0.299228 -0.953857 0.024870  0.992188 0.070313
36  3.680256 -20.555487 5.387395  -0.299214 -0.953862 0.024846  0.992188 0.273438
fs2.bmp
41  5.617791 -14.617576 5.981002  0.813820 -0.233368 0.532199  0.101563 0.593750
41  5.680626 -14.417264 5.975786  0.551652 0.205900 0.808260  0.074219 0.593750
41  5.244467 -14.498383 6.061141  -0.157772 0.075134 0.984613  0.144531 0.484375
fs2.bmp
41  5.244467 -14.498383 6.061141  -0.157772 0.075134 0.984613  0.144531 0.484375
41  5.680626 -14.417264 5.975786  0.551652 0.205900 0.808260  0.074219 0.593750
41  5.307302 -14.298071 6.055924  -0.316935 0.416996 0.851861  0.117188 0.484375
fs2.bmp
41  5.680626 -14.417264 5.975786  0.551652 0.205900 0.808260  0.074219 0.593750
41  5.405693 -14.113104 5.889772  0.163413 0.782144 0.601288  0.070313 0.445313
41  5.307302 -14.298071 6.055924  -0.316935 0.416996 0.851861  0.117188 0.484375
fs2.bmp
41  4.403947 -18.698467 5.747113  -0.250334 -0.939982 0.231875  0.679688 0.375000
41  3.797295 -18.504778 5.877339  -0.250315 -0.939988 0.231874  0.679688 0.375000
41  4.389044 -18.705799 5.688597  -0.250331 -0.939983 0.231875  0.683594 0.359375
fs2.bmp
41  4.389044 -18.705799 5.688597  -0.250331 -0.939983 0.231875  0.683594 0.359375
41  3.797295 -18.504778 5.877339  -0.250315 -0.939988 0.231874  0.679688 0.375000
41  3.782393 -18.512112 5.818823  -0.250336 -0.939981 0.231880  0.683594 0.359375
fs2.bmp
41  4.389044 -18.705799 5.688597  -0.338160 -0.917047 -0.211358  0.683594 0.359375
41  3.782393 -18.512112 5.818823  -0.338156 -0.917057 -0.211321  0.683594 0.359375
41  4.348482 -18.607452 5.353362  -0.338156 -0.917058 -0.211316  0.671875 0.265625
fs2.bmp
41  4.348482 -18.607452 5.353362  -0.338156 -0.917058 -0.211316  0.671875 0.265625
41  3.782393 -18.512112 5.818823  -0.338156 -0.917057 -0.211321  0.683594 0.359375
41  3.741830 -18.413763 5.483588  -0.338156 -0.917056 -0.211326  0.671875 0.265625
fs2.bmp
41  4.348482 -18.607452 5.353362  -0.198863 0.035620 -0.979380  0.671875 0.265625
41  3.741830 -18.413763 5.483588  -0.198835 0.035712 -0.979382  0.671875 0.265625
41  5.736827 -14.181528 5.238107  -0.198893 0.035529 -0.979377  0.082031 0.265625
fs2.bmp
41  5.736827 -14.181528 5.238107  -0.198893 0.035529 -0.979377  0.082031 0.265625
41  3.741830 -18.413763 5.483588  -0.198835 0.035712 -0.979382  0.671875 0.265625
41  5.130176 -13.987839 5.368333  -0.198878 0.035574 -0.979378  0.082031 0.265625
fs2.bmp
41  5.595404 -14.010448 5.273192  0.543287 0.817954 -0.189182  0.050781 0.265625
41  5.736827 -14.181528 5.238107  0.691420 0.039311 -0.721383  0.082031 0.265625
41  5.343410 -13.929992 5.327286  0.018594 0.971262 -0.237287  0.050781 0.265625
fs2.bmp
41  5.343410 -13.929992 5.327286  0.018594 0.971262 -0.237287  0.050781 0.265625
41  5.736827 -14.181528 5.238107  0.691420 0.039311 -0.721383  0.082031 0.265625
41  5.130176 -13.987839 5.368333  -0.861643 0.506256 -0.035716  0.082031 0.265625
fs2.bmp
41  4.061571 -18.276049 6.169299  -0.091695 -0.737249 0.669370  0.644531 0.484375
41  3.797295 -18.504778 5.877339  -0.091692 -0.737244 0.669376  0.679688 0.375000
41  4.434895 -18.395241 6.089160  -0.091692 -0.737243 0.669376  0.644531 0.484375
fs2.bmp
41  4.434895 -18.395241 6.089160  -0.091692 -0.737243 0.669376  0.644531 0.484375
41  3.797295 -18.504778 5.877339  -0.091692 -0.737244 0.669376  0.679688 0.375000
41  4.403947 -18.698467 5.747113  -0.091707 -0.737269 0.669346  0.679688 0.375000
fs2.bmp
41  4.767687 -16.855959 5.599608  -0.062307 -0.680189 0.730384  0.445313 0.335938
41  4.807505 -16.782591 5.675974  -0.062308 -0.680192 0.730381  0.433594 0.359375
41  4.329032 -16.715908 5.693772  -0.062314 -0.680207 0.730366  0.445313 0.335938
fs2.bmp
41  4.329032 -16.715908 5.693772  -0.062314 -0.680207 0.730366  0.445313 0.335938
41  4.807505 -16.782591 5.675974  -0.062308 -0.680192 0.730381  0.433594 0.359375
41  4.368849 -16.642540 5.770137  -0.062303 -0.680177 0.730395  0.433594 0.359375
fs2.bmp
41  3.993914 -17.784233 5.721592  0.198706 -0.036124 0.979393  0.550781 0.015625
41  4.432570 -17.924286 5.627429  0.198648 -0.036306 0.979398  0.550781 0.117188
41  4.329032 -16.715908 5.693772  0.198706 -0.036123 0.979393  0.437500 0.015625
fs2.bmp
41  4.329032 -16.715908 5.693772  0.198706 -0.036123 0.979393  0.437500 0.015625
41  4.432570 -17.924286 5.627429  0.198648 -0.036306 0.979398  0.550781 0.117188
41  4.767687 -16.855959 5.599608  0.198707 -0.036122 0.979393  0.437500 0.117188
fs2.bmp
41  4.375329 -18.061405 6.113764  -0.953929 0.299710 -0.013903  0.605469 0.484375
41  4.780273 -16.763783 6.070188  -0.953929 0.299710 -0.013911  0.433594 0.484375
41  4.432570 -17.924286 5.627429  -0.953929 0.299708 -0.013914  0.585938 0.335938
fs2.bmp
41  4.432570 -17.924286 5.627429  -0.953929 0.299708 -0.013914  0.585938 0.335938
41  4.780273 -16.763783 6.070188  -0.953929 0.299710 -0.013911  0.433594 0.484375
41  4.767687 -16.855959 5.599608  -0.953930 0.299708 -0.013897  0.445313 0.335938
fs2.bmp
41  4.375329 -18.061405 6.113764  0.376484 0.877854 0.296029  0.660156 0.117188
41  4.432570 -17.924286 5.627429  0.376486 0.877850 0.296039  0.550781 0.117188
41  4.152342 -17.979982 6.151805  0.027786 0.906978 0.420260  0.664063 0.015625
fs2.bmp
41  4.152342 -17.979982 6.151805  0.027786 0.906978 0.420260  0.664063 0.015625
41  4.432570 -17.924286 5.627429  0.376486 0.877850 0.296039  0.550781 0.117188
41  3.993914 -17.784233 5.721592  -0.180790 0.865712 0.466752  0.550781 0.015625
fs2.bmp
41  4.692042 -15.914994 5.395005  -0.198863 0.035620 -0.979380  0.292969 0.656250
41  4.514713 -15.858377 5.433071  -0.198863 0.035620 -0.979380  0.304688 0.625000
41  5.263538 -14.093116 5.347561  -0.198861 0.035620 -0.979380  0.054688 0.656250
fs2.bmp
41  5.263538 -14.093116 5.347561  -0.198861 0.035620 -0.979380  0.054688 0.656250
41  4.514713 -15.858377 5.433071  -0.198863 0.035620 -0.979380  0.304688 0.625000
41  5.086209 -14.036499 5.385627  -0.198849 0.035666 -0.979381  0.066406 0.625000
fs2.bmp
41  5.282209 -14.356483 5.926085  -0.198849 0.035667 -0.979381  0.117188 0.851563
41  5.627534 -14.466737 5.851956  -0.198836 0.035713 -0.979382  0.117188 0.851563
41  5.069769 -15.033726 5.943720  -0.198849 0.035666 -0.979381  0.242188 0.851563
fs2.bmp
41  5.069769 -15.033726 5.943720  -0.198849 0.035666 -0.979381  0.242188 0.851563
41  5.627534 -14.466737 5.851956  -0.198836 0.035713 -0.979382  0.117188 0.851563
41  5.415093 -15.143980 5.869592  -0.198849 0.035666 -0.979381  0.242188 0.851563
fs2.bmp
41  5.069769 -15.033726 5.943720  -0.932890 0.298377 0.201712  0.242188 0.851563
41  5.224148 -14.688885 6.150000  -0.932862 0.298403 0.201802  0.175781 0.937500
41  5.282209 -14.356483 5.926085  -0.932875 0.298391 0.201760  0.117188 0.851563
fs2.bmp
41  5.282209 -14.356483 5.926085  -0.932875 0.298391 0.201760  0.117188 0.851563
41  5.224148 -14.688885 6.150000  -0.932862 0.298403 0.201802  0.175781 0.937500
41  5.335835 -14.346230 6.160646  -0.932875 0.298391 0.201762  0.113281 0.945313
fs2.bmp
41  5.415093 -15.143980 5.869592  0.933310 -0.297984 -0.200344  0.242188 0.851563
41  5.627534 -14.466737 5.851956  0.933309 -0.297984 -0.200347  0.117188 0.851563
41  5.569473 -14.799138 6.075872  0.933310 -0.297984 -0.200345  0.175781 0.937500
fs2.bmp
41  5.569473 -14.799138 6.075872  0.933310 -0.297984 -0.200345  0.175781 0.937500
41  5.627534 -14.466737 5.851956  0.933309 -0.297984 -0.200347  0.117188 0.851563
41  5.681160 -14.456483 6.086518  0.933309 -0.297984 -0.200349  0.113281 0.945313
fs2.bmp
41  5.311616 -14.802094 6.076972  0.933310 -0.297980 -0.200348  0.191406 0.914063
41  5.440278 -14.391932 6.066291  0.933312 -0.297978 -0.200345  0.117188 0.914063
41  5.345479 -14.727622 6.123955  0.933310 -0.297980 -0.200348  0.175781 0.937500
fs2.bmp
41  5.345479 -14.727622 6.123955  0.933310 -0.297980 -0.200348  0.175781 0.937500
41  5.440278 -14.391932 6.066291  0.933312 -0.297978 -0.200345  0.117188 0.914063
41  5.457165 -14.384967 6.134601  0.933312 -0.297978 -0.200345  0.113281 0.945313
fs2.bmp
41  4.372914 -18.300434 5.359935  0.933310 -0.297983 -0.200345  0.695313 0.343750
41  4.480106 -18.320288 5.888816  0.933310 -0.297983 -0.200345  0.695313 0.500000
41  3.663780 -20.561090 5.418804  0.933310 -0.297982 -0.200346  0.992188 0.343750
fs2.bmp
41  3.663780 -20.561090 5.418804  0.933310 -0.297982 -0.200346  0.992188 0.343750
41  4.480106 -18.320288 5.888816  0.933310 -0.297983 -0.200345  0.695313 0.500000
41  3.770973 -20.580942 5.947686  0.933310 -0.297982 -0.200346  0.992188 0.500000
fs2.bmp
41  4.229156 -18.258795 5.227271  0.623370 -0.215111 -0.751756  0.695313 0.289063
41  4.372914 -18.300434 5.359935  0.623369 -0.215105 -0.751759  0.695313 0.343750
41  3.522007 -20.519817 5.295934  0.623389 -0.215124 -0.751736  0.992188 0.289063
fs2.bmp
41  3.522007 -20.519817 5.295934  0.623389 -0.215124 -0.751736  0.992188 0.289063
41  4.372914 -18.300434 5.359935  0.623369 -0.215105 -0.751759  0.695313 0.343750
41  3.663780 -20.561090 5.418804  0.623376 -0.215117 -0.751749  0.992188 0.343750
fs2.bmp
41  4.480106 -18.320288 5.888816  0.773670 -0.227286 0.591419  0.695313 0.500000
41  4.367901 -18.280737 6.055985  0.773669 -0.227287 0.591419  0.695313 0.625000
41  3.770973 -20.580942 5.947686  0.773664 -0.227284 0.591427  0.992188 0.500000
fs2.bmp
41  3.770973 -20.580942 5.947686  0.773664 -0.227284 0.591427  0.992188 0.500000
41  4.367901 -18.280737 6.055985  0.773669 -0.227287 0.591419  0.695313 0.625000
41  3.658767 -20.541391 6.114855  0.773663 -0.227286 0.591427  0.992188 0.625000
fs2.bmp
41  4.367901 -18.280737 6.055985  0.198735 -0.036031 0.979391  0.695313 0.625000
41  4.171906 -18.218161 6.098058  0.198707 -0.036123 0.979393  0.695313 0.562500
41  3.658767 -20.541391 6.114855  0.198699 -0.036123 0.979394  0.992188 0.625000
fs2.bmp
41  3.658767 -20.541391 6.114855  0.198699 -0.036123 0.979394  0.992188 0.625000
41  4.171906 -18.218161 6.098058  0.198707 -0.036123 0.979393  0.695313 0.562500
41  3.453439 -20.475836 6.158931  0.198704 -0.036125 0.979393  0.992188 0.562500
fs2.bmp
41  3.522007 -20.519817 5.295934  -0.198864 0.035618 -0.979380  0.992188 0.289063
41  3.260680 -20.436382 5.352032  -0.198884 0.035575 -0.979377  0.992188 0.289063
41  4.229156 -18.258795 5.227271  -0.198878 0.035573 -0.979378  0.695313 0.289063
fs2.bmp
41  4.229156 -18.258795 5.227271  -0.198878 0.035573 -0.979378  0.695313 0.289063
41  3.260680 -20.436382 5.352032  -0.198884 0.035575 -0.979377  0.992188 0.289063
41  3.967829 -18.175360 5.283368  -0.198864 0.035619 -0.979380  0.695313 0.289063
fs2.bmp
41  3.894941 -18.148096 5.452318  0.299215 0.953863 -0.024835  0.695313 0.343750
41  4.006104 -18.168684 6.000787  0.299212 0.953863 -0.024840  0.695313 0.500000
41  3.967829 -18.175360 5.283368  0.299213 0.953863 -0.024839  0.695313 0.289063
fs2.bmp
41  3.967829 -18.175360 5.283368  0.299213 0.953863 -0.024839  0.695313 0.289063
41  4.006104 -18.168684 6.000787  0.299212 0.953863 -0.024840  0.695313 0.500000
41  4.229156 -18.258795 5.227271  0.299211 0.953864 -0.024836  0.695313 0.289063
fs2.bmp
41  3.296970 -20.429338 6.059657  -0.479789 0.173839 0.859990  0.992188 0.500000
41  3.453439 -20.475836 6.158931  -0.479777 0.173837 0.859997  0.992188 0.562500
41  4.006104 -18.168684 6.000787  -0.479777 0.173838 0.859997  0.695313 0.500000
fs2.bmp
41  4.006104 -18.168684 6.000787  -0.479777 0.173838 0.859997  0.695313 0.500000
41  3.453439 -20.475836 6.158931  -0.479777 0.173837 0.859997  0.992188 0.562500
41  4.171906 -18.218161 6.098058  -0.479772 0.173836 0.860000  0.695313 0.562500
fs2.bmp
41  4.006104 -18.168684 6.000787  -0.932875 0.298391 0.201760  0.695313 0.500000
41  3.894941 -18.148096 5.452318  -0.932834 0.298429 0.201893  0.695313 0.343750
41  3.296970 -20.429338 6.059657  -0.932861 0.298404 0.201805  0.992188 0.500000
fs2.bmp
41  3.296970 -20.429338 6.059657  -0.932861 0.298404 0.201805  0.992188 0.500000
41  3.894941 -18.148096 5.452318  -0.932834 0.298429 0.201893  0.695313 0.343750
41  3.185807 -20.408752 5.511187  -0.932875 0.298391 0.201761  0.992188 0.343750
fs2.bmp
41  3.260680 -20.436382 5.352032  -0.863416 0.259571 -0.432592  0.992188 0.289063
41  3.185807 -20.408752 5.511187  -0.863412 0.259569 -0.432600  0.992188 0.343750
41  3.967829 -18.175360 5.283368  -0.863426 0.259578 -0.432567  0.695313 0.289063
fs2.bmp
41  3.967829 -18.175360 5.283368  -0.863426 0.259578 -0.432567  0.695313 0.289063
41  3.185807 -20.408752 5.511187  -0.863412 0.259569 -0.432600  0.992188 0.343750
41  3.894941 -18.148096 5.452318  -0.863413 0.259576 -0.432595  0.695313 0.343750
fs2.bmp
41  3.611973 -20.300756 6.337576  0.359059 0.769818 0.527691  0.964844 0.718750
41  3.714637 -20.333534 6.315538  0.359058 0.769819 0.527689  0.957031 0.742188
41  3.612177 -20.159494 6.128423  0.359072 0.769817 0.527683  0.945313 0.656250
fs2.bmp
41  3.612177 -20.159494 6.128423  0.359072 0.769817 0.527683  0.945313 0.656250
41  3.714637 -20.333534 6.315538  0.359058 0.769819 0.527689  0.957031 0.742188
41  3.714841 -20.192274 6.106384  0.359058 0.769822 0.527685  0.941406 0.687500
fs2.bmp
41  3.544220 -20.469877 6.273489  0.061953 -0.415959 0.907271  0.984375 0.695313
41  3.646884 -20.502657 6.251451  0.061942 -0.415955 0.907273  0.980469 0.726563
41  3.611973 -20.300756 6.337576  0.061948 -0.415956 0.907272  0.964844 0.718750
fs2.bmp
41  3.611973 -20.300756 6.337576  0.061948 -0.415956 0.907272  0.964844 0.718750
41  3.646884 -20.502657 6.251451  0.061942 -0.415955 0.907273  0.980469 0.726563
41  3.714637 -20.333534 6.315538  0.061952 -0.415957 0.907272  0.957031 0.742188
fs2.bmp
41  3.518414 -20.465099 6.146165  -0.299278 -0.953851 0.024497  0.984375 0.664063
41  3.621078 -20.497877 6.124127  -0.299282 -0.953850 0.024496  0.980469 0.687500
41  3.544220 -20.469877 6.273489  -0.299314 -0.953844 0.024356  0.984375 0.695313
fs2.bmp
41  3.544220 -20.469877 6.273489  -0.299314 -0.953844 0.024356  0.984375 0.695313
41  3.621078 -20.497877 6.124127  -0.299282 -0.953850 0.024496  0.980469 0.687500
41  3.646884 -20.502657 6.251451  -0.299286 -0.953849 0.024495  0.980469 0.726563
fs2.bmp
41  3.612177 -20.159494 6.128423  -0.198873 0.035593 -0.979379  0.945313 0.656250
41  3.714841 -20.192274 6.106384  -0.198881 0.035595 -0.979377  0.941406 0.687500
41  3.518414 -20.465099 6.146165  -0.198873 0.035590 -0.979379  0.984375 0.664063
fs2.bmp
41  3.518414 -20.465099 6.146165  -0.198873 0.035590 -0.979379  0.984375 0.664063
41  3.714841 -20.192274 6.106384  -0.198881 0.035595 -0.979377  0.941406 0.687500
41  3.621078 -20.497877 6.124127  -0.198873 0.035589 -0.979379  0.980469 0.687500
fs2.bmp
41  3.612177 -20.159494 6.128423  -0.932849 0.298415 0.201844  0.945313 0.656250
41  3.518414 -20.465099 6.146165  -0.932890 0.298377 0.201713  0.984375 0.664063
41  3.611973 -20.300756 6.337576  -0.932876 0.298390 0.201756  0.964844 0.718750
fs2.bmp
41  3.611973 -20.300756 6.337576  -0.932876 0.298390 0.201756  0.964844 0.718750
41  3.518414 -20.465099 6.146165  -0.932890 0.298377 0.201713  0.984375 0.664063
41  3.544220 -20.469877 6.273489  -0.932889 0.298377 0.201714  0.984375 0.695313
fs2.bmp
41  3.714841 -20.192274 6.106384  0.933310 -0.297982 -0.200348  0.941406 0.687500
41  3.714637 -20.333534 6.315538  0.933310 -0.297983 -0.200346  0.957031 0.742188
41  3.621078 -20.497877 6.124127  0.933310 -0.297983 -0.200345  0.980469 0.687500
fs2.bmp
41  3.621078 -20.497877 6.124127  0.933310 -0.297983 -0.200345  0.980469 0.687500
41  3.714637 -20.333534 6.315538  0.933310 -0.297983 -0.200346  0.957031 0.742188
41  3.646884 -20.502657 6.251451  0.933310 -0.297985 -0.200341  0.980469 0.726563
fs2.bmp
36  4.389389 -18.294832 5.328526  0.198504 -0.036763 0.979410  0.695313 0.273438
36  3.876069 -18.130941 5.438716  0.198504 -0.036763 0.979410  0.695313 0.117188
36  3.680256 -20.555487 5.387395  0.198506 -0.036763 0.979410  0.992188 0.273438
fs2.bmp
36  3.680256 -20.555487 5.387395  0.198506 -0.036763 0.979410  0.992188 0.273438
36  3.876069 -18.130941 5.438716  0.198504 -0.036763 0.979410  0.695313 0.117188
36  3.166935 -20.391598 5.497586  0.198506 -0.036763 0.979410  0.992188 0.117188
fs2.bmp
36  4.355643 -18.288582 5.162025  0.933311 -0.297979 -0.200346  0.695313 0.070313
36  4.389389 -18.294832 5.328526  0.933311 -0.297979 -0.200346  0.695313 0.273438
36  3.646510 -20.549238 5.220895  0.933310 -0.297983 -0.200345  0.992188 0.070313
fs2.bmp
36  3.646510 -20.549238 5.220895  0.933310 -0.297983 -0.200345  0.992188 0.070313
36  4.389389 -18.294832 5.328526  0.933311 -0.297979 -0.200346  0.695313 0.273438
36  3.680256 -20.555487 5.387395  0.933310 -0.297983 -0.200345  0.992188 0.273438
fs2.bmp
36  4.247825 -18.257353 5.062528  0.633520 -0.218058 -0.742364  0.695313 0.023438
36  4.355643 -18.288582 5.162025  0.633519 -0.218057 -0.742364  0.695313 0.070313
36  3.538691 -20.518007 5.121397  0.633545 -0.218064 -0.742340  0.992188 0.023438
fs2.bmp
36  3.538691 -20.518007 5.121397  0.633545 -0.218064 -0.742340  0.992188 0.023438
36  4.355643 -18.288582 5.162025  0.633519 -0.218057 -0.742364  0.695313 0.070313
36  3.646510 -20.549238 5.220895  0.633544 -0.218066 -0.742341  0.992188 0.070313
fs2.bmp
36  3.876069 -18.130941 5.438716  -0.933311 0.297982 0.200344  0.695313 0.117188
36  3.842323 -18.124691 5.272216  -0.933311 0.297982 0.200344  0.695313 0.070313
36  3.166935 -20.391598 5.497586  -0.933310 0.297983 0.200345  0.992188 0.117188
fs2.bmp
36  3.166935 -20.391598 5.497586  -0.933310 0.297983 0.200345  0.992188 0.117188
36  3.842323 -18.124691 5.272216  -0.933311 0.297982 0.200344  0.695313 0.070313
36  3.133189 -20.385347 5.331086  -0.933310 0.297983 0.200345  0.992188 0.070313
fs2.bmp
36  3.883834 -18.141138 5.140663  0.198504 -0.036763 0.979410  0.429688 0.226563
36  3.309346 -19.972557 5.188355  0.198507 -0.036764 0.979410  0.671875 0.226563
36  4.275824 -18.266293 5.056518  0.198505 -0.036763 0.979410  0.429688 0.226563
fs2.bmp
36  4.275824 -18.266293 5.056518  0.198505 -0.036763 0.979410  0.429688 0.226563
36  3.309346 -19.972557 5.188355  0.198507 -0.036764 0.979410  0.671875 0.226563
36  3.701336 -20.097710 5.104209  0.198507 -0.036764 0.979410  0.671875 0.226563
fs2.bmp
36  3.733958 -20.082232 4.883764  0.857772 -0.257482 0.444894  0.667969 0.156250
36  4.299469 -18.279430 4.836817  0.857773 -0.257484 0.444891  0.429688 0.156250
36  3.685485 -20.074587 4.995977  0.857770 -0.257486 0.444895  0.667969 0.195313
fs2.bmp
36  3.685485 -20.074587 4.995977  0.857770 -0.257486 0.444895  0.667969 0.195313
36  4.299469 -18.279430 4.836817  0.857773 -0.257484 0.444891  0.429688 0.156250
36  4.253988 -18.262247 4.948782  0.857772 -0.257486 0.444891  0.429688 0.195313
fs2.bmp
36  3.701336 -20.097710 5.104209  0.940630 -0.299233 -0.160235  0.671875 0.226563
36  3.685485 -20.074587 4.995977  0.940630 -0.299233 -0.160235  0.667969 0.195313
36  4.275824 -18.266293 5.056518  0.872472 0.463596 -0.154504  0.429688 0.226563
fs2.bmp
36  4.275824 -18.266293 5.056518  0.872472 0.463596 -0.154504  0.429688 0.226563
36  3.685485 -20.074587 4.995977  0.940630 -0.299233 -0.160235  0.667969 0.195313
36  4.253988 -18.262247 4.948782  0.579385 0.810625 -0.084855  0.429688 0.195313
fs2.bmp
36  3.804223 -18.122641 4.892027  -0.198504 0.036763 -0.979410  0.429688 0.140625
36  4.242879 -18.262693 4.797864  -0.198505 0.036763 -0.979410  0.429688 0.007813
36  3.241704 -19.915903 4.938725  -0.198507 0.036763 -0.979410  0.667969 0.140625
fs2.bmp
36  3.241704 -19.915903 4.938725  -0.198507 0.036763 -0.979410  0.667969 0.140625
36  4.242879 -18.262693 4.797864  -0.198505 0.036763 -0.979410  0.429688 0.007813
36  3.680359 -20.055956 4.844562  -0.198508 0.036763 -0.979410  0.667969 0.007813
fs2.bmp
36  3.861998 -18.137094 5.032928  -0.625920 0.215856 0.749420  0.429688 0.195313
36  3.776816 -18.112560 4.949011  -0.625919 0.215856 0.749421  0.429688 0.156250
36  3.293495 -19.949434 5.080123  -0.625908 0.215852 0.749431  0.667969 0.195313
fs2.bmp
36  3.293495 -19.949434 5.080123  -0.625908 0.215852 0.749431  0.667969 0.195313
36  3.776816 -18.112560 4.949011  -0.625919 0.215856 0.749421  0.429688 0.156250
36  3.211304 -19.915361 4.995958  -0.625907 0.215852 0.749432  0.667969 0.156250
fs2.bmp
36  3.776816 -18.112560 4.949011  -0.852310 0.255470 -0.456402  0.429688 0.156250
36  3.804223 -18.122641 4.892027  -0.852289 0.255463 -0.456444  0.429688 0.140625
36  3.211304 -19.915361 4.995958  -0.852285 0.255461 -0.456453  0.667969 0.156250
fs2.bmp
36  3.211304 -19.915361 4.995958  -0.852285 0.255461 -0.456453  0.667969 0.156250
36  3.804223 -18.122641 4.892027  -0.852289 0.255463 -0.456444  0.429688 0.140625
36  3.241704 -19.915903 4.938725  -0.852285 0.255461 -0.456453  0.667969 0.140625
fs2.bmp
41  5.345479 -14.727622 6.123955  0.180040 -0.094403 0.979119  0.175781 0.984375
41  5.457165 -14.384967 6.134601  0.180040 -0.094401 0.979119  0.113281 0.992188
41  5.224148 -14.688885 6.150000  0.180040 -0.094403 0.979119  0.175781 0.937500
fs2.bmp
41  5.224148 -14.688885 6.150000  0.180040 -0.094403 0.979119  0.175781 0.937500
41  5.457165 -14.384967 6.134601  0.180040 -0.094401 0.979119  0.113281 0.992188
41  5.335835 -14.346230 6.160646  0.180051 -0.094353 0.979122  0.113281 0.945313
fs2.bmp
41  5.681160 -14.456483 6.086518  0.180041 -0.094398 0.979119  0.242188 0.984375
41  5.559830 -14.417745 6.112563  0.180045 -0.094400 0.979118  0.242188 0.937500
41  5.569473 -14.799138 6.075872  0.180039 -0.094403 0.979119  0.304688 0.984375
fs2.bmp
41  5.569473 -14.799138 6.075872  0.180039 -0.094403 0.979119  0.304688 0.984375
41  5.559830 -14.417745 6.112563  0.180045 -0.094400 0.979118  0.242188 0.937500
41  5.448143 -14.760401 6.101917  0.180039 -0.094404 0.979119  0.304688 0.937500
fs2.bmp
41  5.414280 -14.834871 6.054934  -0.932873 0.298392 0.201767  0.316406 0.906250
41  5.448143 -14.760401 6.101917  -0.932886 0.298380 0.201723  0.304688 0.937500
41  5.542942 -14.424710 6.044252  -0.932872 0.298394 0.201772  0.242188 0.906250
fs2.bmp
41  5.542942 -14.424710 6.044252  -0.932872 0.298394 0.201772  0.242188 0.906250
41  5.448143 -14.760401 6.101917  -0.932886 0.298380 0.201723  0.304688 0.937500
41  5.559830 -14.417745 6.112563  -0.932885 0.298381 0.201728  0.242188 0.937500
fs2.bmp
41  5.542942 -14.424710 6.044252  0.198709 -0.036120 0.979393  0.242188 0.906250
41  5.440278 -14.391932 6.066291  0.198736 -0.036029 0.979391  0.242188 0.859375
41  5.414280 -14.834871 6.054934  0.198730 -0.036031 0.979392  0.316406 0.906250
fs2.bmp
41  5.414280 -14.834871 6.054934  0.198730 -0.036031 0.979392  0.316406 0.906250
41  5.440278 -14.391932 6.066291  0.198736 -0.036029 0.979391  0.242188 0.859375
41  5.311616 -14.802094 6.076972  0.198645 -0.036307 0.979399  0.316406 0.859375
fs2.bmp
41  5.100513 -14.759407 5.978417  0.150184 0.830761 -0.535985  0.183594 0.109375
41  5.175648 -14.717771 6.066854  0.150185 0.830762 -0.535984  0.203125 0.117188
41  5.548501 -14.902438 5.882250  0.150189 0.830767 -0.535976  0.183594 0.242188
fs2.bmp
41  5.548501 -14.902438 5.882250  0.150189 0.830767 -0.535976  0.183594 0.242188
41  5.175648 -14.717771 6.066854  0.150185 0.830762 -0.535984  0.203125 0.117188
41  5.548972 -14.836964 5.986715  0.150174 0.830745 -0.536013  0.203125 0.226563
fs2.bmp
41  5.665551 -14.562028 5.871305  -0.358984 -0.786774 -0.502113  0.136719 0.242188
41  5.617791 -14.617576 5.981002  -0.358980 -0.786775 -0.502114  0.117188 0.234375
41  5.208229 -14.416017 5.969475  -0.358979 -0.786773 -0.502118  0.136719 0.109375
fs2.bmp
41  5.208229 -14.416017 5.969475  -0.358979 -0.786773 -0.502118  0.136719 0.109375
41  5.617791 -14.617576 5.981002  -0.358980 -0.786775 -0.502114  0.117188 0.234375
41  5.244467 -14.498383 6.061141  -0.358977 -0.786773 -0.502120  0.117188 0.117188
fs2.bmp
41  5.208229 -14.416017 5.969475  0.198734 -0.036032 0.979391  0.136719 0.109375
41  5.100513 -14.759407 5.978417  0.198734 -0.036033 0.979391  0.183594 0.109375
41  5.665551 -14.562028 5.871305  0.198705 -0.036125 0.979393  0.136719 0.242188
fs2.bmp
41  5.665551 -14.562028 5.871305  0.198705 -0.036125 0.979393  0.136719 0.242188
41  5.100513 -14.759407 5.978417  0.198734 -0.036033 0.979391  0.183594 0.109375
41  5.548501 -14.902438 5.882250  0.198604 -0.036446 0.979402  0.183594 0.242188
fs2.bmp
41  3.797295 -18.504778 5.877339  -0.911481 0.293938 0.287755  0.679688 0.375000
41  3.741830 -18.413763 5.483588  -0.932889 0.298378 0.201715  0.671875 0.265625
41  3.782393 -18.512112 5.818823  -0.932854 0.298410 0.201827  0.683594 0.359375
fs2.bmp
41  4.780273 -16.763783 6.070188  -0.861676 0.506196 -0.035784  0.433594 0.484375
41  4.807505 -16.782591 5.675974  -0.861677 0.506194 -0.035787  0.433594 0.359375
41  4.767687 -16.855959 5.599608  -0.861677 0.506193 -0.035787  0.445313 0.335938
fs2.bmp
41  5.307302 -14.298071 6.055924  -0.316935 0.416996 0.851861  0.117188 0.484375
41  5.208229 -14.416017 5.969475  -0.795869 0.263860 0.544950  0.132813 0.460938
41  5.244467 -14.498383 6.061141  -0.157772 0.075134 0.984613  0.144531 0.484375
fs2.bmp
41  4.389044 -18.705799 5.688597  0.933309 -0.297983 -0.200350  0.683594 0.359375
41  4.348482 -18.607452 5.353362  0.933310 -0.297982 -0.200347  0.671875 0.265625
41  5.736827 -14.181528 5.238107  0.691420 0.039311 -0.721383  0.082031 0.265625
fs2.bmp
41  4.152342 -17.979982 6.151805  0.027786 0.906978 0.420260  0.605469 0.484375
41  3.993914 -17.784233 5.721592  -0.180790 0.865712 0.466752  0.585938 0.335938
41  3.976823 -17.932461 5.862435  -0.651359 0.565855 0.505509  0.605469 0.375000
fs2.bmp
41  5.548972 -14.836964 5.986715  0.432466 -0.111707 0.894704  0.171875 0.484375
41  4.434895 -18.395241 6.089160  0.684481 -0.195481 0.702334  0.644531 0.484375
41  5.548501 -14.902438 5.882250  0.941490 -0.281361 0.185562  0.179688 0.460938
fs2.bmp
41  5.175648 -14.717771 6.066854  -0.363416 0.144044 0.920424  0.171875 0.484375
41  5.100513 -14.759407 5.978417  -0.795846 0.263837 0.544994  0.179688 0.460938
41  4.556279 -16.692266 6.118271  -0.479714 0.173815 0.860037  0.433594 0.484375
fs2.bmp
41  4.514713 -15.858377 5.433071  -0.332394 -0.928026 -0.168170  0.066406 0.640625
41  4.692042 -15.914994 5.395005  -0.332397 -0.928026 -0.168169  0.058594 0.656250
41  4.560282 -15.927374 5.747972  -0.273940 -0.951613 0.139243  0.078125 0.734375
fs2.bmp
41  4.641038 -15.673661 5.996384  0.224920 -0.518951 0.824682  0.277344 0.812500
41  4.849152 -15.742236 5.869948  0.408376 -0.307012 0.859635  0.269531 0.835938
41  5.074896 -14.290560 5.960367  0.518510 0.037506 0.854249  0.097656 0.812500
fs2.bmp
41  3.522007 -20.519817 5.295934  -0.299213 -0.953863 0.024842  0.992188 0.289063
41  3.663780 -20.561090 5.418804  -0.299218 -0.953861 0.024850  0.992188 0.343750
41  3.770973 -20.580942 5.947686  -0.299325 -0.953842 0.024278  0.992188 0.500000
fs2.bmp
36  3.680256 -20.555487 5.387395  -0.299214 -0.953862 0.024846  0.992188 0.273438
36  3.166935 -20.391598 5.497586  -0.299211 -0.953863 0.024862  0.992188 0.117188
36  3.133189 -20.385347 5.331086  -0.299211 -0.953863 0.024847  0.992188 0.070313
fs2.bmp
36  3.701336 -20.097710 5.104209  -0.328270 -0.935383 -0.131522  0.671875 0.226563
36  3.309346 -19.972557 5.188355  -0.328272 -0.935380 -0.131537  0.671875 0.226563
36  3.685485 -20.074587 4.995977  -0.328283 -0.935380 -0.131505  0.667969 0.195313
fs2.bmp
36  3.776816 -18.112560 4.949011  0.300702 0.953490 -0.020851  0.429688 0.156250
36  3.861998 -18.137094 5.032928  0.300684 0.953495 -0.020898  0.429688 0.195313
36  3.804223 -18.122641 4.892027  0.300685 0.953495 -0.020898  0.429688 0.140625
fs2.bmp
36  3.680359 -20.055956 4.844562  -0.328270 -0.935382 -0.131526  0.667969 0.007813
36  3.733958 -20.082232 4.883764  -0.328267 -0.935382 -0.131533  0.667969 0.156250
36  3.685485 -20.074587 4.995977  -0.328283 -0.935380 -0.131505  0.667969 0.195313
fs2.bmp
36  3.309346 -19.972557 5.188355  -0.933309 0.297982 0.200350  0.671875 0.226563
36  3.883834 -18.141138 5.140663  -0.933309 0.297982 0.200350  0.429688 0.226563
36  3.861998 -18.137094 5.032928  -0.933309 0.297982 0.200350  0.429688 0.195313
fs2.bmp
36  3.861998 -18.137094 5.032928  -0.940631 0.299232 0.160230  0.429688 0.195313
36  3.293495 -19.949434 5.080123  -0.940630 0.299237 0.160229  0.667969 0.195313
36  3.309346 -19.972557 5.188355  -0.940631 0.299232 0.160230  0.671875 0.226563
fs2.bmp
41  5.440278 -14.391932 6.066291  0.280259 0.953333 -0.112301  0.093750 0.914063
41  5.335835 -14.346230 6.160646  0.280277 0.953327 -0.112308  0.113281 0.945313
41  5.457165 -14.384967 6.134601  0.280265 0.953332 -0.112292  0.093750 0.945313
fs2.bmp
41  5.595404 -14.010448 5.273192  0.543287 0.817954 -0.189182  0.027344 0.328125
41  5.797270 -14.263371 5.641404  0.991417 -0.030182 0.127204  0.015625 0.546875
41  5.736827 -14.181528 5.238107  0.691420 0.039311 -0.721383  0.003906 0.414063
fs2.bmp
41  4.375329 -18.061405 6.113764  0.198756 -0.035960 0.979389  0.605469 0.554688
41  4.152342 -17.979982 6.151805  -0.363502 0.144077 0.920385  0.605469 0.492188
41  4.061571 -18.276049 6.169299  -0.363582 0.144103 0.920349  0.644531 0.484375
fs1.bmp
0  3.351000 -20.840471 5.620477  0.548835 -0.201692 -0.811234  1.000000 0.500000
0  3.628523 -20.533928 5.732023  0.548835 -0.201692 -0.811234  0.800000 1.000000
0  3.512271 -20.896030 5.743401  0.548835 -0.201692 -0.811234  0.800000 0.500000
fs1.bmp
0  3.512271 -20.896030 5.743401  0.907776 -0.281675 0.310808  0.800000 0.500000
0  3.569492 -20.504705 5.930919  0.907776 -0.281675 0.310808  0.600000 1.000000
0  3.453239 -20.866808 5.942297  0.907776 -0.281675 0.310808  0.600000 0.500000
fs1.bmp
0  3.453239 -20.866808 5.942297  0.010446 0.028055 0.999552  0.600000 0.500000
0  3.371737 -20.431087 5.930919  0.010446 0.028055 0.999552  0.400000 1.000000
0  3.255485 -20.793190 5.942297  0.010446 0.028055 0.999552  0.400000 0.500000
fs1.bmp
0  3.467252 -20.478369 5.609099  0.348675 0.936622 -0.034120  0.250000 0.490000
0  3.371737 -20.431087 5.930919  0.348675 0.936622 -0.034120  0.108932 0.055836
0  3.569492 -20.504705 5.930919  0.348675 0.936622 -0.034120  0.391068 0.055836
fs1.bmp
0  3.255485 -20.793190 5.942297  -0.902010 0.299364 0.311062  0.400000 0.500000
0  3.308550 -20.414812 5.732023  -0.902010 0.299364 0.311062  0.200000 1.000000
0  3.192297 -20.776911 5.743401  -0.902010 0.299364 0.311062  0.200000 0.500000
fs1.bmp
0  3.192297 -20.776911 5.743401  -0.565071 0.155956 -0.810169  0.200000 0.500000
0  3.467252 -20.478369 5.609099  -0.565071 0.155956 -0.810169  0.000000 1.000000
0  3.351000 -20.840471 5.620477  -0.565071 0.155956 -0.810169  0.000000 0.500000
fs1.bmp
0  3.255485 -20.793190 5.942297  -0.348675 -0.936622 0.034127  0.608932 0.055836
0  3.351000 -20.840471 5.620477  -0.348675 -0.936622 0.034127  0.750000 0.490000
0  3.453239 -20.866808 5.942297  -0.348675 -0.936622 0.034127  0.891068 0.055836
fs1.bmp
0  3.351000 -20.840471 5.620477  0.548855 -0.201698 -0.811219  1.000000 0.500000
0  3.467252 -20.478369 5.609099  0.548855 -0.201698 -0.811219  1.000000 1.000000
0  3.628523 -20.533928 5.732023  0.548855 -0.201698 -0.811219  0.800000 1.000000
fs1.bmp
0  3.512271 -20.896030 5.743401  0.907778 -0.281672 0.310805  0.800000 0.500000
0  3.628523 -20.533928 5.732023  0.907778 -0.281672 0.310805  0.800000 1.000000
0  3.569492 -20.504705 5.930919  0.907778 -0.281672 0.310805  0.600000 1.000000
fs1.bmp
0  3.453239 -20.866808 5.942297  0.010443 0.028054 0.999552  0.600000 0.500000
0  3.569492 -20.504705 5.930919  0.010443 0.028054 0.999552  0.600000 1.000000
0  3.371737 -20.431087 5.930919  0.010443 0.028054 0.999552  0.400000 1.000000
fs1.bmp
0  3.569492 -20.504705 5.930919  0.348686 0.936618 -0.034133  0.391068 0.055836
0  3.628523 -20.533928 5.732023  0.348686 0.936618 -0.034133  0.478254 0.324164
0  3.467252 -20.478369 5.609099  0.348686 0.936618 -0.034133  0.250000 0.490000
fs1.bmp
0  3.467252 -20.478369 5.609099  0.348666 0.936625 -0.034127  0.250000 0.490000
0  3.308550 -20.414812 5.732023  0.348666 0.936625 -0.034127  0.021746 0.324164
0  3.371737 -20.431087 5.930919  0.348666 0.936625 -0.034127  0.108932 0.055836
fs1.bmp
0  3.255485 -20.793190 5.942297  -0.902010 0.299364 0.311062  0.400000 0.500000
0  3.371737 -20.431087 5.930919  -0.902010 0.299364 0.311062  0.400000 1.000000
0  3.308550 -20.414812 5.732023  -0.902010 0.299364 0.311062  0.200000 1.000000
fs1.bmp
0  3.192297 -20.776911 5.743401  -0.565061 0.155957 -0.810175  0.200000 0.500000
0  3.308550 -20.414812 5.732023  -0.565061 0.155957 -0.810175  0.200000 1.000000
0  3.467252 -20.478369 5.609099  -0.565061 0.155957 -0.810175  0.000000 1.000000
fs1.bmp
0  3.192297 -20.776911 5.743401  -0.348691 -0.936616 0.034121  0.521746 0.324164
0  3.351000 -20.840471 5.620477  -0.348691 -0.936616 0.034121  0.750000 0.490000
0  3.255485 -20.793190 5.942297  -0.348691 -0.936616 0.034121  0.608932 0.055836
fs1.bmp
0  3.351000 -20.840471 5.620477  -0.348682 -0.936619 0.034133  0.750000 0.490000
0  3.512271 -20.896030 5.743401  -0.348682 -0.936619 0.034133  0.978254 0.324164
0  3.453239 -20.866808 5.942297  -0.348682 -0.936619 0.034133  0.891068 0.055836
end
