version 1
nodes
  0 "Bone01" -1
  1 "Bone02" 0
  2 "Bone03" 1
  3 "Bone04" 2
  4 "Bone05" 3
  5 "Bone06" 4
  6 "Bone07" 2
  7 "Bone08" 6
  8 "Bone09" 7
  9 "Bone11" 2
 10 "Bone12" 9
 11 "Bone13" 10
 12 "Bone15" 2
 13 "Bone16" 12
 14 "Bone17" 13
 15 "Bone19" 2
 16 "Bone20" 15
 17 "Bone21" 16
 18 "Bone24" -1
 19 "Bone25" 18
 20 "Bone26" 19
 21 "Bone27" 20
 22 "Bone28" 21
 23 "Bone29" 22
 24 "Bone31" 20
 25 "Bone32" 24
 26 "Bone33" 25
 27 "Bone35" 20
 28 "Bone36" 27
 29 "Bone37" 28
 30 "Bone39" 20
 31 "Bone40" 30
 32 "Bone41" 31
 33 "Bone43" 20
 34 "Bone44" 33
 35 "Bone45" 34
 36 "Bone47" 19
 37 "Bone48" 36
 38 "Bone55" 37
 39 "Bone51" 37
 40 "Bone49" 37
 41 "Bone53" 37
end
skeleton
time 0
  0 -9.026067 -4.650023 1.313681 0.762836 1.855332 1.149477
  1 0.026865 -9.077094 0.000000 0.238955 -0.344244 0.246469
  2 0.000000 -0.456721 0.000000 0.000000 0.000000 0.000000
  3 -0.421910 0.233313 0.477535 -0.212797 -0.375551 -2.091539
  4 1.827484 -0.104693 0.000000 0.000000 0.000000 0.523599
  5 1.069447 0.056464 0.000000 0.000000 0.000000 0.848230
  6 -1.090121 -1.829638 -0.122573 0.000000 0.000000 -1.638864
  7 1.390341 -0.000583 0.000000 0.000000 -0.481711 0.005236
  8 0.964939 -0.010943 0.000000 0.000000 -0.670206 0.000000
  9 -0.348493 -1.994085 -0.122573 -0.078961 -0.260133 -1.437435
 10 1.546316 0.004627 0.000001 0.000000 -1.623155 0.000000
 11 1.135737 0.008475 0.000000 0.000000 -1.110029 0.020944
 12 0.310263 -1.738958 -0.122573 -0.056428 -0.182688 -1.438565
 13 1.569654 0.049780 0.000001 0.000000 -1.497494 -0.010472
 14 1.096338 0.003407 0.000000 0.000000 -1.214749 0.005236
 15 0.956485 -1.335291 -0.122573 0.000000 -0.267035 -1.445133
 16 1.346260 0.018204 0.000000 0.000000 -0.612611 -0.005236
 17 0.874448 -0.001050 0.000000 0.000000 -1.392772 0.000000
 18 9.029037 -4.746507 1.572933 0.936433 -1.816588 -1.312241
 19 -0.244755 -8.933565 -0.000001 0.209146 0.299578 -0.249756
 20 -0.017482 -0.437063 0.000000 0.000000 0.000000 0.000000
 21 0.472028 0.192308 0.472822 0.297069 -0.493084 -1.048320
 22 1.857548 0.010602 0.000000 0.000000 0.000000 -0.455531
 23 0.996041 -0.010017 0.000000 0.000000 0.000000 -0.858702
 24 1.137759 -1.867486 -0.137080 0.000000 -0.052360 -1.523672
 25 1.365644 0.014869 0.000000 0.000000 -0.376991 -0.005236
 26 0.938014 -0.005664 0.000001 0.000000 -0.612611 0.010472
 27 0.409682 -2.071859 -0.137080 0.068179 -0.280440 -1.750247
 28 1.470907 0.007359 -0.000001 0.000000 -1.617922 0.010472
 29 1.152100 0.010338 0.000000 0.000000 -1.099558 0.005236
 30 -0.292848 -1.816393 -0.137080 0.017968 -0.224442 -1.724665
 31 1.511618 -0.004263 0.000000 0.000000 -1.544617 0.036652
 32 1.099637 -0.010806 0.000000 0.000000 -1.130973 0.010472
 33 -0.957059 -1.356555 -0.137080 0.000000 -0.235619 -1.685988
 34 1.351391 -0.010799 -0.000001 0.000000 -0.753982 0.005229
 35 0.859052 0.017735 -0.000001 0.000000 -1.371829 -0.010472
 36 -0.069481 -3.465251 0.968036 1.218515 1.752558 1.295777
 37 0.000000 2.398083 0.584532 0.000000 0.000000 0.000000
 38 0.000000 -1.378897 1.049161 0.000000 0.000000 0.000000
 39 0.000000 -1.588730 1.528777 0.000000 0.000000 0.000000
 40 0.000000 -2.892687 1.423861 0.000000 0.000000 0.000000
 41 0.000000 -1.079137 2.293166 0.000000 0.000000 0.000000
end
triangles
view_glove.bmp
  1 -5.254768 -13.055920 1.752719 -0.199808 0.244110 -0.948940 0.406250 0.203125
  1 -5.115532 -14.029374 1.496983 0.001000 0.167706 -0.985837 0.421875 0.460938
  1 -5.658738 -13.283065 2.099437 -0.803669 -0.114396 -0.583978 0.343750 0.257813
view_glove.bmp
  1 -5.658738 -13.283065 2.099437 -0.803669 -0.114396 -0.583978 0.343750 0.257813
  1 -5.115532 -14.029374 1.496983 0.001000 0.167706 -0.985837 0.421875 0.460938
  1 -5.450105 -14.271680 1.627937 -0.764510 -0.049501 -0.642708 0.390625 0.593750
view_glove.bmp
  1 -5.115532 -14.029374 1.496983 0.001000 0.167706 -0.985837 0.421875 0.460938
 15 -5.233626 -14.763236 1.543955 -0.627911 -0.223804 -0.745413 0.390625 0.765625
  1 -5.450105 -14.271680 1.627937 -0.764510 -0.049501 -0.642708 0.390625 0.593750
view_glove.bmp
  1 -5.450105 -14.271680 1.627937 -0.764510 -0.049501 -0.642708 0.390625 0.593750
 15 -5.233626 -14.763236 1.543955 -0.627911 -0.223804 -0.745413 0.390625 0.765625
  1 -5.453426 -14.610520 1.950080 -0.956005 -0.226101 -0.186901 0.351563 0.695313
view_glove.bmp
 15 -5.233626 -14.763236 1.543955 -0.627911 -0.223804 -0.745413 0.390625 0.765625
 12 -5.295253 -15.138607 2.097143 -0.772666 -0.421281 -0.474879 0.339844 0.898438
  1 -5.453426 -14.610520 1.950080 -0.956005 -0.226101 -0.186901 0.351563 0.695313
view_glove.bmp
  1 -5.453426 -14.610520 1.950080 -0.956005 -0.226101 -0.186901 0.351563 0.695313
 12 -5.295253 -15.138607 2.097143 -0.772666 -0.421281 -0.474879 0.339844 0.898438
  1 -5.494873 -14.893007 2.525739 -0.955680 -0.249495 -0.156297 0.257813 0.781250
view_glove.bmp
 12 -5.295253 -15.138607 2.097143 -0.772666 -0.421281 -0.474879 0.339844 0.898438
 12 -5.250494 -15.492534 2.781856 -0.852360 -0.506076 -0.131794 0.210938 0.968750
  1 -5.494873 -14.893007 2.525739 -0.955680 -0.249495 -0.156297 0.257813 0.781250
view_glove.bmp
  1 -5.494873 -14.893007 2.525739 -0.955680 -0.249495 -0.156297 0.257813 0.781250
 12 -5.250494 -15.492534 2.781856 -0.852360 -0.506076 -0.131794 0.210938 0.968750
  1 -5.567777 -15.059596 3.249985 -0.955680 -0.249495 -0.156297 0.179688 0.828125
view_glove.bmp
 12 -5.250494 -15.492534 2.781856 -0.852360 -0.506076 -0.131794 0.210938 0.968750
  9 -5.348793 -15.587823 3.519920 -0.838473 -0.512183 -0.186094 0.109375 0.921875
  1 -5.567777 -15.059596 3.249985 -0.955680 -0.249495 -0.156297 0.179688 0.828125
view_glove.bmp
  1 -5.567777 -15.059596 3.249985 -0.955680 -0.249495 -0.156297 0.179688 0.828125
  9 -5.348793 -15.587823 3.519920 -0.838473 -0.512183 -0.186094 0.109375 0.921875
  1 -5.658718 -15.012825 3.931192 -0.969492 -0.204598 -0.134999 0.089844 0.812500
view_glove.bmp
  9 -5.348793 -15.587823 3.519920 -0.838473 -0.512183 -0.186094 0.109375 0.921875
  6 -5.551365 -15.502703 4.210243 -0.931518 -0.281405 0.230404 0.042969 0.851563
  1 -5.658718 -15.012825 3.931192 -0.969492 -0.204598 -0.134999 0.089844 0.812500
view_glove.bmp
  1 -5.658718 -15.012825 3.931192 -0.969492 -0.204598 -0.134999 0.089844 0.812500
  6 -5.551365 -15.502703 4.210243 -0.931518 -0.281405 0.230404 0.042969 0.851563
  1 -5.682073 -15.164307 4.409844 -0.624468 -0.408079 0.665966 0.011719 0.859375
view_glove.bmp
  6 -5.551365 -15.502703 4.210243 -0.931518 -0.281405 0.230404 0.042969 0.851563
  6 -5.334687 -15.610900 4.355309 0.005800 -0.141195 0.989965 0.031250 0.796875
  1 -5.682073 -15.164307 4.409844 -0.624468 -0.408079 0.665966 0.011719 0.859375
view_glove.bmp
  1 -5.254768 -13.055920 1.752719 -0.199808 0.244110 -0.948940 0.500000 0.296875
  1 -4.851273 -13.025734 1.984194 0.425497 0.648495 -0.631195 0.554688 0.312500
  1 -5.115532 -14.029374 1.496983 0.001000 0.167706 -0.985837 0.496094 0.523438
view_glove.bmp
  1 -5.115532 -14.029374 1.496983 0.001000 0.167706 -0.985837 0.496094 0.523438
  1 -4.851273 -13.025734 1.984194 0.425497 0.648495 -0.631195 0.554688 0.312500
  1 -4.878565 -14.016709 1.697448 0.822506 0.127401 -0.554304 0.523438 0.601563
view_glove.bmp
  1 -4.851273 -13.025734 1.984194 0.425497 0.648495 -0.631195 0.554688 0.312500
  1 -4.590890 -13.021522 2.328117 0.910280 0.368592 -0.188496 0.585938 0.312500
  1 -4.878565 -14.016709 1.697448 0.822506 0.127401 -0.554304 0.523438 0.601563
view_glove.bmp
  1 -4.878565 -14.016709 1.697448 0.822506 0.127401 -0.554304 0.523438 0.601563
  1 -4.590890 -13.021522 2.328117 0.910280 0.368592 -0.188496 0.585938 0.312500
  1 -4.858964 -14.537914 2.318785 0.996957 -0.002900 0.077897 0.570313 0.679688
view_glove.bmp
  1 -4.590890 -13.021522 2.328117 0.910280 0.368592 -0.188496 0.585938 0.312500
  1 -4.704108 -13.142974 2.930554 0.948393 0.264698 -0.174599 0.656250 0.328125
  1 -4.858964 -14.537914 2.318785 0.996957 -0.002900 0.077897 0.570313 0.679688
view_glove.bmp
  1 -4.858964 -14.537914 2.318785 0.996957 -0.002900 0.077897 0.570313 0.679688
  1 -4.704108 -13.142974 2.930554 0.948393 0.264698 -0.174599 0.656250 0.328125
  1 -4.668944 -13.813069 3.155799 0.891199 -0.218900 -0.397300 0.699219 0.632813
view_glove.bmp
  1 -4.704108 -13.142974 2.930554 0.948393 0.264698 -0.174599 0.656250 0.328125
  3 -4.341851 -13.422797 3.477345 0.896900 0.219700 -0.383800 0.726563 0.460938
  1 -4.668944 -13.813069 3.155799 0.891199 -0.218900 -0.397300 0.699219 0.632813
view_glove.bmp
  1 -4.668944 -13.813069 3.155799 0.891199 -0.218900 -0.397300 0.699219 0.632813
  3 -4.341851 -13.422797 3.477345 0.896900 0.219700 -0.383800 0.726563 0.460938
  3 -3.934495 -14.202617 4.136087 0.955781 0.151597 -0.251995 0.832031 0.578125
view_glove.bmp
  3 -4.341851 -13.422797 3.477345 0.896900 0.219700 -0.383800 0.726563 0.460938
  3 -4.375622 -13.217730 3.949262 0.769430 0.556721 0.313112 0.773438 0.335938
  3 -3.934495 -14.202617 4.136087 0.955781 0.151597 -0.251995 0.832031 0.578125
view_glove.bmp
  3 -3.934495 -14.202617 4.136087 0.955781 0.151597 -0.251995 0.832031 0.578125
  3 -4.375622 -13.217730 3.949262 0.769430 0.556721 0.313112 0.773438 0.335938
  3 -4.017071 -14.234072 4.721913 0.753453 0.301181 0.584464 0.894531 0.554688
view_glove.bmp
  3 -4.375622 -13.217730 3.949262 0.769430 0.556721 0.313112 0.773438 0.335938
  3 -4.766706 -13.373405 4.388145 0.368013 0.527619 0.765627 0.835938 0.335938
  3 -4.017071 -14.234072 4.721913 0.753453 0.301181 0.584464 0.894531 0.554688
view_glove.bmp
  3 -4.017071 -14.234072 4.721913 0.753453 0.301181 0.584464 0.894531 0.554688
  3 -4.766706 -13.373405 4.388145 0.368013 0.527619 0.765627 0.835938 0.335938
  3 -4.400895 -14.374969 4.817972 -0.165095 -0.037399 0.985568 0.906250 0.367188
view_glove.bmp
  3 -4.766706 -13.373405 4.388145 0.368013 0.527619 0.765627 0.835938 0.335938
  0 -5.223028 -12.593214 4.135295 0.214199 0.406698 0.888096 0.808594 0.195313
  3 -4.400895 -14.374969 4.817972 -0.165095 -0.037399 0.985568 0.906250 0.367188
view_glove.bmp
 15 -4.687479 -15.077955 2.023930 0.913684 0.057799 0.402293 0.554688 0.789063
  1 -4.858964 -14.537914 2.318785 0.996957 -0.002900 0.077897 0.570313 0.679688
 12 -4.782019 -15.378605 2.223599 0.965221 0.074802 -0.250505 0.597656 0.851563
view_glove.bmp
 12 -4.782019 -15.378605 2.223599 0.965221 0.074802 -0.250505 0.597656 0.851563
  1 -4.858964 -14.537914 2.318785 0.996957 -0.002900 0.077897 0.570313 0.679688
  1 -4.899063 -14.873549 2.930129 0.996957 -0.002900 0.077897 0.644531 0.765625
view_glove.bmp
  1 -4.858964 -14.537914 2.318785 0.996957 -0.002900 0.077897 0.570313 0.679688
  1 -4.668944 -13.813069 3.155799 0.891199 -0.218900 -0.397300 0.699219 0.632813
  1 -4.899063 -14.873549 2.930129 0.996957 -0.002900 0.077897 0.644531 0.765625
view_glove.bmp
  1 -4.899063 -14.873549 2.930129 0.996957 -0.002900 0.077897 0.644531 0.765625
  1 -4.668944 -13.813069 3.155799 0.891199 -0.218900 -0.397300 0.699219 0.632813
  1 -4.980433 -14.927596 3.623352 0.984784 -0.074299 0.157098 0.726563 0.804688
view_glove.bmp
  1 -4.668944 -13.813069 3.155799 0.891199 -0.218900 -0.397300 0.699219 0.632813
  1 -5.047000 -15.125731 4.244328 0.657286 -0.188896 0.729584 0.808594 0.781250
  1 -4.980433 -14.927596 3.623352 0.984784 -0.074299 0.157098 0.726563 0.804688
view_glove.bmp
  1 -4.980433 -14.927596 3.623352 0.984784 -0.074299 0.157098 0.726563 0.804688
  1 -5.047000 -15.125731 4.244328 0.657286 -0.188896 0.729584 0.808594 0.781250
  6 -5.058037 -15.629539 4.268033 0.902875 -0.003600 0.429888 0.800781 0.859375
view_glove.bmp
  1 -5.047000 -15.125731 4.244328 0.657286 -0.188896 0.729584 0.808594 0.781250
  6 -5.334687 -15.610900 4.355309 0.005800 -0.141195 0.989965 0.824219 0.835938
  6 -5.058037 -15.629539 4.268033 0.902875 -0.003600 0.429888 0.800781 0.859375
view_glove.bmp
  3 -4.161705 -14.661019 3.692643 0.688284 -0.724783 0.030899 0.820313 0.687500
  1 -4.668944 -13.813069 3.155799 0.891199 -0.218900 -0.397300 0.699219 0.632813
  3 -3.934495 -14.202617 4.136087 0.955781 0.151597 -0.251995 0.832031 0.578125
view_glove.bmp
  3 -4.161705 -14.661019 3.692643 0.688284 -0.724783 0.030899 0.820313 0.687500
  1 -5.047000 -15.125731 4.244328 0.657286 -0.188896 0.729584 0.808594 0.781250
  1 -4.668944 -13.813069 3.155799 0.891199 -0.218900 -0.397300 0.699219 0.632813
view_glove.bmp
  3 -4.161705 -14.661019 3.692643 0.688284 -0.724783 0.030899 0.820313 0.687500
  4 -4.551556 -14.695324 3.964691 0.112395 -0.990558 0.078497 0.878906 0.875000
  1 -5.047000 -15.125731 4.244328 0.657286 -0.188896 0.729584 0.808594 0.781250
view_glove.bmp
  3 -4.161705 -14.661019 3.692643 0.688284 -0.724783 0.030899 0.820313 0.687500
  4 -4.140316 -14.544362 3.861771 0.634394 -0.492396 -0.595895 0.875000 0.742188
  4 -4.551556 -14.695324 3.964691 0.112395 -0.990558 0.078497 0.878906 0.875000
view_glove.bmp
  3 -4.161705 -14.661019 3.692643 0.688284 -0.724783 0.030899 0.820313 0.687500
  4 -3.924530 -14.457283 4.239598 0.996841 0.028301 0.074203 0.878906 0.664063
  4 -4.140316 -14.544362 3.861771 0.634394 -0.492396 -0.595895 0.875000 0.742188
view_glove.bmp
  3 -4.161705 -14.661019 3.692643 0.688284 -0.724783 0.030899 0.820313 0.687500
  3 -3.934495 -14.202617 4.136087 0.955781 0.151597 -0.251995 0.832031 0.578125
  4 -3.924530 -14.457283 4.239598 0.996841 0.028301 0.074203 0.878906 0.664063
view_glove.bmp
  0 -5.622382 -13.024502 3.808481 -0.881241 -0.129006 0.454721 0.078125 0.039063
  1 -5.658718 -15.012825 3.931192 -0.969492 -0.204598 -0.134999 0.089844 0.812500
  1 -5.714269 -15.031373 4.468937 -0.381594 -0.324795 0.865387 0.000000 0.820313
view_glove.bmp
  0 -5.622382 -13.024502 3.808481 -0.881241 -0.129006 0.454721 0.078125 0.039063
  1 -5.567777 -15.059596 3.249985 -0.955680 -0.249495 -0.156297 0.179688 0.828125
  1 -5.658718 -15.012825 3.931192 -0.969492 -0.204598 -0.134999 0.089844 0.812500
view_glove.bmp
  0 -5.622382 -13.024502 3.808481 -0.881241 -0.129006 0.454721 0.078125 0.039063
  1 -5.494873 -14.893007 2.525739 -0.955680 -0.249495 -0.156297 0.257813 0.781250
  1 -5.567777 -15.059596 3.249985 -0.955680 -0.249495 -0.156297 0.179688 0.828125
view_glove.bmp
  0 -5.622382 -13.024502 3.808481 -0.881241 -0.129006 0.454721 0.078125 0.039063
  1 -5.453426 -14.610520 1.950080 -0.956005 -0.226101 -0.186901 0.351563 0.695313
  1 -5.494873 -14.893007 2.525739 -0.955680 -0.249495 -0.156297 0.257813 0.781250
view_glove.bmp
  0 -5.622382 -13.024502 3.808481 -0.881241 -0.129006 0.454721 0.078125 0.039063
  1 -5.658738 -13.283065 2.099437 -0.803669 -0.114396 -0.583978 0.343750 0.257813
  1 -5.453426 -14.610520 1.950080 -0.956005 -0.226101 -0.186901 0.351563 0.695313
view_glove.bmp
  0 -5.622382 -13.024502 3.808481 -0.881241 -0.129006 0.454721 0.078125 0.039063
  0 -5.727324 -13.378496 2.477701 -0.925610 -0.377304 0.029800 0.328125 0.046875
  1 -5.658738 -13.283065 2.099437 -0.803669 -0.114396 -0.583978 0.343750 0.257813
view_glove.bmp
  1 -4.851273 -13.025734 1.984194 0.425497 0.648495 -0.631195 0.554688 0.312500
  0 -5.018696 -12.787624 2.256079 0.737109 0.555307 -0.385104 0.597656 0.164063
  1 -4.590890 -13.021522 2.328117 0.910280 0.368592 -0.188496 0.585938 0.312500
view_glove.bmp
  1 -4.590890 -13.021522 2.328117 0.910280 0.368592 -0.188496 0.585938 0.312500
  0 -5.018696 -12.787624 2.256079 0.737109 0.555307 -0.385104 0.597656 0.164063
  1 -4.704108 -13.142974 2.930554 0.948393 0.264698 -0.174599 0.656250 0.328125
view_glove.bmp
  0 -5.018696 -12.787624 2.256079 0.737109 0.555307 -0.385104 0.597656 0.164063
  0 -4.852501 -12.452135 3.584472 0.877544 0.466423 0.111206 0.730469 0.164063
  1 -4.704108 -13.142974 2.930554 0.948393 0.264698 -0.174599 0.656250 0.328125
view_glove.bmp
  1 -4.704108 -13.142974 2.930554 0.948393 0.264698 -0.174599 0.656250 0.328125
  0 -4.852501 -12.452135 3.584472 0.877544 0.466423 0.111206 0.730469 0.164063
  3 -4.341851 -13.422797 3.477345 0.896900 0.219700 -0.383800 0.726563 0.460938
view_glove.bmp
  0 -4.852501 -12.452135 3.584472 0.877544 0.466423 0.111206 0.730469 0.164063
  3 -4.375622 -13.217730 3.949262 0.769430 0.556721 0.313112 0.773438 0.335938
  3 -4.341851 -13.422797 3.477345 0.896900 0.219700 -0.383800 0.726563 0.460938
view_glove.bmp
 12 -4.758443 -15.570477 2.644704 0.881012 -0.071201 0.467706 0.640625 0.898438
  1 -4.899063 -14.873549 2.930129 0.996957 -0.002900 0.077897 0.644531 0.765625
  9 -4.832677 -15.551888 2.897800 0.948519 0.052701 -0.312306 0.675781 0.921875
view_glove.bmp
  9 -4.832677 -15.551888 2.897800 0.948519 0.052701 -0.312306 0.675781 0.921875
  1 -4.899063 -14.873549 2.930129 0.996957 -0.002900 0.077897 0.644531 0.765625
  9 -4.837770 -15.668766 3.394603 0.906828 -0.008600 0.421413 0.714844 0.914063
view_glove.bmp
  1 -4.899063 -14.873549 2.930129 0.996957 -0.002900 0.077897 0.644531 0.765625
  1 -4.980433 -14.927596 3.623352 0.984784 -0.074299 0.157098 0.726563 0.804688
  9 -4.837770 -15.668766 3.394603 0.906828 -0.008600 0.421413 0.714844 0.914063
view_glove.bmp
  9 -4.837770 -15.668766 3.394603 0.906828 -0.008600 0.421413 0.714844 0.914063
  1 -4.980433 -14.927596 3.623352 0.984784 -0.074299 0.157098 0.726563 0.804688
  6 -5.043407 -15.692756 3.724076 0.933432 -0.203707 -0.295310 0.753906 0.898438
view_glove.bmp
  1 -4.980433 -14.927596 3.623352 0.984784 -0.074299 0.157098 0.726563 0.804688
  6 -5.058037 -15.629539 4.268033 0.902875 -0.003600 0.429888 0.800781 0.859375
  6 -5.043407 -15.692756 3.724076 0.933432 -0.203707 -0.295310 0.753906 0.898438
view_glove.bmp
 15 -4.687479 -15.077955 2.023930 0.913684 0.057799 0.402293 0.554688 0.789063
 15 -4.722591 -14.749368 1.640137 0.884769 0.249391 -0.393686 0.519531 0.726563
  1 -4.858964 -14.537914 2.318785 0.996957 -0.002900 0.077897 0.570313 0.679688
view_glove.bmp
  1 -4.858964 -14.537914 2.318785 0.996957 -0.002900 0.077897 0.570313 0.679688
 15 -4.722591 -14.749368 1.640137 0.884769 0.249391 -0.393686 0.519531 0.726563
  1 -4.878565 -14.016709 1.697448 0.822506 0.127401 -0.554304 0.523438 0.601563
view_glove.bmp
 15 -4.722591 -14.749368 1.640137 0.884769 0.249391 -0.393686 0.519531 0.726563
 15 -4.993145 -14.684569 1.493160 0.188703 0.052801 -0.980614 0.488281 0.671875
  1 -4.878565 -14.016709 1.697448 0.822506 0.127401 -0.554304 0.523438 0.601563
view_glove.bmp
  1 -4.878565 -14.016709 1.697448 0.822506 0.127401 -0.554304 0.523438 0.601563
 15 -4.993145 -14.684569 1.493160 0.188703 0.052801 -0.980614 0.488281 0.671875
  1 -5.115532 -14.029374 1.496983 0.001000 0.167706 -0.985837 0.496094 0.523438
view_glove.bmp
  4 -4.598461 -14.705249 4.418565 -0.692922 -0.466315 0.549917 0.023438 0.601563
  1 -5.714269 -15.031373 4.468937 -0.381594 -0.324795 0.865387 0.000000 0.820313
  4 -4.551556 -14.695324 3.964691 0.112395 -0.990558 0.078497 0.039063 0.781250
view_glove.bmp
  4 -4.551556 -14.695324 3.964691 0.112395 -0.990558 0.078497 0.039063 0.781250
  1 -5.714269 -15.031373 4.468937 -0.381594 -0.324795 0.865387 0.000000 0.820313
  1 -5.047000 -15.125731 4.244328 0.657286 -0.188896 0.729584 0.042969 0.828125
view_glove.bmp
  1 -5.714269 -15.031373 4.468937 -0.381594 -0.324795 0.865387 0.000000 0.820313
  1 -5.682073 -15.164307 4.409844 -0.624468 -0.408079 0.665966 0.011719 0.859375
  1 -5.047000 -15.125731 4.244328 0.657286 -0.188896 0.729584 0.042969 0.828125
view_glove.bmp
  1 -5.047000 -15.125731 4.244328 0.657286 -0.188896 0.729584 0.042969 0.828125
  1 -5.682073 -15.164307 4.409844 -0.624468 -0.408079 0.665966 0.011719 0.859375
  6 -5.334687 -15.610900 4.355309 0.005800 -0.141195 0.989965 0.031250 0.796875
view_glove.bmp
  0 -5.223028 -12.593214 4.135295 0.214199 0.406698 0.888096 0.808594 0.210938
  0 -5.622382 -13.024502 3.808481 -0.881241 -0.129006 0.454721 0.855469 0.156250
  3 -4.400895 -14.374969 4.817972 -0.165095 -0.037399 0.985568 0.906250 0.359375
view_glove.bmp
  3 -4.400895 -14.374969 4.817972 -0.165095 -0.037399 0.985568 0.906250 0.359375
  0 -5.622382 -13.024502 3.808481 -0.881241 -0.129006 0.454721 0.855469 0.156250
  4 -4.598461 -14.705249 4.418565 -0.692922 -0.466315 0.549917 0.898438 0.273438
view_glove.bmp
  0 -5.622382 -13.024502 3.808481 -0.881241 -0.129006 0.454721 0.855469 0.156250
  1 -5.714269 -15.031373 4.468937 -0.381594 -0.324795 0.865387 0.890625 0.179688
  4 -4.598461 -14.705249 4.418565 -0.692922 -0.466315 0.549917 0.898438 0.273438
view_glove.bmp
  1 -5.254768 -13.055920 1.752719 -0.199808 0.244110 -0.948940 0.500000 0.296875
  0 -5.558614 -13.169952 1.922592 -0.327287 0.193193 -0.924965 0.519531 0.164063
  1 -4.851273 -13.025734 1.984194 0.425497 0.648495 -0.631195 0.554688 0.312500
view_glove.bmp
  1 -4.851273 -13.025734 1.984194 0.425497 0.648495 -0.631195 0.554688 0.312500
  0 -5.558614 -13.169952 1.922592 -0.327287 0.193193 -0.924965 0.519531 0.164063
  0 -5.018696 -12.787624 2.256079 0.737109 0.555307 -0.385104 0.597656 0.164063
view_glove.bmp
  1 -5.254768 -13.055920 1.752719 -0.199808 0.244110 -0.948940 0.406250 0.203125
  1 -5.658738 -13.283065 2.099437 -0.803669 -0.114396 -0.583978 0.343750 0.257813
  0 -5.558614 -13.169952 1.922592 -0.327287 0.193193 -0.924965 0.398438 0.007813
view_glove.bmp
  0 -5.558614 -13.169952 1.922592 -0.327287 0.193193 -0.924965 0.398438 0.007813
  1 -5.658738 -13.283065 2.099437 -0.803669 -0.114396 -0.583978 0.343750 0.257813
  0 -5.727324 -13.378496 2.477701 -0.925610 -0.377304 0.029800 0.328125 0.046875
view_glove.bmp
  3 -4.766706 -13.373405 4.388145 0.368013 0.527619 0.765627 0.835938 0.335938
  3 -4.375622 -13.217730 3.949262 0.769430 0.556721 0.313112 0.773438 0.335938
  0 -5.223028 -12.593214 4.135295 0.214199 0.406698 0.888096 0.808594 0.195313
view_glove.bmp
  0 -5.223028 -12.593214 4.135295 0.214199 0.406698 0.888096 0.808594 0.195313
  3 -4.375622 -13.217730 3.949262 0.769430 0.556721 0.313112 0.773438 0.335938
  0 -4.852501 -12.452135 3.584472 0.877544 0.466423 0.111206 0.730469 0.164063
view_glove.bmp
 12 -4.782019 -15.378605 2.223599 0.965221 0.074802 -0.250505 0.597656 0.851563
  1 -4.899063 -14.873549 2.930129 0.996957 -0.002900 0.077897 0.644531 0.765625
 12 -4.758443 -15.570477 2.644704 0.881012 -0.071201 0.467706 0.640625 0.898438
view_glove.bmp
  9 -5.348793 -15.587823 3.519920 -0.838473 -0.512183 -0.186094 0.050781 0.773438
  9 -4.837770 -15.668766 3.394603 0.906828 -0.008600 0.421413 0.000000 0.937500
  6 -5.043407 -15.692756 3.724076 0.933432 -0.203707 -0.295310 0.035156 0.953125
view_glove.bmp
 12 -5.250494 -15.492534 2.781856 -0.852360 -0.506076 -0.131794 0.050781 0.781250
 12 -4.758443 -15.570477 2.644704 0.881012 -0.071201 0.467706 0.007813 0.945313
  9 -4.832677 -15.551888 2.897800 0.948519 0.052701 -0.312306 0.035156 0.960938
view_glove.bmp
 12 -5.295253 -15.138607 2.097143 -0.772666 -0.421281 -0.474879 0.050781 0.781250
 15 -4.687479 -15.077955 2.023930 0.913684 0.057799 0.402293 0.003906 0.945313
 12 -4.782019 -15.378605 2.223599 0.965221 0.074802 -0.250505 0.039063 0.976563
view_glove.bmp
  1 -5.453426 -14.610520 1.950080 -0.956005 -0.226101 -0.186901 0.351563 0.695313
  1 -5.658738 -13.283065 2.099437 -0.803669 -0.114396 -0.583978 0.343750 0.257813
  1 -5.450105 -14.271680 1.627937 -0.764510 -0.049501 -0.642708 0.390625 0.593750
view_glove.bmp
  1 -5.658718 -15.012825 3.931192 -0.969492 -0.204598 -0.134999 0.089844 0.812500
  1 -5.682073 -15.164307 4.409844 -0.624468 -0.408079 0.665966 0.011719 0.859375
  1 -5.714269 -15.031373 4.468937 -0.381594 -0.324795 0.865387 0.000000 0.820313
view_glove.bmp
  4 -3.924530 -14.457283 4.239598 0.996841 0.028301 0.074203 0.878906 0.664063
  3 -3.934495 -14.202617 4.136087 0.955781 0.151597 -0.251995 0.832031 0.578125
  3 -4.017071 -14.234072 4.721913 0.753453 0.301181 0.584464 0.894531 0.554688
view_glove.bmp
 15 -4.993145 -14.684569 1.493160 0.188703 0.052801 -0.980614 0.425781 0.695313
 15 -5.233626 -14.763236 1.543955 -0.627911 -0.223804 -0.745413 0.390625 0.765625
  1 -5.115532 -14.029374 1.496983 0.001000 0.167706 -0.985837 0.421875 0.460938
view_skin.BMP
  0 -9.057037 -5.080961 -0.161694 -0.194399 -0.104900 -0.975297 0.515625 0.984375
  0 -8.286365 -4.628483 0.396361 0.647599 0.283200 -0.707399 0.652344 0.984375
  0 -8.058317 -7.642601 -0.087152 -0.075596 -0.245087 -0.966549 0.503906 0.730469
view_skin.BMP
  0 -8.058317 -7.642601 -0.087152 -0.075596 -0.245087 -0.966549 0.503906 0.730469
  0 -8.286365 -4.628483 0.396361 0.647599 0.283200 -0.707399 0.652344 0.984375
  0 -7.120032 -6.938803 0.477549 0.876533 0.264410 -0.402215 0.621094 0.753906
view_skin.BMP
  0 -8.286365 -4.628483 0.396361 0.647599 0.283200 -0.707399 0.652344 0.984375
  0 -8.186887 -4.371940 1.337047 0.905512 0.394405 -0.156502 0.746094 0.984375
  0 -7.120032 -6.938803 0.477549 0.876533 0.264410 -0.402215 0.621094 0.753906
view_skin.BMP
  0 -7.120032 -6.938803 0.477549 0.876533 0.264410 -0.402215 0.621094 0.753906
  0 -8.186887 -4.371940 1.337047 0.905512 0.394405 -0.156502 0.746094 0.984375
  0 -7.019747 -7.069594 1.886178 0.915321 0.320007 -0.244505 0.746094 0.707031
view_skin.BMP
  0 -8.186887 -4.371940 1.337047 0.905512 0.394405 -0.156502 0.746094 0.984375
  0 -8.056803 -4.133143 2.237133 0.852690 0.507094 0.125599 0.835938 0.984375
  0 -7.019747 -7.069594 1.886178 0.915321 0.320007 -0.244505 0.746094 0.707031
view_skin.BMP
  0 -7.019747 -7.069594 1.886178 0.915321 0.320007 -0.244505 0.746094 0.707031
  0 -8.056803 -4.133143 2.237133 0.852690 0.507094 0.125599 0.835938 0.984375
  0 -6.734938 -6.266929 2.929831 0.930205 0.366002 0.027600 0.867188 0.750000
view_skin.BMP
  0 -8.056803 -4.133143 2.237133 0.852690 0.507094 0.125599 0.835938 0.984375
  0 -7.491576 -6.731510 4.040354 0.264211 0.231210 0.936341 0.949219 0.714844
  0 -6.734938 -6.266929 2.929831 0.930205 0.366002 0.027600 0.867188 0.750000
view_skin.BMP
  0 -6.734938 -6.266929 2.929831 0.930205 0.366002 0.027600 0.867188 0.750000
  0 -7.491576 -6.731510 4.040354 0.264211 0.231210 0.936341 0.949219 0.714844
  0 -5.759106 -10.267473 3.224444 0.893727 0.319210 0.315210 0.796875 0.257813
view_skin.BMP
  0 -7.491576 -6.731510 4.040354 0.264211 0.231210 0.936341 0.949219 0.714844
  0 -6.015848 -10.721845 3.845274 0.152603 0.145503 0.977518 0.921875 0.218750
  0 -5.759106 -10.267473 3.224444 0.893727 0.319210 0.315210 0.796875 0.257813
view_skin.BMP
  0 -5.759106 -10.267473 3.224444 0.893727 0.319210 0.315210 0.796875 0.257813
  0 -6.015848 -10.721845 3.845274 0.152603 0.145503 0.977518 0.921875 0.218750
  0 -4.852501 -12.452135 3.584472 0.877544 0.466423 0.111206 0.781250 0.027344
view_skin.BMP
  0 -6.015848 -10.721845 3.845274 0.152603 0.145503 0.977518 0.921875 0.218750
  0 -5.223028 -12.593214 4.135295 0.214199 0.406698 0.888096 0.925781 0.011719
  0 -4.852501 -12.452135 3.584472 0.877544 0.466423 0.111206 0.781250 0.027344
view_skin.BMP
  0 -5.759106 -10.267473 3.224444 0.893727 0.319210 0.315210 0.796875 0.257813
  0 -6.022774 -9.682966 2.651966 0.929323 0.291407 -0.226805 0.757813 0.335938
  0 -6.734938 -6.266929 2.929831 0.930205 0.366002 0.027600 0.867188 0.750000
view_skin.BMP
  0 -6.734938 -6.266929 2.929831 0.930205 0.366002 0.027600 0.867188 0.750000
  0 -6.022774 -9.682966 2.651966 0.929323 0.291407 -0.226805 0.757813 0.335938
  0 -7.019747 -7.069594 1.886178 0.915321 0.320007 -0.244505 0.746094 0.707031
view_skin.BMP
  0 -6.022774 -9.682966 2.651966 0.929323 0.291407 -0.226805 0.757813 0.335938
  0 -6.288077 -9.302785 2.113379 0.929323 0.291407 -0.226805 0.714844 0.398438
  0 -7.019747 -7.069594 1.886178 0.915321 0.320007 -0.244505 0.746094 0.707031
view_skin.BMP
  0 -7.019747 -7.069594 1.886178 0.915321 0.320007 -0.244505 0.746094 0.707031
  0 -6.288077 -9.302785 2.113379 0.929323 0.291407 -0.226805 0.714844 0.398438
  0 -7.120032 -6.938803 0.477549 0.876533 0.264410 -0.402215 0.621094 0.753906
view_skin.BMP
  0 -6.288077 -9.302785 2.113379 0.929323 0.291407 -0.226805 0.714844 0.398438
  0 -6.193419 -10.069981 1.608750 0.748070 0.078397 -0.658973 0.648438 0.328125
  0 -7.120032 -6.938803 0.477549 0.876533 0.264410 -0.402215 0.621094 0.753906
view_skin.BMP
  0 -7.120032 -6.938803 0.477549 0.876533 0.264410 -0.402215 0.621094 0.753906
  0 -6.193419 -10.069981 1.608750 0.748070 0.078397 -0.658973 0.648438 0.328125
  0 -8.058317 -7.642601 -0.087152 -0.075596 -0.245087 -0.966549 0.503906 0.730469
view_skin.BMP
  0 -6.193419 -10.069981 1.608750 0.748070 0.078397 -0.658973 0.648438 0.328125
  0 -6.692000 -10.480680 1.215377 -0.033300 -0.349602 -0.936306 0.503906 0.316406
  0 -8.058317 -7.642601 -0.087152 -0.075596 -0.245087 -0.966549 0.503906 0.730469
view_skin.BMP
  0 -6.743141 -10.655376 3.393579 -0.773428 -0.361613 0.520619 0.191406 0.332031
  0 -6.015848 -10.721845 3.845274 0.152603 0.145503 0.977518 0.035156 0.214844
  0 -7.491576 -6.731510 4.040354 0.264211 0.231210 0.936341 0.046875 0.695313
view_skin.BMP
  0 -6.743141 -10.655376 3.393579 -0.773428 -0.361613 0.520619 0.191406 0.332031
  0 -5.622382 -13.024502 3.808481 -0.881241 -0.129006 0.454721 0.195313 0.011719
  0 -6.015848 -10.721845 3.845274 0.152603 0.145503 0.977518 0.035156 0.214844
view_skin.BMP
  0 -6.743141 -10.655376 3.393579 -0.773428 -0.361613 0.520619 0.191406 0.332031
  0 -5.727324 -13.378496 2.477701 -0.925610 -0.377304 0.029800 0.308594 0.011719
  0 -5.622382 -13.024502 3.808481 -0.881241 -0.129006 0.454721 0.195313 0.011719
view_skin.BMP
  0 -6.743141 -10.655376 3.393579 -0.773428 -0.361613 0.520619 0.191406 0.332031
  0 -7.175158 -10.452760 1.797081 -0.779507 -0.533405 -0.328403 0.304688 0.332031
  0 -5.727324 -13.378496 2.477701 -0.925610 -0.377304 0.029800 0.308594 0.011719
view_skin.BMP
  0 -6.743141 -10.655376 3.393579 -0.773428 -0.361613 0.520619 0.191406 0.332031
  0 -8.936377 -7.845502 0.780512 -0.902487 -0.413894 -0.119198 0.363281 0.710938
  0 -7.175158 -10.452760 1.797081 -0.779507 -0.533405 -0.328403 0.304688 0.332031
view_skin.BMP
  0 -6.743141 -10.655376 3.393579 -0.773428 -0.361613 0.520619 0.191406 0.332031
  0 -8.638508 -7.110142 3.392986 -0.747878 -0.164695 0.643081 0.121094 0.714844
  0 -8.936377 -7.845502 0.780512 -0.902487 -0.413894 -0.119198 0.363281 0.710938
view_skin.BMP
  0 -6.743141 -10.655376 3.393579 -0.773428 -0.361613 0.520619 0.191406 0.332031
  0 -7.491576 -6.731510 4.040354 0.264211 0.231210 0.936341 0.046875 0.695313
  0 -8.638508 -7.110142 3.392986 -0.747878 -0.164695 0.643081 0.121094 0.714844
view_skin.BMP
  0 -8.058317 -7.642601 -0.087152 -0.075596 -0.245087 -0.966549 0.476563 0.710938
  0 -8.936377 -7.845502 0.780512 -0.902487 -0.413894 -0.119198 0.363281 0.710938
  0 -9.602947 -5.133284 0.688567 -0.877837 -0.268511 -0.396617 0.324219 0.988281
view_skin.BMP
  0 -9.602947 -5.133284 0.688567 -0.877837 -0.268511 -0.396617 0.324219 0.988281
  0 -8.936377 -7.845502 0.780512 -0.902487 -0.413894 -0.119198 0.363281 0.710938
  0 -9.382529 -4.641449 2.531368 -0.908518 -0.134203 0.395708 0.152344 0.988281
view_skin.BMP
  0 -8.936377 -7.845502 0.780512 -0.902487 -0.413894 -0.119198 0.363281 0.710938
  0 -8.638508 -7.110142 3.392986 -0.747878 -0.164695 0.643081 0.121094 0.714844
  0 -9.382529 -4.641449 2.531368 -0.908518 -0.134203 0.395708 0.152344 0.988281
view_skin.BMP
  0 -9.382529 -4.641449 2.531368 -0.908518 -0.134203 0.395708 0.152344 0.988281
  0 -8.638508 -7.110142 3.392986 -0.747878 -0.164695 0.643081 0.121094 0.714844
  0 -8.667862 -4.212566 3.092000 -0.203506 0.294509 0.933729 0.085938 0.988281
view_skin.BMP
  0 -8.638508 -7.110142 3.392986 -0.747878 -0.164695 0.643081 0.121094 0.714844
  0 -7.491576 -6.731510 4.040354 0.264211 0.231210 0.936341 0.046875 0.695313
  0 -8.667862 -4.212566 3.092000 -0.203506 0.294509 0.933729 0.085938 0.988281
view_skin.BMP
  0 -6.022774 -9.682966 2.651966 0.929323 0.291407 -0.226805 0.757813 0.335938
  0 -5.018696 -12.787624 2.256079 0.737109 0.555307 -0.385104 0.656250 0.027344
  0 -6.288077 -9.302785 2.113379 0.929323 0.291407 -0.226805 0.714844 0.398438
view_skin.BMP
  0 -6.288077 -9.302785 2.113379 0.929323 0.291407 -0.226805 0.714844 0.398438
  0 -5.018696 -12.787624 2.256079 0.737109 0.555307 -0.385104 0.656250 0.027344
  0 -6.193419 -10.069981 1.608750 0.748070 0.078397 -0.658973 0.648438 0.328125
view_skin.BMP
  0 -5.018696 -12.787624 2.256079 0.737109 0.555307 -0.385104 0.656250 0.027344
  0 -5.558614 -13.169952 1.922592 -0.327287 0.193193 -0.924965 0.503906 0.027344
  0 -6.193419 -10.069981 1.608750 0.748070 0.078397 -0.658973 0.648438 0.328125
view_skin.BMP
  0 -6.193419 -10.069981 1.608750 0.748070 0.078397 -0.658973 0.648438 0.328125
  0 -5.558614 -13.169952 1.922592 -0.327287 0.193193 -0.924965 0.503906 0.027344
  0 -6.692000 -10.480680 1.215377 -0.033300 -0.349602 -0.936306 0.503906 0.316406
view_skin.BMP
  0 -7.175158 -10.452760 1.797081 -0.779507 -0.533405 -0.328403 0.304688 0.332031
  0 -5.558614 -13.169952 1.922592 -0.327287 0.193193 -0.924965 0.457031 0.027344
  0 -5.727324 -13.378496 2.477701 -0.925610 -0.377304 0.029800 0.308594 0.011719
view_skin.BMP
  0 -7.175158 -10.452760 1.797081 -0.779507 -0.533405 -0.328403 0.304688 0.332031
  0 -6.692000 -10.480680 1.215377 -0.033300 -0.349602 -0.936306 0.453125 0.304688
  0 -5.558614 -13.169952 1.922592 -0.327287 0.193193 -0.924965 0.457031 0.027344
view_skin.BMP
  0 -7.175158 -10.452760 1.797081 -0.779507 -0.533405 -0.328403 0.304688 0.332031
  0 -8.058317 -7.642601 -0.087152 -0.075596 -0.245087 -0.966549 0.476563 0.710938
  0 -6.692000 -10.480680 1.215377 -0.033300 -0.349602 -0.936306 0.453125 0.304688
view_skin.BMP
  0 -7.175158 -10.452760 1.797081 -0.779507 -0.533405 -0.328403 0.304688 0.332031
  0 -8.936377 -7.845502 0.780512 -0.902487 -0.413894 -0.119198 0.363281 0.710938
  0 -8.058317 -7.642601 -0.087152 -0.075596 -0.245087 -0.966549 0.476563 0.710938
view_skin.BMP
  0 -5.759106 -10.267473 3.224444 0.893727 0.319210 0.315210 0.796875 0.257813
  0 -4.852501 -12.452135 3.584472 0.877544 0.466423 0.111206 0.781250 0.027344
  0 -6.022774 -9.682966 2.651966 0.929323 0.291407 -0.226805 0.757813 0.335938
view_skin.BMP
  0 -6.022774 -9.682966 2.651966 0.929323 0.291407 -0.226805 0.757813 0.335938
  0 -4.852501 -12.452135 3.584472 0.877544 0.466423 0.111206 0.781250 0.027344
  0 -5.018696 -12.787624 2.256079 0.737109 0.555307 -0.385104 0.656250 0.027344
view_skin.BMP
  0 -8.058317 -7.642601 -0.087152 -0.075596 -0.245087 -0.966549 0.476563 0.710938
  0 -9.602947 -5.133284 0.688567 -0.877837 -0.268511 -0.396617 0.324219 0.988281
  0 -9.057037 -5.080961 -0.161694 -0.194399 -0.104900 -0.975297 0.500000 0.988281
view_skin.BMP
  0 -8.667862 -4.212566 3.092000 -0.203506 0.294509 0.933729 0.906250 0.984375
  0 -7.491576 -6.731510 4.040354 0.264211 0.231210 0.936341 0.949219 0.714844
  0 -8.056803 -4.133143 2.237133 0.852690 0.507094 0.125599 0.835938 0.984375
view_skin.BMP
  0 -5.223028 -12.593214 4.135295 0.214199 0.406698 0.888096 0.039063 0.011719
  0 -6.015848 -10.721845 3.845274 0.152603 0.145503 0.977518 0.035156 0.214844
  0 -5.622382 -13.024502 3.808481 -0.881241 -0.129006 0.454721 0.195313 0.011719
view_finger.bmp
 13 -4.814057 -16.059105 2.086545 -0.725121 0.467714 -0.505414 0.718750 0.648438
 13 -4.833118 -16.137100 2.478404 -0.986440 0.120705 0.111204 0.882813 0.648438
 13 -3.971195 -15.866881 2.186219 0.860044 0.179709 0.477524 0.726563 0.414063
view_finger.bmp
 13 -3.971195 -15.866881 2.186219 0.860044 0.179709 0.477524 0.726563 0.414063
 13 -4.833118 -16.137100 2.478404 -0.986440 0.120705 0.111204 0.882813 0.648438
 13 -3.988351 -15.937077 2.538892 0.794429 0.597422 0.109404 0.898438 0.421875
view_finger.bmp
 13 -4.833118 -16.137100 2.478404 -0.986440 0.120705 0.111204 0.882813 0.648438
 13 -3.823565 -16.116432 2.654117 0.472492 -0.454693 0.754987 0.976563 0.421875
 13 -3.988351 -15.937077 2.538892 0.794429 0.597422 0.109404 0.898438 0.421875
view_finger.bmp
 13 -3.988351 -15.937077 2.538892 0.794429 0.597422 0.109404 0.898438 0.421875
 13 -3.823565 -16.116432 2.654117 0.472492 -0.454693 0.754987 0.976563 0.421875
 14 -4.113056 -16.123159 2.493881 0.003000 -0.940279 -0.340393 0.890625 0.359375
view_finger.bmp
 13 -3.823565 -16.116432 2.654117 0.472492 -0.454693 0.754987 0.976563 0.421875
 14 -3.927723 -16.151773 2.628911 -0.324907 0.081601 0.942219 0.976563 0.367188
 14 -4.113056 -16.123159 2.493881 0.003000 -0.940279 -0.340393 0.890625 0.359375
view_finger.bmp
 14 -4.113056 -16.123159 2.493881 0.003000 -0.940279 -0.340393 0.890625 0.359375
 14 -3.927723 -16.151773 2.628911 -0.324907 0.081601 0.942219 0.976563 0.367188
 14 -3.921278 -15.443255 2.575434 -0.802602 0.346301 0.485701 0.859375 0.101563
view_finger.bmp
 14 -3.927723 -16.151773 2.628911 -0.324907 0.081601 0.942219 0.976563 0.367188
 14 -3.793002 -15.366120 2.677881 -0.096802 0.559114 0.823420 0.914063 0.015625
 14 -3.921278 -15.443255 2.575434 -0.802602 0.346301 0.485701 0.859375 0.101563
view_finger.bmp
 14 -3.921278 -15.443255 2.575434 -0.802602 0.346301 0.485701 0.859375 0.101563
 14 -3.793002 -15.366120 2.677881 -0.096802 0.559114 0.823420 0.914063 0.015625
 14 -3.910635 -15.394805 2.330405 -0.792319 0.590714 -0.152603 0.726563 0.109375
view_finger.bmp
 14 -3.793002 -15.366120 2.677881 -0.096802 0.559114 0.823420 0.914063 0.015625
 14 -3.773686 -15.269127 2.289785 0.038201 0.862913 -0.503907 0.656250 0.023438
 14 -3.910635 -15.394805 2.330405 -0.792319 0.590714 -0.152603 0.726563 0.109375
view_finger.bmp
 14 -3.910635 -15.394805 2.330405 -0.792319 0.590714 -0.152603 0.726563 0.109375
 14 -3.773686 -15.269127 2.289785 0.038201 0.862913 -0.503907 0.656250 0.023438
 14 -4.096586 -16.043655 2.143014 -0.808909 0.058601 -0.585006 0.726563 0.351563
view_finger.bmp
 14 -3.773686 -15.269127 2.289785 0.038201 0.862913 -0.503907 0.656250 0.023438
 14 -3.901753 -16.033554 2.031040 0.999129 0.016800 -0.038201 0.617188 0.351563
 14 -4.096586 -16.043655 2.143014 -0.808909 0.058601 -0.585006 0.726563 0.351563
view_finger.bmp
 14 -4.096586 -16.043655 2.143014 -0.808909 0.058601 -0.585006 0.726563 0.351563
 14 -3.901753 -16.033554 2.031040 0.999129 0.016800 -0.038201 0.617188 0.351563
 13 -3.971195 -15.866881 2.186219 0.860044 0.179709 0.477524 0.726563 0.414063
view_finger.bmp
 14 -3.901753 -16.033554 2.031040 0.999129 0.016800 -0.038201 0.617188 0.351563
 13 -3.822164 -15.998405 2.024381 0.162197 0.747988 -0.643589 0.617188 0.406250
 13 -3.971195 -15.866881 2.186219 0.860044 0.179709 0.477524 0.726563 0.414063
view_finger.bmp
 13 -3.971195 -15.866881 2.186219 0.860044 0.179709 0.477524 0.726563 0.414063
 13 -3.822164 -15.998405 2.024381 0.162197 0.747988 -0.643589 0.617188 0.406250
 13 -4.814057 -16.059105 2.086545 -0.725121 0.467714 -0.505414 0.718750 0.648438
view_finger.bmp
 13 -3.822164 -15.998405 2.024381 0.162197 0.747988 -0.643589 0.617188 0.406250
 13 -4.762969 -16.217072 1.935096 -0.191100 -0.955997 -0.222600 0.609375 0.640625
 13 -4.814057 -16.059105 2.086545 -0.725121 0.467714 -0.505414 0.718750 0.648438
view_finger.bmp
 13 -4.814057 -16.059105 2.086545 -0.725121 0.467714 -0.505414 0.718750 0.648438
 13 -4.762969 -16.217072 1.935096 -0.191100 -0.955997 -0.222600 0.609375 0.640625
 12 -4.544648 -16.192204 2.074224 0.499580 -0.824967 -0.264290 0.710938 0.718750
view_finger.bmp
 13 -4.762969 -16.217072 1.935096 -0.191100 -0.955997 -0.222600 0.609375 0.640625
 12 -4.683066 -16.337683 1.924974 -0.471195 0.866191 0.166398 0.609375 0.710938
 12 -4.544648 -16.192204 2.074224 0.499580 -0.824967 -0.264290 0.710938 0.718750
view_finger.bmp
 12 -4.544648 -16.192204 2.074224 0.499580 -0.824967 -0.264290 0.710938 0.718750
 12 -4.683066 -16.337683 1.924974 -0.471195 0.866191 0.166398 0.609375 0.710938
 12 -5.295253 -15.138607 2.097143 -0.772666 -0.421281 -0.474879 0.593750 0.984375
view_finger.bmp
  6 -5.334687 -15.610900 4.355309 0.005800 -0.141195 0.989965 0.593750 0.984375
  6 -5.031178 -16.420580 4.181812 0.654636 0.002000 0.755942 0.710938 0.718750
  6 -5.058037 -15.629539 4.268033 0.902875 -0.003600 0.429888 0.687500 0.976563
view_finger.bmp
  6 -5.058037 -15.629539 4.268033 0.902875 -0.003600 0.429888 0.687500 0.976563
  6 -5.031178 -16.420580 4.181812 0.654636 0.002000 0.755942 0.710938 0.718750
  6 -4.977344 -16.410103 3.745243 0.933168 0.146595 -0.328189 0.875000 0.726563
view_finger.bmp
  6 -5.031178 -16.420580 4.181812 0.654636 0.002000 0.755942 0.710938 0.718750
  7 -5.025626 -16.475021 4.172153 0.815603 0.256801 0.518502 0.718750 0.648438
  6 -4.977344 -16.410103 3.745243 0.933168 0.146595 -0.328189 0.875000 0.726563
view_finger.bmp
  6 -4.977344 -16.410103 3.745243 0.933168 0.146595 -0.328189 0.875000 0.726563
  7 -5.025626 -16.475021 4.172153 0.815603 0.256801 0.518502 0.718750 0.648438
  7 -4.962155 -16.479153 3.746413 0.867327 0.409313 -0.283209 0.882813 0.648438
view_finger.bmp
  7 -5.025626 -16.475021 4.172153 0.815603 0.256801 0.518502 0.718750 0.648438
  7 -4.614563 -17.089489 4.204636 0.977191 -0.147999 0.152299 0.726563 0.414063
  7 -4.962155 -16.479153 3.746413 0.867327 0.409313 -0.283209 0.882813 0.648438
view_finger.bmp
  7 -4.962155 -16.479153 3.746413 0.867327 0.409313 -0.283209 0.882813 0.648438
  7 -4.614563 -17.089489 4.204636 0.977191 -0.147999 0.152299 0.726563 0.414063
  7 -4.563419 -17.077305 3.787940 0.729791 -0.604793 -0.318796 0.898438 0.421875
view_finger.bmp
  7 -4.614563 -17.089489 4.204636 0.977191 -0.147999 0.152299 0.726563 0.414063
  8 -4.663443 -17.090395 4.189481 0.852787 -0.318895 0.413594 0.726563 0.351563
  7 -4.563419 -17.077305 3.787940 0.729791 -0.604793 -0.318796 0.898438 0.421875
view_finger.bmp
  7 -4.563419 -17.077305 3.787940 0.729791 -0.604793 -0.318796 0.898438 0.421875
  8 -4.663443 -17.090395 4.189481 0.852787 -0.318895 0.413594 0.726563 0.351563
  8 -4.605272 -17.081841 3.793700 0.721006 0.275502 0.635805 0.890625 0.359375
view_finger.bmp
  8 -4.663443 -17.090395 4.189481 0.852787 -0.318895 0.413594 0.726563 0.351563
  8 -4.307897 -17.191378 4.028581 0.476988 0.875678 0.075298 0.804688 0.226563
  8 -4.605272 -17.081841 3.793700 0.721006 0.275502 0.635805 0.890625 0.359375
view_finger.bmp
  8 -4.605272 -17.081841 3.793700 0.721006 0.275502 0.635805 0.890625 0.359375
  8 -4.307897 -17.191378 4.028581 0.476988 0.875678 0.075298 0.804688 0.226563
  8 -4.031679 -17.386894 3.925734 0.676404 0.678904 -0.285601 0.859375 0.101563
view_finger.bmp
  8 -4.307897 -17.191378 4.028581 0.476988 0.875678 0.075298 0.804688 0.226563
  8 -4.066993 -17.395308 4.213453 0.498307 0.670210 0.550008 0.726563 0.109375
  8 -4.031679 -17.386894 3.925734 0.676404 0.678904 -0.285601 0.859375 0.101563
view_finger.bmp
  8 -4.031679 -17.386894 3.925734 0.676404 0.678904 -0.285601 0.859375 0.101563
  8 -4.066993 -17.395308 4.213453 0.498307 0.670210 0.550008 0.726563 0.109375
  8 -3.983022 -17.541128 4.269891 0.674405 -0.176301 0.717005 0.656250 0.023438
view_finger.bmp
  8 -4.066993 -17.395308 4.213453 0.498307 0.670210 0.550008 0.726563 0.109375
  8 -4.731325 -17.273863 4.266498 0.876882 -0.426791 0.221195 0.617188 0.351563
  8 -3.983022 -17.541128 4.269891 0.674405 -0.176301 0.717005 0.656250 0.023438
view_finger.bmp
  9 -5.348793 -15.587823 3.519920 -0.838473 -0.512183 -0.186094 0.593750 0.984375
  9 -4.659270 -16.709045 3.295820 0.365488 -0.184394 0.912369 0.609375 0.710938
  9 -4.837770 -15.668766 3.394603 0.906828 -0.008600 0.421413 0.687500 0.976563
view_finger.bmp
  9 -4.837770 -15.668766 3.394603 0.906828 -0.008600 0.421413 0.687500 0.976563
  9 -4.659270 -16.709045 3.295820 0.365488 -0.184394 0.912369 0.609375 0.710938
  9 -4.506866 -16.489334 3.169724 0.352391 -0.751981 -0.557086 0.710938 0.718750
view_finger.bmp
  9 -4.659270 -16.709045 3.295820 0.365488 -0.184394 0.912369 0.609375 0.710938
 10 -4.756688 -16.599440 3.310251 -0.880527 -0.472014 0.043301 0.609375 0.640625
  9 -4.506866 -16.489334 3.169724 0.352391 -0.751981 -0.557086 0.710938 0.718750
view_finger.bmp
  9 -4.506866 -16.489334 3.169724 0.352391 -0.751981 -0.557086 0.710938 0.718750
 10 -4.756688 -16.599440 3.310251 -0.880527 -0.472014 0.043301 0.609375 0.640625
 10 -4.851486 -16.382330 3.167154 -0.989981 -0.141197 -0.000000 0.718750 0.648438
view_finger.bmp
 10 -4.756688 -16.599440 3.310251 -0.880527 -0.472014 0.043301 0.609375 0.640625
 10 -4.056983 -16.013018 3.250063 0.663699 0.739199 0.114400 0.726563 0.414063
 10 -4.851486 -16.382330 3.167154 -0.989981 -0.141197 -0.000000 0.718750 0.648438
view_finger.bmp
 10 -4.851486 -16.382330 3.167154 -0.989981 -0.141197 -0.000000 0.718750 0.648438
 10 -4.056983 -16.013018 3.250063 0.663699 0.739199 0.114400 0.726563 0.414063
 10 -4.056022 -15.939774 2.856700 0.453388 0.871477 -0.186995 0.898438 0.421875
view_finger.bmp
 10 -4.056983 -16.013018 3.250063 0.663699 0.739199 0.114400 0.726563 0.414063
 11 -4.116986 -16.187637 3.201424 -0.131801 -0.951408 0.278302 0.726563 0.351563
 10 -4.056022 -15.939774 2.856700 0.453388 0.871477 -0.186995 0.898438 0.421875
view_finger.bmp
 10 -4.056022 -15.939774 2.856700 0.453388 0.871477 -0.186995 0.898438 0.421875
 11 -4.116986 -16.187637 3.201424 -0.131801 -0.951408 0.278302 0.726563 0.351563
 11 -4.104520 -16.107775 2.829851 -0.619095 -0.712894 0.329397 0.890625 0.359375
view_finger.bmp
 11 -4.116986 -16.187637 3.201424 -0.131801 -0.951408 0.278302 0.726563 0.351563
 11 -4.089650 -15.781325 3.094823 -0.982857 0.183592 0.016899 0.804688 0.226563
 11 -4.104520 -16.107775 2.829851 -0.619095 -0.712894 0.329397 0.890625 0.359375
view_finger.bmp
 11 -4.104520 -16.107775 2.829851 -0.619095 -0.712894 0.329397 0.890625 0.359375
 11 -4.089650 -15.781325 3.094823 -0.982857 0.183592 0.016899 0.804688 0.226563
 11 -3.983183 -15.416961 3.041875 -0.851769 0.381786 -0.358787 0.859375 0.101563
view_finger.bmp
 11 -4.089650 -15.781325 3.094823 -0.982857 0.183592 0.016899 0.804688 0.226563
 11 -3.984880 -15.468694 3.317049 -0.882163 0.281188 0.377784 0.726563 0.109375
 11 -3.983183 -15.416961 3.041875 -0.851769 0.381786 -0.358787 0.859375 0.101563
view_finger.bmp
 11 -3.983183 -15.416961 3.041875 -0.851769 0.381786 -0.358787 0.859375 0.101563
 11 -3.984880 -15.468694 3.317049 -0.882163 0.281188 0.377784 0.726563 0.109375
 11 -3.859818 -15.229228 3.006702 0.087896 0.865761 -0.492678 0.914063 0.015625
view_finger.bmp
 11 -3.984880 -15.468694 3.317049 -0.882163 0.281188 0.377784 0.726563 0.109375
 11 -3.862648 -15.320349 3.437270 -0.073801 0.541106 0.837710 0.656250 0.023438
 11 -3.859818 -15.229228 3.006702 0.087896 0.865761 -0.492678 0.914063 0.015625
view_finger.bmp
 15 -4.722591 -14.749368 1.640137 0.884769 0.249391 -0.393686 0.875000 0.976563
 15 -4.508874 -15.483248 1.633497 0.948967 0.117196 -0.292790 0.875000 0.726563
 15 -4.630071 -15.610541 1.500427 0.247200 0.137900 -0.959101 0.976563 0.710938
view_finger.bmp
 15 -4.630071 -15.610541 1.500427 0.247200 0.137900 -0.959101 0.976563 0.710938
 15 -4.508874 -15.483248 1.633497 0.948967 0.117196 -0.292790 0.875000 0.726563
 16 -4.598141 -15.624733 1.502321 0.259502 0.032200 -0.965206 0.976563 0.648438
view_finger.bmp
 15 -4.508874 -15.483248 1.633497 0.948967 0.117196 -0.292790 0.875000 0.726563
 16 -4.513314 -15.498549 1.641182 0.822910 0.077901 -0.562806 0.882813 0.648438
 16 -4.598141 -15.624733 1.502321 0.259502 0.032200 -0.965206 0.976563 0.648438
view_finger.bmp
 16 -4.598141 -15.624733 1.502321 0.259502 0.032200 -0.965206 0.976563 0.648438
 16 -4.513314 -15.498549 1.641182 0.822910 0.077901 -0.562806 0.882813 0.648438
 16 -3.967380 -16.030981 1.500570 0.504414 0.538315 -0.675118 0.976563 0.421875
view_finger.bmp
 16 -4.513314 -15.498549 1.641182 0.822910 0.077901 -0.562806 0.882813 0.648438
 16 -3.973345 -15.841632 1.623089 0.823108 -0.383204 0.419104 0.898438 0.421875
 16 -3.967380 -16.030981 1.500570 0.504414 0.538315 -0.675118 0.976563 0.421875
view_finger.bmp
 16 -3.967380 -16.030981 1.500570 0.504414 0.538315 -0.675118 0.976563 0.421875
 16 -3.973345 -15.841632 1.623089 0.823108 -0.383204 0.419104 0.898438 0.421875
 17 -4.082285 -16.023872 1.501556 0.506382 0.221892 -0.833271 0.976563 0.367188
view_finger.bmp
 16 -3.973345 -15.841632 1.623089 0.823108 -0.383204 0.419104 0.898438 0.421875
 17 -4.228685 -15.924636 1.579783 -0.774089 0.495693 -0.393795 0.890625 0.359375
 17 -4.082285 -16.023872 1.501556 0.506382 0.221892 -0.833271 0.976563 0.367188
view_finger.bmp
 17 -4.082285 -16.023872 1.501556 0.506382 0.221892 -0.833271 0.976563 0.367188
 17 -4.228685 -15.924636 1.579783 -0.774089 0.495693 -0.393795 0.890625 0.359375
 17 -3.741903 -15.615483 1.738111 -0.252612 0.924945 -0.284014 0.859375 0.101563
view_finger.bmp
 17 -4.228685 -15.924636 1.579783 -0.774089 0.495693 -0.393795 0.890625 0.359375
 17 -4.028244 -15.740714 1.784223 -0.539490 0.836984 0.091698 0.804688 0.226563
 17 -3.741903 -15.615483 1.738111 -0.252612 0.924945 -0.284014 0.859375 0.101563
view_finger.bmp
 17 -3.741903 -15.615483 1.738111 -0.252612 0.924945 -0.284014 0.859375 0.101563
 17 -4.028244 -15.740714 1.784223 -0.539490 0.836984 0.091698 0.804688 0.226563
 17 -3.757397 -15.654572 1.954287 -0.404315 0.713427 0.572321 0.726563 0.109375
view_finger.bmp
 17 -4.028244 -15.740714 1.784223 -0.539490 0.836984 0.091698 0.804688 0.226563
 17 -4.251235 -15.978421 1.864034 -0.581811 -0.693014 -0.425709 0.726563 0.351563
 17 -3.757397 -15.654572 1.954287 -0.404315 0.713427 0.572321 0.726563 0.109375
view_finger.bmp
 17 -3.757397 -15.654572 1.954287 -0.404315 0.713427 0.572321 0.726563 0.109375
 17 -4.251235 -15.978421 1.864034 -0.581811 -0.693014 -0.425709 0.726563 0.351563
 17 -4.121973 -16.113348 1.951133 -0.348984 0.114095 0.930157 0.617188 0.351563
view_finger.bmp
 17 -4.251235 -15.978421 1.864034 -0.581811 -0.693014 -0.425709 0.726563 0.351563
 16 -3.998893 -16.142475 1.966806 0.158903 -0.649111 0.743912 0.617188 0.406250
 17 -4.121973 -16.113348 1.951133 -0.348984 0.114095 0.930157 0.617188 0.351563
view_finger.bmp
  9 -5.348793 -15.587823 3.519920 -0.838473 -0.512183 -0.186094 0.078125 0.929688
  6 -5.321274 -16.639051 3.697338 -0.637877 -0.395085 -0.661076 0.078125 0.679688
  6 -5.551365 -15.502703 4.210243 -0.931518 -0.281405 0.230404 0.304688 0.953125
view_finger.bmp
  6 -5.551365 -15.502703 4.210243 -0.931518 -0.281405 0.230404 0.304688 0.953125
  6 -5.321274 -16.639051 3.697338 -0.637877 -0.395085 -0.661076 0.078125 0.679688
  6 -5.376215 -16.639589 4.134009 -0.756431 -0.439818 0.484120 0.250000 0.679688
view_finger.bmp
  6 -5.321274 -16.639051 3.697338 -0.637877 -0.395085 -0.661076 0.078125 0.679688
  7 -4.788095 -17.408621 3.780913 -0.488896 -0.807394 -0.330297 0.046875 0.367188
  6 -5.376215 -16.639589 4.134009 -0.756431 -0.439818 0.484120 0.250000 0.679688
view_finger.bmp
  6 -5.376215 -16.639589 4.134009 -0.756431 -0.439818 0.484120 0.250000 0.679688
  7 -4.788095 -17.408621 3.780913 -0.488896 -0.807394 -0.330297 0.046875 0.367188
  7 -4.834368 -17.419647 4.157924 -0.324295 -0.860687 0.392494 0.296875 0.367188
view_finger.bmp
  7 -4.788095 -17.408621 3.780913 -0.488896 -0.807394 -0.330297 0.046875 0.367188
  8 -4.039218 -17.628344 3.958065 0.195809 -0.920141 -0.339115 0.078125 0.109375
  7 -4.834368 -17.419647 4.157924 -0.324295 -0.860687 0.392494 0.296875 0.367188
view_finger.bmp
  7 -4.834368 -17.419647 4.157924 -0.324295 -0.860687 0.392494 0.296875 0.367188
  8 -4.039218 -17.628344 3.958065 0.195809 -0.920141 -0.339115 0.078125 0.109375
  8 -4.079123 -17.632545 4.205026 0.109502 -0.906614 0.407506 0.289063 0.117188
view_finger.bmp
  8 -4.039218 -17.628344 3.958065 0.195809 -0.920141 -0.339115 0.078125 0.109375
  8 -3.983022 -17.541128 4.269891 0.674405 -0.176301 0.717005 0.312500 0.015625
  8 -4.079123 -17.632545 4.205026 0.109502 -0.906614 0.407506 0.289063 0.117188
view_finger.bmp
  8 -4.079123 -17.632545 4.205026 0.109502 -0.906614 0.407506 0.289063 0.117188
  8 -3.983022 -17.541128 4.269891 0.674405 -0.176301 0.717005 0.312500 0.015625
  7 -4.834368 -17.419647 4.157924 -0.324295 -0.860687 0.392494 0.296875 0.367188
view_finger.bmp
  8 -3.983022 -17.541128 4.269891 0.674405 -0.176301 0.717005 0.312500 0.015625
  8 -4.731325 -17.273863 4.266498 0.876882 -0.426791 0.221195 0.351563 0.351563
  7 -4.834368 -17.419647 4.157924 -0.324295 -0.860687 0.392494 0.296875 0.367188
view_finger.bmp
  7 -4.834368 -17.419647 4.157924 -0.324295 -0.860687 0.392494 0.296875 0.367188
  8 -4.731325 -17.273863 4.266498 0.876882 -0.426791 0.221195 0.351563 0.351563
  7 -4.731814 -17.272562 4.275605 0.270707 -0.610617 0.744221 0.351563 0.406250
view_finger.bmp
  4 -3.924530 -14.457283 4.239598 0.996841 0.028301 0.074203 0.937500 0.929688
  4 -3.662611 -15.286562 4.200942 0.901407 0.418503 -0.111001 0.960938 0.539063
  4 -4.140316 -14.544362 3.861771 0.634394 -0.492396 -0.595895 0.843750 0.960938
view_finger.bmp
  4 -4.140316 -14.544362 3.861771 0.634394 -0.492396 -0.595895 0.843750 0.960938
  4 -3.662611 -15.286562 4.200942 0.901407 0.418503 -0.111001 0.960938 0.539063
  4 -3.861936 -15.349759 3.880199 0.730691 0.508094 -0.455994 0.851563 0.562500
view_finger.bmp
  4 -3.662611 -15.286562 4.200942 0.901407 0.418503 -0.111001 0.960938 0.539063
  5 -3.624089 -15.347887 4.177466 0.941315 0.337406 0.009100 0.976563 0.484375
  4 -3.861936 -15.349759 3.880199 0.730691 0.508094 -0.455994 0.851563 0.562500
view_finger.bmp
  4 -3.861936 -15.349759 3.880199 0.730691 0.508094 -0.455994 0.851563 0.562500
  5 -3.624089 -15.347887 4.177466 0.941315 0.337406 0.009100 0.976563 0.484375
  5 -3.891696 -15.194584 3.901450 0.046500 0.875705 -0.480603 0.875000 0.484375
view_finger.bmp
  5 -3.624089 -15.347887 4.177466 0.941315 0.337406 0.009100 0.976563 0.484375
  5 -3.625147 -15.650352 3.817030 0.896905 0.212901 -0.387602 0.968750 0.234375
  5 -3.891696 -15.194584 3.901450 0.046500 0.875705 -0.480603 0.875000 0.484375
view_finger.bmp
  5 -3.891696 -15.194584 3.901450 0.046500 0.875705 -0.480603 0.875000 0.484375
  5 -3.625147 -15.650352 3.817030 0.896905 0.212901 -0.387602 0.968750 0.234375
  5 -3.865455 -15.628702 3.588156 0.071198 0.392087 -0.917169 0.851563 0.273438
view_finger.bmp
  5 -3.625147 -15.650352 3.817030 0.896905 0.212901 -0.387602 0.968750 0.234375
  5 -3.767484 -16.026247 3.483949 0.643724 -0.302511 -0.702927 0.859375 0.078125
  5 -3.865455 -15.628702 3.588156 0.071198 0.392087 -0.917169 0.851563 0.273438
view_finger.bmp
  5 -3.865455 -15.628702 3.588156 0.071198 0.392087 -0.917169 0.851563 0.273438
  5 -3.767484 -16.026247 3.483949 0.643724 -0.302511 -0.702927 0.859375 0.078125
  5 -4.086885 -16.150101 3.556360 -0.704111 -0.500808 -0.503408 0.757813 0.070313
view_finger.bmp
  5 -3.767484 -16.026247 3.483949 0.643724 -0.302511 -0.702927 0.859375 0.078125
  5 -4.006674 -16.230118 3.759495 -0.029999 -0.999152 -0.028199 0.742188 0.101563
  5 -4.086885 -16.150101 3.556360 -0.704111 -0.500808 -0.503408 0.757813 0.070313
view_finger.bmp
  5 -3.767484 -16.026247 3.483949 0.643724 -0.302511 -0.702927 0.398438 0.078125
  5 -3.686821 -16.112701 3.679446 0.686414 -0.707515 0.168103 0.265625 0.117188
  5 -4.006674 -16.230118 3.759495 -0.029999 -0.999152 -0.028199 0.085938 0.109375
view_finger.bmp
  5 -4.006674 -16.230118 3.759495 -0.029999 -0.999152 -0.028199 0.085938 0.109375
  5 -3.686821 -16.112701 3.679446 0.686414 -0.707515 0.168103 0.265625 0.117188
  5 -4.029250 -15.959242 4.066606 -0.238997 -0.809488 0.536292 0.093750 0.328125
view_finger.bmp
  5 -3.686821 -16.112701 3.679446 0.686414 -0.707515 0.168103 0.265625 0.117188
  5 -3.659669 -15.831930 3.981158 0.879515 -0.431708 0.200204 0.265625 0.320313
  5 -4.029250 -15.959242 4.066606 -0.238997 -0.809488 0.536292 0.093750 0.328125
view_finger.bmp
  5 -4.029250 -15.959242 4.066606 -0.238997 -0.809488 0.536292 0.093750 0.328125
  5 -3.659669 -15.831930 3.981158 0.879515 -0.431708 0.200204 0.265625 0.320313
  5 -4.036250 -15.703681 4.544664 -0.222804 -0.579110 0.784213 0.093750 0.515625
view_finger.bmp
  5 -3.659669 -15.831930 3.981158 0.879515 -0.431708 0.200204 0.265625 0.320313
  5 -3.625010 -15.552719 4.441744 0.784567 -0.018299 0.619774 0.289063 0.515625
  5 -4.036250 -15.703681 4.544664 -0.222804 -0.579110 0.784213 0.093750 0.515625
view_finger.bmp
  5 -4.036250 -15.703681 4.544664 -0.222804 -0.579110 0.784213 0.093750 0.515625
  5 -3.625010 -15.552719 4.441744 0.784567 -0.018299 0.619774 0.289063 0.515625
  4 -4.148314 -15.034131 4.598020 -0.193506 -0.217307 0.956730 0.078125 0.703125
view_finger.bmp
  5 -3.625010 -15.552719 4.441744 0.784567 -0.018299 0.619774 0.289063 0.515625
  4 -3.919848 -14.950264 4.540842 0.701988 0.060799 0.709588 0.289063 0.703125
  4 -4.148314 -15.034131 4.598020 -0.193506 -0.217307 0.956730 0.078125 0.703125
view_finger.bmp
  4 -4.148314 -15.034131 4.598020 -0.193506 -0.217307 0.956730 0.078125 0.703125
  4 -3.919848 -14.950264 4.540842 0.701988 0.060799 0.709588 0.289063 0.703125
  3 -4.400895 -14.374969 4.817972 -0.165095 -0.037399 0.985568 0.070313 0.929688
view_finger.bmp
  4 -3.919848 -14.950264 4.540842 0.701988 0.060799 0.709588 0.289063 0.703125
  3 -4.017071 -14.234072 4.721913 0.753453 0.301181 0.584464 0.312500 0.921875
  3 -4.400895 -14.374969 4.817972 -0.165095 -0.037399 0.985568 0.070313 0.929688
view_finger.bmp
 11 -3.859818 -15.229228 3.006702 0.087896 0.865761 -0.492678 0.914063 0.015625
 11 -3.903764 -16.087212 2.702675 -0.325000 0.547801 -0.770901 0.976563 0.367188
 11 -3.983183 -15.416961 3.041875 -0.851769 0.381786 -0.358787 0.859375 0.101563
view_finger.bmp
 11 -3.983183 -15.416961 3.041875 -0.851769 0.381786 -0.358787 0.859375 0.101563
 11 -3.903764 -16.087212 2.702675 -0.325000 0.547801 -0.770901 0.976563 0.367188
 11 -4.104520 -16.107775 2.829851 -0.619095 -0.712894 0.329397 0.890625 0.359375
view_finger.bmp
 11 -3.903764 -16.087212 2.702675 -0.325000 0.547801 -0.770901 0.976563 0.367188
 10 -3.845177 -16.046787 2.708401 0.707293 -0.279097 0.649493 0.976563 0.421875
 11 -4.104520 -16.107775 2.829851 -0.619095 -0.712894 0.329397 0.890625 0.359375
view_finger.bmp
 11 -4.104520 -16.107775 2.829851 -0.619095 -0.712894 0.329397 0.890625 0.359375
 10 -3.845177 -16.046787 2.708401 0.707293 -0.279097 0.649493 0.976563 0.421875
 10 -4.056022 -15.939774 2.856700 0.453388 0.871477 -0.186995 0.898438 0.421875
view_finger.bmp
 10 -3.845177 -16.046787 2.708401 0.707293 -0.279097 0.649493 0.976563 0.421875
 10 -4.756763 -16.468435 2.601987 -0.095098 -0.465390 -0.879982 0.976563 0.648438
 10 -4.056022 -15.939774 2.856700 0.453388 0.871477 -0.186995 0.898438 0.421875
view_finger.bmp
 10 -4.056022 -15.939774 2.856700 0.453388 0.871477 -0.186995 0.898438 0.421875
 10 -4.756763 -16.468435 2.601987 -0.095098 -0.465390 -0.879982 0.976563 0.648438
 10 -4.850275 -16.307150 2.763983 -0.978720 -0.160303 -0.128103 0.882813 0.648438
view_finger.bmp
 10 -4.756763 -16.468435 2.601987 -0.095098 -0.465390 -0.879982 0.976563 0.648438
  9 -4.504269 -16.391811 2.770998 0.518303 -0.839905 0.161001 0.875000 0.726563
 10 -4.850275 -16.307150 2.763983 -0.978720 -0.160303 -0.128103 0.882813 0.648438
view_finger.bmp
 10 -4.850275 -16.307150 2.763983 -0.978720 -0.160303 -0.128103 0.882813 0.648438
  9 -4.504269 -16.391811 2.770998 0.518303 -0.839905 0.161001 0.875000 0.726563
 10 -4.851486 -16.382330 3.167154 -0.989981 -0.141197 -0.000000 0.718750 0.648438
view_finger.bmp
  9 -4.504269 -16.391811 2.770998 0.518303 -0.839905 0.161001 0.875000 0.726563
  9 -4.506866 -16.489334 3.169724 0.352391 -0.751981 -0.557086 0.710938 0.718750
 10 -4.851486 -16.382330 3.167154 -0.989981 -0.141197 -0.000000 0.718750 0.648438
view_finger.bmp
 16 -3.998893 -16.142475 1.966806 0.158903 -0.649111 0.743912 0.351563 0.406250
 16 -4.045567 -16.303860 1.865432 0.411008 -0.821416 0.395408 0.296875 0.367188
 17 -4.121973 -16.113348 1.951133 -0.348984 0.114095 0.930157 0.351563 0.351563
view_finger.bmp
 17 -4.121973 -16.113348 1.951133 -0.348984 0.114095 0.930157 0.351563 0.351563
 16 -4.045567 -16.303860 1.865432 0.411008 -0.821416 0.395408 0.296875 0.367188
 17 -3.622590 -15.647507 2.021200 0.176099 0.515996 0.838294 0.312500 0.015625
view_finger.bmp
 16 -4.045567 -16.303860 1.865432 0.411008 -0.821416 0.395408 0.296875 0.367188
 17 -3.561841 -15.767009 1.950285 0.934526 -0.120403 0.334909 0.289063 0.117188
 17 -3.622590 -15.647507 2.021200 0.176099 0.515996 0.838294 0.312500 0.015625
view_finger.bmp
 17 -3.622590 -15.647507 2.021200 0.176099 0.515996 0.838294 0.312500 0.015625
 17 -3.561841 -15.767009 1.950285 0.934526 -0.120403 0.334909 0.289063 0.117188
 17 -3.599032 -15.591622 1.727224 0.581788 0.706085 -0.403691 0.046875 0.015625
view_finger.bmp
 17 -3.561841 -15.767009 1.950285 0.934526 -0.120403 0.334909 0.289063 0.117188
 17 -3.553030 -15.735017 1.731885 0.825927 -0.253008 -0.503816 0.078125 0.109375
 17 -3.599032 -15.591622 1.727224 0.581788 0.706085 -0.403691 0.046875 0.015625
view_finger.bmp
 17 -3.599032 -15.591622 1.727224 0.581788 0.706085 -0.403691 0.046875 0.015625
 17 -3.553030 -15.735017 1.731885 0.825927 -0.253008 -0.503816 0.078125 0.109375
 17 -4.082285 -16.023872 1.501556 0.506382 0.221892 -0.833271 0.000000 0.359375
view_finger.bmp
 17 -3.553030 -15.735017 1.731885 0.825927 -0.253008 -0.503816 0.078125 0.109375
 16 -4.028167 -16.221758 1.535346 -0.010000 -0.703814 -0.710314 0.046875 0.367188
 17 -4.082285 -16.023872 1.501556 0.506382 0.221892 -0.833271 0.000000 0.359375
view_finger.bmp
 17 -4.082285 -16.023872 1.501556 0.506382 0.221892 -0.833271 0.000000 0.359375
 16 -4.028167 -16.221758 1.535346 -0.010000 -0.703814 -0.710314 0.046875 0.367188
 16 -3.967380 -16.030981 1.500570 0.504414 0.538315 -0.675118 0.000000 0.406250
view_finger.bmp
 16 -4.028167 -16.221758 1.535346 -0.010000 -0.703814 -0.710314 0.046875 0.367188
 16 -4.598141 -15.624733 1.502321 0.259502 0.032200 -0.965206 0.007813 0.656250
 16 -3.967380 -16.030981 1.500570 0.504414 0.538315 -0.675118 0.000000 0.406250
view_finger.bmp
 13 -3.823565 -16.116432 2.654117 0.472492 -0.454693 0.754987 0.000000 0.406250
 13 -3.735115 -16.251936 2.488541 0.835178 -0.361491 0.414489 0.046875 0.367188
 14 -3.927723 -16.151773 2.628911 -0.324907 0.081601 0.942219 0.000000 0.359375
view_finger.bmp
 14 -3.927723 -16.151773 2.628911 -0.324907 0.081601 0.942219 0.000000 0.359375
 13 -3.735115 -16.251936 2.488541 0.835178 -0.361491 0.414489 0.046875 0.367188
 14 -3.793002 -15.366120 2.677881 -0.096802 0.559114 0.823420 0.046875 0.015625
view_finger.bmp
 13 -3.735115 -16.251936 2.488541 0.835178 -0.361491 0.414489 0.046875 0.367188
 14 -3.661360 -15.457047 2.594200 0.840289 0.366495 0.399495 0.078125 0.109375
 14 -3.793002 -15.366120 2.677881 -0.096802 0.559114 0.823420 0.046875 0.015625
view_finger.bmp
 14 -3.793002 -15.366120 2.677881 -0.096802 0.559114 0.823420 0.046875 0.015625
 14 -3.661360 -15.457047 2.594200 0.840289 0.366495 0.399495 0.078125 0.109375
 14 -3.773686 -15.269127 2.289785 0.038201 0.862913 -0.503907 0.312500 0.015625
view_finger.bmp
 14 -3.661360 -15.457047 2.594200 0.840289 0.366495 0.399495 0.078125 0.109375
 14 -3.650290 -15.406658 2.339370 0.913540 0.207709 -0.349715 0.289063 0.117188
 14 -3.773686 -15.269127 2.289785 0.038201 0.862913 -0.503907 0.312500 0.015625
view_finger.bmp
 14 -3.773686 -15.269127 2.289785 0.038201 0.862913 -0.503907 0.312500 0.015625
 14 -3.650290 -15.406658 2.339370 0.913540 0.207709 -0.349715 0.289063 0.117188
 14 -3.901753 -16.033554 2.031040 0.999129 0.016800 -0.038201 0.351563 0.351563
view_finger.bmp
 14 -3.650290 -15.406658 2.339370 0.913540 0.207709 -0.349715 0.289063 0.117188
 13 -3.727183 -16.182047 2.125151 0.616921 -0.546319 -0.566519 0.296875 0.367188
 14 -3.901753 -16.033554 2.031040 0.999129 0.016800 -0.038201 0.351563 0.351563
view_finger.bmp
 14 -3.901753 -16.033554 2.031040 0.999129 0.016800 -0.038201 0.351563 0.351563
 13 -3.727183 -16.182047 2.125151 0.616921 -0.546319 -0.566519 0.296875 0.367188
 13 -3.822164 -15.998405 2.024381 0.162197 0.747988 -0.643589 0.351563 0.406250
view_finger.bmp
 13 -3.727183 -16.182047 2.125151 0.616921 -0.546319 -0.566519 0.296875 0.367188
 13 -4.762969 -16.217072 1.935096 -0.191100 -0.955997 -0.222600 0.343750 0.640625
 13 -3.822164 -15.998405 2.024381 0.162197 0.747988 -0.643589 0.351563 0.406250
view_finger.bmp
 10 -3.725674 -16.208950 2.801794 0.717214 -0.339406 -0.608612 0.046875 0.367188
 11 -3.752275 -15.368109 3.032133 0.942099 0.275900 -0.190600 0.078125 0.109375
 10 -3.735232 -16.264437 3.198443 0.941088 -0.269397 0.204397 0.296875 0.367188
view_finger.bmp
 10 -3.725674 -16.208950 2.801794 0.717214 -0.339406 -0.608612 0.046875 0.367188
 11 -3.859818 -15.229228 3.006702 0.087896 0.865761 -0.492678 0.046875 0.015625
 11 -3.752275 -15.368109 3.032133 0.942099 0.275900 -0.190600 0.078125 0.109375
view_finger.bmp
 10 -3.725674 -16.208950 2.801794 0.717214 -0.339406 -0.608612 0.046875 0.367188
 11 -3.903764 -16.087212 2.702675 -0.325000 0.547801 -0.770901 0.000000 0.359375
 11 -3.859818 -15.229228 3.006702 0.087896 0.865761 -0.492678 0.046875 0.015625
view_finger.bmp
 10 -3.725674 -16.208950 2.801794 0.717214 -0.339406 -0.608612 0.046875 0.367188
 10 -3.845177 -16.046787 2.708401 0.707293 -0.279097 0.649493 0.000000 0.406250
 11 -3.903764 -16.087212 2.702675 -0.325000 0.547801 -0.770901 0.000000 0.359375
view_finger.bmp
 10 -3.725674 -16.208950 2.801794 0.717214 -0.339406 -0.608612 0.046875 0.367188
 10 -4.756763 -16.468435 2.601987 -0.095098 -0.465390 -0.879982 0.007813 0.656250
 10 -3.845177 -16.046787 2.708401 0.707293 -0.279097 0.649493 0.000000 0.406250
view_finger.bmp
 10 -3.725674 -16.208950 2.801794 0.717214 -0.339406 -0.608612 0.046875 0.367188
  9 -4.810452 -16.716299 2.699169 -0.492188 -0.712083 -0.500688 0.078125 0.679688
 10 -4.756763 -16.468435 2.601987 -0.095098 -0.465390 -0.879982 0.007813 0.656250
view_finger.bmp
 10 -3.725674 -16.208950 2.801794 0.717214 -0.339406 -0.608612 0.046875 0.367188
  9 -4.811201 -16.790012 3.092445 0.138998 -0.963689 0.227997 0.250000 0.679688
  9 -4.810452 -16.716299 2.699169 -0.492188 -0.712083 -0.500688 0.078125 0.679688
view_finger.bmp
 10 -3.725674 -16.208950 2.801794 0.717214 -0.339406 -0.608612 0.046875 0.367188
 10 -3.735232 -16.264437 3.198443 0.941088 -0.269397 0.204397 0.296875 0.367188
  9 -4.811201 -16.790012 3.092445 0.138998 -0.963689 0.227997 0.250000 0.679688
view_finger.bmp
 12 -4.858103 -16.551170 2.393893 -0.048398 -0.967553 0.247988 0.078125 0.679688
 12 -4.846087 -16.448547 1.996622 -0.548086 -0.667683 -0.503787 0.250000 0.679688
 13 -3.727183 -16.182047 2.125151 0.616921 -0.546319 -0.566519 0.296875 0.367188
view_finger.bmp
 12 -4.858103 -16.551170 2.393893 -0.048398 -0.967553 0.247988 0.078125 0.679688
 12 -5.250494 -15.492534 2.781856 -0.852360 -0.506076 -0.131794 0.078125 0.929688
 12 -4.846087 -16.448547 1.996622 -0.548086 -0.667683 -0.503787 0.250000 0.679688
view_finger.bmp
 12 -4.858103 -16.551170 2.393893 -0.048398 -0.967553 0.247988 0.078125 0.679688
 12 -4.708394 -16.478071 2.548953 -0.217399 -0.888597 0.403898 0.007813 0.718750
 12 -5.250494 -15.492534 2.781856 -0.852360 -0.506076 -0.131794 0.078125 0.929688
view_finger.bmp
 12 -4.858103 -16.551170 2.393893 -0.048398 -0.967553 0.247988 0.078125 0.679688
 13 -4.793943 -16.343811 2.571867 -0.571722 -0.368714 0.732928 0.007813 0.656250
 12 -4.708394 -16.478071 2.548953 -0.217399 -0.888597 0.403898 0.007813 0.718750
view_finger.bmp
 12 -4.858103 -16.551170 2.393893 -0.048398 -0.967553 0.247988 0.078125 0.679688
 13 -3.823565 -16.116432 2.654117 0.472492 -0.454693 0.754987 0.000000 0.406250
 13 -4.793943 -16.343811 2.571867 -0.571722 -0.368714 0.732928 0.007813 0.656250
view_finger.bmp
 12 -4.858103 -16.551170 2.393893 -0.048398 -0.967553 0.247988 0.078125 0.679688
 13 -3.735115 -16.251936 2.488541 0.835178 -0.361491 0.414489 0.046875 0.367188
 13 -3.823565 -16.116432 2.654117 0.472492 -0.454693 0.754987 0.000000 0.406250
view_finger.bmp
 12 -4.858103 -16.551170 2.393893 -0.048398 -0.967553 0.247988 0.078125 0.679688
 13 -3.727183 -16.182047 2.125151 0.616921 -0.546319 -0.566519 0.296875 0.367188
 13 -3.735115 -16.251936 2.488541 0.835178 -0.361491 0.414489 0.046875 0.367188
view_finger.bmp
 15 -4.776800 -15.758327 1.545480 -0.456824 -0.395821 -0.796642 0.078125 0.679688
 16 -4.028167 -16.221758 1.535346 -0.010000 -0.703814 -0.710314 0.046875 0.367188
 15 -4.810809 -15.850938 1.861181 -0.436489 -0.841678 0.317892 0.250000 0.679688
view_finger.bmp
 15 -4.776800 -15.758327 1.545480 -0.456824 -0.395821 -0.796642 0.078125 0.679688
 16 -4.598141 -15.624733 1.502321 0.259502 0.032200 -0.965206 0.007813 0.656250
 16 -4.028167 -16.221758 1.535346 -0.010000 -0.703814 -0.710314 0.046875 0.367188
view_finger.bmp
 15 -4.776800 -15.758327 1.545480 -0.456824 -0.395821 -0.796642 0.078125 0.679688
 15 -4.630071 -15.610541 1.500427 0.247200 0.137900 -0.959101 0.007813 0.718750
 16 -4.598141 -15.624733 1.502321 0.259502 0.032200 -0.965206 0.007813 0.656250
view_finger.bmp
 15 -4.776800 -15.758327 1.545480 -0.456824 -0.395821 -0.796642 0.078125 0.679688
 15 -4.993145 -14.684569 1.493160 0.188703 0.052801 -0.980614 0.078125 0.929688
 15 -4.630071 -15.610541 1.500427 0.247200 0.137900 -0.959101 0.007813 0.718750
view_finger.bmp
 15 -4.776800 -15.758327 1.545480 -0.456824 -0.395821 -0.796642 0.078125 0.679688
 15 -5.233626 -14.763236 1.543955 -0.627911 -0.223804 -0.745413 0.078125 0.929688
 15 -4.993145 -14.684569 1.493160 0.188703 0.052801 -0.980614 0.078125 0.929688
view_finger.bmp
 15 -4.776800 -15.758327 1.545480 -0.456824 -0.395821 -0.796642 0.078125 0.679688
 12 -5.295253 -15.138607 2.097143 -0.772666 -0.421281 -0.474879 0.304688 0.953125
 15 -5.233626 -14.763236 1.543955 -0.627911 -0.223804 -0.745413 0.078125 0.929688
view_finger.bmp
 15 -4.776800 -15.758327 1.545480 -0.456824 -0.395821 -0.796642 0.078125 0.679688
 15 -4.810809 -15.850938 1.861181 -0.436489 -0.841678 0.317892 0.250000 0.679688
 12 -5.295253 -15.138607 2.097143 -0.772666 -0.421281 -0.474879 0.304688 0.953125
view_finger.bmp
  3 -4.017071 -14.234072 4.721913 0.753453 0.301181 0.584464 0.312500 0.921875
  4 -3.919848 -14.950264 4.540842 0.701988 0.060799 0.709588 0.289063 0.703125
  4 -3.924530 -14.457283 4.239598 0.996841 0.028301 0.074203 0.414063 0.937500
view_finger.bmp
  4 -3.924530 -14.457283 4.239598 0.996841 0.028301 0.074203 0.414063 0.937500
  4 -3.919848 -14.950264 4.540842 0.701988 0.060799 0.709588 0.289063 0.703125
  4 -3.662611 -15.286562 4.200942 0.901407 0.418503 -0.111001 0.390625 0.531250
view_finger.bmp
  4 -3.919848 -14.950264 4.540842 0.701988 0.060799 0.709588 0.289063 0.703125
  5 -3.625010 -15.552719 4.441744 0.784567 -0.018299 0.619774 0.289063 0.515625
  4 -3.662611 -15.286562 4.200942 0.901407 0.418503 -0.111001 0.390625 0.531250
view_finger.bmp
  4 -3.662611 -15.286562 4.200942 0.901407 0.418503 -0.111001 0.390625 0.531250
  5 -3.625010 -15.552719 4.441744 0.784567 -0.018299 0.619774 0.289063 0.515625
  5 -3.624089 -15.347887 4.177466 0.941315 0.337406 0.009100 0.414063 0.492188
view_finger.bmp
  5 -3.625010 -15.552719 4.441744 0.784567 -0.018299 0.619774 0.289063 0.515625
  5 -3.659669 -15.831930 3.981158 0.879515 -0.431708 0.200204 0.265625 0.320313
  5 -3.624089 -15.347887 4.177466 0.941315 0.337406 0.009100 0.414063 0.492188
view_finger.bmp
  5 -3.624089 -15.347887 4.177466 0.941315 0.337406 0.009100 0.414063 0.492188
  5 -3.659669 -15.831930 3.981158 0.879515 -0.431708 0.200204 0.265625 0.320313
  5 -3.625147 -15.650352 3.817030 0.896905 0.212901 -0.387602 0.398438 0.250000
view_finger.bmp
  5 -3.659669 -15.831930 3.981158 0.879515 -0.431708 0.200204 0.265625 0.320313
  5 -3.767484 -16.026247 3.483949 0.643724 -0.302511 -0.702927 0.398438 0.078125
  5 -3.625147 -15.650352 3.817030 0.896905 0.212901 -0.387602 0.398438 0.250000
view_finger.bmp
  4 -4.598461 -14.705249 4.418565 -0.692922 -0.466315 0.549917 0.632813 0.953125
  4 -4.249085 -15.481241 3.976780 -0.989476 -0.139397 -0.038799 0.726563 0.570313
  4 -4.274901 -15.511328 4.354177 -0.870120 -0.200505 0.450210 0.617188 0.578125
view_finger.bmp
  4 -4.274901 -15.511328 4.354177 -0.870120 -0.200505 0.450210 0.617188 0.578125
  4 -4.249085 -15.481241 3.976780 -0.989476 -0.139397 -0.038799 0.726563 0.570313
  5 -4.276969 -15.579196 4.333814 -0.825689 -0.314696 0.468193 0.609375 0.546875
view_finger.bmp
  4 -4.249085 -15.481241 3.976780 -0.989476 -0.139397 -0.038799 0.726563 0.570313
  5 -4.325248 -15.345379 4.002908 -0.566212 0.381008 0.730915 0.726563 0.484375
  5 -4.276969 -15.579196 4.333814 -0.825689 -0.314696 0.468193 0.609375 0.546875
view_finger.bmp
  5 -4.276969 -15.579196 4.333814 -0.825689 -0.314696 0.468193 0.609375 0.546875
  5 -4.325248 -15.345379 4.002908 -0.566212 0.381008 0.730915 0.726563 0.484375
  5 -4.246576 -15.878473 3.972553 -0.877564 -0.461781 0.128995 0.625000 0.296875
view_finger.bmp
  5 -4.325248 -15.345379 4.002908 -0.566212 0.381008 0.730915 0.726563 0.484375
  5 -4.221862 -15.759536 3.677353 -0.717790 0.192597 -0.669091 0.718750 0.281250
  5 -4.246576 -15.878473 3.972553 -0.877564 -0.461781 0.128995 0.625000 0.296875
view_finger.bmp
  5 -4.246576 -15.878473 3.972553 -0.877564 -0.461781 0.128995 0.625000 0.296875
  5 -4.221862 -15.759536 3.677353 -0.717790 0.192597 -0.669091 0.718750 0.281250
  5 -4.086885 -16.150101 3.556360 -0.704111 -0.500808 -0.503408 0.757813 0.070313
view_finger.bmp
  5 -4.221862 -15.759536 3.677353 -0.717790 0.192597 -0.669091 0.718750 0.281250
  5 -3.865455 -15.628702 3.588156 0.071198 0.392087 -0.917169 0.851563 0.273438
  5 -4.086885 -16.150101 3.556360 -0.704111 -0.500808 -0.503408 0.757813 0.070313
view_finger.bmp
  5 -4.086885 -16.150101 3.556360 -0.704111 -0.500808 -0.503408 0.039063 0.093750
  5 -4.029250 -15.959242 4.066606 -0.238997 -0.809488 0.536292 0.093750 0.328125
  5 -4.246576 -15.878473 3.972553 -0.877564 -0.461781 0.128995 0.007813 0.281250
view_finger.bmp
  5 -4.246576 -15.878473 3.972553 -0.877564 -0.461781 0.128995 0.007813 0.281250
  5 -4.029250 -15.959242 4.066606 -0.238997 -0.809488 0.536292 0.093750 0.328125
  5 -4.276969 -15.579196 4.333814 -0.825689 -0.314696 0.468193 0.007813 0.539063
view_finger.bmp
  5 -4.029250 -15.959242 4.066606 -0.238997 -0.809488 0.536292 0.093750 0.328125
  5 -4.036250 -15.703681 4.544664 -0.222804 -0.579110 0.784213 0.093750 0.515625
  5 -4.276969 -15.579196 4.333814 -0.825689 -0.314696 0.468193 0.007813 0.539063
view_finger.bmp
  5 -4.276969 -15.579196 4.333814 -0.825689 -0.314696 0.468193 0.007813 0.539063
  5 -4.036250 -15.703681 4.544664 -0.222804 -0.579110 0.784213 0.093750 0.515625
  4 -4.274901 -15.511328 4.354177 -0.870120 -0.200505 0.450210 0.015625 0.570313
view_finger.bmp
  5 -4.036250 -15.703681 4.544664 -0.222804 -0.579110 0.784213 0.093750 0.515625
  4 -4.148314 -15.034131 4.598020 -0.193506 -0.217307 0.956730 0.078125 0.703125
  4 -4.274901 -15.511328 4.354177 -0.870120 -0.200505 0.450210 0.015625 0.570313
view_finger.bmp
  4 -4.274901 -15.511328 4.354177 -0.870120 -0.200505 0.450210 0.015625 0.570313
  4 -4.148314 -15.034131 4.598020 -0.193506 -0.217307 0.956730 0.078125 0.703125
  4 -4.598461 -14.705249 4.418565 -0.692922 -0.466315 0.549917 0.031250 0.945313
view_finger.bmp
  4 -4.148314 -15.034131 4.598020 -0.193506 -0.217307 0.956730 0.078125 0.703125
  3 -4.400895 -14.374969 4.817972 -0.165095 -0.037399 0.985568 0.070313 0.929688
  4 -4.598461 -14.705249 4.418565 -0.692922 -0.466315 0.549917 0.031250 0.945313
view_finger.bmp
 16 -4.534111 -15.564793 1.922925 0.507301 0.324101 0.798501 0.718750 0.648438
 16 -3.986713 -15.915336 1.914275 0.991962 -0.122395 0.032099 0.726563 0.414063
 16 -3.973345 -15.841632 1.623089 0.823108 -0.383204 0.419104 0.898438 0.421875
view_finger.bmp
 16 -4.534111 -15.564793 1.922925 0.507301 0.324101 0.798501 0.718750 0.648438
 16 -3.998893 -16.142475 1.966806 0.158903 -0.649111 0.743912 0.617188 0.406250
 16 -3.986713 -15.915336 1.914275 0.991962 -0.122395 0.032099 0.726563 0.414063
view_finger.bmp
 16 -4.534111 -15.564793 1.922925 0.507301 0.324101 0.798501 0.718750 0.648438
 16 -4.624241 -15.747885 1.997450 0.160801 -0.273602 0.948306 0.609375 0.640625
 16 -3.998893 -16.142475 1.966806 0.158903 -0.649111 0.743912 0.617188 0.406250
view_finger.bmp
 16 -4.534111 -15.564793 1.922925 0.507301 0.324101 0.798501 0.718750 0.648438
 15 -4.666919 -15.760635 2.008968 0.351901 -0.459302 0.815603 0.609375 0.710938
 16 -4.624241 -15.747885 1.997450 0.160801 -0.273602 0.948306 0.609375 0.640625
view_finger.bmp
 16 -4.534111 -15.564793 1.922925 0.507301 0.324101 0.798501 0.718750 0.648438
 15 -4.535619 -15.558880 1.933105 0.841372 -0.537282 0.058498 0.710938 0.718750
 15 -4.666919 -15.760635 2.008968 0.351901 -0.459302 0.815603 0.609375 0.710938
view_finger.bmp
 16 -4.534111 -15.564793 1.922925 0.507301 0.324101 0.798501 0.718750 0.648438
 16 -4.513314 -15.498549 1.641182 0.822910 0.077901 -0.562806 0.882813 0.648438
 15 -4.535619 -15.558880 1.933105 0.841372 -0.537282 0.058498 0.710938 0.718750
view_finger.bmp
 16 -4.534111 -15.564793 1.922925 0.507301 0.324101 0.798501 0.718750 0.648438
 16 -3.973345 -15.841632 1.623089 0.823108 -0.383204 0.419104 0.898438 0.421875
 16 -4.513314 -15.498549 1.641182 0.822910 0.077901 -0.562806 0.882813 0.648438
view_finger.bmp
  7 -4.962155 -16.479153 3.746413 0.867327 0.409313 -0.283209 0.882813 0.648438
  7 -4.563419 -17.077305 3.787940 0.729791 -0.604793 -0.318796 0.898438 0.421875
  7 -5.105046 -16.581690 3.615005 0.357212 -0.030301 -0.933532 0.976563 0.648438
view_finger.bmp
  7 -5.105046 -16.581690 3.615005 0.357212 -0.030301 -0.933532 0.976563 0.648438
  7 -4.563419 -17.077305 3.787940 0.729791 -0.604793 -0.318796 0.898438 0.421875
  7 -4.642087 -17.280066 3.681641 -0.008700 -0.999088 -0.041800 0.976563 0.421875
view_finger.bmp
  7 -4.563419 -17.077305 3.787940 0.729791 -0.604793 -0.318796 0.898438 0.421875
  8 -4.605272 -17.081841 3.793700 0.721006 0.275502 0.635805 0.890625 0.359375
  7 -4.642087 -17.280066 3.681641 -0.008700 -0.999088 -0.041800 0.976563 0.421875
view_finger.bmp
  7 -4.642087 -17.280066 3.681641 -0.008700 -0.999088 -0.041800 0.976563 0.421875
  8 -4.605272 -17.081841 3.793700 0.721006 0.275502 0.635805 0.890625 0.359375
  8 -4.659481 -17.256744 3.681139 0.521011 -0.233405 -0.821017 0.976563 0.367188
view_finger.bmp
  8 -4.605272 -17.081841 3.793700 0.721006 0.275502 0.635805 0.890625 0.359375
  8 -4.031679 -17.386894 3.925734 0.676404 0.678904 -0.285601 0.859375 0.101563
  8 -4.659481 -17.256744 3.681139 0.521011 -0.233405 -0.821017 0.976563 0.367188
view_finger.bmp
  8 -4.659481 -17.256744 3.681139 0.521011 -0.233405 -0.821017 0.976563 0.367188
  8 -4.031679 -17.386894 3.925734 0.676404 0.678904 -0.285601 0.859375 0.101563
  8 -3.926069 -17.532864 3.884031 0.814010 -0.073301 -0.576207 0.914063 0.015625
view_finger.bmp
  8 -4.031679 -17.386894 3.925734 0.676404 0.678904 -0.285601 0.859375 0.101563
  8 -3.983022 -17.541128 4.269891 0.674405 -0.176301 0.717005 0.656250 0.023438
  8 -3.926069 -17.532864 3.884031 0.814010 -0.073301 -0.576207 0.914063 0.015625
view_finger.bmp
  8 -3.983022 -17.541128 4.269891 0.674405 -0.176301 0.717005 0.312500 0.015625
  8 -4.039218 -17.628344 3.958065 0.195809 -0.920141 -0.339115 0.078125 0.109375
  8 -3.926069 -17.532864 3.884031 0.814010 -0.073301 -0.576207 0.046875 0.015625
view_finger.bmp
  8 -3.926069 -17.532864 3.884031 0.814010 -0.073301 -0.576207 0.046875 0.015625
  8 -4.039218 -17.628344 3.958065 0.195809 -0.920141 -0.339115 0.078125 0.109375
  8 -4.659481 -17.256744 3.681139 0.521011 -0.233405 -0.821017 0.000000 0.359375
view_finger.bmp
  8 -4.039218 -17.628344 3.958065 0.195809 -0.920141 -0.339115 0.078125 0.109375
  7 -4.788095 -17.408621 3.780913 -0.488896 -0.807394 -0.330297 0.046875 0.367188
  8 -4.659481 -17.256744 3.681139 0.521011 -0.233405 -0.821017 0.000000 0.359375
view_finger.bmp
  8 -4.659481 -17.256744 3.681139 0.521011 -0.233405 -0.821017 0.000000 0.359375
  7 -4.788095 -17.408621 3.780913 -0.488896 -0.807394 -0.330297 0.046875 0.367188
  7 -4.642087 -17.280066 3.681641 -0.008700 -0.999088 -0.041800 0.000000 0.406250
view_finger.bmp
  7 -4.788095 -17.408621 3.780913 -0.488896 -0.807394 -0.330297 0.046875 0.367188
  6 -5.321274 -16.639051 3.697338 -0.637877 -0.395085 -0.661076 0.078125 0.679688
  7 -4.642087 -17.280066 3.681641 -0.008700 -0.999088 -0.041800 0.000000 0.406250
view_finger.bmp
  7 -4.642087 -17.280066 3.681641 -0.008700 -0.999088 -0.041800 0.000000 0.406250
  6 -5.321274 -16.639051 3.697338 -0.637877 -0.395085 -0.661076 0.078125 0.679688
  7 -5.105046 -16.581690 3.615005 0.357212 -0.030301 -0.933532 0.007813 0.656250
view_finger.bmp
  6 -5.321274 -16.639051 3.697338 -0.637877 -0.395085 -0.661076 0.078125 0.679688
  6 -5.134584 -16.566984 3.601146 0.302708 -0.142804 -0.942324 0.007813 0.718750
  7 -5.105046 -16.581690 3.615005 0.357212 -0.030301 -0.933532 0.007813 0.656250
view_finger.bmp
  9 -4.659270 -16.709045 3.295820 0.365488 -0.184394 0.912369 0.335938 0.718750
  9 -4.811201 -16.790012 3.092445 0.138998 -0.963689 0.227997 0.250000 0.679688
 10 -4.756688 -16.599440 3.310251 -0.880527 -0.472014 0.043301 0.343750 0.640625
view_finger.bmp
 10 -4.756688 -16.599440 3.310251 -0.880527 -0.472014 0.043301 0.343750 0.640625
  9 -4.811201 -16.790012 3.092445 0.138998 -0.963689 0.227997 0.250000 0.679688
 10 -3.862155 -16.178398 3.375327 0.455414 -0.621320 0.637620 0.351563 0.406250
view_finger.bmp
  9 -4.811201 -16.790012 3.092445 0.138998 -0.963689 0.227997 0.250000 0.679688
 10 -3.735232 -16.264437 3.198443 0.941088 -0.269397 0.204397 0.296875 0.367188
 10 -3.862155 -16.178398 3.375327 0.455414 -0.621320 0.637620 0.351563 0.406250
view_finger.bmp
 10 -3.862155 -16.178398 3.375327 0.455414 -0.621320 0.637620 0.351563 0.406250
 10 -3.735232 -16.264437 3.198443 0.941088 -0.269397 0.204397 0.296875 0.367188
 11 -3.907824 -16.211000 3.361127 0.639372 0.211391 0.739268 0.351563 0.351563
view_finger.bmp
 10 -3.735232 -16.264437 3.198443 0.941088 -0.269397 0.204397 0.296875 0.367188
 11 -3.753989 -15.415558 3.338638 0.867584 0.267695 0.419092 0.289063 0.117188
 11 -3.907824 -16.211000 3.361127 0.639372 0.211391 0.739268 0.351563 0.351563
view_finger.bmp
 11 -3.907824 -16.211000 3.361127 0.639372 0.211391 0.739268 0.351563 0.351563
 11 -3.753989 -15.415558 3.338638 0.867584 0.267695 0.419092 0.289063 0.117188
 11 -3.862648 -15.320349 3.437270 -0.073801 0.541106 0.837710 0.312500 0.015625
view_finger.bmp
 11 -3.753989 -15.415558 3.338638 0.867584 0.267695 0.419092 0.289063 0.117188
 11 -3.859818 -15.229228 3.006702 0.087896 0.865761 -0.492678 0.046875 0.015625
 11 -3.862648 -15.320349 3.437270 -0.073801 0.541106 0.837710 0.312500 0.015625
view_finger.bmp
 13 -3.823565 -16.116432 2.654117 0.472492 -0.454693 0.754987 0.976563 0.421875
 13 -4.833118 -16.137100 2.478404 -0.986440 0.120705 0.111204 0.882813 0.648438
 13 -4.793943 -16.343811 2.571867 -0.571722 -0.368714 0.732928 0.976563 0.648438
view_finger.bmp
 13 -4.793943 -16.343811 2.571867 -0.571722 -0.368714 0.732928 0.976563 0.648438
 13 -4.833118 -16.137100 2.478404 -0.986440 0.120705 0.111204 0.882813 0.648438
 12 -4.708394 -16.478071 2.548953 -0.217399 -0.888597 0.403898 0.976563 0.710938
view_finger.bmp
 13 -4.833118 -16.137100 2.478404 -0.986440 0.120705 0.111204 0.882813 0.648438
 12 -4.559760 -16.285494 2.473309 0.656983 -0.730881 -0.184895 0.875000 0.726563
 12 -4.708394 -16.478071 2.548953 -0.217399 -0.888597 0.403898 0.976563 0.710938
view_finger.bmp
 12 -4.708394 -16.478071 2.548953 -0.217399 -0.888597 0.403898 0.976563 0.710938
 12 -4.559760 -16.285494 2.473309 0.656983 -0.730881 -0.184895 0.875000 0.726563
 12 -4.758443 -15.570477 2.644704 0.881012 -0.071201 0.467706 0.875000 0.976563
view_finger.bmp
 12 -4.559760 -16.285494 2.473309 0.656983 -0.730881 -0.184895 0.875000 0.726563
 12 -4.544648 -16.192204 2.074224 0.499580 -0.824967 -0.264290 0.710938 0.718750
 12 -4.758443 -15.570477 2.644704 0.881012 -0.071201 0.467706 0.875000 0.976563
view_finger.bmp
 12 -4.758443 -15.570477 2.644704 0.881012 -0.071201 0.467706 0.875000 0.976563
 12 -4.544648 -16.192204 2.074224 0.499580 -0.824967 -0.264290 0.710938 0.718750
 12 -4.782019 -15.378605 2.223599 0.965221 0.074802 -0.250505 0.687500 0.976563
view_finger.bmp
 12 -4.544648 -16.192204 2.074224 0.499580 -0.824967 -0.264290 0.710938 0.718750
 12 -5.295253 -15.138607 2.097143 -0.772666 -0.421281 -0.474879 0.593750 0.984375
 12 -4.782019 -15.378605 2.223599 0.965221 0.074802 -0.250505 0.687500 0.976563
view_finger.bmp
 11 -4.089650 -15.781325 3.094823 -0.982857 0.183592 0.016899 0.804688 0.226563
 11 -4.116986 -16.187637 3.201424 -0.131801 -0.951408 0.278302 0.726563 0.351563
 11 -3.984880 -15.468694 3.317049 -0.882163 0.281188 0.377784 0.726563 0.109375
view_finger.bmp
 11 -3.984880 -15.468694 3.317049 -0.882163 0.281188 0.377784 0.726563 0.109375
 11 -4.116986 -16.187637 3.201424 -0.131801 -0.951408 0.278302 0.726563 0.351563
 11 -3.907824 -16.211000 3.361127 0.639372 0.211391 0.739268 0.617188 0.351563
view_finger.bmp
 11 -4.116986 -16.187637 3.201424 -0.131801 -0.951408 0.278302 0.726563 0.351563
 10 -4.056983 -16.013018 3.250063 0.663699 0.739199 0.114400 0.726563 0.414063
 11 -3.907824 -16.211000 3.361127 0.639372 0.211391 0.739268 0.617188 0.351563
view_finger.bmp
 11 -3.907824 -16.211000 3.361127 0.639372 0.211391 0.739268 0.617188 0.351563
 10 -4.056983 -16.013018 3.250063 0.663699 0.739199 0.114400 0.726563 0.414063
 10 -3.862155 -16.178398 3.375327 0.455414 -0.621320 0.637620 0.617188 0.406250
view_finger.bmp
 10 -4.056983 -16.013018 3.250063 0.663699 0.739199 0.114400 0.726563 0.414063
 10 -4.756688 -16.599440 3.310251 -0.880527 -0.472014 0.043301 0.609375 0.640625
 10 -3.862155 -16.178398 3.375327 0.455414 -0.621320 0.637620 0.617188 0.406250
view_finger.bmp
  8 -4.307897 -17.191378 4.028581 0.476988 0.875678 0.075298 0.804688 0.226563
  8 -4.663443 -17.090395 4.189481 0.852787 -0.318895 0.413594 0.726563 0.351563
  8 -4.066993 -17.395308 4.213453 0.498307 0.670210 0.550008 0.726563 0.109375
view_finger.bmp
  8 -4.066993 -17.395308 4.213453 0.498307 0.670210 0.550008 0.726563 0.109375
  8 -4.663443 -17.090395 4.189481 0.852787 -0.318895 0.413594 0.726563 0.351563
  8 -4.731325 -17.273863 4.266498 0.876882 -0.426791 0.221195 0.617188 0.351563
view_finger.bmp
  8 -4.663443 -17.090395 4.189481 0.852787 -0.318895 0.413594 0.726563 0.351563
  7 -4.614563 -17.089489 4.204636 0.977191 -0.147999 0.152299 0.726563 0.414063
  8 -4.731325 -17.273863 4.266498 0.876882 -0.426791 0.221195 0.617188 0.351563
view_finger.bmp
  8 -4.731325 -17.273863 4.266498 0.876882 -0.426791 0.221195 0.617188 0.351563
  7 -4.614563 -17.089489 4.204636 0.977191 -0.147999 0.152299 0.726563 0.414063
  7 -4.731814 -17.272562 4.275605 0.270707 -0.610617 0.744221 0.617188 0.406250
view_finger.bmp
  7 -4.614563 -17.089489 4.204636 0.977191 -0.147999 0.152299 0.726563 0.414063
  7 -5.206417 -16.567333 4.258136 0.091801 -0.083001 0.992312 0.609375 0.640625
  7 -4.731814 -17.272562 4.275605 0.270707 -0.610617 0.744221 0.617188 0.406250
view_finger.bmp
  4 -4.551556 -14.695324 3.964691 0.112395 -0.990558 0.078497 0.734375 0.968750
  4 -3.861936 -15.349759 3.880199 0.730691 0.508094 -0.455994 0.851563 0.562500
  4 -4.249085 -15.481241 3.976780 -0.989476 -0.139397 -0.038799 0.726563 0.570313
view_finger.bmp
  4 -4.249085 -15.481241 3.976780 -0.989476 -0.139397 -0.038799 0.726563 0.570313
  4 -3.861936 -15.349759 3.880199 0.730691 0.508094 -0.455994 0.851563 0.562500
  5 -4.325248 -15.345379 4.002908 -0.566212 0.381008 0.730915 0.726563 0.484375
view_finger.bmp
  4 -3.861936 -15.349759 3.880199 0.730691 0.508094 -0.455994 0.851563 0.562500
  5 -3.891696 -15.194584 3.901450 0.046500 0.875705 -0.480603 0.875000 0.484375
  5 -4.325248 -15.345379 4.002908 -0.566212 0.381008 0.730915 0.726563 0.484375
view_finger.bmp
  5 -4.325248 -15.345379 4.002908 -0.566212 0.381008 0.730915 0.726563 0.484375
  5 -3.891696 -15.194584 3.901450 0.046500 0.875705 -0.480603 0.875000 0.484375
  5 -4.221862 -15.759536 3.677353 -0.717790 0.192597 -0.669091 0.718750 0.281250
view_finger.bmp
  5 -3.891696 -15.194584 3.901450 0.046500 0.875705 -0.480603 0.875000 0.484375
  5 -3.865455 -15.628702 3.588156 0.071198 0.392087 -0.917169 0.851563 0.273438
  5 -4.221862 -15.759536 3.677353 -0.717790 0.192597 -0.669091 0.718750 0.281250
view_finger.bmp
 13 -3.988351 -15.937077 2.538892 0.794429 0.597422 0.109404 0.898438 0.421875
 14 -4.113056 -16.123159 2.493881 0.003000 -0.940279 -0.340393 0.890625 0.359375
 13 -3.971195 -15.866881 2.186219 0.860044 0.179709 0.477524 0.726563 0.414063
view_finger.bmp
 13 -3.971195 -15.866881 2.186219 0.860044 0.179709 0.477524 0.726563 0.414063
 14 -4.113056 -16.123159 2.493881 0.003000 -0.940279 -0.340393 0.890625 0.359375
 14 -4.096586 -16.043655 2.143014 -0.808909 0.058601 -0.585006 0.726563 0.351563
view_finger.bmp
 14 -4.113056 -16.123159 2.493881 0.003000 -0.940279 -0.340393 0.890625 0.359375
 14 -4.063509 -15.729977 2.400330 -0.954707 0.296502 0.024900 0.804688 0.226563
 14 -4.096586 -16.043655 2.143014 -0.808909 0.058601 -0.585006 0.726563 0.351563
view_finger.bmp
 14 -4.096586 -16.043655 2.143014 -0.808909 0.058601 -0.585006 0.726563 0.351563
 14 -4.063509 -15.729977 2.400330 -0.954707 0.296502 0.024900 0.804688 0.226563
 14 -3.910635 -15.394805 2.330405 -0.792319 0.590714 -0.152603 0.726563 0.109375
view_finger.bmp
 14 -4.063509 -15.729977 2.400330 -0.954707 0.296502 0.024900 0.804688 0.226563
 14 -3.921278 -15.443255 2.575434 -0.802602 0.346301 0.485701 0.859375 0.101563
 14 -3.910635 -15.394805 2.330405 -0.792319 0.590714 -0.152603 0.726563 0.109375
view_finger.bmp
 15 -4.810809 -15.850938 1.861181 -0.436489 -0.841678 0.317892 0.250000 0.679688
 15 -4.666919 -15.760635 2.008968 0.351901 -0.459302 0.815603 0.335938 0.718750
 12 -5.295253 -15.138607 2.097143 -0.772666 -0.421281 -0.474879 0.304688 0.953125
view_finger.bmp
 15 -4.810809 -15.850938 1.861181 -0.436489 -0.841678 0.317892 0.250000 0.679688
 16 -4.624241 -15.747885 1.997450 0.160801 -0.273602 0.948306 0.343750 0.640625
 15 -4.666919 -15.760635 2.008968 0.351901 -0.459302 0.815603 0.335938 0.718750
view_finger.bmp
 15 -4.810809 -15.850938 1.861181 -0.436489 -0.841678 0.317892 0.250000 0.679688
 16 -3.998893 -16.142475 1.966806 0.158903 -0.649111 0.743912 0.351563 0.406250
 16 -4.624241 -15.747885 1.997450 0.160801 -0.273602 0.948306 0.343750 0.640625
view_finger.bmp
 15 -4.810809 -15.850938 1.861181 -0.436489 -0.841678 0.317892 0.250000 0.679688
 16 -4.045567 -16.303860 1.865432 0.411008 -0.821416 0.395408 0.296875 0.367188
 16 -3.998893 -16.142475 1.966806 0.158903 -0.649111 0.743912 0.351563 0.406250
view_finger.bmp
 15 -4.810809 -15.850938 1.861181 -0.436489 -0.841678 0.317892 0.250000 0.679688
 16 -4.028167 -16.221758 1.535346 -0.010000 -0.703814 -0.710314 0.046875 0.367188
 16 -4.045567 -16.303860 1.865432 0.411008 -0.821416 0.395408 0.296875 0.367188
view_finger.bmp
 15 -4.687479 -15.077955 2.023930 0.913684 0.057799 0.402293 0.687500 0.976563
 15 -4.508874 -15.483248 1.633497 0.948967 0.117196 -0.292790 0.875000 0.726563
 15 -4.722591 -14.749368 1.640137 0.884769 0.249391 -0.393686 0.875000 0.976563
view_finger.bmp
 15 -4.687479 -15.077955 2.023930 0.913684 0.057799 0.402293 0.687500 0.976563
 15 -4.535619 -15.558880 1.933105 0.841372 -0.537282 0.058498 0.710938 0.718750
 15 -4.508874 -15.483248 1.633497 0.948967 0.117196 -0.292790 0.875000 0.726563
view_finger.bmp
 15 -4.687479 -15.077955 2.023930 0.913684 0.057799 0.402293 0.687500 0.976563
 15 -4.666919 -15.760635 2.008968 0.351901 -0.459302 0.815603 0.609375 0.710938
 15 -4.535619 -15.558880 1.933105 0.841372 -0.537282 0.058498 0.710938 0.718750
view_finger.bmp
 15 -4.687479 -15.077955 2.023930 0.913684 0.057799 0.402293 0.687500 0.976563
 12 -5.295253 -15.138607 2.097143 -0.772666 -0.421281 -0.474879 0.593750 0.984375
 15 -4.666919 -15.760635 2.008968 0.351901 -0.459302 0.815603 0.609375 0.710938
view_finger.bmp
  9 -4.506866 -16.489334 3.169724 0.352391 -0.751981 -0.557086 0.710938 0.718750
  9 -4.504269 -16.391811 2.770998 0.518303 -0.839905 0.161001 0.875000 0.726563
  9 -4.837770 -15.668766 3.394603 0.906828 -0.008600 0.421413 0.687500 0.976563
view_finger.bmp
  9 -4.837770 -15.668766 3.394603 0.906828 -0.008600 0.421413 0.687500 0.976563
  9 -4.504269 -16.391811 2.770998 0.518303 -0.839905 0.161001 0.875000 0.726563
  9 -4.832677 -15.551888 2.897800 0.948519 0.052701 -0.312306 0.875000 0.976563
view_finger.bmp
  9 -4.504269 -16.391811 2.770998 0.518303 -0.839905 0.161001 0.875000 0.726563
  9 -4.648934 -16.551523 2.593054 0.398310 0.225806 -0.889022 0.976563 0.710938
  9 -4.832677 -15.551888 2.897800 0.948519 0.052701 -0.312306 0.875000 0.976563
view_finger.bmp
  9 -4.832677 -15.551888 2.897800 0.948519 0.052701 -0.312306 0.875000 0.976563
  9 -4.648934 -16.551523 2.593054 0.398310 0.225806 -0.889022 0.976563 0.710938
 12 -5.250494 -15.492534 2.781856 -0.852360 -0.506076 -0.131794 0.968750 0.992188
view_finger.bmp
  6 -4.977344 -16.410103 3.745243 0.933168 0.146595 -0.328189 0.875000 0.726563
  6 -5.043407 -15.692756 3.724076 0.933432 -0.203707 -0.295310 0.875000 0.976563
  6 -5.058037 -15.629539 4.268033 0.902875 -0.003600 0.429888 0.687500 0.976563
view_finger.bmp
  6 -4.977344 -16.410103 3.745243 0.933168 0.146595 -0.328189 0.875000 0.726563
  6 -5.134584 -16.566984 3.601146 0.302708 -0.142804 -0.942324 0.976563 0.710938
  6 -5.043407 -15.692756 3.724076 0.933432 -0.203707 -0.295310 0.875000 0.976563
view_finger.bmp
  6 -4.977344 -16.410103 3.745243 0.933168 0.146595 -0.328189 0.875000 0.726563
  7 -5.105046 -16.581690 3.615005 0.357212 -0.030301 -0.933532 0.976563 0.648438
  6 -5.134584 -16.566984 3.601146 0.302708 -0.142804 -0.942324 0.976563 0.710938
view_finger.bmp
  6 -4.977344 -16.410103 3.745243 0.933168 0.146595 -0.328189 0.875000 0.726563
  7 -4.962155 -16.479153 3.746413 0.867327 0.409313 -0.283209 0.882813 0.648438
  7 -5.105046 -16.581690 3.615005 0.357212 -0.030301 -0.933532 0.976563 0.648438
view_finger.bmp
  6 -5.376215 -16.639589 4.134009 -0.756431 -0.439818 0.484120 0.250000 0.679688
  6 -5.219875 -16.553122 4.266227 -0.177307 -0.189507 0.965738 0.335938 0.718750
  6 -5.551365 -15.502703 4.210243 -0.931518 -0.281405 0.230404 0.304688 0.953125
view_finger.bmp
  6 -5.376215 -16.639589 4.134009 -0.756431 -0.439818 0.484120 0.250000 0.679688
  7 -5.206417 -16.567333 4.258136 0.091801 -0.083001 0.992312 0.343750 0.640625
  6 -5.219875 -16.553122 4.266227 -0.177307 -0.189507 0.965738 0.335938 0.718750
view_finger.bmp
  6 -5.376215 -16.639589 4.134009 -0.756431 -0.439818 0.484120 0.250000 0.679688
  7 -4.731814 -17.272562 4.275605 0.270707 -0.610617 0.744221 0.351563 0.406250
  7 -5.206417 -16.567333 4.258136 0.091801 -0.083001 0.992312 0.343750 0.640625
view_finger.bmp
  6 -5.376215 -16.639589 4.134009 -0.756431 -0.439818 0.484120 0.250000 0.679688
  7 -4.834368 -17.419647 4.157924 -0.324295 -0.860687 0.392494 0.296875 0.367188
  7 -4.731814 -17.272562 4.275605 0.270707 -0.610617 0.744221 0.351563 0.406250
view_finger.bmp
  9 -4.659270 -16.709045 3.295820 0.365488 -0.184394 0.912369 0.335938 0.718750
  9 -5.348793 -15.587823 3.519920 -0.838473 -0.512183 -0.186094 0.304688 0.953125
  9 -4.811201 -16.790012 3.092445 0.138998 -0.963689 0.227997 0.250000 0.679688
view_finger.bmp
  9 -4.811201 -16.790012 3.092445 0.138998 -0.963689 0.227997 0.250000 0.679688
  9 -5.348793 -15.587823 3.519920 -0.838473 -0.512183 -0.186094 0.304688 0.953125
  9 -4.810452 -16.716299 2.699169 -0.492188 -0.712083 -0.500688 0.078125 0.679688
view_finger.bmp
  9 -5.348793 -15.587823 3.519920 -0.838473 -0.512183 -0.186094 0.304688 0.953125
 12 -5.250494 -15.492534 2.781856 -0.852360 -0.506076 -0.131794 0.078125 0.929688
  9 -4.810452 -16.716299 2.699169 -0.492188 -0.712083 -0.500688 0.078125 0.679688
view_finger.bmp
  9 -4.810452 -16.716299 2.699169 -0.492188 -0.712083 -0.500688 0.078125 0.679688
 12 -5.250494 -15.492534 2.781856 -0.852360 -0.506076 -0.131794 0.078125 0.929688
  9 -4.648934 -16.551523 2.593054 0.398310 0.225806 -0.889022 0.007813 0.718750
view_finger.bmp
 17 -4.082285 -16.023872 1.501556 0.506382 0.221892 -0.833271 0.976563 0.367188
 17 -3.741903 -15.615483 1.738111 -0.252612 0.924945 -0.284014 0.859375 0.101563
 17 -3.599032 -15.591622 1.727224 0.581788 0.706085 -0.403691 0.914063 0.015625
view_finger.bmp
 17 -3.599032 -15.591622 1.727224 0.581788 0.706085 -0.403691 0.914063 0.015625
 17 -3.741903 -15.615483 1.738111 -0.252612 0.924945 -0.284014 0.859375 0.101563
 17 -3.622590 -15.647507 2.021200 0.176099 0.515996 0.838294 0.656250 0.023438
view_finger.bmp
 17 -3.741903 -15.615483 1.738111 -0.252612 0.924945 -0.284014 0.859375 0.101563
 17 -3.757397 -15.654572 1.954287 -0.404315 0.713427 0.572321 0.726563 0.109375
 17 -3.622590 -15.647507 2.021200 0.176099 0.515996 0.838294 0.656250 0.023438
view_finger.bmp
 17 -3.622590 -15.647507 2.021200 0.176099 0.515996 0.838294 0.656250 0.023438
 17 -3.757397 -15.654572 1.954287 -0.404315 0.713427 0.572321 0.726563 0.109375
 17 -4.121973 -16.113348 1.951133 -0.348984 0.114095 0.930157 0.617188 0.351563
view_finger.bmp
 17 -4.251235 -15.978421 1.864034 -0.581811 -0.693014 -0.425709 0.726563 0.351563
 16 -3.986713 -15.915336 1.914275 0.991962 -0.122395 0.032099 0.726563 0.414063
 16 -3.998893 -16.142475 1.966806 0.158903 -0.649111 0.743912 0.617188 0.406250
view_finger.bmp
 17 -4.251235 -15.978421 1.864034 -0.581811 -0.693014 -0.425709 0.726563 0.351563
 16 -3.973345 -15.841632 1.623089 0.823108 -0.383204 0.419104 0.898438 0.421875
 16 -3.986713 -15.915336 1.914275 0.991962 -0.122395 0.032099 0.726563 0.414063
view_finger.bmp
 17 -4.251235 -15.978421 1.864034 -0.581811 -0.693014 -0.425709 0.726563 0.351563
 17 -4.228685 -15.924636 1.579783 -0.774089 0.495693 -0.393795 0.890625 0.359375
 16 -3.973345 -15.841632 1.623089 0.823108 -0.383204 0.419104 0.898438 0.421875
view_finger.bmp
 17 -4.251235 -15.978421 1.864034 -0.581811 -0.693014 -0.425709 0.726563 0.351563
 17 -4.028244 -15.740714 1.784223 -0.539490 0.836984 0.091698 0.804688 0.226563
 17 -4.228685 -15.924636 1.579783 -0.774089 0.495693 -0.393795 0.890625 0.359375
view_finger.bmp
 12 -4.846087 -16.448547 1.996622 -0.548086 -0.667683 -0.503787 0.250000 0.679688
 13 -4.762969 -16.217072 1.935096 -0.191100 -0.955997 -0.222600 0.343750 0.640625
 13 -3.727183 -16.182047 2.125151 0.616921 -0.546319 -0.566519 0.296875 0.367188
view_finger.bmp
 12 -4.846087 -16.448547 1.996622 -0.548086 -0.667683 -0.503787 0.250000 0.679688
 12 -4.683066 -16.337683 1.924974 -0.471195 0.866191 0.166398 0.335938 0.718750
 13 -4.762969 -16.217072 1.935096 -0.191100 -0.955997 -0.222600 0.343750 0.640625
view_finger.bmp
 12 -4.846087 -16.448547 1.996622 -0.548086 -0.667683 -0.503787 0.250000 0.679688
 12 -5.295253 -15.138607 2.097143 -0.772666 -0.421281 -0.474879 0.304688 0.953125
 12 -4.683066 -16.337683 1.924974 -0.471195 0.866191 0.166398 0.335938 0.718750
view_finger.bmp
 12 -4.846087 -16.448547 1.996622 -0.548086 -0.667683 -0.503787 0.250000 0.679688
 12 -5.250494 -15.492534 2.781856 -0.852360 -0.506076 -0.131794 0.078125 0.929688
 12 -5.295253 -15.138607 2.097143 -0.772666 -0.421281 -0.474879 0.304688 0.953125
view_finger.bmp
  6 -5.219875 -16.553122 4.266227 -0.177307 -0.189507 0.965738 0.609375 0.710938
  7 -5.206417 -16.567333 4.258136 0.091801 -0.083001 0.992312 0.609375 0.640625
  6 -5.031178 -16.420580 4.181812 0.654636 0.002000 0.755942 0.710938 0.718750
view_finger.bmp
  6 -5.031178 -16.420580 4.181812 0.654636 0.002000 0.755942 0.710938 0.718750
  7 -5.206417 -16.567333 4.258136 0.091801 -0.083001 0.992312 0.609375 0.640625
  7 -5.025626 -16.475021 4.172153 0.815603 0.256801 0.518502 0.718750 0.648438
view_finger.bmp
  7 -5.206417 -16.567333 4.258136 0.091801 -0.083001 0.992312 0.609375 0.640625
  7 -4.614563 -17.089489 4.204636 0.977191 -0.147999 0.152299 0.726563 0.414063
  7 -5.025626 -16.475021 4.172153 0.815603 0.256801 0.518502 0.718750 0.648438
view_finger.bmp
 10 -3.735232 -16.264437 3.198443 0.941088 -0.269397 0.204397 0.296875 0.367188
 11 -3.752275 -15.368109 3.032133 0.942099 0.275900 -0.190600 0.078125 0.109375
 11 -3.753989 -15.415558 3.338638 0.867584 0.267695 0.419092 0.289063 0.117188
view_finger.bmp
 11 -3.753989 -15.415558 3.338638 0.867584 0.267695 0.419092 0.289063 0.117188
 11 -3.752275 -15.368109 3.032133 0.942099 0.275900 -0.190600 0.078125 0.109375
 11 -3.859818 -15.229228 3.006702 0.087896 0.865761 -0.492678 0.046875 0.015625
view_finger.bmp
 13 -3.727183 -16.182047 2.125151 0.616921 -0.546319 -0.566519 0.296875 0.367188
 14 -3.650290 -15.406658 2.339370 0.913540 0.207709 -0.349715 0.289063 0.117188
 13 -3.735115 -16.251936 2.488541 0.835178 -0.361491 0.414489 0.046875 0.367188
view_finger.bmp
 13 -3.735115 -16.251936 2.488541 0.835178 -0.361491 0.414489 0.046875 0.367188
 14 -3.650290 -15.406658 2.339370 0.913540 0.207709 -0.349715 0.289063 0.117188
 14 -3.661360 -15.457047 2.594200 0.840289 0.366495 0.399495 0.078125 0.109375
view_finger.bmp
 16 -4.028167 -16.221758 1.535346 -0.010000 -0.703814 -0.710314 0.046875 0.367188
 17 -3.553030 -15.735017 1.731885 0.825927 -0.253008 -0.503816 0.078125 0.109375
 16 -4.045567 -16.303860 1.865432 0.411008 -0.821416 0.395408 0.296875 0.367188
view_finger.bmp
 16 -4.045567 -16.303860 1.865432 0.411008 -0.821416 0.395408 0.296875 0.367188
 17 -3.553030 -15.735017 1.731885 0.825927 -0.253008 -0.503816 0.078125 0.109375
 17 -3.561841 -15.767009 1.950285 0.934526 -0.120403 0.334909 0.289063 0.117188
view_finger.bmp
 12 -4.559760 -16.285494 2.473309 0.656983 -0.730881 -0.184895 0.875000 0.726563
 13 -4.833118 -16.137100 2.478404 -0.986440 0.120705 0.111204 0.882813 0.648438
 12 -4.544648 -16.192204 2.074224 0.499580 -0.824967 -0.264290 0.710938 0.718750
view_finger.bmp
 12 -4.544648 -16.192204 2.074224 0.499580 -0.824967 -0.264290 0.710938 0.718750
 13 -4.833118 -16.137100 2.478404 -0.986440 0.120705 0.111204 0.882813 0.648438
 13 -4.814057 -16.059105 2.086545 -0.725121 0.467714 -0.505414 0.718750 0.648438
view_finger.bmp
 14 -4.113056 -16.123159 2.493881 0.003000 -0.940279 -0.340393 0.890625 0.359375
 14 -3.921278 -15.443255 2.575434 -0.802602 0.346301 0.485701 0.859375 0.101563
 14 -4.063509 -15.729977 2.400330 -0.954707 0.296502 0.024900 0.804688 0.226563
view_finger.bmp
  4 -3.861936 -15.349759 3.880199 0.730691 0.508094 -0.455994 0.851563 0.562500
  4 -4.551556 -14.695324 3.964691 0.112395 -0.990558 0.078497 0.734375 0.968750
  4 -4.140316 -14.544362 3.861771 0.634394 -0.492396 -0.595895 0.843750 0.960938
view_finger.bmp
  4 -4.598461 -14.705249 4.418565 -0.692922 -0.466315 0.549917 0.632813 0.953125
  4 -4.551556 -14.695324 3.964691 0.112395 -0.990558 0.078497 0.734375 0.968750
  4 -4.249085 -15.481241 3.976780 -0.989476 -0.139397 -0.038799 0.726563 0.570313
view_finger.bmp
  5 -3.686821 -16.112701 3.679446 0.686414 -0.707515 0.168103 0.265625 0.117188
  5 -3.767484 -16.026247 3.483949 0.643724 -0.302511 -0.702927 0.398438 0.078125
  5 -3.659669 -15.831930 3.981158 0.879515 -0.431708 0.200204 0.265625 0.320313
view_finger.bmp
  5 -4.029250 -15.959242 4.066606 -0.238997 -0.809488 0.536292 0.093750 0.328125
  5 -4.086885 -16.150101 3.556360 -0.704111 -0.500808 -0.503408 0.039063 0.093750
  5 -4.006674 -16.230118 3.759495 -0.029999 -0.999152 -0.028199 0.085938 0.109375
view_finger.bmp
 10 -4.851486 -16.382330 3.167154 -0.989981 -0.141197 -0.000000 0.718750 0.648438
 10 -4.056022 -15.939774 2.856700 0.453388 0.871477 -0.186995 0.898438 0.421875
 10 -4.850275 -16.307150 2.763983 -0.978720 -0.160303 -0.128103 0.882813 0.648438
view_finger.bmp
 16 -4.513314 -15.498549 1.641182 0.822910 0.077901 -0.562806 0.882813 0.648438
 15 -4.508874 -15.483248 1.633497 0.948967 0.117196 -0.292790 0.875000 0.726563
 15 -4.535619 -15.558880 1.933105 0.841372 -0.537282 0.058498 0.710938 0.718750
view_finger.bmp
  6 -5.219875 -16.553122 4.266227 -0.177307 -0.189507 0.965738 0.609375 0.710938
  6 -5.031178 -16.420580 4.181812 0.654636 0.002000 0.755942 0.710938 0.718750
  6 -5.334687 -15.610900 4.355309 0.005800 -0.141195 0.989965 0.593750 0.984375
view_finger.bmp
  6 -5.551365 -15.502703 4.210243 -0.931518 -0.281405 0.230404 0.304688 0.953125
  6 -5.219875 -16.553122 4.266227 -0.177307 -0.189507 0.965738 0.335938 0.718750
  6 -5.334687 -15.610900 4.355309 0.005800 -0.141195 0.989965 0.351563 0.992188
view_finger.bmp
  6 -5.134584 -16.566984 3.601146 0.302708 -0.142804 -0.942324 0.976563 0.710938
  9 -5.348793 -15.587823 3.519920 -0.838473 -0.512183 -0.186094 0.968750 0.992188
  6 -5.043407 -15.692756 3.724076 0.933432 -0.203707 -0.295310 0.875000 0.976563
view_finger.bmp
  9 -5.348793 -15.587823 3.519920 -0.838473 -0.512183 -0.186094 0.078125 0.929688
  6 -5.134584 -16.566984 3.601146 0.302708 -0.142804 -0.942324 0.007813 0.718750
  6 -5.321274 -16.639051 3.697338 -0.637877 -0.395085 -0.661076 0.078125 0.679688
view_finger.bmp
 11 -3.862648 -15.320349 3.437270 -0.073801 0.541106 0.837710 0.656250 0.023438
 11 -3.984880 -15.468694 3.317049 -0.882163 0.281188 0.377784 0.726563 0.109375
 11 -3.907824 -16.211000 3.361127 0.639372 0.211391 0.739268 0.617188 0.351563
view_finger.bmp
  9 -4.810452 -16.716299 2.699169 -0.492188 -0.712083 -0.500688 0.078125 0.679688
  9 -4.648934 -16.551523 2.593054 0.398310 0.225806 -0.889022 0.007813 0.718750
 10 -4.756763 -16.468435 2.601987 -0.095098 -0.465390 -0.879982 0.007813 0.656250
view_finger.bmp
  9 -4.648934 -16.551523 2.593054 0.398310 0.225806 -0.889022 0.976563 0.710938
  9 -4.504269 -16.391811 2.770998 0.518303 -0.839905 0.161001 0.875000 0.726563
 10 -4.756763 -16.468435 2.601987 -0.095098 -0.465390 -0.879982 0.976563 0.648438
view_finger.bmp
 15 -4.993145 -14.684569 1.493160 0.188703 0.052801 -0.980614 0.968750 0.992188
 15 -4.722591 -14.749368 1.640137 0.884769 0.249391 -0.393686 0.875000 0.976563
 15 -4.630071 -15.610541 1.500427 0.247200 0.137900 -0.959101 0.976563 0.710938
view_finger.bmp
 12 -5.250494 -15.492534 2.781856 -0.852360 -0.506076 -0.131794 0.968750 0.992188
 12 -4.708394 -16.478071 2.548953 -0.217399 -0.888597 0.403898 0.976563 0.710938
 12 -4.758443 -15.570477 2.644704 0.881012 -0.071201 0.467706 0.875000 0.976563
end
