version 1
nodes
  0 "Bone01" -1
  1 "Bone02" 0
  2 "Bone03" 1
  3 "Bone04" 2
  4 "Bone05" 3
  5 "Bone06" 4
  6 "Bone07" 2
  7 "Bone08" 6
  8 "Bone09" 7
  9 "Bone11" 2
 10 "Bone12" 9
 11 "Bone13" 10
 12 "Bone15" 2
 13 "Bone16" 12
 14 "Bone17" 13
 15 "Bone19" 2
 16 "Bone20" 15
 17 "Bone21" 16
 18 "Bone24" -1
 19 "Bone25" 18
 20 "Bone26" 19
 21 "Bone27" 20
 22 "Bone28" 21
 23 "Bone29" 22
 24 "Bone31" 20
 25 "Bone32" 24
 26 "Bone33" 25
 27 "Bone35" 20
 28 "Bone36" 27
 29 "Bone37" 28
 30 "Bone39" 20
 31 "Bone40" 30
 32 "Bone41" 31
 33 "Bone43" 20
 34 "Bone44" 33
 35 "Bone45" 34
 36 "Bone47" 19
 37 "Bone48" 36
 38 "Bone55" 37
 39 "Bone51" 37
 40 "Bone49" 37
 41 "Bone53" 37
end
skeleton
time 0
  0 -9.026067 -4.650023 1.313681 0.762836 1.855332 1.149477
  1 0.026865 -9.077094 0.000000 0.238955 -0.344244 0.246469
  2 0.000000 -0.456721 0.000000 0.000000 0.000000 0.000000
  3 -0.421910 0.233313 0.477535 -0.212797 -0.375551 -2.091539
  4 1.827484 -0.104693 0.000000 0.000000 0.000000 0.523599
  5 1.069447 0.056464 0.000000 0.000000 0.000000 0.848230
  6 -1.090121 -1.829638 -0.122573 0.000000 0.000000 -1.638864
  7 1.390341 -0.000583 0.000000 0.000000 -0.481711 0.005236
  8 0.964939 -0.010943 0.000000 0.000000 -0.670206 0.000000
  9 -0.348493 -1.994085 -0.122573 -0.078961 -0.260133 -1.437435
 10 1.546316 0.004627 0.000001 0.000000 -1.623155 0.000000
 11 1.135737 0.008475 0.000000 0.000000 -1.110029 0.020944
 12 0.310263 -1.738958 -0.122573 -0.056428 -0.182688 -1.438565
 13 1.569654 0.049780 0.000001 0.000000 -1.497494 -0.010472
 14 1.096338 0.003407 0.000000 0.000000 -1.214749 0.005236
 15 0.956485 -1.335291 -0.122573 0.000000 -0.267035 -1.445133
 16 1.346260 0.018204 0.000000 0.000000 -0.612611 -0.005236
 17 0.874448 -0.001050 0.000000 0.000000 -1.392772 0.000000
 18 9.029037 -4.746507 1.572933 0.936433 -1.816588 -1.312241
 19 -0.244755 -8.933565 -0.000001 0.209146 0.299578 -0.249756
 20 -0.017482 -0.437063 0.000000 0.000000 0.000000 0.000000
 21 0.472028 0.192308 0.472822 0.297069 -0.493084 -1.048320
 22 1.857548 0.010602 0.000000 0.000000 0.000000 -0.455531
 23 0.996041 -0.010017 0.000000 0.000000 0.000000 -0.858702
 24 1.137759 -1.867486 -0.137080 0.000000 -0.052360 -1.523672
 25 1.365644 0.014869 0.000000 0.000000 -0.376991 -0.005236
 26 0.938014 -0.005664 0.000001 0.000000 -0.612611 0.010472
 27 0.409682 -2.071859 -0.137080 0.068179 -0.280440 -1.750247
 28 1.470907 0.007359 -0.000001 0.000000 -1.617922 0.010472
 29 1.152100 0.010338 0.000000 0.000000 -1.099558 0.005236
 30 -0.292848 -1.816393 -0.137080 0.017968 -0.224442 -1.724665
 31 1.511618 -0.004263 0.000000 0.000000 -1.544617 0.036652
 32 1.099637 -0.010806 0.000000 0.000000 -1.130973 0.010472
 33 -0.957059 -1.356555 -0.137080 0.000000 -0.235619 -1.685988
 34 1.351391 -0.010799 -0.000001 0.000000 -0.753982 0.005229
 35 0.859052 0.017735 -0.000001 0.000000 -1.371829 -0.010472
 36 -0.069481 -3.465251 0.968036 1.218515 1.752558 1.295777
 37 0.000000 2.398083 0.584532 0.000000 0.000000 0.000000
 38 0.000000 -1.378897 1.049161 0.000000 0.000000 0.000000
 39 0.000000 -1.588730 1.528777 0.000000 0.000000 0.000000
 40 0.000000 -2.892687 1.423861 0.000000 0.000000 0.000000
 41 0.000000 -1.079137 2.293166 0.000000 0.000000 0.000000
end
triangles
view_glove.bmp
 18 5.695454 -13.238965 1.954747 0.324415 0.254112 -0.911143 0.398438 0.007813
 19 5.845963 -13.374267 2.129749 0.791306 -0.052000 -0.609205 0.343750 0.257813
 19 5.432951 -13.133450 1.791921 0.270094 0.296694 -0.915981 0.406250 0.203125
view_glove.bmp
 19 5.432951 -13.133450 1.791921 0.270094 0.296694 -0.915981 0.406250 0.203125
 19 5.845963 -13.374267 2.129749 0.791306 -0.052000 -0.609205 0.343750 0.257813
 19 5.262818 -14.111408 1.532787 -0.010400 0.173496 -0.984780 0.421875 0.460938
view_glove.bmp
 19 5.845963 -13.374267 2.129749 0.791306 -0.052000 -0.609205 0.343750 0.257813
 19 5.601264 -14.374274 1.655085 0.754194 -0.064299 -0.653495 0.390625 0.593750
 19 5.262818 -14.111408 1.532787 -0.010400 0.173496 -0.984780 0.421875 0.460938
view_glove.bmp
 19 5.262818 -14.111408 1.532787 -0.010400 0.173496 -0.984780 0.421875 0.460938
 19 5.601264 -14.374274 1.655085 0.754194 -0.064299 -0.653495 0.390625 0.593750
 33 5.369390 -14.853669 1.574444 0.623506 -0.237702 -0.744807 0.390625 0.765625
view_glove.bmp
 19 5.601264 -14.374274 1.655085 0.754194 -0.064299 -0.653495 0.390625 0.593750
 19 5.600689 -14.714802 1.975460 0.942280 -0.264194 -0.205696 0.351563 0.695313
 33 5.369390 -14.853669 1.574444 0.623506 -0.237702 -0.744807 0.390625 0.765625
view_glove.bmp
 33 5.369390 -14.853669 1.574444 0.623506 -0.237702 -0.744807 0.390625 0.765625
 19 5.600689 -14.714802 1.975460 0.942280 -0.264194 -0.205696 0.351563 0.695313
 30 5.403948 -15.231291 2.131788 0.746296 -0.447098 -0.493098 0.339844 0.898438
view_glove.bmp
 19 5.600689 -14.714802 1.975460 0.942280 -0.264194 -0.205696 0.351563 0.695313
 19 5.644909 -15.002343 2.558868 0.942280 -0.264194 -0.205696 0.257813 0.781250
 30 5.403948 -15.231291 2.131788 0.746296 -0.447098 -0.493098 0.339844 0.898438
view_glove.bmp
 30 5.403948 -15.231291 2.131788 0.746296 -0.447098 -0.493098 0.339844 0.898438
 19 5.644909 -15.002343 2.558868 0.942280 -0.264194 -0.205696 0.257813 0.781250
 27 5.485512 -15.507468 2.822261 0.837933 -0.518620 -0.170007 0.210938 0.968750
view_glove.bmp
 19 5.644909 -15.002343 2.558868 0.942280 -0.264194 -0.205696 0.257813 0.781250
 19 5.724641 -15.174649 3.281054 0.959934 -0.238508 -0.147105 0.179688 0.828125
 27 5.485512 -15.507468 2.822261 0.837933 -0.518620 -0.170007 0.210938 0.968750
view_glove.bmp
 27 5.485512 -15.507468 2.822261 0.837933 -0.518620 -0.170007 0.210938 0.968750
 19 5.724641 -15.174649 3.281054 0.959934 -0.238508 -0.147105 0.179688 0.828125
 27 5.509744 -15.701244 3.546459 0.815907 -0.550904 -0.175501 0.109375 0.921875
view_glove.bmp
 19 5.724641 -15.174649 3.281054 0.959934 -0.238508 -0.147105 0.179688 0.828125
 19 5.830064 -15.125049 3.971653 0.959934 -0.238508 -0.147105 0.089844 0.812500
 27 5.509744 -15.701244 3.546459 0.815907 -0.550904 -0.175501 0.109375 0.921875
view_glove.bmp
 27 5.509744 -15.701244 3.546459 0.815907 -0.550904 -0.175501 0.109375 0.921875
 19 5.830064 -15.125049 3.971653 0.959934 -0.238508 -0.147105 0.089844 0.812500
 24 5.688889 -15.627155 4.237371 0.910024 -0.348309 0.224806 0.042969 0.851563
view_glove.bmp
 19 5.830064 -15.125049 3.971653 0.959934 -0.238508 -0.147105 0.089844 0.812500
 19 5.855400 -15.289504 4.448321 0.612013 -0.443610 0.654714 0.011719 0.859375
 24 5.688889 -15.627155 4.237371 0.910024 -0.348309 0.224806 0.042969 0.851563
view_glove.bmp
 24 5.688889 -15.627155 4.237371 0.910024 -0.348309 0.224806 0.042969 0.851563
 19 5.855400 -15.289504 4.448321 0.612013 -0.443610 0.654714 0.011719 0.859375
 24 5.467601 -15.720885 4.393725 -0.002100 -0.151899 0.988394 0.031250 0.796875
view_glove.bmp
 18 5.483760 -12.697081 4.211945 -0.178194 0.393087 0.902070 0.808594 0.195313
 21 4.848860 -13.430086 4.404320 -0.370614 0.561121 0.740128 0.835938 0.335938
 21 4.367814 -14.401582 4.786669 0.092497 -0.022099 0.995468 0.906250 0.367188
view_glove.bmp
 21 4.367814 -14.401582 4.786669 0.092497 -0.022099 0.995468 0.906250 0.367188
 21 4.848860 -13.430086 4.404320 -0.370614 0.561121 0.740128 0.835938 0.335938
 21 3.997122 -14.241124 4.638543 -0.777809 0.388804 0.493806 0.894531 0.554688
view_glove.bmp
 21 4.848860 -13.430086 4.404320 -0.370614 0.561121 0.740128 0.835938 0.335938
 21 4.541149 -13.242644 3.919883 -0.744279 0.623182 0.240193 0.773438 0.335938
 21 3.997122 -14.241124 4.638543 -0.777809 0.388804 0.493806 0.894531 0.554688
view_glove.bmp
 21 3.997122 -14.241124 4.638543 -0.777809 0.388804 0.493806 0.894531 0.554688
 21 4.541149 -13.242644 3.919883 -0.744279 0.623182 0.240193 0.773438 0.335938
 21 4.000782 -14.195793 4.057396 -0.903520 0.223405 -0.365708 0.832031 0.578125
view_glove.bmp
 21 4.541149 -13.242644 3.919883 -0.744279 0.623182 0.240193 0.773438 0.335938
 21 4.547976 -13.449760 3.444850 -0.837385 0.276895 -0.471291 0.726563 0.460938
 21 4.000782 -14.195793 4.057396 -0.903520 0.223405 -0.365708 0.832031 0.578125
view_glove.bmp
 21 4.000782 -14.195793 4.057396 -0.903520 0.223405 -0.365708 0.832031 0.578125
 21 4.547976 -13.449760 3.444850 -0.837385 0.276895 -0.471291 0.726563 0.460938
 19 4.849113 -13.893359 3.209302 -0.877637 -0.191708 -0.439319 0.699219 0.632813
view_glove.bmp
 21 4.547976 -13.449760 3.444850 -0.837385 0.276895 -0.471291 0.726563 0.460938
 19 4.898531 -13.212362 2.977782 -0.940919 0.292806 -0.170103 0.656250 0.328125
 19 4.849113 -13.893359 3.209302 -0.877637 -0.191708 -0.439319 0.699219 0.632813
view_glove.bmp
 19 4.849113 -13.893359 3.209302 -0.877637 -0.191708 -0.439319 0.699219 0.632813
 19 4.898531 -13.212362 2.977782 -0.940919 0.292806 -0.170103 0.656250 0.328125
 19 5.005774 -14.617448 2.355983 -0.996465 0.030699 0.078197 0.570313 0.679688
view_glove.bmp
 19 4.898531 -13.212362 2.977782 -0.940919 0.292806 -0.170103 0.656250 0.328125
 19 4.779208 -13.084773 2.377796 -0.908705 0.380402 -0.171901 0.585938 0.312500
 19 5.005774 -14.617448 2.355983 -0.996465 0.030699 0.078197 0.570313 0.679688
view_glove.bmp
 19 5.005774 -14.617448 2.355983 -0.996465 0.030699 0.078197 0.570313 0.679688
 19 4.779208 -13.084773 2.377796 -0.908705 0.380402 -0.171901 0.585938 0.312500
 19 5.029402 -14.093622 1.736994 -0.827086 0.149997 -0.541691 0.523438 0.601563
view_glove.bmp
 19 4.779208 -13.084773 2.377796 -0.908705 0.380402 -0.171901 0.585938 0.312500
 19 5.043836 -13.095293 2.028424 -0.421724 0.666337 -0.614934 0.554688 0.312500
 19 5.029402 -14.093622 1.736994 -0.827086 0.149997 -0.541691 0.523438 0.601563
view_glove.bmp
 19 5.029402 -14.093622 1.736994 -0.827086 0.149997 -0.541691 0.523438 0.601563
 19 5.043836 -13.095293 2.028424 -0.421724 0.666337 -0.614934 0.554688 0.312500
 19 5.262818 -14.111408 1.532787 -0.010400 0.173496 -0.984780 0.496094 0.523438
view_glove.bmp
 19 5.043836 -13.095293 2.028424 -0.421724 0.666337 -0.614934 0.554688 0.312500
 19 5.432951 -13.133450 1.791921 0.270094 0.296694 -0.915981 0.500000 0.296875
 19 5.262818 -14.111408 1.532787 -0.010400 0.173496 -0.984780 0.496094 0.523438
view_glove.bmp
 19 5.047804 -14.958275 2.974829 -0.990445 0.057603 0.125306 0.644531 0.765625
 19 5.005774 -14.617448 2.355983 -0.996465 0.030699 0.078197 0.570313 0.679688
 30 4.884631 -15.444039 2.280272 -0.970711 0.108801 -0.214202 0.597656 0.851563
view_glove.bmp
 19 5.047804 -14.958275 2.974829 -0.990445 0.057603 0.125306 0.644531 0.765625
 19 4.849113 -13.893359 3.209302 -0.877637 -0.191708 -0.439319 0.699219 0.632813
 19 5.005774 -14.617448 2.355983 -0.996465 0.030699 0.078197 0.570313 0.679688
view_glove.bmp
 19 5.047804 -14.958275 2.974829 -0.990445 0.057603 0.125306 0.644531 0.765625
 19 5.138287 -15.028990 3.675481 -0.985574 -0.032999 0.165996 0.726563 0.804688
 19 4.849113 -13.893359 3.209302 -0.877637 -0.191708 -0.439319 0.699219 0.632813
view_glove.bmp
 19 5.047804 -14.958275 2.974829 -0.990445 0.057603 0.125306 0.644531 0.765625
 27 4.979558 -15.757327 3.439416 -0.892517 0.013600 0.450809 0.714844 0.914063
 19 5.138287 -15.028990 3.675481 -0.985574 -0.032999 0.165996 0.726563 0.804688
view_glove.bmp
 19 5.047804 -14.958275 2.974829 -0.990445 0.057603 0.125306 0.644531 0.765625
 27 4.964461 -15.622749 2.947623 -0.954575 0.108297 -0.277593 0.675781 0.921875
 27 4.979558 -15.757327 3.439416 -0.892517 0.013600 0.450809 0.714844 0.914063
view_glove.bmp
 19 5.047804 -14.958275 2.974829 -0.990445 0.057603 0.125306 0.644531 0.765625
 30 4.877677 -15.643023 2.706953 -0.843774 -0.036099 0.535483 0.640625 0.898438
 27 4.964461 -15.622749 2.947623 -0.954575 0.108297 -0.277593 0.675781 0.921875
view_glove.bmp
 19 5.047804 -14.958275 2.974829 -0.990445 0.057603 0.125306 0.644531 0.765625
 30 4.884631 -15.444039 2.280272 -0.970711 0.108801 -0.214202 0.597656 0.851563
 30 4.877677 -15.643023 2.706953 -0.843774 -0.036099 0.535483 0.640625 0.898438
view_glove.bmp
 21 3.997122 -14.241124 4.638543 -0.777809 0.388804 0.493806 0.894531 0.554688
 21 4.000782 -14.195793 4.057396 -0.903520 0.223405 -0.365708 0.832031 0.578125
 22 3.943018 -14.439533 4.179610 -0.995962 0.029199 -0.084897 0.878906 0.664063
view_glove.bmp
 22 3.943018 -14.439533 4.179610 -0.995962 0.029199 -0.084897 0.878906 0.664063
 21 4.000782 -14.195793 4.057396 -0.903520 0.223405 -0.365708 0.832031 0.578125
 21 4.245663 -14.680408 3.628465 -0.657219 -0.710921 -0.250307 0.820313 0.687500
view_glove.bmp
 21 4.000782 -14.195793 4.057396 -0.903520 0.223405 -0.365708 0.832031 0.578125
 19 4.849113 -13.893359 3.209302 -0.877637 -0.191708 -0.439319 0.699219 0.632813
 21 4.245663 -14.680408 3.628465 -0.657219 -0.710921 -0.250307 0.820313 0.687500
view_glove.bmp
 21 4.245663 -14.680408 3.628465 -0.657219 -0.710921 -0.250307 0.820313 0.687500
 19 4.849113 -13.893359 3.209302 -0.877637 -0.191708 -0.439319 0.699219 0.632813
 19 5.209257 -15.232112 4.294354 -0.673828 -0.278412 0.684429 0.808594 0.781250
view_glove.bmp
 19 4.849113 -13.893359 3.209302 -0.877637 -0.191708 -0.439319 0.699219 0.632813
 19 5.138287 -15.028990 3.675481 -0.985574 -0.032999 0.165996 0.726563 0.804688
 19 5.209257 -15.232112 4.294354 -0.673828 -0.278412 0.684429 0.808594 0.781250
view_glove.bmp
 19 5.209257 -15.232112 4.294354 -0.673828 -0.278412 0.684429 0.808594 0.781250
 19 5.138287 -15.028990 3.675481 -0.985574 -0.032999 0.165996 0.726563 0.804688
 24 5.187791 -15.714917 4.300608 -0.892583 0.056799 0.447292 0.800781 0.859375
view_glove.bmp
 19 5.138287 -15.028990 3.675481 -0.985574 -0.032999 0.165996 0.726563 0.804688
 24 5.161679 -15.766604 3.765774 -0.950471 -0.136996 -0.278992 0.753906 0.898438
 24 5.187791 -15.714917 4.300608 -0.892583 0.056799 0.447292 0.800781 0.859375
view_glove.bmp
 18 5.871624 -13.131776 3.857685 0.878765 -0.166193 0.447382 0.078125 0.039063
 19 5.845963 -13.374267 2.129749 0.791306 -0.052000 -0.609205 0.343750 0.257813
 18 5.904977 -13.461754 2.496471 0.937767 -0.345488 -0.035099 0.328125 0.046875
view_glove.bmp
 18 5.871624 -13.131776 3.857685 0.878765 -0.166193 0.447382 0.078125 0.039063
 19 5.600689 -14.714802 1.975460 0.942280 -0.264194 -0.205696 0.351563 0.695313
 19 5.845963 -13.374267 2.129749 0.791306 -0.052000 -0.609205 0.343750 0.257813
view_glove.bmp
 18 5.871624 -13.131776 3.857685 0.878765 -0.166193 0.447382 0.078125 0.039063
 19 5.644909 -15.002343 2.558868 0.942280 -0.264194 -0.205696 0.257813 0.781250
 19 5.600689 -14.714802 1.975460 0.942280 -0.264194 -0.205696 0.351563 0.695313
view_glove.bmp
 18 5.871624 -13.131776 3.857685 0.878765 -0.166193 0.447382 0.078125 0.039063
 19 5.724641 -15.174649 3.281054 0.959934 -0.238508 -0.147105 0.179688 0.828125
 19 5.644909 -15.002343 2.558868 0.942280 -0.264194 -0.205696 0.257813 0.781250
view_glove.bmp
 18 5.871624 -13.131776 3.857685 0.878765 -0.166193 0.447382 0.078125 0.039063
 19 5.830064 -15.125049 3.971653 0.959934 -0.238508 -0.147105 0.089844 0.812500
 19 5.724641 -15.174649 3.281054 0.959934 -0.238508 -0.147105 0.179688 0.828125
view_glove.bmp
 18 5.871624 -13.131776 3.857685 0.878765 -0.166193 0.447382 0.078125 0.039063
 19 5.891985 -15.157776 4.507558 0.367891 -0.339492 0.865680 0.000000 0.820313
 19 5.830064 -15.125049 3.971653 0.959934 -0.238508 -0.147105 0.089844 0.812500
view_glove.bmp
 30 4.884631 -15.444039 2.280272 -0.970711 0.108801 -0.214202 0.597656 0.851563
 19 5.005774 -14.617448 2.355983 -0.996465 0.030699 0.078197 0.570313 0.679688
 33 4.826102 -15.179673 2.058964 -0.916205 0.046500 0.398002 0.554688 0.789063
view_glove.bmp
 33 4.826102 -15.179673 2.058964 -0.916205 0.046500 0.398002 0.554688 0.789063
 19 5.005774 -14.617448 2.355983 -0.996465 0.030699 0.078197 0.570313 0.679688
 33 4.859286 -14.842525 1.675779 -0.886925 0.257007 -0.383811 0.519531 0.726563
view_glove.bmp
 19 5.005774 -14.617448 2.355983 -0.996465 0.030699 0.078197 0.570313 0.679688
 19 5.029402 -14.093622 1.736994 -0.827086 0.149997 -0.541691 0.523438 0.601563
 33 4.859286 -14.842525 1.675779 -0.886925 0.257007 -0.383811 0.519531 0.726563
view_glove.bmp
 33 4.859286 -14.842525 1.675779 -0.886925 0.257007 -0.383811 0.519531 0.726563
 19 5.029402 -14.093622 1.736994 -0.827086 0.149997 -0.541691 0.523438 0.601563
 33 5.126863 -14.774347 1.516235 -0.196506 0.063702 -0.978431 0.488281 0.671875
view_glove.bmp
 19 5.029402 -14.093622 1.736994 -0.827086 0.149997 -0.541691 0.523438 0.601563
 19 5.262818 -14.111408 1.532787 -0.010400 0.173496 -0.984780 0.496094 0.523438
 33 5.126863 -14.774347 1.516235 -0.196506 0.063702 -0.978431 0.488281 0.671875
view_glove.bmp
 21 4.541149 -13.242644 3.919883 -0.744279 0.623182 0.240193 0.773438 0.335938
 18 5.082517 -12.546422 3.685726 -0.859383 0.492190 0.138597 0.730469 0.164063
 21 4.547976 -13.449760 3.444850 -0.837385 0.276895 -0.471291 0.726563 0.460938
view_glove.bmp
 21 4.547976 -13.449760 3.444850 -0.837385 0.276895 -0.471291 0.726563 0.460938
 18 5.082517 -12.546422 3.685726 -0.859383 0.492190 0.138597 0.730469 0.164063
 19 4.898531 -13.212362 2.977782 -0.940919 0.292806 -0.170103 0.656250 0.328125
view_glove.bmp
 18 5.082517 -12.546422 3.685726 -0.859383 0.492190 0.138597 0.730469 0.164063
 18 5.172727 -12.864332 2.335543 -0.752663 0.565573 -0.337084 0.597656 0.164063
 19 4.898531 -13.212362 2.977782 -0.940919 0.292806 -0.170103 0.656250 0.328125
view_glove.bmp
 19 4.898531 -13.212362 2.977782 -0.940919 0.292806 -0.170103 0.656250 0.328125
 18 5.172727 -12.864332 2.335543 -0.752663 0.565573 -0.337084 0.597656 0.164063
 19 4.779208 -13.084773 2.377796 -0.908705 0.380402 -0.171901 0.585938 0.312500
view_glove.bmp
 18 5.172727 -12.864332 2.335543 -0.752663 0.565573 -0.337084 0.597656 0.164063
 19 5.043836 -13.095293 2.028424 -0.421724 0.666337 -0.614934 0.554688 0.312500
 19 4.779208 -13.084773 2.377796 -0.908705 0.380402 -0.171901 0.585938 0.312500
view_glove.bmp
 19 5.855400 -15.289504 4.448321 0.612013 -0.443610 0.654714 0.011719 0.859375
 19 5.891985 -15.157776 4.507558 0.367891 -0.339492 0.865680 0.000000 0.820313
 19 5.209257 -15.232112 4.294354 -0.673828 -0.278412 0.684429 0.042969 0.828125
view_glove.bmp
 19 5.209257 -15.232112 4.294354 -0.673828 -0.278412 0.684429 0.042969 0.828125
 19 5.891985 -15.157776 4.507558 0.367891 -0.339492 0.865680 0.000000 0.820313
 22 4.561525 -14.790054 3.976917 -0.105497 -0.991269 -0.079097 0.039063 0.781250
view_glove.bmp
 19 5.891985 -15.157776 4.507558 0.367891 -0.339492 0.865680 0.000000 0.820313
 22 4.577353 -14.750738 4.431344 0.594296 -0.489797 0.637896 0.023438 0.601563
 22 4.561525 -14.790054 3.976917 -0.105497 -0.991269 -0.079097 0.039063 0.781250
view_glove.bmp
 22 3.943018 -14.439533 4.179610 -0.995962 0.029199 -0.084897 0.878906 0.664063
 21 4.245663 -14.680408 3.628465 -0.657219 -0.710921 -0.250307 0.820313 0.687500
 22 4.169791 -14.604698 3.822686 -0.631198 -0.513499 -0.581298 0.875000 0.742188
view_glove.bmp
 22 4.169791 -14.604698 3.822686 -0.631198 -0.513499 -0.581298 0.875000 0.742188
 21 4.245663 -14.680408 3.628465 -0.657219 -0.710921 -0.250307 0.820313 0.687500
 22 4.561525 -14.790054 3.976917 -0.105497 -0.991269 -0.079097 0.878906 0.875000
view_glove.bmp
 21 4.245663 -14.680408 3.628465 -0.657219 -0.710921 -0.250307 0.820313 0.687500
 19 5.209257 -15.232112 4.294354 -0.673828 -0.278412 0.684429 0.808594 0.781250
 22 4.561525 -14.790054 3.976917 -0.105497 -0.991269 -0.079097 0.878906 0.875000
view_glove.bmp
 19 5.891985 -15.157776 4.507558 0.367891 -0.339492 0.865680 0.890625 0.179688
 18 5.871624 -13.131776 3.857685 0.878765 -0.166193 0.447382 0.855469 0.156250
 22 4.577353 -14.750738 4.431344 0.594296 -0.489797 0.637896 0.898438 0.273438
view_glove.bmp
 22 4.577353 -14.750738 4.431344 0.594296 -0.489797 0.637896 0.898438 0.273438
 18 5.871624 -13.131776 3.857685 0.878765 -0.166193 0.447382 0.855469 0.156250
 21 4.367814 -14.401582 4.786669 0.092497 -0.022099 0.995468 0.906250 0.359375
view_glove.bmp
 18 5.871624 -13.131776 3.857685 0.878765 -0.166193 0.447382 0.855469 0.156250
 18 5.483760 -12.697081 4.211945 -0.178194 0.393087 0.902070 0.808594 0.210938
 21 4.367814 -14.401582 4.786669 0.092497 -0.022099 0.995468 0.906250 0.359375
view_glove.bmp
 19 5.432951 -13.133450 1.791921 0.270094 0.296694 -0.915981 0.500000 0.296875
 19 5.043836 -13.095293 2.028424 -0.421724 0.666337 -0.614934 0.554688 0.312500
 18 5.695454 -13.238965 1.954747 0.324415 0.254112 -0.911143 0.519531 0.164063
view_glove.bmp
 18 5.695454 -13.238965 1.954747 0.324415 0.254112 -0.911143 0.519531 0.164063
 19 5.043836 -13.095293 2.028424 -0.421724 0.666337 -0.614934 0.554688 0.312500
 18 5.172727 -12.864332 2.335543 -0.752663 0.565573 -0.337084 0.597656 0.164063
view_glove.bmp
 21 4.848860 -13.430086 4.404320 -0.370614 0.561121 0.740128 0.835938 0.335938
 18 5.483760 -12.697081 4.211945 -0.178194 0.393087 0.902070 0.808594 0.195313
 21 4.541149 -13.242644 3.919883 -0.744279 0.623182 0.240193 0.773438 0.335938
view_glove.bmp
 21 4.541149 -13.242644 3.919883 -0.744279 0.623182 0.240193 0.773438 0.335938
 18 5.483760 -12.697081 4.211945 -0.178194 0.393087 0.902070 0.808594 0.195313
 18 5.082517 -12.546422 3.685726 -0.859383 0.492190 0.138597 0.730469 0.164063
view_glove.bmp
 18 5.695454 -13.238965 1.954747 0.324415 0.254112 -0.911143 0.398438 0.007813
 18 5.904977 -13.461754 2.496471 0.937767 -0.345488 -0.035099 0.328125 0.046875
 19 5.845963 -13.374267 2.129749 0.791306 -0.052000 -0.609205 0.343750 0.257813
view_glove.bmp
 19 5.138287 -15.028990 3.675481 -0.985574 -0.032999 0.165996 0.726563 0.804688
 27 4.979558 -15.757327 3.439416 -0.892517 0.013600 0.450809 0.714844 0.914063
 24 5.161679 -15.766604 3.765774 -0.950471 -0.136996 -0.278992 0.753906 0.898438
view_glove.bmp
 27 4.979558 -15.757327 3.439416 -0.892517 0.013600 0.450809 0.000000 0.937500
 27 5.509744 -15.701244 3.546459 0.815907 -0.550904 -0.175501 0.050781 0.773438
 24 5.161679 -15.766604 3.765774 -0.950471 -0.136996 -0.278992 0.035156 0.953125
view_glove.bmp
 30 4.877677 -15.643023 2.706953 -0.843774 -0.036099 0.535483 0.007813 0.945313
 27 5.485512 -15.507468 2.822261 0.837933 -0.518620 -0.170007 0.050781 0.781250
 27 4.964461 -15.622749 2.947623 -0.954575 0.108297 -0.277593 0.035156 0.960938
view_glove.bmp
 33 4.826102 -15.179673 2.058964 -0.916205 0.046500 0.398002 0.003906 0.945313
 30 5.403948 -15.231291 2.131788 0.746296 -0.447098 -0.493098 0.050781 0.781250
 30 4.884631 -15.444039 2.280272 -0.970711 0.108801 -0.214202 0.039063 0.976563
view_glove.bmp
 19 5.845963 -13.374267 2.129749 0.791306 -0.052000 -0.609205 0.343750 0.257813
 19 5.600689 -14.714802 1.975460 0.942280 -0.264194 -0.205696 0.351563 0.695313
 19 5.601264 -14.374274 1.655085 0.754194 -0.064299 -0.653495 0.390625 0.593750
view_glove.bmp
 19 5.855400 -15.289504 4.448321 0.612013 -0.443610 0.654714 0.011719 0.859375
 19 5.830064 -15.125049 3.971653 0.959934 -0.238508 -0.147105 0.089844 0.812500
 19 5.891985 -15.157776 4.507558 0.367891 -0.339492 0.865680 0.000000 0.820313
view_glove.bmp
 19 5.209257 -15.232112 4.294354 -0.673828 -0.278412 0.684429 0.042969 0.828125
 24 5.467601 -15.720885 4.393725 -0.002100 -0.151899 0.988394 0.031250 0.796875
 19 5.855400 -15.289504 4.448321 0.612013 -0.443610 0.654714 0.011719 0.859375
view_glove.bmp
 24 5.187791 -15.714917 4.300608 -0.892583 0.056799 0.447292 0.800781 0.859375
 24 5.467601 -15.720885 4.393725 -0.002100 -0.151899 0.988394 0.824219 0.835938
 19 5.209257 -15.232112 4.294354 -0.673828 -0.278412 0.684429 0.808594 0.781250
view_glove.bmp
 33 5.369390 -14.853669 1.574444 0.623506 -0.237702 -0.744807 0.390625 0.765625
 33 5.126863 -14.774347 1.516235 -0.196506 0.063702 -0.978431 0.425781 0.695313
 19 5.262818 -14.111408 1.532787 -0.010400 0.173496 -0.984780 0.421875 0.460938
view_skin.BMP
 18 5.483760 -12.697081 4.211945 -0.178194 0.393087 0.902070 0.925781 0.011719
 18 6.255615 -10.809030 3.906652 -0.098498 0.123998 0.987382 0.921875 0.218750
 18 5.082517 -12.546422 3.685726 -0.859383 0.492190 0.138597 0.781250 0.027344
view_skin.BMP
 18 5.082517 -12.546422 3.685726 -0.859383 0.492190 0.138597 0.781250 0.027344
 18 6.255615 -10.809030 3.906652 -0.098498 0.123998 0.987382 0.921875 0.218750
 18 5.962752 -10.343060 3.310914 -0.876118 0.307606 0.371208 0.796875 0.257813
view_skin.BMP
 18 6.255615 -10.809030 3.906652 -0.098498 0.123998 0.987382 0.921875 0.218750
 18 7.732981 -6.783859 4.118052 -0.212601 0.210001 0.954306 0.949219 0.714844
 18 5.962752 -10.343060 3.310914 -0.876118 0.307606 0.371208 0.796875 0.257813
view_skin.BMP
 18 5.962752 -10.343060 3.310914 -0.876118 0.307606 0.371208 0.796875 0.257813
 18 7.732981 -6.783859 4.118052 -0.212601 0.210001 0.954306 0.949219 0.714844
 18 6.908144 -6.287493 3.058116 -0.928753 0.360321 0.087105 0.867188 0.750000
view_skin.BMP
 18 7.732981 -6.783859 4.118052 -0.212601 0.210001 0.954306 0.949219 0.714844
 18 8.190189 -4.138298 2.330439 -0.846512 0.499707 0.183603 0.835938 0.984375
 18 6.908144 -6.287493 3.058116 -0.928753 0.360321 0.087105 0.867188 0.750000
view_skin.BMP
 18 6.908144 -6.287493 3.058116 -0.928753 0.360321 0.087105 0.867188 0.750000
 18 8.190189 -4.138298 2.330439 -0.846512 0.499707 0.183603 0.835938 0.984375
 18 7.143885 -7.081331 1.977030 -0.928887 0.320096 -0.186297 0.746094 0.707031
view_skin.BMP
 18 8.190189 -4.138298 2.330439 -0.846512 0.499707 0.183603 0.835938 0.984375
 18 8.270916 -4.357347 1.419615 -0.914495 0.392698 -0.097399 0.746094 0.984375
 18 7.143885 -7.081331 1.977030 -0.928887 0.320096 -0.186297 0.746094 0.707031
view_skin.BMP
 18 7.143885 -7.081331 1.977030 -0.928887 0.320096 -0.186297 0.746094 0.707031
 18 8.270916 -4.357347 1.419615 -0.914495 0.392698 -0.097399 0.746094 0.984375
 18 7.156941 -6.921522 0.547278 -0.898692 0.268098 -0.347097 0.621094 0.753906
view_skin.BMP
 18 8.270916 -4.357347 1.419615 -0.914495 0.392698 -0.097399 0.746094 0.984375
 18 8.320142 -4.598154 0.450187 -0.687224 0.294610 -0.664024 0.652344 0.984375
 18 7.156941 -6.921522 0.547278 -0.898692 0.268098 -0.347097 0.621094 0.753906
view_skin.BMP
 18 7.156941 -6.921522 0.547278 -0.898692 0.268098 -0.347097 0.621094 0.753906
 18 8.320142 -4.598154 0.450187 -0.687224 0.294610 -0.664024 0.652344 0.984375
 18 8.074522 -7.611661 -0.082209 0.022699 -0.224195 -0.974280 0.503906 0.730469
view_skin.BMP
 18 8.320142 -4.598154 0.450187 -0.687224 0.294610 -0.664024 0.652344 0.984375
 18 9.060423 -5.034582 -0.159415 0.140203 -0.083202 -0.986621 0.515625 0.984375
 18 8.074522 -7.611661 -0.082209 0.022699 -0.224195 -0.974280 0.503906 0.730469
view_skin.BMP
 18 6.964950 -10.730258 3.427863 0.802762 -0.368283 0.468978 0.191406 0.332031
 18 7.732981 -6.783859 4.118052 -0.212601 0.210001 0.954306 0.046875 0.695313
 18 6.255615 -10.809030 3.906652 -0.098498 0.123998 0.987382 0.035156 0.214844
view_skin.BMP
 18 6.964950 -10.730258 3.427863 0.802762 -0.368283 0.468978 0.191406 0.332031
 18 8.862777 -7.151886 3.393127 0.783271 -0.174193 0.596778 0.121094 0.714844
 18 7.732981 -6.783859 4.118052 -0.212601 0.210001 0.954306 0.046875 0.695313
view_skin.BMP
 18 6.964950 -10.730258 3.427863 0.802762 -0.368283 0.468978 0.191406 0.332031
 18 9.022669 -7.825990 0.731658 0.896191 -0.406396 -0.177998 0.363281 0.710938
 18 8.862777 -7.151886 3.393127 0.783271 -0.174193 0.596778 0.121094 0.714844
view_skin.BMP
 18 6.964950 -10.730258 3.427863 0.802762 -0.368283 0.468978 0.191406 0.332031
 18 7.307703 -10.496381 1.795098 0.762191 -0.522194 -0.382595 0.304688 0.332031
 18 9.022669 -7.825990 0.731658 0.896191 -0.406396 -0.177998 0.363281 0.710938
view_skin.BMP
 18 6.964950 -10.730258 3.427863 0.802762 -0.368283 0.468978 0.191406 0.332031
 18 5.904977 -13.461754 2.496471 0.937767 -0.345488 -0.035099 0.308594 0.011719
 18 7.307703 -10.496381 1.795098 0.762191 -0.522194 -0.382595 0.304688 0.332031
view_skin.BMP
 18 6.964950 -10.730258 3.427863 0.802762 -0.368283 0.468978 0.191406 0.332031
 18 5.871624 -13.131776 3.857685 0.878765 -0.166193 0.447382 0.195313 0.011719
 18 5.904977 -13.461754 2.496471 0.937767 -0.345488 -0.035099 0.308594 0.011719
view_skin.BMP
 18 6.964950 -10.730258 3.427863 0.802762 -0.368283 0.468978 0.191406 0.332031
 18 6.255615 -10.809030 3.906652 -0.098498 0.123998 0.987382 0.035156 0.214844
 18 5.871624 -13.131776 3.857685 0.878765 -0.166193 0.447382 0.195313 0.011719
view_skin.BMP
 18 6.787475 -10.502074 1.237307 -0.017399 -0.329588 -0.943965 0.503906 0.316406
 18 6.306127 -10.111536 1.668450 -0.783944 0.088205 -0.614534 0.648438 0.328125
 18 8.074522 -7.611661 -0.082209 0.022699 -0.224195 -0.974280 0.503906 0.730469
view_skin.BMP
 18 8.074522 -7.611661 -0.082209 0.022699 -0.224195 -0.974280 0.503906 0.730469
 18 6.306127 -10.111536 1.668450 -0.783944 0.088205 -0.614534 0.648438 0.328125
 18 7.156941 -6.921522 0.547278 -0.898692 0.268098 -0.347097 0.621094 0.753906
view_skin.BMP
 18 6.306127 -10.111536 1.668450 -0.783944 0.088205 -0.614534 0.648438 0.328125
 18 6.428626 -9.343234 2.191045 -0.941733 0.291110 -0.168506 0.714844 0.398438
 18 7.156941 -6.921522 0.547278 -0.898692 0.268098 -0.347097 0.621094 0.753906
view_skin.BMP
 18 7.156941 -6.921522 0.547278 -0.898692 0.268098 -0.347097 0.621094 0.753906
 18 6.428626 -9.343234 2.191045 -0.941733 0.291110 -0.168506 0.714844 0.398438
 18 7.143885 -7.081331 1.977030 -0.928887 0.320096 -0.186297 0.746094 0.707031
view_skin.BMP
 18 6.428626 -9.343234 2.191045 -0.941733 0.291110 -0.168506 0.714844 0.398438
 18 6.195362 -9.736122 2.735312 -0.941733 0.291110 -0.168506 0.757813 0.335938
 18 7.143885 -7.081331 1.977030 -0.928887 0.320096 -0.186297 0.746094 0.707031
view_skin.BMP
 18 7.143885 -7.081331 1.977030 -0.928887 0.320096 -0.186297 0.746094 0.707031
 18 6.195362 -9.736122 2.735312 -0.941733 0.291110 -0.168506 0.757813 0.335938
 18 6.908144 -6.287493 3.058116 -0.928753 0.360321 0.087105 0.867188 0.750000
view_skin.BMP
 18 6.195362 -9.736122 2.735312 -0.941733 0.291110 -0.168506 0.757813 0.335938
 18 5.962752 -10.343060 3.310914 -0.876118 0.307606 0.371208 0.796875 0.257813
 18 6.908144 -6.287493 3.058116 -0.928753 0.360321 0.087105 0.867188 0.750000
view_skin.BMP
 18 9.060423 -5.034582 -0.159415 0.140203 -0.083202 -0.986621 0.500000 0.988281
 18 9.662344 -5.105369 0.659292 0.855496 -0.255299 -0.450498 0.324219 0.988281
 18 8.074522 -7.611661 -0.082209 0.022699 -0.224195 -0.974280 0.476563 0.710938
view_skin.BMP
 18 8.074522 -7.611661 -0.082209 0.022699 -0.224195 -0.974280 0.476563 0.710938
 18 9.662344 -5.105369 0.659292 0.855496 -0.255299 -0.450498 0.324219 0.988281
 18 9.022669 -7.825990 0.731658 0.896191 -0.406396 -0.177998 0.363281 0.710938
view_skin.BMP
 18 9.662344 -5.105369 0.659292 0.855496 -0.255299 -0.450498 0.324219 0.988281
 18 9.541649 -4.649011 2.540985 0.929716 -0.137602 0.341606 0.152344 0.988281
 18 9.022669 -7.825990 0.731658 0.896191 -0.406396 -0.177998 0.363281 0.710938
view_skin.BMP
 18 9.022669 -7.825990 0.731658 0.896191 -0.406396 -0.177998 0.363281 0.710938
 18 9.541649 -4.649011 2.540985 0.929716 -0.137602 0.341606 0.152344 0.988281
 18 8.862777 -7.151886 3.393127 0.783271 -0.174193 0.596778 0.121094 0.714844
view_skin.BMP
 18 9.541649 -4.649011 2.540985 0.929716 -0.137602 0.341606 0.152344 0.988281
 18 8.847651 -4.230073 3.157797 0.254011 0.275812 0.927041 0.085938 0.988281
 18 8.862777 -7.151886 3.393127 0.783271 -0.174193 0.596778 0.121094 0.714844
view_skin.BMP
 18 8.862777 -7.151886 3.393127 0.783271 -0.174193 0.596778 0.121094 0.714844
 18 8.847651 -4.230073 3.157797 0.254011 0.275812 0.927041 0.085938 0.988281
 18 7.732981 -6.783859 4.118052 -0.212601 0.210001 0.954306 0.046875 0.695313
view_skin.BMP
 18 7.307703 -10.496381 1.795098 0.762191 -0.522194 -0.382595 0.304688 0.332031
 18 8.074522 -7.611661 -0.082209 0.022699 -0.224195 -0.974280 0.476563 0.710938
 18 9.022669 -7.825990 0.731658 0.896191 -0.406396 -0.177998 0.363281 0.710938
view_skin.BMP
 18 7.307703 -10.496381 1.795098 0.762191 -0.522194 -0.382595 0.304688 0.332031
 18 6.787475 -10.502074 1.237307 -0.017399 -0.329588 -0.943965 0.453125 0.304688
 18 8.074522 -7.611661 -0.082209 0.022699 -0.224195 -0.974280 0.476563 0.710938
view_skin.BMP
 18 7.307703 -10.496381 1.795098 0.762191 -0.522194 -0.382595 0.304688 0.332031
 18 5.695454 -13.238965 1.954747 0.324415 0.254112 -0.911143 0.457031 0.027344
 18 6.787475 -10.502074 1.237307 -0.017399 -0.329588 -0.943965 0.453125 0.304688
view_skin.BMP
 18 7.307703 -10.496381 1.795098 0.762191 -0.522194 -0.382595 0.304688 0.332031
 18 5.904977 -13.461754 2.496471 0.937767 -0.345488 -0.035099 0.308594 0.011719
 18 5.695454 -13.238965 1.954747 0.324415 0.254112 -0.911143 0.457031 0.027344
view_skin.BMP
 18 6.306127 -10.111536 1.668450 -0.783944 0.088205 -0.614534 0.648438 0.328125
 18 5.172727 -12.864332 2.335543 -0.752663 0.565573 -0.337084 0.656250 0.027344
 18 6.428626 -9.343234 2.191045 -0.941733 0.291110 -0.168506 0.714844 0.398438
view_skin.BMP
 18 6.428626 -9.343234 2.191045 -0.941733 0.291110 -0.168506 0.714844 0.398438
 18 5.172727 -12.864332 2.335543 -0.752663 0.565573 -0.337084 0.656250 0.027344
 18 6.195362 -9.736122 2.735312 -0.941733 0.291110 -0.168506 0.757813 0.335938
view_skin.BMP
 18 5.172727 -12.864332 2.335543 -0.752663 0.565573 -0.337084 0.656250 0.027344
 18 5.082517 -12.546422 3.685726 -0.859383 0.492190 0.138597 0.781250 0.027344
 18 6.195362 -9.736122 2.735312 -0.941733 0.291110 -0.168506 0.757813 0.335938
view_skin.BMP
 18 6.195362 -9.736122 2.735312 -0.941733 0.291110 -0.168506 0.757813 0.335938
 18 5.082517 -12.546422 3.685726 -0.859383 0.492190 0.138597 0.781250 0.027344
 18 5.962752 -10.343060 3.310914 -0.876118 0.307606 0.371208 0.796875 0.257813
view_skin.BMP
 18 5.172727 -12.864332 2.335543 -0.752663 0.565573 -0.337084 0.656250 0.027344
 18 6.306127 -10.111536 1.668450 -0.783944 0.088205 -0.614534 0.648438 0.328125
 18 5.695454 -13.238965 1.954747 0.324415 0.254112 -0.911143 0.503906 0.027344
view_skin.BMP
 18 5.695454 -13.238965 1.954747 0.324415 0.254112 -0.911143 0.503906 0.027344
 18 6.306127 -10.111536 1.668450 -0.783944 0.088205 -0.614534 0.648438 0.328125
 18 6.787475 -10.502074 1.237307 -0.017399 -0.329588 -0.943965 0.503906 0.316406
view_skin.BMP
 18 7.732981 -6.783859 4.118052 -0.212601 0.210001 0.954306 0.949219 0.714844
 18 8.847651 -4.230073 3.157797 0.254011 0.275812 0.927041 0.906250 0.984375
 18 8.190189 -4.138298 2.330439 -0.846512 0.499707 0.183603 0.835938 0.984375
view_skin.BMP
 18 6.255615 -10.809030 3.906652 -0.098498 0.123998 0.987382 0.035156 0.214844
 18 5.483760 -12.697081 4.211945 -0.178194 0.393087 0.902070 0.039063 0.011719
 18 5.871624 -13.131776 3.857685 0.878765 -0.166193 0.447382 0.195313 0.011719
view_finger.bmp
 31 4.060174 -15.775267 2.305988 -0.755787 -0.259996 0.600990 0.726563 0.414063
 31 4.088171 -15.849723 2.667474 -0.784799 0.605899 0.130300 0.898438 0.421875
 31 4.909706 -16.139076 2.540375 0.983410 0.118201 0.137601 0.882813 0.648438
view_finger.bmp
 31 4.909706 -16.139076 2.540375 0.983410 0.118201 0.137601 0.882813 0.648438
 31 4.088171 -15.849723 2.667474 -0.784799 0.605899 0.130300 0.898438 0.421875
 31 3.910195 -16.019384 2.782971 -0.188604 -0.469011 0.862819 0.976563 0.421875
view_finger.bmp
 31 4.088171 -15.849723 2.667474 -0.784799 0.605899 0.130300 0.898438 0.421875
 32 4.245208 -15.996761 2.615691 0.280588 -0.953059 -0.113795 0.890625 0.359375
 31 3.910195 -16.019384 2.782971 -0.188604 -0.469011 0.862819 0.976563 0.421875
view_finger.bmp
 31 3.910195 -16.019384 2.782971 -0.188604 -0.469011 0.862819 0.976563 0.421875
 32 4.245208 -15.996761 2.615691 0.280588 -0.953059 -0.113795 0.890625 0.359375
 32 4.058753 -16.023245 2.754734 0.411400 -0.094900 0.906501 0.976563 0.367188
view_finger.bmp
 32 4.245208 -15.996761 2.615691 0.280588 -0.953059 -0.113795 0.890625 0.359375
 32 4.061989 -15.311705 2.704733 0.841653 0.331782 0.426076 0.859375 0.101563
 32 4.058753 -16.023245 2.754734 0.411400 -0.094900 0.906501 0.976563 0.367188
view_finger.bmp
 32 4.058753 -16.023245 2.754734 0.411400 -0.094900 0.906501 0.976563 0.367188
 32 4.061989 -15.311705 2.704733 0.841653 0.331782 0.426076 0.859375 0.101563
 32 3.941333 -15.222227 2.810261 0.181602 0.558606 0.809309 0.914063 0.015625
view_finger.bmp
 32 4.061989 -15.311705 2.704733 0.841653 0.331782 0.426076 0.859375 0.101563
 32 4.034343 -15.258362 2.462060 0.790378 0.575284 -0.210594 0.726563 0.109375
 32 3.941333 -15.222227 2.810261 0.181602 0.558606 0.809309 0.914063 0.015625
view_finger.bmp
 32 3.941333 -15.222227 2.810261 0.181602 0.558606 0.809309 0.914063 0.015625
 32 4.034343 -15.258362 2.462060 0.790378 0.575284 -0.210594 0.726563 0.109375
 32 3.896307 -15.127162 2.424210 -0.057897 0.862653 -0.502472 0.656250 0.023438
view_finger.bmp
 32 4.034343 -15.258362 2.462060 0.790378 0.575284 -0.210594 0.726563 0.109375
 32 4.204292 -15.917813 2.256535 0.761096 -0.095999 -0.641496 0.726563 0.351563
 32 3.896307 -15.127162 2.424210 -0.057897 0.862653 -0.502472 0.656250 0.023438
view_finger.bmp
 32 3.896307 -15.127162 2.424210 -0.057897 0.862653 -0.502472 0.656250 0.023438
 32 4.204292 -15.917813 2.256535 0.761096 -0.095999 -0.641496 0.726563 0.351563
 32 3.992090 -15.902805 2.160386 -0.952867 -0.162195 -0.256391 0.617188 0.351563
view_finger.bmp
 32 4.204292 -15.917813 2.256535 0.761096 -0.095999 -0.641496 0.726563 0.351563
 31 4.060174 -15.775267 2.305988 -0.755787 -0.259996 0.600990 0.726563 0.414063
 32 3.992090 -15.902805 2.160386 -0.952867 -0.162195 -0.256391 0.617188 0.351563
view_finger.bmp
 32 3.992090 -15.902805 2.160386 -0.952867 -0.162195 -0.256391 0.617188 0.351563
 31 4.060174 -15.775267 2.305988 -0.755787 -0.259996 0.600990 0.726563 0.414063
 31 3.883919 -15.900053 2.163641 -0.051902 0.645928 -0.761632 0.617188 0.406250
view_finger.bmp
 31 4.060174 -15.775267 2.305988 -0.755787 -0.259996 0.600990 0.726563 0.414063
 31 4.877675 -16.056221 2.139989 0.778814 0.374607 -0.503109 0.718750 0.648438
 31 3.883919 -15.900053 2.163641 -0.051902 0.645928 -0.761632 0.617188 0.406250
view_finger.bmp
 31 3.883919 -15.900053 2.163641 -0.051902 0.645928 -0.761632 0.617188 0.406250
 31 4.877675 -16.056221 2.139989 0.778814 0.374607 -0.503109 0.718750 0.648438
 31 4.787251 -16.214371 2.002105 0.249790 -0.888564 -0.384785 0.609375 0.640625
view_finger.bmp
 31 4.877675 -16.056221 2.139989 0.778814 0.374607 -0.503109 0.718750 0.648438
 30 4.581645 -16.239325 2.148661 -0.389713 -0.845728 -0.364512 0.710938 0.718750
 31 4.787251 -16.214371 2.002105 0.249790 -0.888564 -0.384785 0.609375 0.640625
view_finger.bmp
 31 4.787251 -16.214371 2.002105 0.249790 -0.888564 -0.384785 0.609375 0.640625
 30 4.581645 -16.239325 2.148661 -0.389713 -0.845728 -0.364512 0.710938 0.718750
 30 4.706442 -16.397434 1.973370 0.738891 0.570293 -0.358896 0.609375 0.710938
view_finger.bmp
 30 4.581645 -16.239325 2.148661 -0.389713 -0.845728 -0.364512 0.710938 0.718750
 30 5.403948 -15.231291 2.131788 0.746296 -0.447098 -0.493098 0.593750 0.984375
 30 4.706442 -16.397434 1.973370 0.738891 0.570293 -0.358896 0.609375 0.710938
view_finger.bmp
 27 4.747711 -16.788216 3.320191 -0.276687 -0.201690 0.939556 0.609375 0.710938
 27 4.603679 -16.554861 3.209735 -0.071395 -0.793048 -0.604960 0.710938 0.718750
 28 4.836340 -16.601162 3.359791 0.898209 -0.257703 0.356103 0.609375 0.640625
view_finger.bmp
 28 4.836340 -16.601162 3.359791 0.898209 -0.257703 0.356103 0.609375 0.640625
 27 4.603679 -16.554861 3.209735 -0.071395 -0.793048 -0.604960 0.710938 0.718750
 28 4.936758 -16.382223 3.223477 0.996256 -0.082697 0.025199 0.718750 0.648438
view_finger.bmp
 27 4.603679 -16.554861 3.209735 -0.071395 -0.793048 -0.604960 0.710938 0.718750
 27 4.587695 -16.451265 2.803026 -0.292805 -0.945418 0.143003 0.875000 0.726563
 28 4.936758 -16.382223 3.223477 0.996256 -0.082697 0.025199 0.718750 0.648438
view_finger.bmp
 28 4.936758 -16.382223 3.223477 0.996256 -0.082697 0.025199 0.718750 0.648438
 27 4.587695 -16.451265 2.803026 -0.292805 -0.945418 0.143003 0.875000 0.726563
 28 4.919304 -16.284868 2.825585 0.977067 -0.083697 -0.195793 0.882813 0.648438
view_finger.bmp
 27 4.587695 -16.451265 2.803026 -0.292805 -0.945418 0.143003 0.875000 0.726563
 28 4.805689 -16.430201 2.661055 0.189695 -0.280993 -0.940776 0.976563 0.648438
 28 4.919304 -16.284868 2.825585 0.977067 -0.083697 -0.195793 0.882813 0.648438
view_finger.bmp
 28 4.919304 -16.284868 2.825585 0.977067 -0.083697 -0.195793 0.882813 0.648438
 28 4.805689 -16.430201 2.661055 0.189695 -0.280993 -0.940776 0.976563 0.648438
 28 4.136385 -15.886105 2.967800 -0.386406 0.875914 -0.288904 0.898438 0.421875
view_finger.bmp
 28 4.805689 -16.430201 2.661055 0.189695 -0.280993 -0.940776 0.976563 0.648438
 28 3.917150 -15.977350 2.821136 -0.645381 -0.762678 0.042499 0.976563 0.421875
 28 4.136385 -15.886105 2.967800 -0.386406 0.875914 -0.288904 0.898438 0.421875
view_finger.bmp
 28 4.136385 -15.886105 2.967800 -0.386406 0.875914 -0.288904 0.898438 0.421875
 28 3.917150 -15.977350 2.821136 -0.645381 -0.762678 0.042499 0.976563 0.421875
 29 4.233368 -16.037745 2.935687 0.583402 -0.771903 -0.252601 0.890625 0.359375
view_finger.bmp
 28 3.917150 -15.977350 2.821136 -0.645381 -0.762678 0.042499 0.976563 0.421875
 29 4.027722 -15.994899 2.822223 0.307891 0.269092 -0.912574 0.976563 0.367188
 29 4.233368 -16.037745 2.935687 0.583402 -0.771903 -0.252601 0.890625 0.359375
view_finger.bmp
 29 4.233368 -16.037745 2.935687 0.583402 -0.771903 -0.252601 0.890625 0.359375
 29 4.027722 -15.994899 2.822223 0.307891 0.269092 -0.912574 0.976563 0.367188
 29 4.142445 -15.332682 3.176352 0.844575 0.374489 -0.382689 0.859375 0.101563
view_finger.bmp
 29 4.027722 -15.994899 2.822223 0.307891 0.269092 -0.912574 0.976563 0.367188
 29 4.023003 -15.149686 3.155229 -0.069299 0.890691 -0.449296 0.914063 0.015625
 29 4.142445 -15.332682 3.176352 0.844575 0.374489 -0.382689 0.859375 0.101563
view_finger.bmp
 29 4.142445 -15.332682 3.176352 0.844575 0.374489 -0.382689 0.859375 0.101563
 29 4.023003 -15.149686 3.155229 -0.069299 0.890691 -0.449296 0.914063 0.015625
 29 4.156126 -15.402225 3.457557 0.907009 0.239602 0.346303 0.726563 0.109375
view_finger.bmp
 29 4.023003 -15.149686 3.155229 -0.069299 0.890691 -0.449296 0.914063 0.015625
 29 4.044015 -15.267305 3.589193 0.129499 0.499995 0.856291 0.656250 0.023438
 29 4.156126 -15.402225 3.457557 0.907009 0.239602 0.346303 0.726563 0.109375
view_finger.bmp
 29 4.156126 -15.402225 3.457557 0.907009 0.239602 0.346303 0.726563 0.109375
 29 4.044015 -15.267305 3.589193 0.129499 0.499995 0.856291 0.656250 0.023438
 29 4.059549 -16.145859 3.474295 -0.411213 -0.122804 0.903229 0.617188 0.351563
view_finger.bmp
 33 5.126863 -14.774347 1.516235 -0.196506 0.063702 -0.978431 0.968750 0.992188
 33 4.764237 -15.709334 1.517640 -0.352286 0.114495 -0.928862 0.976563 0.710938
 33 4.859286 -14.842525 1.675779 -0.886925 0.257007 -0.383811 0.875000 0.976563
view_finger.bmp
 33 4.859286 -14.842525 1.675779 -0.886925 0.257007 -0.383811 0.875000 0.976563
 33 4.764237 -15.709334 1.517640 -0.352286 0.114495 -0.928862 0.976563 0.710938
 33 4.648609 -15.575500 1.662962 -0.727299 0.685999 0.021000 0.875000 0.726563
view_finger.bmp
 33 4.764237 -15.709334 1.517640 -0.352286 0.114495 -0.928862 0.976563 0.710938
 34 4.735998 -15.677776 1.526795 0.140507 -0.111805 -0.983747 0.976563 0.648438
 33 4.648609 -15.575500 1.662962 -0.727299 0.685999 0.021000 0.875000 0.726563
view_finger.bmp
 33 4.648609 -15.575500 1.662962 -0.727299 0.685999 0.021000 0.875000 0.726563
 34 4.735998 -15.677776 1.526795 0.140507 -0.111805 -0.983747 0.976563 0.648438
 34 4.675260 -15.541633 1.676046 0.740706 0.398603 -0.540805 0.882813 0.648438
view_finger.bmp
 34 4.735998 -15.677776 1.526795 0.140507 -0.111805 -0.983747 0.976563 0.648438
 34 4.048842 -16.001637 1.557312 -0.431602 0.563503 -0.704403 0.976563 0.421875
 34 4.675260 -15.541633 1.676046 0.740706 0.398603 -0.540805 0.882813 0.648438
view_finger.bmp
 34 4.675260 -15.541633 1.676046 0.740706 0.398603 -0.540805 0.882813 0.648438
 34 4.048842 -16.001637 1.557312 -0.431602 0.563503 -0.704403 0.976563 0.421875
 34 4.084528 -15.812994 1.675804 -0.695987 -0.507891 0.507591 0.898438 0.421875
view_finger.bmp
 34 4.048842 -16.001637 1.557312 -0.431602 0.563503 -0.704403 0.976563 0.421875
 35 4.190578 -15.939279 1.563700 -0.347009 0.200305 -0.916222 0.976563 0.367188
 34 4.084528 -15.812994 1.675804 -0.695987 -0.507891 0.507591 0.898438 0.421875
view_finger.bmp
 34 4.084528 -15.812994 1.675804 -0.695987 -0.507891 0.507591 0.898438 0.421875
 35 4.190578 -15.939279 1.563700 -0.347009 0.200305 -0.916222 0.976563 0.367188
 35 4.356128 -15.866631 1.644417 0.886575 0.206594 -0.413888 0.890625 0.359375
view_finger.bmp
 35 4.190578 -15.939279 1.563700 -0.347009 0.200305 -0.916222 0.976563 0.367188
 35 3.905179 -15.492873 1.804259 0.348205 0.887812 -0.300904 0.859375 0.101563
 35 4.356128 -15.866631 1.644417 0.886575 0.206594 -0.413888 0.890625 0.359375
view_finger.bmp
 35 4.356128 -15.866631 1.644417 0.886575 0.206594 -0.413888 0.890625 0.359375
 35 3.905179 -15.492873 1.804259 0.348205 0.887812 -0.300904 0.859375 0.101563
 35 4.176596 -15.649458 1.844428 0.633185 0.770982 0.068298 0.804688 0.226563
view_finger.bmp
 35 3.905179 -15.492873 1.804259 0.348205 0.887812 -0.300904 0.859375 0.101563
 35 3.922945 -15.533780 2.030115 0.497808 0.667611 0.553609 0.726563 0.109375
 35 4.176596 -15.649458 1.844428 0.633185 0.770982 0.068298 0.804688 0.226563
view_finger.bmp
 35 4.176596 -15.649458 1.844428 0.633185 0.770982 0.068298 0.804688 0.226563
 35 3.922945 -15.533780 2.030115 0.497808 0.667611 0.553609 0.726563 0.109375
 35 4.374263 -15.912421 1.930903 0.756710 -0.642209 -0.122302 0.726563 0.351563
view_finger.bmp
 35 3.922945 -15.533780 2.030115 0.497808 0.667611 0.553609 0.726563 0.109375
 35 4.232908 -16.031042 2.022816 0.490382 -0.073897 0.868369 0.617188 0.351563
 35 4.374263 -15.912421 1.930903 0.756710 -0.642209 -0.122302 0.726563 0.351563
view_finger.bmp
 35 4.374263 -15.912421 1.930903 0.756710 -0.642209 -0.122302 0.726563 0.351563
 35 4.232908 -16.031042 2.022816 0.490382 -0.073897 0.868369 0.617188 0.351563
 34 4.076437 -16.115936 2.033940 0.112806 -0.576828 0.809039 0.617188 0.406250
view_finger.bmp
 26 4.749307 -17.355782 4.287378 0.131203 0.070802 0.988824 0.617188 0.351563
 26 4.076548 -17.536448 4.231211 -0.545017 0.609419 0.575818 0.726563 0.109375
 26 4.016089 -17.686932 4.292849 -0.654689 -0.238496 0.717288 0.656250 0.023438
view_finger.bmp
 26 4.016089 -17.686932 4.292849 -0.654689 -0.238496 0.717288 0.656250 0.023438
 26 4.076548 -17.536448 4.231211 -0.545017 0.609419 0.575818 0.726563 0.109375
 26 4.046860 -17.518791 3.953170 -0.731902 0.630801 -0.257701 0.859375 0.101563
view_finger.bmp
 26 4.076548 -17.536448 4.231211 -0.545017 0.609419 0.575818 0.726563 0.109375
 26 4.304111 -17.295444 4.059651 -0.545203 0.831305 0.108101 0.804688 0.226563
 26 4.046860 -17.518791 3.953170 -0.731902 0.630801 -0.257701 0.859375 0.101563
view_finger.bmp
 26 4.046860 -17.518791 3.953170 -0.731902 0.630801 -0.257701 0.859375 0.101563
 26 4.304111 -17.295444 4.059651 -0.545203 0.831305 0.108101 0.804688 0.226563
 26 4.595814 -17.150579 3.813636 0.505997 0.861896 -0.033200 0.890625 0.359375
view_finger.bmp
 26 4.304111 -17.295444 4.059651 -0.545203 0.831305 0.108101 0.804688 0.226563
 26 4.652709 -17.170807 4.219165 0.618576 0.775670 0.125295 0.726563 0.351563
 26 4.595814 -17.150579 3.813636 0.505997 0.861896 -0.033200 0.890625 0.359375
view_finger.bmp
 26 4.595814 -17.150579 3.813636 0.505997 0.861896 -0.033200 0.890625 0.359375
 26 4.652709 -17.170807 4.219165 0.618576 0.775670 0.125295 0.726563 0.351563
 25 4.590674 -17.185522 3.808857 0.507373 0.543071 -0.669064 0.898438 0.421875
view_finger.bmp
 26 4.652709 -17.170807 4.219165 0.618576 0.775670 0.125295 0.726563 0.351563
 25 4.646603 -17.209957 4.224399 0.006500 0.817161 0.576373 0.726563 0.414063
 25 4.590674 -17.185522 3.808857 0.507373 0.543071 -0.669064 0.898438 0.421875
view_finger.bmp
 25 4.590674 -17.185522 3.808857 0.507373 0.543071 -0.669064 0.898438 0.421875
 25 4.646603 -17.209957 4.224399 0.006500 0.817161 0.576373 0.726563 0.414063
 25 4.975232 -16.577301 3.782755 -0.830786 0.488592 -0.266595 0.882813 0.648438
view_finger.bmp
 25 4.646603 -17.209957 4.224399 0.006500 0.817161 0.576373 0.726563 0.414063
 25 5.048572 -16.576998 4.207515 -0.732196 0.420998 0.535397 0.718750 0.648438
 25 4.975232 -16.577301 3.782755 -0.830786 0.488592 -0.266595 0.882813 0.648438
view_finger.bmp
 25 4.975232 -16.577301 3.782755 -0.830786 0.488592 -0.266595 0.882813 0.648438
 25 5.048572 -16.576998 4.207515 -0.732196 0.420998 0.535397 0.718750 0.648438
 24 5.026475 -16.484529 3.775942 -0.888032 0.326612 -0.323612 0.875000 0.726563
view_finger.bmp
 25 5.048572 -16.576998 4.207515 -0.732196 0.420998 0.535397 0.718750 0.648438
 24 5.087414 -16.498055 4.211607 -0.592204 0.158201 0.790106 0.710938 0.718750
 24 5.026475 -16.484529 3.775942 -0.888032 0.326612 -0.323612 0.875000 0.726563
view_finger.bmp
 24 5.026475 -16.484529 3.775942 -0.888032 0.326612 -0.323612 0.875000 0.726563
 24 5.087414 -16.498055 4.211607 -0.592204 0.158201 0.790106 0.710938 0.718750
 24 5.187791 -15.714917 4.300608 -0.892583 0.056799 0.447292 0.687500 0.976563
view_finger.bmp
 24 5.087414 -16.498055 4.211607 -0.592204 0.158201 0.790106 0.710938 0.718750
 24 5.467601 -15.720885 4.393725 -0.002100 -0.151899 0.988394 0.593750 0.984375
 24 5.187791 -15.714917 4.300608 -0.892583 0.056799 0.447292 0.687500 0.976563
view_finger.bmp
 24 5.688889 -15.627155 4.237371 0.910024 -0.348309 0.224806 0.304688 0.953125
 24 5.422608 -16.745039 4.152922 0.751152 -0.466432 0.467132 0.250000 0.679688
 24 5.359761 -16.741327 3.716990 0.615807 -0.397104 -0.680507 0.078125 0.679688
view_finger.bmp
 24 5.359761 -16.741327 3.716990 0.615807 -0.397104 -0.680507 0.078125 0.679688
 24 5.422608 -16.745039 4.152922 0.751152 -0.466432 0.467132 0.250000 0.679688
 25 4.825712 -17.524940 3.787587 0.395502 -0.828805 -0.395803 0.046875 0.367188
view_finger.bmp
 24 5.422608 -16.745039 4.152922 0.751152 -0.466432 0.467132 0.250000 0.679688
 25 4.881674 -17.538609 4.163328 0.289106 -0.847418 0.445309 0.296875 0.367188
 25 4.825712 -17.524940 3.787587 0.395502 -0.828805 -0.395803 0.046875 0.367188
view_finger.bmp
 25 4.825712 -17.524940 3.787587 0.395502 -0.828805 -0.395803 0.046875 0.367188
 25 4.881674 -17.538609 4.163328 0.289106 -0.847418 0.445309 0.296875 0.367188
 26 4.076785 -17.768425 3.966850 -0.162395 -0.914369 -0.370887 0.078125 0.109375
view_finger.bmp
 25 4.881674 -17.538609 4.163328 0.289106 -0.847418 0.445309 0.296875 0.367188
 26 4.122032 -17.777411 4.222920 -0.065496 -0.925445 0.373178 0.289063 0.117188
 26 4.076785 -17.768425 3.966850 -0.162395 -0.914369 -0.370887 0.078125 0.109375
view_finger.bmp
 26 4.076785 -17.768425 3.966850 -0.162395 -0.914369 -0.370887 0.078125 0.109375
 26 4.122032 -17.777411 4.222920 -0.065496 -0.925445 0.373178 0.289063 0.117188
 26 4.016089 -17.686932 4.292849 -0.654689 -0.238496 0.717288 0.312500 0.015625
view_finger.bmp
 26 4.122032 -17.777411 4.222920 -0.065496 -0.925445 0.373178 0.289063 0.117188
 25 4.881674 -17.538609 4.163328 0.289106 -0.847418 0.445309 0.296875 0.367188
 26 4.016089 -17.686932 4.292849 -0.654689 -0.238496 0.717288 0.312500 0.015625
view_finger.bmp
 26 4.016089 -17.686932 4.292849 -0.654689 -0.238496 0.717288 0.312500 0.015625
 25 4.881674 -17.538609 4.163328 0.289106 -0.847418 0.445309 0.296875 0.367188
 26 4.749307 -17.355782 4.287378 0.131203 0.070802 0.988824 0.351563 0.351563
view_finger.bmp
 25 4.881674 -17.538609 4.163328 0.289106 -0.847418 0.445309 0.296875 0.367188
 25 4.777086 -17.397800 4.286757 0.255202 -0.164401 0.952808 0.351563 0.406250
 26 4.749307 -17.355782 4.287378 0.131203 0.070802 0.988824 0.351563 0.351563
view_finger.bmp
 21 3.997122 -14.241124 4.638543 -0.777809 0.388804 0.493806 0.312500 0.921875
 22 3.869712 -14.893600 4.535910 -0.743013 0.211104 0.635111 0.289063 0.703125
 21 4.367814 -14.401582 4.786669 0.092497 -0.022099 0.995468 0.070313 0.929688
view_finger.bmp
 21 4.367814 -14.401582 4.786669 0.092497 -0.022099 0.995468 0.070313 0.929688
 22 3.869712 -14.893600 4.535910 -0.743013 0.211104 0.635111 0.289063 0.703125
 22 4.069733 -14.999302 4.616648 0.106104 -0.131405 0.985634 0.078125 0.703125
view_finger.bmp
 22 3.869712 -14.893600 4.535910 -0.743013 0.211104 0.635111 0.289063 0.703125
 23 3.535149 -15.403120 4.475078 -0.793696 0.178299 0.581597 0.289063 0.515625
 22 4.069733 -14.999302 4.616648 0.106104 -0.131405 0.985634 0.078125 0.703125
view_finger.bmp
 22 4.069733 -14.999302 4.616648 0.106104 -0.131405 0.985634 0.078125 0.703125
 23 3.535149 -15.403120 4.475078 -0.793696 0.178299 0.581597 0.289063 0.515625
 23 3.926883 -15.588475 4.629310 0.105902 -0.474407 0.873912 0.093750 0.515625
view_finger.bmp
 23 3.535149 -15.403120 4.475078 -0.793696 0.178299 0.581597 0.289063 0.515625
 23 3.559355 -15.744945 4.062441 -0.936088 -0.284196 0.207297 0.265625 0.320313
 23 3.926883 -15.588475 4.629310 0.105902 -0.474407 0.873912 0.093750 0.515625
view_finger.bmp
 23 3.926883 -15.588475 4.629310 0.105902 -0.474407 0.873912 0.093750 0.515625
 23 3.559355 -15.744945 4.062441 -0.936088 -0.284196 0.207297 0.265625 0.320313
 23 3.908509 -15.910153 4.199908 0.108000 -0.736196 0.668096 0.093750 0.328125
view_finger.bmp
 23 3.559355 -15.744945 4.062441 -0.936088 -0.284196 0.207297 0.265625 0.320313
 23 3.559039 -16.082848 3.806275 -0.779214 -0.582911 0.230304 0.265625 0.117188
 23 3.908509 -15.910153 4.199908 0.108000 -0.736196 0.668096 0.093750 0.328125
view_finger.bmp
 23 3.908509 -15.910153 4.199908 0.108000 -0.736196 0.668096 0.093750 0.328125
 23 3.559039 -16.082848 3.806275 -0.779214 -0.582911 0.230304 0.265625 0.117188
 23 3.865614 -16.227909 3.926978 -0.098797 -0.986971 0.126996 0.085938 0.109375
view_finger.bmp
 23 3.559039 -16.082848 3.806275 -0.779214 -0.582911 0.230304 0.265625 0.117188
 23 3.664439 -16.051561 3.605995 -0.645993 -0.330696 -0.687992 0.398438 0.078125
 23 3.865614 -16.227909 3.926978 -0.098797 -0.986971 0.126996 0.085938 0.109375
view_finger.bmp
 22 4.577353 -14.750738 4.431344 0.594296 -0.489797 0.637896 0.632813 0.953125
 22 4.161880 -15.538701 4.062430 0.840960 0.538875 0.048998 0.726563 0.570313
 22 4.561525 -14.790054 3.976917 -0.105497 -0.991269 -0.079097 0.734375 0.968750
view_finger.bmp
 22 4.561525 -14.790054 3.976917 -0.105497 -0.991269 -0.079097 0.734375 0.968750
 22 4.161880 -15.538701 4.062430 0.840960 0.538875 0.048998 0.726563 0.570313
 22 3.795694 -15.365434 3.918257 0.656608 0.699609 0.281803 0.851563 0.562500
view_finger.bmp
 22 4.161880 -15.538701 4.062430 0.840960 0.538875 0.048998 0.726563 0.570313
 23 4.283975 -15.359065 4.057683 0.585901 0.474001 0.657301 0.726563 0.484375
 22 3.795694 -15.365434 3.918257 0.656608 0.699609 0.281803 0.851563 0.562500
view_finger.bmp
 22 3.795694 -15.365434 3.918257 0.656608 0.699609 0.281803 0.851563 0.562500
 23 4.283975 -15.359065 4.057683 0.585901 0.474001 0.657301 0.726563 0.484375
 23 3.875208 -15.165650 3.896746 0.103402 0.796814 -0.595311 0.875000 0.484375
view_finger.bmp
 23 4.283975 -15.359065 4.057683 0.585901 0.474001 0.657301 0.726563 0.484375
 23 4.147265 -15.797591 3.788416 0.765457 -0.005500 -0.643464 0.718750 0.281250
 23 3.875208 -15.165650 3.896746 0.103402 0.796814 -0.595311 0.875000 0.484375
view_finger.bmp
 23 3.875208 -15.165650 3.896746 0.103402 0.796814 -0.595311 0.875000 0.484375
 23 4.147265 -15.797591 3.788416 0.765457 -0.005500 -0.643464 0.718750 0.281250
 23 3.814492 -15.647600 3.650702 0.020801 0.246011 -0.969044 0.851563 0.273438
view_finger.bmp
 23 4.147265 -15.797591 3.788416 0.765457 -0.005500 -0.643464 0.718750 0.281250
 23 3.962497 -16.192595 3.723345 0.654592 -0.656592 -0.374695 0.757813 0.070313
 23 3.814492 -15.647600 3.650702 0.020801 0.246011 -0.969044 0.851563 0.273438
view_finger.bmp
 23 3.814492 -15.647600 3.650702 0.020801 0.246011 -0.969044 0.851563 0.273438
 23 3.962497 -16.192595 3.723345 0.654592 -0.656592 -0.374695 0.757813 0.070313
 23 3.664439 -16.051561 3.605995 -0.645993 -0.330696 -0.687992 0.859375 0.078125
view_finger.bmp
 23 3.962497 -16.192595 3.723345 0.654592 -0.656592 -0.374695 0.757813 0.070313
 23 3.865614 -16.227909 3.926978 -0.098797 -0.986971 0.126996 0.742188 0.101563
 23 3.664439 -16.051561 3.605995 -0.645993 -0.330696 -0.687992 0.859375 0.078125
view_finger.bmp
 34 4.735998 -15.677776 1.526795 0.140507 -0.111805 -0.983747 0.007813 0.656250
 34 4.085478 -16.198240 1.593435 -0.172297 -0.682188 -0.710587 0.046875 0.367188
 34 4.048842 -16.001637 1.557312 -0.431602 0.563503 -0.704403 0.000000 0.406250
view_finger.bmp
 34 4.048842 -16.001637 1.557312 -0.431602 0.563503 -0.704403 0.000000 0.406250
 34 4.085478 -16.198240 1.593435 -0.172297 -0.682188 -0.710587 0.046875 0.367188
 35 4.190578 -15.939279 1.563700 -0.347009 0.200305 -0.916222 0.000000 0.359375
view_finger.bmp
 34 4.085478 -16.198240 1.593435 -0.172297 -0.682188 -0.710587 0.046875 0.367188
 35 3.703866 -15.590204 1.804238 -0.873172 -0.109796 -0.474885 0.078125 0.109375
 35 4.190578 -15.939279 1.563700 -0.347009 0.200305 -0.916222 0.000000 0.359375
view_finger.bmp
 35 4.190578 -15.939279 1.563700 -0.347009 0.200305 -0.916222 0.000000 0.359375
 35 3.703866 -15.590204 1.804238 -0.873172 -0.109796 -0.474885 0.078125 0.109375
 35 3.751823 -15.451032 1.798664 -0.508534 0.764251 -0.396627 0.046875 0.015625
view_finger.bmp
 35 3.703866 -15.590204 1.804238 -0.873172 -0.109796 -0.474885 0.078125 0.109375
 35 3.715860 -15.623281 2.032409 -0.934533 0.016101 0.355513 0.289063 0.117188
 35 3.751823 -15.451032 1.798664 -0.508534 0.764251 -0.396627 0.046875 0.015625
view_finger.bmp
 35 3.751823 -15.451032 1.798664 -0.508534 0.764251 -0.396627 0.046875 0.015625
 35 3.715860 -15.623281 2.032409 -0.934533 0.016101 0.355513 0.289063 0.117188
 35 3.783551 -15.516721 2.099958 -0.088999 0.547296 0.832194 0.312500 0.015625
view_finger.bmp
 35 3.715860 -15.623281 2.032409 -0.934533 0.016101 0.355513 0.289063 0.117188
 34 4.106484 -16.279282 1.933863 -0.548197 -0.718896 0.427398 0.296875 0.367188
 35 3.783551 -15.516721 2.099958 -0.088999 0.547296 0.832194 0.312500 0.015625
view_finger.bmp
 35 3.783551 -15.516721 2.099958 -0.088999 0.547296 0.832194 0.312500 0.015625
 34 4.106484 -16.279282 1.933863 -0.548197 -0.718896 0.427398 0.296875 0.367188
 35 4.232908 -16.031042 2.022816 0.490382 -0.073897 0.868369 0.351563 0.351563
view_finger.bmp
 34 4.106484 -16.279282 1.933863 -0.548197 -0.718896 0.427398 0.296875 0.367188
 34 4.076437 -16.115936 2.033940 0.112806 -0.576828 0.809039 0.351563 0.406250
 35 4.232908 -16.031042 2.022816 0.490382 -0.073897 0.868369 0.351563 0.351563
view_finger.bmp
 31 4.787251 -16.214371 2.002105 0.249790 -0.888564 -0.384785 0.343750 0.640625
 31 3.767813 -16.068609 2.262678 -0.742876 -0.412186 -0.527483 0.296875 0.367188
 31 3.883919 -15.900053 2.163641 -0.051902 0.645928 -0.761632 0.351563 0.406250
view_finger.bmp
 31 3.883919 -15.900053 2.163641 -0.051902 0.645928 -0.761632 0.351563 0.406250
 31 3.767813 -16.068609 2.262678 -0.742876 -0.412186 -0.527483 0.296875 0.367188
 32 3.992090 -15.902805 2.160386 -0.952867 -0.162195 -0.256391 0.351563 0.351563
view_finger.bmp
 31 3.767813 -16.068609 2.262678 -0.742876 -0.412186 -0.527483 0.296875 0.367188
 32 3.774862 -15.272919 2.478119 -0.918876 0.265893 -0.291492 0.289063 0.117188
 32 3.992090 -15.902805 2.160386 -0.952867 -0.162195 -0.256391 0.351563 0.351563
view_finger.bmp
 32 3.992090 -15.902805 2.160386 -0.952867 -0.162195 -0.256391 0.351563 0.351563
 32 3.774862 -15.272919 2.478119 -0.918876 0.265893 -0.291492 0.289063 0.117188
 32 3.896307 -15.127162 2.424210 -0.057897 0.862653 -0.502472 0.312500 0.015625
view_finger.bmp
 32 3.774862 -15.272919 2.478119 -0.918876 0.265893 -0.291492 0.289063 0.117188
 32 3.802028 -15.308961 2.734951 -0.794278 0.404989 0.452887 0.078125 0.109375
 32 3.896307 -15.127162 2.424210 -0.057897 0.862653 -0.502472 0.312500 0.015625
view_finger.bmp
 32 3.896307 -15.127162 2.424210 -0.057897 0.862653 -0.502472 0.312500 0.015625
 32 3.802028 -15.308961 2.734951 -0.794278 0.404989 0.452887 0.078125 0.109375
 32 3.941333 -15.222227 2.810261 0.181602 0.558606 0.809309 0.046875 0.015625
view_finger.bmp
 32 3.802028 -15.308961 2.734951 -0.794278 0.404989 0.452887 0.078125 0.109375
 31 3.805123 -16.146305 2.622499 -0.837940 -0.250412 0.484923 0.046875 0.367188
 32 3.941333 -15.222227 2.810261 0.181602 0.558606 0.809309 0.046875 0.015625
view_finger.bmp
 32 3.941333 -15.222227 2.810261 0.181602 0.558606 0.809309 0.046875 0.015625
 31 3.805123 -16.146305 2.622499 -0.837940 -0.250412 0.484923 0.046875 0.367188
 32 4.058753 -16.023245 2.754734 0.411400 -0.094900 0.906501 0.000000 0.359375
view_finger.bmp
 31 3.805123 -16.146305 2.622499 -0.837940 -0.250412 0.484923 0.046875 0.367188
 31 3.910195 -16.019384 2.782971 -0.188604 -0.469011 0.862819 0.000000 0.406250
 32 4.058753 -16.023245 2.754734 0.411400 -0.094900 0.906501 0.000000 0.359375
view_finger.bmp
 28 3.793154 -16.138199 2.910872 -0.783369 -0.194092 -0.590476 0.046875 0.367188
 28 3.815336 -16.226948 3.310661 -0.944910 -0.137601 0.297003 0.296875 0.367188
 29 3.913154 -15.289195 3.187949 -0.930831 0.346011 -0.117604 0.078125 0.109375
view_finger.bmp
 28 3.793154 -16.138199 2.910872 -0.783369 -0.194092 -0.590476 0.046875 0.367188
 27 4.895280 -16.878448 3.105525 -0.215090 -0.950655 0.223589 0.250000 0.679688
 28 3.815336 -16.226948 3.310661 -0.944910 -0.137601 0.297003 0.296875 0.367188
view_finger.bmp
 28 3.793154 -16.138199 2.910872 -0.783369 -0.194092 -0.590476 0.046875 0.367188
 27 4.884379 -16.790199 2.705034 0.349902 -0.757604 -0.551003 0.078125 0.679688
 27 4.895280 -16.878448 3.105525 -0.215090 -0.950655 0.223589 0.250000 0.679688
view_finger.bmp
 28 3.793154 -16.138199 2.910872 -0.783369 -0.194092 -0.590476 0.046875 0.367188
 28 4.805689 -16.430201 2.661055 0.189695 -0.280993 -0.940776 0.007813 0.656250
 27 4.884379 -16.790199 2.705034 0.349902 -0.757604 -0.551003 0.078125 0.679688
view_finger.bmp
 28 3.793154 -16.138199 2.910872 -0.783369 -0.194092 -0.590476 0.046875 0.367188
 28 3.917150 -15.977350 2.821136 -0.645381 -0.762678 0.042499 0.000000 0.406250
 28 4.805689 -16.430201 2.661055 0.189695 -0.280993 -0.940776 0.007813 0.656250
view_finger.bmp
 28 3.793154 -16.138199 2.910872 -0.783369 -0.194092 -0.590476 0.046875 0.367188
 29 4.027722 -15.994899 2.822223 0.307891 0.269092 -0.912574 0.000000 0.359375
 28 3.917150 -15.977350 2.821136 -0.645381 -0.762678 0.042499 0.000000 0.406250
view_finger.bmp
 28 3.793154 -16.138199 2.910872 -0.783369 -0.194092 -0.590476 0.046875 0.367188
 29 4.023003 -15.149686 3.155229 -0.069299 0.890691 -0.449296 0.046875 0.015625
 29 4.027722 -15.994899 2.822223 0.307891 0.269092 -0.912574 0.000000 0.359375
view_finger.bmp
 28 3.793154 -16.138199 2.910872 -0.783369 -0.194092 -0.590476 0.046875 0.367188
 29 3.913154 -15.289195 3.187949 -0.930831 0.346011 -0.117604 0.078125 0.109375
 29 4.023003 -15.149686 3.155229 -0.069299 0.890691 -0.449296 0.046875 0.015625
view_finger.bmp
 33 4.859286 -14.842525 1.675779 -0.886925 0.257007 -0.383811 0.875000 0.976563
 33 4.648609 -15.575500 1.662962 -0.727299 0.685999 0.021000 0.875000 0.726563
 33 4.826102 -15.179673 2.058964 -0.916205 0.046500 0.398002 0.687500 0.976563
view_finger.bmp
 33 4.826102 -15.179673 2.058964 -0.916205 0.046500 0.398002 0.687500 0.976563
 33 4.648609 -15.575500 1.662962 -0.727299 0.685999 0.021000 0.875000 0.726563
 33 4.674981 -15.659506 1.960867 0.679688 -0.683688 -0.265695 0.710938 0.718750
view_finger.bmp
 33 4.648609 -15.575500 1.662962 -0.727299 0.685999 0.021000 0.875000 0.726563
 34 4.675260 -15.541633 1.676046 0.740706 0.398603 -0.540805 0.882813 0.648438
 33 4.674981 -15.659506 1.960867 0.679688 -0.683688 -0.265695 0.710938 0.718750
view_finger.bmp
 33 4.674981 -15.659506 1.960867 0.679688 -0.683688 -0.265695 0.710938 0.718750
 34 4.675260 -15.541633 1.676046 0.740706 0.398603 -0.540805 0.882813 0.648438
 34 4.698626 -15.606017 1.958019 0.293114 0.746034 0.597927 0.718750 0.648438
view_finger.bmp
 34 4.675260 -15.541633 1.676046 0.740706 0.398603 -0.540805 0.882813 0.648438
 34 4.084528 -15.812994 1.675804 -0.695987 -0.507891 0.507591 0.898438 0.421875
 34 4.698626 -15.606017 1.958019 0.293114 0.746034 0.597927 0.718750 0.648438
view_finger.bmp
 34 4.698626 -15.606017 1.958019 0.293114 0.746034 0.597927 0.718750 0.648438
 34 4.084528 -15.812994 1.675804 -0.695987 -0.507891 0.507591 0.898438 0.421875
 34 4.099942 -15.883659 1.967641 -0.996539 -0.079703 0.023601 0.726563 0.414063
view_finger.bmp
 34 4.084528 -15.812994 1.675804 -0.695987 -0.507891 0.507591 0.898438 0.421875
 35 4.374263 -15.912421 1.930903 0.756710 -0.642209 -0.122302 0.726563 0.351563
 34 4.099942 -15.883659 1.967641 -0.996539 -0.079703 0.023601 0.726563 0.414063
view_finger.bmp
 34 4.099942 -15.883659 1.967641 -0.996539 -0.079703 0.023601 0.726563 0.414063
 35 4.374263 -15.912421 1.930903 0.756710 -0.642209 -0.122302 0.726563 0.351563
 34 4.076437 -16.115936 2.033940 0.112806 -0.576828 0.809039 0.617188 0.406250
view_finger.bmp
 24 5.026475 -16.484529 3.775942 -0.888032 0.326612 -0.323612 0.875000 0.726563
 25 5.127319 -16.677555 3.645210 -0.341087 0.048798 -0.938764 0.976563 0.648438
 25 4.975232 -16.577301 3.782755 -0.830786 0.488592 -0.266595 0.882813 0.648438
view_finger.bmp
 25 4.975232 -16.577301 3.782755 -0.830786 0.488592 -0.266595 0.882813 0.648438
 25 5.127319 -16.677555 3.645210 -0.341087 0.048798 -0.938764 0.976563 0.648438
 25 4.590674 -17.185522 3.808857 0.507373 0.543071 -0.669064 0.898438 0.421875
view_finger.bmp
 25 5.127319 -16.677555 3.645210 -0.341087 0.048798 -0.938764 0.976563 0.648438
 25 4.675750 -17.396652 3.694026 0.673182 -0.324891 -0.664283 0.976563 0.421875
 25 4.590674 -17.185522 3.808857 0.507373 0.543071 -0.669064 0.898438 0.421875
view_finger.bmp
 25 4.590674 -17.185522 3.808857 0.507373 0.543071 -0.669064 0.898438 0.421875
 25 4.675750 -17.396652 3.694026 0.673182 -0.324891 -0.664283 0.976563 0.421875
 26 4.595814 -17.150579 3.813636 0.505997 0.861896 -0.033200 0.890625 0.359375
view_finger.bmp
 25 4.675750 -17.396652 3.694026 0.673182 -0.324891 -0.664283 0.976563 0.421875
 26 4.658267 -17.330517 3.704907 -0.279698 -0.082999 -0.956494 0.976563 0.367188
 26 4.595814 -17.150579 3.813636 0.505997 0.861896 -0.033200 0.890625 0.359375
view_finger.bmp
 26 4.595814 -17.150579 3.813636 0.505997 0.861896 -0.033200 0.890625 0.359375
 26 4.658267 -17.330517 3.704907 -0.279698 -0.082999 -0.956494 0.976563 0.367188
 26 4.046860 -17.518791 3.953170 -0.731902 0.630801 -0.257701 0.859375 0.101563
view_finger.bmp
 26 4.658267 -17.330517 3.704907 -0.279698 -0.082999 -0.956494 0.976563 0.367188
 26 3.952802 -17.671534 3.908196 -0.811409 -0.120101 -0.572006 0.914063 0.015625
 26 4.046860 -17.518791 3.953170 -0.731902 0.630801 -0.257701 0.859375 0.101563
view_finger.bmp
 26 4.046860 -17.518791 3.953170 -0.731902 0.630801 -0.257701 0.859375 0.101563
 26 3.952802 -17.671534 3.908196 -0.811409 -0.120101 -0.572006 0.914063 0.015625
 26 4.016089 -17.686932 4.292849 -0.654689 -0.238496 0.717288 0.656250 0.023438
view_finger.bmp
 29 4.156126 -15.402225 3.457557 0.907009 0.239602 0.346303 0.726563 0.109375
 29 4.250598 -15.714414 3.210752 0.987520 0.155803 -0.023001 0.804688 0.226563
 29 4.142445 -15.332682 3.176352 0.844575 0.374489 -0.382689 0.859375 0.101563
view_finger.bmp
 29 4.142445 -15.332682 3.176352 0.844575 0.374489 -0.382689 0.859375 0.101563
 29 4.250598 -15.714414 3.210752 0.987520 0.155803 -0.023001 0.804688 0.226563
 29 4.233368 -16.037745 2.935687 0.583402 -0.771903 -0.252601 0.890625 0.359375
view_finger.bmp
 29 4.250598 -15.714414 3.210752 0.987520 0.155803 -0.023001 0.804688 0.226563
 29 4.261282 -16.128967 3.303653 0.277995 -0.960485 -0.013700 0.726563 0.351563
 29 4.233368 -16.037745 2.935687 0.583402 -0.771903 -0.252601 0.890625 0.359375
view_finger.bmp
 29 4.233368 -16.037745 2.935687 0.583402 -0.771903 -0.252601 0.890625 0.359375
 29 4.261282 -16.128967 3.303653 0.277995 -0.960485 -0.013700 0.726563 0.351563
 28 4.136385 -15.886105 2.967800 -0.386406 0.875914 -0.288904 0.898438 0.421875
view_finger.bmp
 29 4.261282 -16.128967 3.303653 0.277995 -0.960485 -0.013700 0.726563 0.351563
 28 4.153414 -15.981084 3.355987 -0.781675 0.475585 0.403487 0.726563 0.414063
 28 4.136385 -15.886105 2.967800 -0.386406 0.875914 -0.288904 0.898438 0.421875
view_finger.bmp
 28 4.136385 -15.886105 2.967800 -0.386406 0.875914 -0.288904 0.898438 0.421875
 28 4.153414 -15.981084 3.355987 -0.781675 0.475585 0.403487 0.726563 0.414063
 28 4.936758 -16.382223 3.223477 0.996256 -0.082697 0.025199 0.718750 0.648438
view_finger.bmp
 28 4.153414 -15.981084 3.355987 -0.781675 0.475585 0.403487 0.726563 0.414063
 28 4.836340 -16.601162 3.359791 0.898209 -0.257703 0.356103 0.609375 0.640625
 28 4.936758 -16.382223 3.223477 0.996256 -0.082697 0.025199 0.718750 0.648438
view_finger.bmp
 30 4.898741 -16.631884 2.435273 -0.074304 -0.963946 0.255512 0.078125 0.679688
 31 3.767813 -16.068609 2.262678 -0.742876 -0.412186 -0.527483 0.296875 0.367188
 30 4.866828 -16.523066 2.041141 0.408602 -0.698403 -0.587603 0.250000 0.679688
view_finger.bmp
 30 4.898741 -16.631884 2.435273 -0.074304 -0.963946 0.255512 0.078125 0.679688
 31 3.805123 -16.146305 2.622499 -0.837940 -0.250412 0.484923 0.046875 0.367188
 31 3.767813 -16.068609 2.262678 -0.742876 -0.412186 -0.527483 0.296875 0.367188
view_finger.bmp
 30 4.898741 -16.631884 2.435273 -0.074304 -0.963946 0.255512 0.078125 0.679688
 31 3.910195 -16.019384 2.782971 -0.188604 -0.469011 0.862819 0.000000 0.406250
 31 3.805123 -16.146305 2.622499 -0.837940 -0.250412 0.484923 0.046875 0.367188
view_finger.bmp
 30 4.898741 -16.631884 2.435273 -0.074304 -0.963946 0.255512 0.078125 0.679688
 31 4.852795 -16.350864 2.634223 0.516308 -0.213304 0.829414 0.007813 0.656250
 31 3.910195 -16.019384 2.782971 -0.188604 -0.469011 0.862819 0.000000 0.406250
view_finger.bmp
 30 4.898741 -16.631884 2.435273 -0.074304 -0.963946 0.255512 0.078125 0.679688
 30 4.763026 -16.555597 2.601290 0.344993 -0.716685 0.606088 0.007813 0.718750
 31 4.852795 -16.350864 2.634223 0.516308 -0.213304 0.829414 0.007813 0.656250
view_finger.bmp
 30 4.898741 -16.631884 2.435273 -0.074304 -0.963946 0.255512 0.078125 0.679688
 27 5.485512 -15.507468 2.822261 0.837933 -0.518620 -0.170007 0.078125 0.929688
 30 4.763026 -16.555597 2.601290 0.344993 -0.716685 0.606088 0.007813 0.718750
view_finger.bmp
 30 4.898741 -16.631884 2.435273 -0.074304 -0.963946 0.255512 0.078125 0.679688
 30 4.866828 -16.523066 2.041141 0.408602 -0.698403 -0.587603 0.250000 0.679688
 27 5.485512 -15.507468 2.822261 0.837933 -0.518620 -0.170007 0.078125 0.929688
view_finger.bmp
 33 4.951091 -15.950129 1.886697 0.357505 -0.899213 0.252203 0.250000 0.679688
 34 4.085478 -16.198240 1.593435 -0.172297 -0.682188 -0.710587 0.046875 0.367188
 33 4.913355 -15.858319 1.571187 0.362495 -0.559192 -0.745589 0.078125 0.679688
view_finger.bmp
 33 4.951091 -15.950129 1.886697 0.357505 -0.899213 0.252203 0.250000 0.679688
 34 4.106484 -16.279282 1.933863 -0.548197 -0.718896 0.427398 0.296875 0.367188
 34 4.085478 -16.198240 1.593435 -0.172297 -0.682188 -0.710587 0.046875 0.367188
view_finger.bmp
 33 4.951091 -15.950129 1.886697 0.357505 -0.899213 0.252203 0.250000 0.679688
 34 4.076437 -16.115936 2.033940 0.112806 -0.576828 0.809039 0.351563 0.406250
 34 4.106484 -16.279282 1.933863 -0.548197 -0.718896 0.427398 0.296875 0.367188
view_finger.bmp
 33 4.951091 -15.950129 1.886697 0.357505 -0.899213 0.252203 0.250000 0.679688
 34 4.757877 -15.802507 2.032723 0.013800 -0.129399 0.991497 0.343750 0.640625
 34 4.076437 -16.115936 2.033940 0.112806 -0.576828 0.809039 0.351563 0.406250
view_finger.bmp
 33 4.951091 -15.950129 1.886697 0.357505 -0.899213 0.252203 0.250000 0.679688
 33 4.804352 -15.869466 2.034214 0.067102 -0.366913 0.927832 0.335938 0.718750
 34 4.757877 -15.802507 2.032723 0.013800 -0.129399 0.991497 0.343750 0.640625
view_finger.bmp
 33 4.951091 -15.950129 1.886697 0.357505 -0.899213 0.252203 0.250000 0.679688
 30 5.403948 -15.231291 2.131788 0.746296 -0.447098 -0.493098 0.304688 0.953125
 33 4.804352 -15.869466 2.034214 0.067102 -0.366913 0.927832 0.335938 0.718750
view_finger.bmp
 33 4.951091 -15.950129 1.886697 0.357505 -0.899213 0.252203 0.250000 0.679688
 33 4.913355 -15.858319 1.571187 0.362495 -0.559192 -0.745589 0.078125 0.679688
 30 5.403948 -15.231291 2.131788 0.746296 -0.447098 -0.493098 0.304688 0.953125
view_finger.bmp
 21 4.367814 -14.401582 4.786669 0.092497 -0.022099 0.995468 0.070313 0.929688
 22 4.069733 -14.999302 4.616648 0.106104 -0.131405 0.985634 0.078125 0.703125
 22 4.577353 -14.750738 4.431344 0.594296 -0.489797 0.637896 0.031250 0.945313
view_finger.bmp
 22 4.577353 -14.750738 4.431344 0.594296 -0.489797 0.637896 0.031250 0.945313
 22 4.069733 -14.999302 4.616648 0.106104 -0.131405 0.985634 0.078125 0.703125
 22 4.163785 -15.517133 4.441417 0.751404 0.013500 0.659704 0.015625 0.570313
view_finger.bmp
 22 4.069733 -14.999302 4.616648 0.106104 -0.131405 0.985634 0.078125 0.703125
 23 3.926883 -15.588475 4.629310 0.105902 -0.474407 0.873912 0.093750 0.515625
 22 4.163785 -15.517133 4.441417 0.751404 0.013500 0.659704 0.015625 0.570313
view_finger.bmp
 22 4.163785 -15.517133 4.441417 0.751404 0.013500 0.659704 0.015625 0.570313
 23 3.926883 -15.588475 4.629310 0.105902 -0.474407 0.873912 0.093750 0.515625
 23 4.192990 -15.528495 4.413233 0.659589 -0.051099 0.749887 0.007813 0.539063
view_finger.bmp
 23 3.926883 -15.588475 4.629310 0.105902 -0.474407 0.873912 0.093750 0.515625
 23 3.908509 -15.910153 4.199908 0.108000 -0.736196 0.668096 0.093750 0.328125
 23 4.192990 -15.528495 4.413233 0.659589 -0.051099 0.749887 0.007813 0.539063
view_finger.bmp
 23 4.192990 -15.528495 4.413233 0.659589 -0.051099 0.749887 0.007813 0.539063
 23 3.908509 -15.910153 4.199908 0.108000 -0.736196 0.668096 0.093750 0.328125
 23 4.138330 -15.878014 4.102188 0.803641 -0.538228 0.253913 0.007813 0.281250
view_finger.bmp
 23 3.908509 -15.910153 4.199908 0.108000 -0.736196 0.668096 0.093750 0.328125
 23 3.962497 -16.192595 3.723345 0.654592 -0.656592 -0.374695 0.039063 0.093750
 23 4.138330 -15.878014 4.102188 0.803641 -0.538228 0.253913 0.007813 0.281250
view_finger.bmp
 23 3.664439 -16.051561 3.605995 -0.645993 -0.330696 -0.687992 0.859375 0.078125
 23 3.550729 -15.599979 3.870841 -0.843727 0.255408 -0.472115 0.968750 0.234375
 23 3.814492 -15.647600 3.650702 0.020801 0.246011 -0.969044 0.851563 0.273438
view_finger.bmp
 23 3.814492 -15.647600 3.650702 0.020801 0.246011 -0.969044 0.851563 0.273438
 23 3.550729 -15.599979 3.870841 -0.843727 0.255408 -0.472115 0.968750 0.234375
 23 3.875208 -15.165650 3.896746 0.103402 0.796814 -0.595311 0.875000 0.484375
view_finger.bmp
 23 3.550729 -15.599979 3.870841 -0.843727 0.255408 -0.472115 0.968750 0.234375
 23 3.575289 -15.236917 4.185137 -0.713898 0.666298 0.215399 0.976563 0.484375
 23 3.875208 -15.165650 3.896746 0.103402 0.796814 -0.595311 0.875000 0.484375
view_finger.bmp
 23 3.875208 -15.165650 3.896746 0.103402 0.796814 -0.595311 0.875000 0.484375
 23 3.575289 -15.236917 4.185137 -0.713898 0.666298 0.215399 0.976563 0.484375
 22 3.795694 -15.365434 3.918257 0.656608 0.699609 0.281803 0.851563 0.562500
view_finger.bmp
 23 3.575289 -15.236917 4.185137 -0.713898 0.666298 0.215399 0.976563 0.484375
 22 3.584699 -15.243128 4.213423 -0.739761 0.669364 -0.068596 0.960938 0.539063
 22 3.795694 -15.365434 3.918257 0.656608 0.699609 0.281803 0.851563 0.562500
view_finger.bmp
 22 3.795694 -15.365434 3.918257 0.656608 0.699609 0.281803 0.851563 0.562500
 22 3.584699 -15.243128 4.213423 -0.739761 0.669364 -0.068596 0.960938 0.539063
 22 4.169791 -14.604698 3.822686 -0.631198 -0.513499 -0.581298 0.843750 0.960938
view_finger.bmp
 22 3.584699 -15.243128 4.213423 -0.739761 0.669364 -0.068596 0.960938 0.539063
 22 3.943018 -14.439533 4.179610 -0.995962 0.029199 -0.084897 0.937500 0.929688
 22 4.169791 -14.604698 3.822686 -0.631198 -0.513499 -0.581298 0.843750 0.960938
view_finger.bmp
 23 3.664439 -16.051561 3.605995 -0.645993 -0.330696 -0.687992 0.398438 0.078125
 23 3.559355 -15.744945 4.062441 -0.936088 -0.284196 0.207297 0.265625 0.320313
 23 3.550729 -15.599979 3.870841 -0.843727 0.255408 -0.472115 0.398438 0.250000
view_finger.bmp
 23 3.550729 -15.599979 3.870841 -0.843727 0.255408 -0.472115 0.398438 0.250000
 23 3.559355 -15.744945 4.062441 -0.936088 -0.284196 0.207297 0.265625 0.320313
 23 3.575289 -15.236917 4.185137 -0.713898 0.666298 0.215399 0.414063 0.492188
view_finger.bmp
 23 3.559355 -15.744945 4.062441 -0.936088 -0.284196 0.207297 0.265625 0.320313
 23 3.535149 -15.403120 4.475078 -0.793696 0.178299 0.581597 0.289063 0.515625
 23 3.575289 -15.236917 4.185137 -0.713898 0.666298 0.215399 0.414063 0.492188
view_finger.bmp
 23 3.575289 -15.236917 4.185137 -0.713898 0.666298 0.215399 0.414063 0.492188
 23 3.535149 -15.403120 4.475078 -0.793696 0.178299 0.581597 0.289063 0.515625
 22 3.584699 -15.243128 4.213423 -0.739761 0.669364 -0.068596 0.390625 0.531250
view_finger.bmp
 23 3.535149 -15.403120 4.475078 -0.793696 0.178299 0.581597 0.289063 0.515625
 22 3.869712 -14.893600 4.535910 -0.743013 0.211104 0.635111 0.289063 0.703125
 22 3.584699 -15.243128 4.213423 -0.739761 0.669364 -0.068596 0.390625 0.531250
view_finger.bmp
 22 3.584699 -15.243128 4.213423 -0.739761 0.669364 -0.068596 0.390625 0.531250
 22 3.869712 -14.893600 4.535910 -0.743013 0.211104 0.635111 0.289063 0.703125
 22 3.943018 -14.439533 4.179610 -0.995962 0.029199 -0.084897 0.414063 0.937500
view_finger.bmp
 22 3.869712 -14.893600 4.535910 -0.743013 0.211104 0.635111 0.289063 0.703125
 21 3.997122 -14.241124 4.638543 -0.777809 0.388804 0.493806 0.312500 0.921875
 22 3.943018 -14.439533 4.179610 -0.995962 0.029199 -0.084897 0.414063 0.937500
view_finger.bmp
 24 5.178160 -16.652573 3.625101 -0.284901 -0.073900 -0.955704 0.007813 0.718750
 24 5.359761 -16.741327 3.716990 0.615807 -0.397104 -0.680507 0.078125 0.679688
 25 5.127319 -16.677555 3.645210 -0.341087 0.048798 -0.938764 0.007813 0.656250
view_finger.bmp
 25 5.127319 -16.677555 3.645210 -0.341087 0.048798 -0.938764 0.007813 0.656250
 24 5.359761 -16.741327 3.716990 0.615807 -0.397104 -0.680507 0.078125 0.679688
 25 4.675750 -17.396652 3.694026 0.673182 -0.324891 -0.664283 0.000000 0.406250
view_finger.bmp
 24 5.359761 -16.741327 3.716990 0.615807 -0.397104 -0.680507 0.078125 0.679688
 25 4.825712 -17.524940 3.787587 0.395502 -0.828805 -0.395803 0.046875 0.367188
 25 4.675750 -17.396652 3.694026 0.673182 -0.324891 -0.664283 0.000000 0.406250
view_finger.bmp
 25 4.675750 -17.396652 3.694026 0.673182 -0.324891 -0.664283 0.000000 0.406250
 25 4.825712 -17.524940 3.787587 0.395502 -0.828805 -0.395803 0.046875 0.367188
 26 4.658267 -17.330517 3.704907 -0.279698 -0.082999 -0.956494 0.000000 0.359375
view_finger.bmp
 25 4.825712 -17.524940 3.787587 0.395502 -0.828805 -0.395803 0.046875 0.367188
 26 4.076785 -17.768425 3.966850 -0.162395 -0.914369 -0.370887 0.078125 0.109375
 26 4.658267 -17.330517 3.704907 -0.279698 -0.082999 -0.956494 0.000000 0.359375
view_finger.bmp
 26 4.658267 -17.330517 3.704907 -0.279698 -0.082999 -0.956494 0.000000 0.359375
 26 4.076785 -17.768425 3.966850 -0.162395 -0.914369 -0.370887 0.078125 0.109375
 26 3.952802 -17.671534 3.908196 -0.811409 -0.120101 -0.572006 0.046875 0.015625
view_finger.bmp
 26 4.076785 -17.768425 3.966850 -0.162395 -0.914369 -0.370887 0.078125 0.109375
 26 4.016089 -17.686932 4.292849 -0.654689 -0.238496 0.717288 0.312500 0.015625
 26 3.952802 -17.671534 3.908196 -0.811409 -0.120101 -0.572006 0.046875 0.015625
view_finger.bmp
 29 4.023003 -15.149686 3.155229 -0.069299 0.890691 -0.449296 0.046875 0.015625
 29 3.927997 -15.353826 3.490939 -0.819912 0.290504 0.493307 0.289063 0.117188
 29 4.044015 -15.267305 3.589193 0.129499 0.499995 0.856291 0.312500 0.015625
view_finger.bmp
 29 4.044015 -15.267305 3.589193 0.129499 0.499995 0.856291 0.312500 0.015625
 29 3.927997 -15.353826 3.490939 -0.819912 0.290504 0.493307 0.289063 0.117188
 29 4.059549 -16.145859 3.474295 -0.411213 -0.122804 0.903229 0.351563 0.351563
view_finger.bmp
 29 3.927997 -15.353826 3.490939 -0.819912 0.290504 0.493307 0.289063 0.117188
 28 3.815336 -16.226948 3.310661 -0.944910 -0.137601 0.297003 0.296875 0.367188
 29 4.059549 -16.145859 3.474295 -0.411213 -0.122804 0.903229 0.351563 0.351563
view_finger.bmp
 29 4.059549 -16.145859 3.474295 -0.411213 -0.122804 0.903229 0.351563 0.351563
 28 3.815336 -16.226948 3.310661 -0.944910 -0.137601 0.297003 0.296875 0.367188
 28 3.955326 -16.145695 3.489269 -0.346911 -0.535316 0.770123 0.351563 0.406250
view_finger.bmp
 28 3.815336 -16.226948 3.310661 -0.944910 -0.137601 0.297003 0.296875 0.367188
 27 4.895280 -16.878448 3.105525 -0.215090 -0.950655 0.223589 0.250000 0.679688
 28 3.955326 -16.145695 3.489269 -0.346911 -0.535316 0.770123 0.351563 0.406250
view_finger.bmp
 28 3.955326 -16.145695 3.489269 -0.346911 -0.535316 0.770123 0.351563 0.406250
 27 4.895280 -16.878448 3.105525 -0.215090 -0.950655 0.223589 0.250000 0.679688
 28 4.836340 -16.601162 3.359791 0.898209 -0.257703 0.356103 0.343750 0.640625
view_finger.bmp
 27 4.895280 -16.878448 3.105525 -0.215090 -0.950655 0.223589 0.250000 0.679688
 27 4.747711 -16.788216 3.320191 -0.276687 -0.201690 0.939556 0.335938 0.718750
 28 4.836340 -16.601162 3.359791 0.898209 -0.257703 0.356103 0.343750 0.640625
view_finger.bmp
 30 5.403948 -15.231291 2.131788 0.746296 -0.447098 -0.493098 0.593750 0.984375
 30 4.581645 -16.239325 2.148661 -0.389713 -0.845728 -0.364512 0.710938 0.718750
 30 4.884631 -15.444039 2.280272 -0.970711 0.108801 -0.214202 0.687500 0.976563
view_finger.bmp
 30 4.884631 -15.444039 2.280272 -0.970711 0.108801 -0.214202 0.687500 0.976563
 30 4.581645 -16.239325 2.148661 -0.389713 -0.845728 -0.364512 0.710938 0.718750
 30 4.877677 -15.643023 2.706953 -0.843774 -0.036099 0.535483 0.875000 0.976563
view_finger.bmp
 30 4.581645 -16.239325 2.148661 -0.389713 -0.845728 -0.364512 0.710938 0.718750
 30 4.612687 -16.345709 2.533133 -0.670161 -0.720459 -0.178390 0.875000 0.726563
 30 4.877677 -15.643023 2.706953 -0.843774 -0.036099 0.535483 0.875000 0.976563
view_finger.bmp
 30 4.877677 -15.643023 2.706953 -0.843774 -0.036099 0.535483 0.875000 0.976563
 30 4.612687 -16.345709 2.533133 -0.670161 -0.720459 -0.178390 0.875000 0.726563
 30 4.763026 -16.555597 2.601290 0.344993 -0.716685 0.606088 0.976563 0.710938
view_finger.bmp
 30 4.612687 -16.345709 2.533133 -0.670161 -0.720459 -0.178390 0.875000 0.726563
 31 4.909706 -16.139076 2.540375 0.983410 0.118201 0.137601 0.882813 0.648438
 30 4.763026 -16.555597 2.601290 0.344993 -0.716685 0.606088 0.976563 0.710938
view_finger.bmp
 30 4.763026 -16.555597 2.601290 0.344993 -0.716685 0.606088 0.976563 0.710938
 31 4.909706 -16.139076 2.540375 0.983410 0.118201 0.137601 0.882813 0.648438
 31 4.852795 -16.350864 2.634223 0.516308 -0.213304 0.829414 0.976563 0.648438
view_finger.bmp
 31 4.909706 -16.139076 2.540375 0.983410 0.118201 0.137601 0.882813 0.648438
 31 3.910195 -16.019384 2.782971 -0.188604 -0.469011 0.862819 0.976563 0.421875
 31 4.852795 -16.350864 2.634223 0.516308 -0.213304 0.829414 0.976563 0.648438
view_finger.bmp
 32 4.061989 -15.311705 2.704733 0.841653 0.331782 0.426076 0.859375 0.101563
 32 4.194868 -15.596700 2.513628 0.959448 0.278385 -0.044298 0.804688 0.226563
 32 4.034343 -15.258362 2.462060 0.790378 0.575284 -0.210594 0.726563 0.109375
view_finger.bmp
 32 4.034343 -15.258362 2.462060 0.790378 0.575284 -0.210594 0.726563 0.109375
 32 4.194868 -15.596700 2.513628 0.959448 0.278385 -0.044298 0.804688 0.226563
 32 4.204292 -15.917813 2.256535 0.761096 -0.095999 -0.641496 0.726563 0.351563
view_finger.bmp
 32 4.194868 -15.596700 2.513628 0.959448 0.278385 -0.044298 0.804688 0.226563
 32 4.245208 -15.996761 2.615691 0.280588 -0.953059 -0.113795 0.890625 0.359375
 32 4.204292 -15.917813 2.256535 0.761096 -0.095999 -0.641496 0.726563 0.351563
view_finger.bmp
 32 4.204292 -15.917813 2.256535 0.761096 -0.095999 -0.641496 0.726563 0.351563
 32 4.245208 -15.996761 2.615691 0.280588 -0.953059 -0.113795 0.890625 0.359375
 31 4.060174 -15.775267 2.305988 -0.755787 -0.259996 0.600990 0.726563 0.414063
view_finger.bmp
 32 4.245208 -15.996761 2.615691 0.280588 -0.953059 -0.113795 0.890625 0.359375
 31 4.088171 -15.849723 2.667474 -0.784799 0.605899 0.130300 0.898438 0.421875
 31 4.060174 -15.775267 2.305988 -0.755787 -0.259996 0.600990 0.726563 0.414063
view_finger.bmp
 33 4.913355 -15.858319 1.571187 0.362495 -0.559192 -0.745589 0.078125 0.679688
 33 5.369390 -14.853669 1.574444 0.623506 -0.237702 -0.744807 0.078125 0.929688
 30 5.403948 -15.231291 2.131788 0.746296 -0.447098 -0.493098 0.304688 0.953125
view_finger.bmp
 33 4.913355 -15.858319 1.571187 0.362495 -0.559192 -0.745589 0.078125 0.679688
 33 5.126863 -14.774347 1.516235 -0.196506 0.063702 -0.978431 0.078125 0.929688
 33 5.369390 -14.853669 1.574444 0.623506 -0.237702 -0.744807 0.078125 0.929688
view_finger.bmp
 33 4.913355 -15.858319 1.571187 0.362495 -0.559192 -0.745589 0.078125 0.679688
 33 4.764237 -15.709334 1.517640 -0.352286 0.114495 -0.928862 0.007813 0.718750
 33 5.126863 -14.774347 1.516235 -0.196506 0.063702 -0.978431 0.078125 0.929688
view_finger.bmp
 33 4.913355 -15.858319 1.571187 0.362495 -0.559192 -0.745589 0.078125 0.679688
 34 4.735998 -15.677776 1.526795 0.140507 -0.111805 -0.983747 0.007813 0.656250
 33 4.764237 -15.709334 1.517640 -0.352286 0.114495 -0.928862 0.007813 0.718750
view_finger.bmp
 33 4.913355 -15.858319 1.571187 0.362495 -0.559192 -0.745589 0.078125 0.679688
 34 4.085478 -16.198240 1.593435 -0.172297 -0.682188 -0.710587 0.046875 0.367188
 34 4.735998 -15.677776 1.526795 0.140507 -0.111805 -0.983747 0.007813 0.656250
view_finger.bmp
 23 4.147265 -15.797591 3.788416 0.765457 -0.005500 -0.643464 0.718750 0.281250
 23 4.283975 -15.359065 4.057683 0.585901 0.474001 0.657301 0.726563 0.484375
 23 4.138330 -15.878014 4.102188 0.803641 -0.538228 0.253913 0.625000 0.296875
view_finger.bmp
 23 4.138330 -15.878014 4.102188 0.803641 -0.538228 0.253913 0.625000 0.296875
 23 4.283975 -15.359065 4.057683 0.585901 0.474001 0.657301 0.726563 0.484375
 23 4.192990 -15.528495 4.413233 0.659589 -0.051099 0.749887 0.609375 0.546875
view_finger.bmp
 23 4.283975 -15.359065 4.057683 0.585901 0.474001 0.657301 0.726563 0.484375
 22 4.161880 -15.538701 4.062430 0.840960 0.538875 0.048998 0.726563 0.570313
 23 4.192990 -15.528495 4.413233 0.659589 -0.051099 0.749887 0.609375 0.546875
view_finger.bmp
 23 4.192990 -15.528495 4.413233 0.659589 -0.051099 0.749887 0.609375 0.546875
 22 4.161880 -15.538701 4.062430 0.840960 0.538875 0.048998 0.726563 0.570313
 22 4.163785 -15.517133 4.441417 0.751404 0.013500 0.659704 0.617188 0.578125
view_finger.bmp
 22 4.161880 -15.538701 4.062430 0.840960 0.538875 0.048998 0.726563 0.570313
 22 4.577353 -14.750738 4.431344 0.594296 -0.489797 0.637896 0.632813 0.953125
 22 4.163785 -15.517133 4.441417 0.751404 0.013500 0.659704 0.617188 0.578125
view_finger.bmp
 25 5.235314 -16.681612 4.287410 -0.046901 -0.033701 0.998331 0.609375 0.640625
 25 4.646603 -17.209957 4.224399 0.006500 0.817161 0.576373 0.726563 0.414063
 25 4.777086 -17.397800 4.286757 0.255202 -0.164401 0.952808 0.617188 0.406250
view_finger.bmp
 25 4.777086 -17.397800 4.286757 0.255202 -0.164401 0.952808 0.617188 0.406250
 25 4.646603 -17.209957 4.224399 0.006500 0.817161 0.576373 0.726563 0.414063
 26 4.749307 -17.355782 4.287378 0.131203 0.070802 0.988824 0.617188 0.351563
view_finger.bmp
 25 4.646603 -17.209957 4.224399 0.006500 0.817161 0.576373 0.726563 0.414063
 26 4.652709 -17.170807 4.219165 0.618576 0.775670 0.125295 0.726563 0.351563
 26 4.749307 -17.355782 4.287378 0.131203 0.070802 0.988824 0.617188 0.351563
view_finger.bmp
 26 4.749307 -17.355782 4.287378 0.131203 0.070802 0.988824 0.617188 0.351563
 26 4.652709 -17.170807 4.219165 0.618576 0.775670 0.125295 0.726563 0.351563
 26 4.076548 -17.536448 4.231211 -0.545017 0.609419 0.575818 0.726563 0.109375
view_finger.bmp
 26 4.652709 -17.170807 4.219165 0.618576 0.775670 0.125295 0.726563 0.351563
 26 4.304111 -17.295444 4.059651 -0.545203 0.831305 0.108101 0.804688 0.226563
 26 4.076548 -17.536448 4.231211 -0.545017 0.609419 0.575818 0.726563 0.109375
view_finger.bmp
 27 4.747711 -16.788216 3.320191 -0.276687 -0.201690 0.939556 0.609375 0.710938
 27 4.979558 -15.757327 3.439416 -0.892517 0.013600 0.450809 0.687500 0.976563
 27 4.603679 -16.554861 3.209735 -0.071395 -0.793048 -0.604960 0.710938 0.718750
view_finger.bmp
 27 4.603679 -16.554861 3.209735 -0.071395 -0.793048 -0.604960 0.710938 0.718750
 27 4.979558 -15.757327 3.439416 -0.892517 0.013600 0.450809 0.687500 0.976563
 27 4.587695 -16.451265 2.803026 -0.292805 -0.945418 0.143003 0.875000 0.726563
view_finger.bmp
 27 4.979558 -15.757327 3.439416 -0.892517 0.013600 0.450809 0.687500 0.976563
 27 4.964461 -15.622749 2.947623 -0.954575 0.108297 -0.277593 0.875000 0.976563
 27 4.587695 -16.451265 2.803026 -0.292805 -0.945418 0.143003 0.875000 0.726563
view_finger.bmp
 27 4.587695 -16.451265 2.803026 -0.292805 -0.945418 0.143003 0.875000 0.726563
 27 4.964461 -15.622749 2.947623 -0.954575 0.108297 -0.277593 0.875000 0.976563
 27 4.719929 -16.608156 2.613292 -0.414482 0.203291 -0.887061 0.976563 0.710938
view_finger.bmp
 27 4.964461 -15.622749 2.947623 -0.954575 0.108297 -0.277593 0.875000 0.976563
 27 5.485512 -15.507468 2.822261 0.837933 -0.518620 -0.170007 0.968750 0.992188
 27 4.719929 -16.608156 2.613292 -0.414482 0.203291 -0.887061 0.976563 0.710938
view_finger.bmp
 28 4.836340 -16.601162 3.359791 0.898209 -0.257703 0.356103 0.609375 0.640625
 28 4.153414 -15.981084 3.355987 -0.781675 0.475585 0.403487 0.726563 0.414063
 28 3.955326 -16.145695 3.489269 -0.346911 -0.535316 0.770123 0.617188 0.406250
view_finger.bmp
 28 3.955326 -16.145695 3.489269 -0.346911 -0.535316 0.770123 0.617188 0.406250
 28 4.153414 -15.981084 3.355987 -0.781675 0.475585 0.403487 0.726563 0.414063
 29 4.059549 -16.145859 3.474295 -0.411213 -0.122804 0.903229 0.617188 0.351563
view_finger.bmp
 28 4.153414 -15.981084 3.355987 -0.781675 0.475585 0.403487 0.726563 0.414063
 29 4.261282 -16.128967 3.303653 0.277995 -0.960485 -0.013700 0.726563 0.351563
 29 4.059549 -16.145859 3.474295 -0.411213 -0.122804 0.903229 0.617188 0.351563
view_finger.bmp
 29 4.059549 -16.145859 3.474295 -0.411213 -0.122804 0.903229 0.617188 0.351563
 29 4.261282 -16.128967 3.303653 0.277995 -0.960485 -0.013700 0.726563 0.351563
 29 4.156126 -15.402225 3.457557 0.907009 0.239602 0.346303 0.726563 0.109375
view_finger.bmp
 29 4.261282 -16.128967 3.303653 0.277995 -0.960485 -0.013700 0.726563 0.351563
 29 4.250598 -15.714414 3.210752 0.987520 0.155803 -0.023001 0.804688 0.226563
 29 4.156126 -15.402225 3.457557 0.907009 0.239602 0.346303 0.726563 0.109375
view_finger.bmp
 27 4.884379 -16.790199 2.705034 0.349902 -0.757604 -0.551003 0.078125 0.679688
 27 5.509744 -15.701244 3.546459 0.815907 -0.550904 -0.175501 0.304688 0.953125
 27 4.895280 -16.878448 3.105525 -0.215090 -0.950655 0.223589 0.250000 0.679688
view_finger.bmp
 27 4.884379 -16.790199 2.705034 0.349902 -0.757604 -0.551003 0.078125 0.679688
 27 5.485512 -15.507468 2.822261 0.837933 -0.518620 -0.170007 0.078125 0.929688
 27 5.509744 -15.701244 3.546459 0.815907 -0.550904 -0.175501 0.304688 0.953125
view_finger.bmp
 27 4.884379 -16.790199 2.705034 0.349902 -0.757604 -0.551003 0.078125 0.679688
 27 4.719929 -16.608156 2.613292 -0.414482 0.203291 -0.887061 0.007813 0.718750
 27 5.485512 -15.507468 2.822261 0.837933 -0.518620 -0.170007 0.078125 0.929688
view_finger.bmp
 27 4.884379 -16.790199 2.705034 0.349902 -0.757604 -0.551003 0.078125 0.679688
 28 4.805689 -16.430201 2.661055 0.189695 -0.280993 -0.940776 0.007813 0.656250
 27 4.719929 -16.608156 2.613292 -0.414482 0.203291 -0.887061 0.007813 0.718750
view_finger.bmp
 30 4.866828 -16.523066 2.041141 0.408602 -0.698403 -0.587603 0.250000 0.679688
 30 5.403948 -15.231291 2.131788 0.746296 -0.447098 -0.493098 0.304688 0.953125
 27 5.485512 -15.507468 2.822261 0.837933 -0.518620 -0.170007 0.078125 0.929688
view_finger.bmp
 30 4.866828 -16.523066 2.041141 0.408602 -0.698403 -0.587603 0.250000 0.679688
 30 4.706442 -16.397434 1.973370 0.738891 0.570293 -0.358896 0.335938 0.718750
 30 5.403948 -15.231291 2.131788 0.746296 -0.447098 -0.493098 0.304688 0.953125
view_finger.bmp
 30 4.866828 -16.523066 2.041141 0.408602 -0.698403 -0.587603 0.250000 0.679688
 31 4.787251 -16.214371 2.002105 0.249790 -0.888564 -0.384785 0.343750 0.640625
 30 4.706442 -16.397434 1.973370 0.738891 0.570293 -0.358896 0.335938 0.718750
view_finger.bmp
 30 4.866828 -16.523066 2.041141 0.408602 -0.698403 -0.587603 0.250000 0.679688
 31 3.767813 -16.068609 2.262678 -0.742876 -0.412186 -0.527483 0.296875 0.367188
 31 4.787251 -16.214371 2.002105 0.249790 -0.888564 -0.384785 0.343750 0.640625
view_finger.bmp
 24 5.467601 -15.720885 4.393725 -0.002100 -0.151899 0.988394 0.593750 0.984375
 24 5.087414 -16.498055 4.211607 -0.592204 0.158201 0.790106 0.710938 0.718750
 24 5.275679 -16.648857 4.289161 0.205995 -0.179895 0.961875 0.609375 0.710938
view_finger.bmp
 24 5.275679 -16.648857 4.289161 0.205995 -0.179895 0.961875 0.609375 0.710938
 24 5.087414 -16.498055 4.211607 -0.592204 0.158201 0.790106 0.710938 0.718750
 25 5.235314 -16.681612 4.287410 -0.046901 -0.033701 0.998331 0.609375 0.640625
view_finger.bmp
 24 5.087414 -16.498055 4.211607 -0.592204 0.158201 0.790106 0.710938 0.718750
 25 5.048572 -16.576998 4.207515 -0.732196 0.420998 0.535397 0.718750 0.648438
 25 5.235314 -16.681612 4.287410 -0.046901 -0.033701 0.998331 0.609375 0.640625
view_finger.bmp
 25 5.235314 -16.681612 4.287410 -0.046901 -0.033701 0.998331 0.609375 0.640625
 25 5.048572 -16.576998 4.207515 -0.732196 0.420998 0.535397 0.718750 0.648438
 25 4.646603 -17.209957 4.224399 0.006500 0.817161 0.576373 0.726563 0.414063
view_finger.bmp
 24 5.467601 -15.720885 4.393725 -0.002100 -0.151899 0.988394 0.351563 0.992188
 24 5.275679 -16.648857 4.289161 0.205995 -0.179895 0.961875 0.335938 0.718750
 24 5.688889 -15.627155 4.237371 0.910024 -0.348309 0.224806 0.304688 0.953125
view_finger.bmp
 24 5.688889 -15.627155 4.237371 0.910024 -0.348309 0.224806 0.304688 0.953125
 24 5.275679 -16.648857 4.289161 0.205995 -0.179895 0.961875 0.335938 0.718750
 24 5.422608 -16.745039 4.152922 0.751152 -0.466432 0.467132 0.250000 0.679688
view_finger.bmp
 24 5.275679 -16.648857 4.289161 0.205995 -0.179895 0.961875 0.335938 0.718750
 25 5.235314 -16.681612 4.287410 -0.046901 -0.033701 0.998331 0.343750 0.640625
 24 5.422608 -16.745039 4.152922 0.751152 -0.466432 0.467132 0.250000 0.679688
view_finger.bmp
 24 5.422608 -16.745039 4.152922 0.751152 -0.466432 0.467132 0.250000 0.679688
 25 5.235314 -16.681612 4.287410 -0.046901 -0.033701 0.998331 0.343750 0.640625
 25 4.777086 -17.397800 4.286757 0.255202 -0.164401 0.952808 0.351563 0.406250
view_finger.bmp
 33 4.804352 -15.869466 2.034214 0.067102 -0.366913 0.927832 0.609375 0.710938
 34 4.698626 -15.606017 1.958019 0.293114 0.746034 0.597927 0.718750 0.648438
 34 4.757877 -15.802507 2.032723 0.013800 -0.129399 0.991497 0.609375 0.640625
view_finger.bmp
 33 4.804352 -15.869466 2.034214 0.067102 -0.366913 0.927832 0.609375 0.710938
 33 4.674981 -15.659506 1.960867 0.679688 -0.683688 -0.265695 0.710938 0.718750
 34 4.698626 -15.606017 1.958019 0.293114 0.746034 0.597927 0.718750 0.648438
view_finger.bmp
 33 4.804352 -15.869466 2.034214 0.067102 -0.366913 0.927832 0.609375 0.710938
 33 4.826102 -15.179673 2.058964 -0.916205 0.046500 0.398002 0.687500 0.976563
 33 4.674981 -15.659506 1.960867 0.679688 -0.683688 -0.265695 0.710938 0.718750
view_finger.bmp
 33 4.804352 -15.869466 2.034214 0.067102 -0.366913 0.927832 0.609375 0.710938
 30 5.403948 -15.231291 2.131788 0.746296 -0.447098 -0.493098 0.593750 0.984375
 33 4.826102 -15.179673 2.058964 -0.916205 0.046500 0.398002 0.687500 0.976563
view_finger.bmp
 31 4.060174 -15.775267 2.305988 -0.755787 -0.259996 0.600990 0.726563 0.414063
 31 4.909706 -16.139076 2.540375 0.983410 0.118201 0.137601 0.882813 0.648438
 31 4.877675 -16.056221 2.139989 0.778814 0.374607 -0.503109 0.718750 0.648438
view_finger.bmp
 31 4.877675 -16.056221 2.139989 0.778814 0.374607 -0.503109 0.718750 0.648438
 31 4.909706 -16.139076 2.540375 0.983410 0.118201 0.137601 0.882813 0.648438
 30 4.581645 -16.239325 2.148661 -0.389713 -0.845728 -0.364512 0.710938 0.718750
view_finger.bmp
 31 4.909706 -16.139076 2.540375 0.983410 0.118201 0.137601 0.882813 0.648438
 30 4.612687 -16.345709 2.533133 -0.670161 -0.720459 -0.178390 0.875000 0.726563
 30 4.581645 -16.239325 2.148661 -0.389713 -0.845728 -0.364512 0.710938 0.718750
view_finger.bmp
 24 5.187791 -15.714917 4.300608 -0.892583 0.056799 0.447292 0.687500 0.976563
 24 5.161679 -15.766604 3.765774 -0.950471 -0.136996 -0.278992 0.875000 0.976563
 24 5.026475 -16.484529 3.775942 -0.888032 0.326612 -0.323612 0.875000 0.726563
view_finger.bmp
 24 5.026475 -16.484529 3.775942 -0.888032 0.326612 -0.323612 0.875000 0.726563
 24 5.161679 -15.766604 3.765774 -0.950471 -0.136996 -0.278992 0.875000 0.976563
 24 5.178160 -16.652573 3.625101 -0.284901 -0.073900 -0.955704 0.976563 0.710938
view_finger.bmp
 24 5.161679 -15.766604 3.765774 -0.950471 -0.136996 -0.278992 0.875000 0.976563
 27 5.509744 -15.701244 3.546459 0.815907 -0.550904 -0.175501 0.968750 0.992188
 24 5.178160 -16.652573 3.625101 -0.284901 -0.073900 -0.955704 0.976563 0.710938
view_finger.bmp
 35 3.751823 -15.451032 1.798664 -0.508534 0.764251 -0.396627 0.914063 0.015625
 35 3.783551 -15.516721 2.099958 -0.088999 0.547296 0.832194 0.656250 0.023438
 35 3.905179 -15.492873 1.804259 0.348205 0.887812 -0.300904 0.859375 0.101563
view_finger.bmp
 35 3.905179 -15.492873 1.804259 0.348205 0.887812 -0.300904 0.859375 0.101563
 35 3.783551 -15.516721 2.099958 -0.088999 0.547296 0.832194 0.656250 0.023438
 35 3.922945 -15.533780 2.030115 0.497808 0.667611 0.553609 0.726563 0.109375
view_finger.bmp
 35 3.783551 -15.516721 2.099958 -0.088999 0.547296 0.832194 0.656250 0.023438
 35 4.232908 -16.031042 2.022816 0.490382 -0.073897 0.868369 0.617188 0.351563
 35 3.922945 -15.533780 2.030115 0.497808 0.667611 0.553609 0.726563 0.109375
view_finger.bmp
 24 5.688889 -15.627155 4.237371 0.910024 -0.348309 0.224806 0.304688 0.953125
 24 5.359761 -16.741327 3.716990 0.615807 -0.397104 -0.680507 0.078125 0.679688
 27 5.509744 -15.701244 3.546459 0.815907 -0.550904 -0.175501 0.078125 0.929688
view_finger.bmp
 27 5.509744 -15.701244 3.546459 0.815907 -0.550904 -0.175501 0.078125 0.929688
 24 5.359761 -16.741327 3.716990 0.615807 -0.397104 -0.680507 0.078125 0.679688
 24 5.178160 -16.652573 3.625101 -0.284901 -0.073900 -0.955704 0.007813 0.718750
view_finger.bmp
 28 3.815336 -16.226948 3.310661 -0.944910 -0.137601 0.297003 0.296875 0.367188
 29 3.927997 -15.353826 3.490939 -0.819912 0.290504 0.493307 0.289063 0.117188
 29 3.913154 -15.289195 3.187949 -0.930831 0.346011 -0.117604 0.078125 0.109375
view_finger.bmp
 29 3.913154 -15.289195 3.187949 -0.930831 0.346011 -0.117604 0.078125 0.109375
 29 3.927997 -15.353826 3.490939 -0.819912 0.290504 0.493307 0.289063 0.117188
 29 4.023003 -15.149686 3.155229 -0.069299 0.890691 -0.449296 0.046875 0.015625
view_finger.bmp
 31 3.767813 -16.068609 2.262678 -0.742876 -0.412186 -0.527483 0.296875 0.367188
 31 3.805123 -16.146305 2.622499 -0.837940 -0.250412 0.484923 0.046875 0.367188
 32 3.774862 -15.272919 2.478119 -0.918876 0.265893 -0.291492 0.289063 0.117188
view_finger.bmp
 32 3.774862 -15.272919 2.478119 -0.918876 0.265893 -0.291492 0.289063 0.117188
 31 3.805123 -16.146305 2.622499 -0.837940 -0.250412 0.484923 0.046875 0.367188
 32 3.802028 -15.308961 2.734951 -0.794278 0.404989 0.452887 0.078125 0.109375
view_finger.bmp
 34 4.085478 -16.198240 1.593435 -0.172297 -0.682188 -0.710587 0.046875 0.367188
 34 4.106484 -16.279282 1.933863 -0.548197 -0.718896 0.427398 0.296875 0.367188
 35 3.703866 -15.590204 1.804238 -0.873172 -0.109796 -0.474885 0.078125 0.109375
view_finger.bmp
 35 3.703866 -15.590204 1.804238 -0.873172 -0.109796 -0.474885 0.078125 0.109375
 34 4.106484 -16.279282 1.933863 -0.548197 -0.718896 0.427398 0.296875 0.367188
 35 3.715860 -15.623281 2.032409 -0.934533 0.016101 0.355513 0.289063 0.117188
view_finger.bmp
 35 4.176596 -15.649458 1.844428 0.633185 0.770982 0.068298 0.804688 0.226563
 35 4.374263 -15.912421 1.930903 0.756710 -0.642209 -0.122302 0.726563 0.351563
 35 4.356128 -15.866631 1.644417 0.886575 0.206594 -0.413888 0.890625 0.359375
view_finger.bmp
 35 4.356128 -15.866631 1.644417 0.886575 0.206594 -0.413888 0.890625 0.359375
 35 4.374263 -15.912421 1.930903 0.756710 -0.642209 -0.122302 0.726563 0.351563
 34 4.084528 -15.812994 1.675804 -0.695987 -0.507891 0.507591 0.898438 0.421875
view_finger.bmp
 34 4.099942 -15.883659 1.967641 -0.996539 -0.079703 0.023601 0.726563 0.414063
 34 4.076437 -16.115936 2.033940 0.112806 -0.576828 0.809039 0.617188 0.406250
 34 4.698626 -15.606017 1.958019 0.293114 0.746034 0.597927 0.718750 0.648438
view_finger.bmp
 34 4.698626 -15.606017 1.958019 0.293114 0.746034 0.597927 0.718750 0.648438
 34 4.076437 -16.115936 2.033940 0.112806 -0.576828 0.809039 0.617188 0.406250
 34 4.757877 -15.802507 2.032723 0.013800 -0.129399 0.991497 0.609375 0.640625
view_finger.bmp
 32 4.061989 -15.311705 2.704733 0.841653 0.331782 0.426076 0.859375 0.101563
 32 4.245208 -15.996761 2.615691 0.280588 -0.953059 -0.113795 0.890625 0.359375
 32 4.194868 -15.596700 2.513628 0.959448 0.278385 -0.044298 0.804688 0.226563
view_finger.bmp
 22 4.561525 -14.790054 3.976917 -0.105497 -0.991269 -0.079097 0.734375 0.968750
 22 3.795694 -15.365434 3.918257 0.656608 0.699609 0.281803 0.851563 0.562500
 22 4.169791 -14.604698 3.822686 -0.631198 -0.513499 -0.581298 0.843750 0.960938
view_finger.bmp
 23 3.664439 -16.051561 3.605995 -0.645993 -0.330696 -0.687992 0.398438 0.078125
 23 3.559039 -16.082848 3.806275 -0.779214 -0.582911 0.230304 0.265625 0.117188
 23 3.559355 -15.744945 4.062441 -0.936088 -0.284196 0.207297 0.265625 0.320313
view_finger.bmp
 23 3.962497 -16.192595 3.723345 0.654592 -0.656592 -0.374695 0.039063 0.093750
 23 3.908509 -15.910153 4.199908 0.108000 -0.736196 0.668096 0.093750 0.328125
 23 3.865614 -16.227909 3.926978 -0.098797 -0.986971 0.126996 0.085938 0.109375
view_finger.bmp
 23 4.147265 -15.797591 3.788416 0.765457 -0.005500 -0.643464 0.718750 0.281250
 23 4.138330 -15.878014 4.102188 0.803641 -0.538228 0.253913 0.625000 0.296875
 23 3.962497 -16.192595 3.723345 0.654592 -0.656592 -0.374695 0.757813 0.070313
view_finger.bmp
 28 4.136385 -15.886105 2.967800 -0.386406 0.875914 -0.288904 0.898438 0.421875
 28 4.936758 -16.382223 3.223477 0.996256 -0.082697 0.025199 0.718750 0.648438
 28 4.919304 -16.284868 2.825585 0.977067 -0.083697 -0.195793 0.882813 0.648438
view_finger.bmp
 24 5.422608 -16.745039 4.152922 0.751152 -0.466432 0.467132 0.250000 0.679688
 25 4.777086 -17.397800 4.286757 0.255202 -0.164401 0.952808 0.351563 0.406250
 25 4.881674 -17.538609 4.163328 0.289106 -0.847418 0.445309 0.296875 0.367188
view_finger.bmp
 25 5.127319 -16.677555 3.645210 -0.341087 0.048798 -0.938764 0.976563 0.648438
 24 5.026475 -16.484529 3.775942 -0.888032 0.326612 -0.323612 0.875000 0.726563
 24 5.178160 -16.652573 3.625101 -0.284901 -0.073900 -0.955704 0.976563 0.710938
view_finger.bmp
 27 4.747711 -16.788216 3.320191 -0.276687 -0.201690 0.939556 0.609375 0.710938
 27 5.509744 -15.701244 3.546459 0.815907 -0.550904 -0.175501 0.593750 0.984375
 27 4.979558 -15.757327 3.439416 -0.892517 0.013600 0.450809 0.687500 0.976563
view_finger.bmp
 27 5.509744 -15.701244 3.546459 0.815907 -0.550904 -0.175501 0.304688 0.953125
 27 4.747711 -16.788216 3.320191 -0.276687 -0.201690 0.939556 0.335938 0.718750
 27 4.895280 -16.878448 3.105525 -0.215090 -0.950655 0.223589 0.250000 0.679688
view_finger.bmp
 27 4.587695 -16.451265 2.803026 -0.292805 -0.945418 0.143003 0.875000 0.726563
 27 4.719929 -16.608156 2.613292 -0.414482 0.203291 -0.887061 0.976563 0.710938
 28 4.805689 -16.430201 2.661055 0.189695 -0.280993 -0.940776 0.976563 0.648438
view_finger.bmp
 35 3.905179 -15.492873 1.804259 0.348205 0.887812 -0.300904 0.859375 0.101563
 35 4.190578 -15.939279 1.563700 -0.347009 0.200305 -0.916222 0.976563 0.367188
 35 3.751823 -15.451032 1.798664 -0.508534 0.764251 -0.396627 0.914063 0.015625
view_finger.bmp
 30 4.763026 -16.555597 2.601290 0.344993 -0.716685 0.606088 0.976563 0.710938
 27 5.485512 -15.507468 2.822261 0.837933 -0.518620 -0.170007 0.968750 0.992188
 30 4.877677 -15.643023 2.706953 -0.843774 -0.036099 0.535483 0.875000 0.976563
end
