version 1
nodes
0 "Bone04" -1
1 "Bone_Righthand" 0
2 "Bone26" 1
3 "Bone27" 2
4 "Bone28" 3
5 "Bone29" 4
6 "Bone31" 2
7 "Bone32" 6
8 "Bone33" 7
9 "Bone35" 2
10 "Bone36" 9
11 "Bone37" 10
12 "Bone39" 2
13 "Bone40" 12
14 "Bone41" 13
15 "Bone43" 2
16 "Bone44" 15
17 "Bone45" 16
18 "Bone01" -1
19 "Bone_Lefthand" 18
20 "Bone 04" 19
21 "Bone09" 20
22 "Bone10" 21
23 "Bone11" 22
24 "Bone13" 20
25 "Bone14" 24
26 "Bone15" 25
27 "Bone17" 20
28 "Bone18" 27
29 "Bone19" 28
30 "Bone21" 20
31 "Bone22" 30
32 "Bone23" 31
33 "Bone05" 20
34 "Bone06" 33
35 "Bone07" 34
36 "Bone02" 19
37 "Bone03" 36
38 "Bone48" 37
39 "Bone25" 37
40 "Bone52" 37
41 "Bone50" 37
end
skeleton
time 0
0  -3.820917 -18.377752 -0.681956  -0.554974 0.255017 0.648755
1  0.089978 -8.543164 0.000051  0.512980 0.031485 0.240377
2  -0.000002 -0.359710 0.000002  -0.000005 -0.000000 -0.000009
3  -0.308255 -0.007811 0.307166  -0.145109 -0.159879 -2.467086
4  1.978374 0.019548 0.000002  -0.087923 -0.056961 -0.023678
5  0.982425 0.003194 0.000001  0.000004 -0.000005 0.418896
6  -0.827568 -2.508971 -0.277652  -1.396262 0.000002 0.000000
7  -0.000003 -1.292970 0.000003  -0.445063 0.000002 0.000001
8  -0.000000 -0.752466 -0.000001  -0.445058 0.000001 -0.000004
9  -0.170482 -2.636147 -0.277651  -1.692970 0.000001 -0.000000
10  0.010599 -1.261178 0.000003  -0.253081 0.000004 0.000006
11  -0.000008 -0.943231 -0.000007  -0.532317 -0.000007 -0.000012
12  0.444210 -2.561960 -0.277652  -1.727309 -0.046230 -0.024601
13  0.021029 -1.208187 0.000003  -0.427603 -0.000002 -0.000001
14  0.010602 -0.741866 0.000000  -0.453793 0.000008 0.000011
15  1.047442 -2.222821 -0.277652  -1.508117 -0.078981 -0.038612
16  0.000010 -0.996223 0.000005  -0.863948 0.000004 0.000015
17  -0.000004 -0.614690 -0.000002  -0.523594 -0.000003 -0.000004
18  4.608666 -4.829769 1.302325  -0.774288 -1.331381 0.567332
19  0.000001 -8.563283 -0.000006  0.347508 -0.125220 -0.169569
20  -0.003481 -0.404828 -0.000001  0.000000 0.000000 -0.000003
21  -1.123356 -2.195094 -0.278959  -0.933744 -0.000000 -0.087265
22  0.010773 -0.963791 0.000005  -0.610873 -0.000000 -0.000001
23  -0.010411 -0.631916 -0.000002  -1.213008 -0.000002 -0.000001
24  -0.519306 -2.501154 -0.278959  -1.003566 -0.000001 -0.122172
25  -0.010597 -1.208185 -0.000005  -1.090820 0.000001 0.000002
26  -0.000001 -0.763067 0.000008  -1.343913 0.000001 -0.000002
27  0.105984 -2.607132 -0.278960  -0.890125 -0.000000 -0.148351
28  0.000000 -1.250577 -0.000007  -1.212984 0.000003 0.000002
29  -0.000003 -0.932634 0.000011  -1.483544 0.000001 -0.000001
30  0.763067 -2.490554 -0.278959  -0.235617 -0.000000 0.130902
31  -0.012323 -1.280918 0.000002  -0.349062 -0.000000 -0.000001
32  -0.001697 -0.749370 0.000005  -0.593426 0.000001 -0.000000
33  0.354567 0.016268 0.318133  0.342076 -0.443526 -1.083978
34  1.887167 0.012882 -0.000002  -0.305432 0.000002 -0.401419
35  1.001875 -0.000275 -0.000001  -0.000001 0.000001 -0.488703
36  -0.687790 -3.268885 0.771379  -0.649175 1.517737 -0.633988
37  -0.000001 1.978414 0.899281  0.000000 -0.000000 0.000000
38  -0.000001 -4.488898 2.000895  0.000000 -0.000000 -0.000000
39  -0.000000 -1.806050 0.681954  0.000000 0.000000 -0.000000
40  0.000001 2.795270 0.337228  0.000000 0.000000 -0.000000
41  -0.000003 -6.827023 1.101615  0.000000 -0.000000 -0.000000
end
triangles
barrel.bmp
36  2.649443 -12.851321 6.675857  0.824584 0.093497 -0.557960  0.062500 0.828125
36  2.669354 -12.849440 6.965857  0.975463 0.107340 0.192224  0.062500 0.937500
36  2.877878 -14.949134 6.665856  0.945533 -0.109012 -0.306733  0.359375 0.828125
barrel.bmp
36  2.877878 -14.949134 6.665856  0.945533 -0.109012 -0.306733  0.359375 0.828125
36  2.669354 -12.849440 6.965857  0.975463 0.107340 0.192224  0.062500 0.937500
36  2.897789 -14.947252 6.955856  0.914909 -0.073163 0.396973  0.359375 0.937500
barrel.bmp
36  2.669354 -12.849440 6.965857  0.975463 0.107340 0.192224  0.062500 0.937500
36  2.470242 -12.868261 7.185857  0.554985 0.058368 0.829810  0.062500 0.984375
36  2.897789 -14.947252 6.955856  0.914909 -0.073163 0.396973  0.359375 0.937500
barrel.bmp
36  2.897789 -14.947252 6.955856  0.914909 -0.073163 0.396973  0.359375 0.937500
36  2.470242 -12.868261 7.185857  0.554985 0.058368 0.829810  0.062500 0.984375
36  2.698677 -14.966074 7.175856  0.396661 -0.206472 0.894443  0.359375 0.984375
barrel.bmp
36  2.470242 -12.868261 7.185857  0.554985 0.058368 0.829810  0.062500 0.984375
36  2.192425 -12.904568 7.205857  -0.190666 -0.024804 0.981342  0.062500 0.937500
36  2.698677 -14.966074 7.175856  0.396661 -0.206472 0.894443  0.359375 0.984375
barrel.bmp
36  2.698677 -14.966074 7.175856  0.396661 -0.206472 0.894443  0.359375 0.984375
36  2.192425 -12.904568 7.205857  -0.190666 -0.024804 0.981342  0.062500 0.937500
36  2.420861 -15.002379 7.195856  -0.375892 -0.218068 0.900639  0.359375 0.937500
barrel.bmp
36  2.192425 -12.904568 7.205857  -0.190666 -0.024804 0.981342  0.062500 0.937500
36  1.963446 -12.926212 7.005857  -0.824610 -0.093505 0.557920  0.062500 0.828125
36  2.420861 -15.002379 7.195856  -0.375892 -0.218068 0.900639  0.359375 0.937500
barrel.bmp
36  2.420861 -15.002379 7.195856  -0.375892 -0.218068 0.900639  0.359375 0.937500
36  1.963446 -12.926212 7.005857  -0.824610 -0.093505 0.557920  0.062500 0.828125
36  2.201837 -15.023084 7.005856  -0.862693 -0.344127 0.370589  0.359375 0.828125
barrel.bmp
36  1.963446 -12.926212 7.005857  -0.824610 -0.093505 0.557920  0.062500 0.828125
36  1.953490 -12.927153 6.715857  -0.975468 -0.107346 -0.192197  0.062500 0.734375
36  2.201837 -15.023084 7.005856  -0.862693 -0.344127 0.370589  0.359375 0.828125
barrel.bmp
36  2.201837 -15.023084 7.005856  -0.862693 -0.344127 0.370589  0.359375 0.828125
36  1.953490 -12.927153 6.715857  -0.975468 -0.107346 -0.192197  0.062500 0.734375
36  2.181926 -15.024965 6.705856  -0.877025 -0.268688 -0.398289  0.359375 0.734375
barrel.bmp
36  1.953490 -12.927153 6.715857  -0.975468 -0.107346 -0.192197  0.062500 0.734375
36  2.141706 -12.899317 6.495857  -0.554970 -0.058362 -0.829821  0.062500 0.687500
36  2.181926 -15.024965 6.705856  -0.877025 -0.268688 -0.398289  0.359375 0.734375
barrel.bmp
36  2.181926 -15.024965 6.705856  -0.877025 -0.268688 -0.398289  0.359375 0.734375
36  2.141706 -12.899317 6.495857  -0.554970 -0.058362 -0.829821  0.062500 0.687500
36  2.381038 -15.006144 6.485856  -0.342570 -0.281740 -0.896252  0.359375 0.687500
barrel.bmp
36  2.141706 -12.899317 6.495857  -0.554970 -0.058362 -0.829821  0.062500 0.687500
36  2.430419 -12.872025 6.475857  0.190652 0.024803 -0.981344  0.062500 0.734375
36  2.381038 -15.006144 6.485856  -0.342570 -0.281740 -0.896252  0.359375 0.687500
barrel.bmp
36  2.381038 -15.006144 6.485856  -0.342570 -0.281740 -0.896252  0.359375 0.687500
36  2.430419 -12.872025 6.475857  0.190652 0.024803 -0.981344  0.062500 0.734375
36  2.658854 -14.969838 6.465856  0.460240 -0.160702 -0.873129  0.359375 0.734375
barrel.bmp
36  2.430419 -12.872025 6.475857  0.190652 0.024803 -0.981344  0.062500 0.734375
36  2.649443 -12.851321 6.675857  0.824584 0.093497 -0.557960  0.062500 0.828125
36  2.658854 -14.969838 6.465856  0.460240 -0.160702 -0.873129  0.359375 0.734375
barrel.bmp
36  2.658854 -14.969838 6.465856  0.460240 -0.160702 -0.873129  0.359375 0.734375
36  2.649443 -12.851321 6.675857  0.824584 0.093497 -0.557960  0.062500 0.828125
36  2.877878 -14.949134 6.665856  0.945533 -0.109012 -0.306733  0.359375 0.828125
barrel.bmp
36  2.833202 -15.114071 6.695856  0.829044 -0.121084 -0.545916  0.390625 0.828125
36  2.843157 -15.113130 6.935856  0.956165 -0.142088 0.256047  0.390625 0.921875
36  3.273133 -19.130495 6.675855  0.943813 0.105776 -0.313094  0.953125 0.828125
barrel.bmp
36  3.273133 -19.130495 6.675855  0.943813 0.105776 -0.313094  0.953125 0.828125
36  2.843157 -15.113130 6.935856  0.956165 -0.142088 0.256047  0.390625 0.921875
36  3.293044 -19.128613 6.915855  0.887716 0.096647 0.450133  0.953125 0.921875
barrel.bmp
36  2.843157 -15.113130 6.935856  0.956165 -0.142088 0.256047  0.390625 0.921875
36  2.683867 -15.128187 7.115856  0.522801 -0.118390 0.844194  0.390625 0.968750
36  3.293044 -19.128613 6.915855  0.887716 0.096647 0.450133  0.953125 0.921875
barrel.bmp
36  3.293044 -19.128613 6.915855  0.887716 0.096647 0.450133  0.953125 0.921875
36  2.683867 -15.128187 7.115856  0.522801 -0.118390 0.844194  0.390625 0.968750
36  3.133754 -19.143669 7.095855  0.311601 0.030979 0.949708  0.953125 0.968750
barrel.bmp
36  2.683867 -15.128187 7.115856  0.522801 -0.118390 0.844194  0.390625 0.968750
36  2.464844 -15.148890 7.125856  -0.227950 -0.275896 0.933767  0.390625 0.921875
36  3.133754 -19.143669 7.095855  0.311601 0.030979 0.949708  0.953125 0.968750
barrel.bmp
36  3.133754 -19.143669 7.095855  0.311601 0.030979 0.949708  0.953125 0.968750
36  2.464844 -15.148890 7.125856  -0.227950 -0.275896 0.933767  0.390625 0.921875
36  2.895760 -19.176210 7.115855  -0.447061 -0.052901 0.892938  0.953125 0.921875
barrel.bmp
36  2.464844 -15.148890 7.125856  -0.227950 -0.275896 0.933767  0.390625 0.921875
36  2.286584 -15.175786 6.965856  -0.820372 -0.265779 0.506311  0.390625 0.828125
36  2.895760 -19.176210 7.115855  -0.447061 -0.052901 0.892938  0.953125 0.921875
barrel.bmp
36  2.895760 -19.176210 7.115855  -0.447061 -0.052901 0.892938  0.953125 0.921875
36  2.286584 -15.175786 6.965856  -0.820372 -0.265779 0.506311  0.390625 0.828125
36  2.726515 -19.192209 6.955855  -0.943808 -0.105766 0.313114  0.953125 0.828125
barrel.bmp
36  2.286584 -15.175786 6.965856  -0.820372 -0.265779 0.506311  0.390625 0.828125
36  2.266672 -15.177668 6.725856  -0.902063 -0.346107 -0.257861  0.390625 0.750000
36  2.726515 -19.192209 6.955855  -0.943808 -0.105766 0.313114  0.953125 0.828125
barrel.bmp
36  2.726515 -19.192209 6.955855  -0.943808 -0.105766 0.313114  0.953125 0.828125
36  2.266672 -15.177668 6.725856  -0.902063 -0.346107 -0.257861  0.390625 0.750000
36  2.716559 -19.193151 6.715855  -0.887719 -0.096674 -0.450122  0.953125 0.750000
barrel.bmp
36  2.266672 -15.177668 6.725856  -0.902063 -0.346107 -0.257861  0.390625 0.750000
36  2.425021 -15.152655 6.555856  -0.484965 -0.223874 -0.845393  0.390625 0.703125
36  2.716559 -19.193151 6.715855  -0.887719 -0.096674 -0.450122  0.953125 0.750000
barrel.bmp
36  2.716559 -19.193151 6.715855  -0.887719 -0.096674 -0.450122  0.953125 0.750000
36  2.425021 -15.152655 6.555856  -0.484965 -0.223874 -0.845393  0.390625 0.703125
36  2.865894 -19.179035 6.535854  -0.311592 -0.030967 -0.949711  0.953125 0.703125
barrel.bmp
36  2.425021 -15.152655 6.555856  -0.484965 -0.223874 -0.845393  0.390625 0.703125
36  2.654001 -15.131010 6.535856  0.209830 -0.188165 -0.959461  0.390625 0.750000
36  2.865894 -19.179035 6.535854  -0.311592 -0.030967 -0.949711  0.953125 0.703125
barrel.bmp
36  2.865894 -19.179035 6.535854  -0.311592 -0.030967 -0.949711  0.953125 0.703125
36  2.654001 -15.131010 6.535856  0.209830 -0.188165 -0.959461  0.390625 0.750000
36  3.093932 -19.147434 6.515855  0.447095 0.052914 -0.892920  0.953125 0.750000
barrel.bmp
36  2.654001 -15.131010 6.535856  0.209830 -0.188165 -0.959461  0.390625 0.750000
36  2.833202 -15.114071 6.695856  0.829044 -0.121084 -0.545916  0.390625 0.828125
36  3.093932 -19.147434 6.515855  0.447095 0.052914 -0.892920  0.953125 0.750000
barrel.bmp
36  3.093932 -19.147434 6.515855  0.447095 0.052914 -0.892920  0.953125 0.750000
36  2.833202 -15.114071 6.695856  0.829044 -0.121084 -0.545916  0.390625 0.828125
36  3.273133 -19.130495 6.675855  0.943813 0.105776 -0.313094  0.953125 0.828125
barrel.bmp
36  2.658955 -17.521151 6.415855  -0.677904 -0.708405 -0.196492  0.914063 0.046875
36  2.775054 -17.580488 6.415855  0.274617 -0.941252 -0.196545  0.898438 0.078125
36  2.778818 -17.620312 6.595855  -0.093383 -0.976035 -0.196559  0.875000 0.078125
barrel.bmp
36  2.778818 -17.620312 6.595855  -0.093383 -0.976035 -0.196559  0.875000 0.078125
36  2.775054 -17.580488 6.415855  0.274617 -0.941252 -0.196545  0.898438 0.078125
36  2.929639 -17.515654 6.595855  0.798582 -0.568896 -0.196531  0.906250 0.140625
barrel.bmp
36  2.775054 -17.580488 6.415855  0.274617 -0.941252 -0.196545  0.898438 0.078125
36  2.897890 -17.498566 6.415855  0.952459 -0.232808 -0.196524  0.914063 0.109375
36  2.929639 -17.515654 6.595855  0.798582 -0.568896 -0.196531  0.906250 0.140625
barrel.bmp
36  2.929639 -17.515654 6.595855  0.798582 -0.568896 -0.196531  0.906250 0.140625
36  2.897890 -17.498566 6.415855  0.952459 -0.232808 -0.196524  0.914063 0.109375
36  2.912699 -17.336452 6.595855  0.891941 0.407208 -0.196527  0.953125 0.140625
barrel.bmp
36  2.897890 -17.498566 6.415855  0.952459 -0.232808 -0.196524  0.914063 0.109375
36  2.884714 -17.359186 6.415855  0.677895 0.708420 -0.196469  0.937500 0.109375
36  2.912699 -17.336452 6.595855  0.891941 0.407208 -0.196527  0.953125 0.140625
barrel.bmp
36  2.912699 -17.336452 6.595855  0.891941 0.407208 -0.196527  0.953125 0.140625
36  2.884714 -17.359186 6.415855  0.677895 0.708420 -0.196469  0.937500 0.109375
36  2.744939 -17.261909 6.595855  0.093357 0.976064 -0.196425  0.984375 0.078125
barrel.bmp
36  2.884714 -17.359186 6.415855  0.677895 0.708420 -0.196469  0.937500 0.109375
36  2.747763 -17.291775 6.415855  -0.274430 0.941090 -0.197578  0.953125 0.078125
36  2.744939 -17.261909 6.595855  0.093357 0.976064 -0.196425  0.984375 0.078125
barrel.bmp
36  2.744939 -17.261909 6.595855  0.093357 0.976064 -0.196425  0.984375 0.078125
36  2.747763 -17.291775 6.415855  -0.274430 0.941090 -0.197578  0.953125 0.078125
36  2.614030 -17.364685 6.595855  -0.798326 0.568563 -0.198524  0.953125 0.015625
barrel.bmp
36  2.747763 -17.291775 6.415855  -0.274430 0.941090 -0.197578  0.953125 0.078125
36  2.645779 -17.381773 6.415855  -0.952462 0.232763 -0.196565  0.937500 0.046875
36  2.614030 -17.364685 6.595855  -0.798326 0.568563 -0.198524  0.953125 0.015625
barrel.bmp
36  2.614030 -17.364685 6.595855  -0.798326 0.568563 -0.198524  0.953125 0.015625
36  2.645779 -17.381773 6.415855  -0.952462 0.232763 -0.196565  0.937500 0.046875
36  2.630970 -17.543886 6.595855  -0.891941 -0.407181 -0.196583  0.906250 0.015625
barrel.bmp
36  2.645779 -17.381773 6.415855  -0.952462 0.232763 -0.196565  0.937500 0.046875
36  2.658955 -17.521151 6.415855  -0.677904 -0.708405 -0.196492  0.914063 0.046875
36  2.630970 -17.543886 6.595855  -0.891941 -0.407181 -0.196583  0.906250 0.015625
barrel.bmp
36  2.630970 -17.543886 6.595855  -0.891941 -0.407181 -0.196583  0.906250 0.015625
36  2.658955 -17.521151 6.415855  -0.677904 -0.708405 -0.196492  0.914063 0.046875
36  2.778818 -17.620312 6.595855  -0.093383 -0.976035 -0.196559  0.875000 0.078125
barrel.bmp
36  2.266672 -15.177668 6.725856  -0.902063 -0.346107 -0.257861  0.390625 0.750000
36  2.381038 -15.006144 6.485856  -0.342570 -0.281740 -0.896252  0.359375 0.687500
36  2.425021 -15.152655 6.555856  -0.484965 -0.223874 -0.845393  0.390625 0.703125
barrel.bmp
36  2.425021 -15.152655 6.555856  -0.484965 -0.223874 -0.845393  0.390625 0.703125
36  2.381038 -15.006144 6.485856  -0.342570 -0.281740 -0.896252  0.359375 0.687500
36  2.654001 -15.131010 6.535856  0.209830 -0.188165 -0.959461  0.390625 0.750000
barrel.bmp
36  2.381038 -15.006144 6.485856  -0.342570 -0.281740 -0.896252  0.359375 0.687500
36  2.658854 -14.969838 6.465856  0.460240 -0.160702 -0.873129  0.359375 0.734375
36  2.654001 -15.131010 6.535856  0.209830 -0.188165 -0.959461  0.390625 0.750000
barrel.bmp
36  2.654001 -15.131010 6.535856  0.209830 -0.188165 -0.959461  0.390625 0.750000
36  2.658854 -14.969838 6.465856  0.460240 -0.160702 -0.873129  0.359375 0.734375
36  2.833202 -15.114071 6.695856  0.829044 -0.121084 -0.545916  0.390625 0.828125
barrel.bmp
36  2.658854 -14.969838 6.465856  0.460240 -0.160702 -0.873129  0.359375 0.734375
36  2.877878 -14.949134 6.665856  0.945533 -0.109012 -0.306733  0.359375 0.828125
36  2.833202 -15.114071 6.695856  0.829044 -0.121084 -0.545916  0.390625 0.828125
barrel.bmp
36  2.833202 -15.114071 6.695856  0.829044 -0.121084 -0.545916  0.390625 0.828125
36  2.877878 -14.949134 6.665856  0.945533 -0.109012 -0.306733  0.359375 0.828125
36  2.843157 -15.113130 6.935856  0.956165 -0.142088 0.256047  0.390625 0.921875
barrel.bmp
36  2.877878 -14.949134 6.665856  0.945533 -0.109012 -0.306733  0.359375 0.828125
36  2.897789 -14.947252 6.955856  0.914909 -0.073163 0.396973  0.359375 0.937500
36  2.843157 -15.113130 6.935856  0.956165 -0.142088 0.256047  0.390625 0.921875
barrel.bmp
36  2.843157 -15.113130 6.935856  0.956165 -0.142088 0.256047  0.390625 0.921875
36  2.897789 -14.947252 6.955856  0.914909 -0.073163 0.396973  0.359375 0.937500
36  2.698677 -14.966074 7.175856  0.396661 -0.206472 0.894443  0.359375 0.984375
barrel.bmp
36  2.371529 -16.393194 5.055855  -0.854599 -0.080602 0.512996  0.000000 0.171875
36  2.331707 -16.396957 4.755856  -0.955922 -0.081590 -0.282058  0.000000 0.093750
36  2.415463 -17.283009 5.055855  -0.954295 -0.065905 0.291510  0.109375 0.187500
barrel.bmp
36  2.415463 -17.283009 5.055855  -0.954295 -0.065905 0.291510  0.109375 0.187500
36  2.331707 -16.396957 4.755856  -0.955922 -0.081590 -0.282058  0.000000 0.093750
36  2.415463 -17.283009 4.815855  -0.995562 -0.094108 -0.000003  0.109375 0.109375
barrel.bmp
36  2.331707 -16.396957 4.755856  -0.955922 -0.081590 -0.282058  0.000000 0.093750
36  2.900120 -22.410152 4.755853  -0.982847 -0.095971 -0.157486  0.867188 0.093750
36  2.415463 -17.283009 4.815855  -0.995562 -0.094108 -0.000003  0.109375 0.109375
barrel.bmp
36  2.415463 -17.283009 4.815855  -0.995562 -0.094108 -0.000003  0.109375 0.109375
36  2.900120 -22.410152 4.755853  -0.982847 -0.095971 -0.157486  0.867188 0.093750
36  2.758017 -20.906853 4.815854  -0.993817 -0.103709 0.039641  0.632813 0.109375
barrel.bmp
36  2.900120 -22.410152 4.755853  -0.982847 -0.095971 -0.157486  0.867188 0.093750
36  2.939943 -22.406387 5.055853  -0.922917 -0.097239 0.372518  0.867188 0.171875
36  2.758017 -20.906853 4.815854  -0.993817 -0.103709 0.039641  0.632813 0.109375
barrel.bmp
36  2.758017 -20.906853 4.815854  -0.993817 -0.103709 0.039641  0.632813 0.109375
36  2.939943 -22.406387 5.055853  -0.922917 -0.097239 0.372518  0.867188 0.171875
36  2.758017 -20.906855 4.985854  -0.988619 -0.104200 0.108512  0.640625 0.156250
barrel.bmp
36  2.939943 -22.406387 5.055853  -0.922917 -0.097239 0.372518  0.867188 0.171875
36  2.492632 -18.099369 5.055855  -0.922903 -0.097246 0.372550  0.234375 0.203125
36  2.758017 -20.906855 4.985854  -0.988619 -0.104200 0.108512  0.640625 0.156250
barrel.bmp
36  2.758017 -20.906855 4.985854  -0.988619 -0.104200 0.108512  0.640625 0.156250
36  2.492632 -18.099369 5.055855  -0.922903 -0.097246 0.372550  0.234375 0.203125
36  2.492632 -18.099369 4.985855  -0.995562 -0.094108 0.000000  0.234375 0.156250
barrel.bmp
36  3.400826 -26.963238 4.965851  -0.982707 0.105836 0.151939  0.617188 0.500000
36  3.589983 -26.945358 5.115851  -0.368733 0.193977 0.909070  0.617188 0.546875
36  2.966045 -22.363743 4.965853  -0.854604 -0.080784 0.512958  0.007813 0.500000
barrel.bmp
36  3.589983 -26.945358 5.115851  -0.368733 0.193977 0.909070  0.617188 0.546875
36  3.155202 -22.345861 5.115853  0.014991 0.001417 0.999887  0.007813 0.546875
36  2.966045 -22.363743 4.965853  -0.854604 -0.080784 0.512958  0.007813 0.500000
barrel.bmp
36  3.848829 -26.920889 4.795852  0.911117 0.322107 -0.257125  0.617188 0.500000
36  3.414048 -22.321394 4.795853  0.854588 0.080782 -0.512985  0.007813 0.500000
36  3.374226 -22.325157 5.035853  0.869602 0.082450 0.486820  0.007813 0.546875
barrel.bmp
36  3.848829 -26.920889 4.795852  0.911117 0.322107 -0.257125  0.617188 0.500000
36  3.669627 -26.937830 4.635851  0.156744 0.191127 -0.968970  0.617188 0.453125
36  3.414048 -22.321394 4.795853  0.854588 0.080782 -0.512985  0.007813 0.500000
barrel.bmp
36  3.848829 -26.920889 4.795852  0.911117 0.322107 -0.257125  0.617188 0.500000
36  3.374226 -22.325157 5.035853  0.869602 0.082450 0.486820  0.007813 0.546875
36  3.809006 -26.924654 5.035851  0.589980 0.290231 0.753452  0.617188 0.546875
barrel.bmp
36  2.550730 -16.376255 4.535855  -0.252043 -0.023824 -0.967423  0.000000 0.015625
36  2.839443 -16.348963 4.535855  0.502819 0.047531 -0.863084  0.000000 0.015625
36  3.407857 -22.362158 4.535853  0.252032 0.023825 -0.967426  0.859375 0.015625
barrel.bmp
36  3.407857 -22.362158 4.535853  0.252032 0.023825 -0.967426  0.859375 0.015625
36  2.839443 -16.348963 4.535855  0.502819 0.047531 -0.863084  0.000000 0.015625
36  3.616925 -22.342394 4.755853  0.854554 0.080779 -0.513041  0.859375 0.093750
barrel.bmp
36  2.839443 -16.348963 4.535855  0.502819 0.047531 -0.863084  0.000000 0.015625
36  3.048511 -16.329201 4.755856  0.963122 0.091042 -0.253194  0.000000 0.093750
36  3.616925 -22.342394 4.755853  0.854554 0.080779 -0.513041  0.859375 0.093750
barrel.bmp
36  3.616925 -22.342394 4.755853  0.854554 0.080779 -0.513041  0.859375 0.093750
36  3.048511 -16.329201 4.755856  0.963122 0.091042 -0.253194  0.000000 0.093750
36  3.616925 -22.342394 5.055853  0.963133 0.091043 0.253153  0.859375 0.171875
barrel.bmp
36  3.048511 -16.329201 4.755856  0.963122 0.091042 -0.253194  0.000000 0.093750
36  3.048511 -16.329201 5.055855  0.870082 0.082247 0.485997  0.000000 0.171875
36  3.616925 -22.342394 5.055853  0.963133 0.091043 0.253153  0.859375 0.171875
barrel.bmp
36  3.616925 -22.342394 5.055853  0.963133 0.091043 0.253153  0.859375 0.171875
36  3.048511 -16.329201 5.055855  0.870082 0.082247 0.485997  0.000000 0.171875
36  3.407857 -22.362158 5.265853  0.502823 0.047531 0.863081  0.859375 0.250000
barrel.bmp
36  3.048511 -16.329201 5.055855  0.870082 0.082247 0.485997  0.000000 0.171875
36  2.839443 -16.348963 5.265855  0.252041 0.023824 0.967423  0.000000 0.250000
36  3.407857 -22.362158 5.265853  0.502823 0.047531 0.863081  0.859375 0.250000
barrel.bmp
36  3.669627 -26.937830 4.635851  0.156744 0.191127 -0.968970  0.617188 0.390625
36  3.450604 -26.958532 4.725852  -0.688020 0.078162 -0.721470  0.617188 0.453125
36  3.234847 -22.338333 4.635853  -0.015004 -0.001481 -0.999886  0.007813 0.390625
barrel.bmp
36  3.450604 -26.958532 4.725852  -0.688020 0.078162 -0.721470  0.617188 0.453125
36  3.015824 -22.359037 4.725853  -0.869400 -0.082243 -0.487216  0.007813 0.453125
36  3.234847 -22.338333 4.635853  -0.015004 -0.001481 -0.999886  0.007813 0.390625
barrel.bmp
36  2.141706 -12.899317 6.495857  0.397583 0.287577 0.871336  0.007813 0.703125
36  2.443446 -13.222354 6.535857  -0.303639 0.677761 0.669659  0.054688 0.765625
36  2.430419 -12.872025 6.475857  -0.335718 0.133284 0.932485  0.007813 0.750000
barrel.bmp
36  2.430419 -12.872025 6.475857  -0.335718 0.133284 0.932485  0.007813 0.750000
36  2.443446 -13.222354 6.535857  -0.303639 0.677761 0.669659  0.054688 0.765625
36  2.649443 -12.851321 6.675857  -0.890226 0.163526 0.425156  0.007813 0.843750
barrel.bmp
36  2.443446 -13.222354 6.535857  -0.303639 0.677761 0.669659  0.054688 0.765625
36  2.642558 -13.203532 6.955857  -0.839172 0.473170 -0.268142  0.054688 0.906250
36  2.649443 -12.851321 6.675857  -0.890226 0.163526 0.425156  0.007813 0.843750
barrel.bmp
36  2.649443 -12.851321 6.675857  -0.890226 0.163526 0.425156  0.007813 0.843750
36  2.642558 -13.203532 6.955857  -0.839172 0.473170 -0.268142  0.054688 0.906250
36  2.669354 -12.849440 6.965857  -0.945421 0.063933 -0.319518  0.007813 0.921875
barrel.bmp
36  2.642558 -13.203532 6.955857  -0.839172 0.473170 -0.268142  0.054688 0.906250
36  2.470242 -12.868261 7.185857  -0.450685 0.190717 -0.872073  0.007813 0.968750
36  2.669354 -12.849440 6.965857  -0.945421 0.063933 -0.319518  0.007813 0.921875
barrel.bmp
36  2.470242 -12.868261 7.185857  -0.450685 0.190717 -0.872073  0.007813 0.968750
36  2.235319 -13.252072 7.155857  0.157140 0.717346 -0.678764  0.054688 0.906250
36  2.192425 -12.904568 7.205857  0.304629 0.170921 -0.937010  0.007813 0.921875
barrel.bmp
36  2.192425 -12.904568 7.205857  0.304629 0.170921 -0.937010  0.007813 0.921875
36  2.235319 -13.252072 7.155857  0.157140 0.717346 -0.678764  0.054688 0.906250
36  1.963446 -12.926212 7.005857  0.846961 0.315496 -0.427924  0.007813 0.843750
barrel.bmp
36  2.235319 -13.252072 7.155857  0.157140 0.717346 -0.678764  0.054688 0.906250
36  2.036206 -13.270894 6.735857  0.728637 0.628647 0.271830  0.054688 0.765625
36  1.963446 -12.926212 7.005857  0.846961 0.315496 -0.427924  0.007813 0.843750
barrel.bmp
36  1.963446 -12.926212 7.005857  0.846961 0.315496 -0.427924  0.007813 0.843750
36  2.036206 -13.270894 6.735857  0.728637 0.628647 0.271830  0.054688 0.765625
36  1.953490 -12.927153 6.715857  0.915463 0.242526 0.321104  0.007813 0.750000
barrel.bmp
36  2.036206 -13.270894 6.735857  0.728637 0.628647 0.271830  0.054688 0.765625
36  2.141706 -12.899317 6.495857  0.397583 0.287577 0.871336  0.007813 0.703125
36  1.953490 -12.927153 6.715857  0.915463 0.242526 0.321104  0.007813 0.750000
barrel.bmp
36  2.415463 -17.283009 5.055855  -0.954295 -0.065905 0.291510  0.117188 0.187500
36  2.505064 -17.274538 5.135855  -0.720703 -0.070523 0.689648  0.117188 0.203125
36  2.371529 -16.393194 5.055855  -0.854599 -0.080602 0.512996  0.000000 0.187500
barrel.bmp
36  2.371529 -16.393194 5.055855  -0.854599 -0.080602 0.512996  0.000000 0.187500
36  2.505064 -17.274538 5.135855  -0.720703 -0.070523 0.689648  0.117188 0.203125
36  2.550730 -16.376255 5.265855  -0.578126 -0.049134 0.814467  0.000000 0.250000
barrel.bmp
36  2.505064 -17.274538 5.135855  -0.720703 -0.070523 0.689648  0.117188 0.203125
36  2.573218 -18.101797 5.135855  -0.720702 -0.070510 0.689650  0.234375 0.203125
36  2.550730 -16.376255 5.265855  -0.578126 -0.049134 0.814467  0.000000 0.250000
barrel.bmp
36  2.550730 -16.376255 5.265855  -0.578126 -0.049134 0.814467  0.000000 0.250000
36  2.573218 -18.101797 5.135855  -0.720702 -0.070510 0.689650  0.234375 0.203125
36  3.119144 -22.389448 5.265853  -0.393468 -0.054715 0.917709  0.875000 0.250000
barrel.bmp
36  2.573218 -18.101797 5.135855  -0.720702 -0.070510 0.689650  0.234375 0.203125
36  2.939943 -22.406387 5.055853  -0.922591 -0.097186 0.373336  0.867188 0.187500
36  3.119144 -22.389448 5.265853  -0.393468 -0.054715 0.917709  0.875000 0.250000
barrel.bmp
36  2.464844 -15.148890 7.125856  -0.227950 -0.275896 0.933767  0.390625 0.921875
36  2.201837 -15.023084 7.005856  -0.862693 -0.344127 0.370589  0.359375 0.828125
36  2.286584 -15.175786 6.965856  -0.820372 -0.265779 0.506311  0.390625 0.828125
barrel.bmp
36  2.286584 -15.175786 6.965856  -0.820372 -0.265779 0.506311  0.390625 0.828125
36  2.201837 -15.023084 7.005856  -0.862693 -0.344127 0.370589  0.359375 0.828125
36  2.266672 -15.177668 6.725856  -0.902063 -0.346107 -0.257861  0.390625 0.750000
barrel.bmp
36  2.201837 -15.023084 7.005856  -0.862693 -0.344127 0.370589  0.359375 0.828125
36  2.181926 -15.024965 6.705856  -0.877025 -0.268688 -0.398289  0.359375 0.734375
36  2.266672 -15.177668 6.725856  -0.902063 -0.346107 -0.257861  0.390625 0.750000
barrel.bmp
36  2.266672 -15.177668 6.725856  -0.902063 -0.346107 -0.257861  0.390625 0.750000
36  2.181926 -15.024965 6.705856  -0.877025 -0.268688 -0.398289  0.359375 0.734375
36  2.381038 -15.006144 6.485856  -0.342570 -0.281740 -0.896252  0.359375 0.687500
barrel.bmp
36  2.201837 -15.023084 7.005856  -0.862693 -0.344127 0.370589  0.359375 0.828125
36  2.464844 -15.148890 7.125856  -0.227950 -0.275896 0.933767  0.390625 0.921875
36  2.420861 -15.002379 7.195856  -0.375892 -0.218068 0.900639  0.359375 0.937500
barrel.bmp
36  2.420861 -15.002379 7.195856  -0.375892 -0.218068 0.900639  0.359375 0.937500
36  2.464844 -15.148890 7.125856  -0.227950 -0.275896 0.933767  0.390625 0.921875
36  2.698677 -14.966074 7.175856  0.396661 -0.206472 0.894443  0.359375 0.984375
barrel.bmp
36  2.464844 -15.148890 7.125856  -0.227950 -0.275896 0.933767  0.390625 0.921875
36  2.683867 -15.128187 7.115856  0.522801 -0.118390 0.844194  0.390625 0.968750
36  2.698677 -14.966074 7.175856  0.396661 -0.206472 0.894443  0.359375 0.984375
barrel.bmp
36  2.698677 -14.966074 7.175856  0.396661 -0.206472 0.894443  0.359375 0.984375
36  2.683867 -15.128187 7.115856  0.522801 -0.118390 0.844194  0.390625 0.968750
36  2.843157 -15.113130 6.935856  0.956165 -0.142088 0.256047  0.390625 0.921875
barrel.bmp
36  2.744939 -17.261909 6.595855  0.015513 0.001425 0.999879  0.984375 0.078125
36  2.614030 -17.364685 6.595855  0.015513 0.001426 0.999879  0.953125 0.015625
36  2.912699 -17.336452 6.595855  0.015514 0.001427 0.999879  0.953125 0.140625
barrel.bmp
36  2.912699 -17.336452 6.595855  0.015514 0.001427 0.999879  0.953125 0.140625
36  2.614030 -17.364685 6.595855  0.015513 0.001426 0.999879  0.953125 0.015625
36  2.929639 -17.515654 6.595855  0.015513 0.001426 0.999879  0.906250 0.140625
barrel.bmp
36  2.614030 -17.364685 6.595855  0.015513 0.001426 0.999879  0.953125 0.015625
36  2.630970 -17.543886 6.595855  0.015512 0.001426 0.999879  0.906250 0.015625
36  2.929639 -17.515654 6.595855  0.015513 0.001426 0.999879  0.906250 0.140625
barrel.bmp
36  2.929639 -17.515654 6.595855  0.015513 0.001426 0.999879  0.906250 0.140625
36  2.630970 -17.543886 6.595855  0.015512 0.001426 0.999879  0.906250 0.015625
36  2.778818 -17.620312 6.595855  0.015510 0.001425 0.999879  0.875000 0.078125
barrel.bmp
36  3.076597 -20.876740 4.985854  -0.995562 -0.094108 0.000000  0.632813 0.156250
36  2.811212 -18.069254 4.985855  -0.995562 -0.094109 0.000002  0.226563 0.156250
36  3.076597 -20.876740 4.815854  -0.995562 -0.094108 0.000000  0.632813 0.109375
barrel.bmp
36  3.076597 -20.876740 4.815854  -0.995562 -0.094108 0.000000  0.632813 0.109375
36  2.811212 -18.069254 4.985855  -0.995562 -0.094109 0.000002  0.226563 0.156250
36  2.734043 -17.252893 4.815855  -0.995562 -0.094109 0.000000  0.109375 0.109375
barrel.bmp
36  2.811212 -18.069254 4.985855  -0.995562 -0.094109 0.000002  0.226563 0.156250
36  2.811212 -18.069254 5.135855  -0.995562 -0.094109 0.000000  0.226563 0.203125
36  2.734043 -17.252893 4.815855  -0.995562 -0.094109 0.000000  0.109375 0.109375
barrel.bmp
36  2.734043 -17.252893 4.815855  -0.995562 -0.094109 0.000000  0.109375 0.109375
36  2.811212 -18.069254 5.135855  -0.995562 -0.094109 0.000000  0.226563 0.203125
36  2.734043 -17.252893 5.135855  -0.995562 -0.094109 0.000000  0.109375 0.203125
barrel.bmp
36  2.658955 -17.521151 6.415855  -0.015469 -0.001422 -0.999879  0.914063 0.046875
36  2.645779 -17.381773 6.415855  -0.015515 -0.001426 -0.999879  0.937500 0.046875
36  2.897890 -17.498566 6.415855  -0.015514 -0.001427 -0.999879  0.914063 0.109375
barrel.bmp
36  2.897890 -17.498566 6.415855  -0.015514 -0.001427 -0.999879  0.914063 0.109375
36  2.645779 -17.381773 6.415855  -0.015515 -0.001426 -0.999879  0.937500 0.046875
36  2.884714 -17.359186 6.415855  -0.015513 -0.001426 -0.999879  0.937500 0.109375
barrel.bmp
36  2.645779 -17.381773 6.415855  -0.015515 -0.001426 -0.999879  0.937500 0.046875
36  2.747763 -17.291775 6.415855  -0.015514 -0.001427 -0.999879  0.953125 0.078125
36  2.884714 -17.359186 6.415855  -0.015513 -0.001426 -0.999879  0.937500 0.109375
barrel.bmp
36  2.811212 -18.069254 5.135855  -0.095573 0.995285 0.016529  0.226563 0.203125
36  2.811212 -18.069254 4.985855  -0.095534 0.995289 0.016539  0.218750 0.125000
36  2.573218 -18.101797 5.135855  -0.095537 0.995288 0.016567  0.210938 0.171875
barrel.bmp
36  2.573218 -18.101797 5.135855  -0.095537 0.995288 0.016567  0.210938 0.171875
36  2.811212 -18.069254 4.985855  -0.095534 0.995289 0.016539  0.218750 0.125000
36  2.492632 -18.099369 5.055855  -0.095538 0.995288 0.016575  0.226563 0.203125
barrel.bmp
36  2.811212 -18.069254 4.985855  -0.095538 0.995289 0.016523  0.218750 0.125000
36  2.492632 -18.099369 4.985855  -0.095540 0.995289 0.016523  0.234375 0.156250
36  2.492632 -18.099369 5.055855  -0.095541 0.995288 0.016522  0.226563 0.203125
barrel.bmp
36  2.505064 -17.274538 5.135855  0.094107 -0.995562 0.000052  0.109375 0.203125
36  2.415463 -17.283009 5.055855  0.094109 -0.995562 0.000011  0.109375 0.203125
36  2.734043 -17.252893 5.135855  0.094109 -0.995562 0.000008  0.109375 0.203125
barrel.bmp
36  2.734043 -17.252893 5.135855  0.094109 -0.995562 0.000008  0.109375 0.203125
36  2.415463 -17.283009 5.055855  0.094109 -0.995562 0.000011  0.109375 0.203125
36  2.734043 -17.252893 4.815855  0.094110 -0.995562 0.000000  0.109375 0.109375
barrel.bmp
36  2.415463 -17.283009 5.055855  0.094109 -0.995562 0.000011  0.109375 0.203125
36  2.415463 -17.283009 4.815855  0.094110 -0.995562 0.000000  0.109375 0.109375
36  2.734043 -17.252893 4.815855  0.094110 -0.995562 0.000000  0.109375 0.109375
barrel.bmp
36  3.374226 -22.325157 5.035853  0.869602 0.082450 0.486820  0.007813 0.609375
36  3.155202 -22.345861 5.115853  0.014991 0.001417 0.999887  0.007813 0.546875
36  3.809006 -26.924654 5.035851  0.589980 0.290231 0.753452  0.617188 0.609375
barrel.bmp
36  3.809006 -26.924654 5.035851  0.589980 0.290231 0.753452  0.617188 0.609375
36  3.155202 -22.345861 5.115853  0.014991 0.001417 0.999887  0.007813 0.546875
36  3.589983 -26.945358 5.115851  -0.368733 0.193977 0.909070  0.617188 0.546875
barrel.bmp
36  2.642558 -13.203532 6.955857  -0.839172 0.473170 -0.268142  0.882813 0.328125
36  2.443446 -13.222354 6.535857  -0.303639 0.677761 0.669659  0.882813 0.156250
36  2.235319 -13.252072 7.155857  0.157140 0.717346 -0.678764  0.984375 0.328125
barrel.bmp
36  2.235319 -13.252072 7.155857  0.157140 0.717346 -0.678764  0.984375 0.328125
36  2.443446 -13.222354 6.535857  -0.303639 0.677761 0.669659  0.882813 0.156250
36  2.036206 -13.270894 6.735857  0.728637 0.628647 0.271830  0.984375 0.156250
barrel.bmp
36  2.550730 -16.376255 5.265855  -0.578126 -0.049134 0.814467  0.000000 0.250000
36  3.119144 -22.389448 5.265853  -0.393468 -0.054715 0.917709  0.859375 0.250000
36  2.839443 -16.348963 5.265855  0.252041 0.023824 0.967423  0.000000 0.312500
barrel.bmp
36  2.839443 -16.348963 5.265855  0.252041 0.023824 0.967423  0.000000 0.312500
36  3.119144 -22.389448 5.265853  -0.393468 -0.054715 0.917709  0.859375 0.250000
36  3.407857 -22.362158 5.265853  0.502823 0.047531 0.863081  0.859375 0.312500
barrel.bmp
36  2.550730 -16.376255 4.535855  -0.252043 -0.023824 -0.967423  0.000000 0.015625
36  3.119144 -22.389448 4.535853  -0.502792 -0.047528 -0.863100  0.867188 0.015625
36  2.331707 -16.396957 4.755856  -0.955922 -0.081590 -0.282058  0.000000 0.093750
barrel.bmp
36  2.331707 -16.396957 4.755856  -0.955922 -0.081590 -0.282058  0.000000 0.093750
36  3.119144 -22.389448 4.535853  -0.502792 -0.047528 -0.863100  0.867188 0.015625
36  2.900120 -22.410152 4.755853  -0.982847 -0.095971 -0.157486  0.867188 0.093750
barrel.bmp
36  2.734043 -17.252893 5.135855  -0.015519 -0.001426 -0.999879  0.109375 0.203125
36  2.811212 -18.069254 5.135855  -0.015515 -0.001427 -0.999879  0.234375 0.203125
36  2.505064 -17.274538 5.135855  -0.015470 -0.001423 -0.999879  0.117188 0.171875
barrel.bmp
36  2.505064 -17.274538 5.135855  -0.015470 -0.001423 -0.999879  0.117188 0.171875
36  2.811212 -18.069254 5.135855  -0.015515 -0.001427 -0.999879  0.234375 0.203125
36  2.573218 -18.101797 5.135855  -0.015515 -0.001427 -0.999879  0.210938 0.171875
barrel.bmp
36  2.758017 -20.906853 4.815854  -0.095540 0.995288 0.016522  0.632813 0.109375
36  2.758017 -20.906855 4.985854  -0.095539 0.995289 0.016522  0.632813 0.156250
36  3.076597 -20.876740 4.815854  -0.095533 0.995289 0.016523  0.632813 0.109375
barrel.bmp
36  3.076597 -20.876740 4.815854  -0.095533 0.995289 0.016523  0.632813 0.109375
36  2.758017 -20.906855 4.985854  -0.095539 0.995289 0.016522  0.632813 0.156250
36  3.076597 -20.876740 4.985854  -0.095539 0.995289 0.016522  0.632813 0.156250
barrel.bmp
36  3.076597 -20.876740 4.815854  0.015514 0.001426 0.999879  0.625000 0.109375
36  2.734043 -17.252893 4.815855  0.015512 0.001427 0.999879  0.250000 0.109375
36  2.758017 -20.906853 4.815854  0.015510 0.001466 0.999879  0.625000 0.140625
barrel.bmp
36  2.758017 -20.906853 4.815854  0.015510 0.001466 0.999879  0.625000 0.140625
36  2.734043 -17.252893 4.815855  0.015512 0.001427 0.999879  0.250000 0.109375
36  2.415463 -17.283009 4.815855  0.015512 0.001426 0.999879  0.250000 0.140625
barrel.bmp
36  2.811212 -18.069254 4.985855  -0.015514 -0.001426 -0.999879  0.218750 0.125000
36  3.076597 -20.876740 4.985854  -0.015510 -0.001466 -0.999879  0.632813 0.125000
36  2.492632 -18.099369 4.985855  -0.015514 -0.001426 -0.999879  0.234375 0.156250
barrel.bmp
36  2.492632 -18.099369 4.985855  -0.015514 -0.001426 -0.999879  0.234375 0.156250
36  3.076597 -20.876740 4.985854  -0.015510 -0.001466 -0.999879  0.632813 0.125000
36  2.758017 -20.906855 4.985854  -0.015513 -0.001427 -0.999879  0.640625 0.156250
barrel.bmp
36  3.400826 -26.963238 4.965851  -0.982707 0.105836 0.151939  0.617188 0.500000
36  2.966045 -22.363743 4.965853  -0.854604 -0.080784 0.512958  0.007813 0.500000
36  3.015824 -22.359037 4.725853  -0.869400 -0.082243 -0.487216  0.007813 0.453125
barrel.bmp
36  3.400826 -26.963238 4.965851  -0.982707 0.105836 0.151939  0.617188 0.500000
36  3.015824 -22.359037 4.725853  -0.869400 -0.082243 -0.487216  0.007813 0.453125
36  3.450604 -26.958532 4.725852  -0.688020 0.078162 -0.721470  0.617188 0.453125
barrel.bmp
36  3.669627 -26.937830 4.635851  0.156744 0.191127 -0.968970  0.617188 0.453125
36  3.234847 -22.338333 4.635853  -0.015004 -0.001481 -0.999886  0.007813 0.453125
36  3.414048 -22.321394 4.795853  0.854588 0.080782 -0.512985  0.007813 0.500000
barrel.bmp
36  3.848829 -26.920889 4.795852  0.911117 0.322107 -0.257125  0.617188 0.500000
36  3.589983 -26.945358 5.115851  -0.368733 0.193977 0.909070  0.617188 0.546875
36  3.450604 -26.958532 4.725852  -0.688020 0.078162 -0.721470  0.617188 0.453125
barrel.bmp
36  2.443446 -13.222354 6.535857  -0.303639 0.677761 0.669659  0.054688 0.765625
36  2.141706 -12.899317 6.495857  0.397583 0.287577 0.871336  0.007813 0.703125
36  2.036206 -13.270894 6.735857  0.728637 0.628647 0.271830  0.054688 0.765625
barrel.bmp
36  2.235319 -13.252072 7.155857  0.157140 0.717346 -0.678764  0.054688 0.906250
36  2.470242 -12.868261 7.185857  -0.450685 0.190717 -0.872073  0.007813 0.968750
36  2.642558 -13.203532 6.955857  -0.839172 0.473170 -0.268142  0.054688 0.906250
barrel.bmp
36  2.658955 -17.521151 6.415855  -0.015469 -0.001422 -0.999879  0.914063 0.046875
36  2.897890 -17.498566 6.415855  -0.015514 -0.001427 -0.999879  0.914063 0.109375
36  2.775054 -17.580488 6.415855  -0.015514 -0.001426 -0.999879  0.898438 0.078125
barrel.bmp
36  3.407857 -22.362158 4.535853  0.252032 0.023825 -0.967426  0.859375 0.015625
36  3.119144 -22.389448 4.535853  -0.502792 -0.047528 -0.863100  0.859375 0.015625
36  2.550730 -16.376255 4.535855  -0.252043 -0.023824 -0.967423  0.000000 0.015625
barrel.bmp
36  2.492632 -18.099369 5.055855  -0.922588 -0.097218 0.373336  0.234375 0.187500
36  2.939943 -22.406387 5.055853  -0.922591 -0.097186 0.373336  0.867188 0.187500
36  2.573218 -18.101797 5.135855  -0.720702 -0.070510 0.689650  0.234375 0.203125
barrel.bmp
36  2.492632 -18.099369 5.055855  0.994739 0.102442 -0.000000  0.984375 0.765625
36  2.939943 -22.406387 5.055853  0.994739 0.102442 0.000011  0.984375 0.765625
36  2.492632 -18.099369 4.985855  0.994739 0.102442 0.000011  0.984375 0.765625
body.bmp
36  2.201342 -14.380275 0.465856  -0.954035 0.289690 0.076797  0.566406 0.015625
36  2.468113 -14.545905 2.205856  -0.087627 0.936938 0.338333  0.554688 0.320313
36  2.435175 -14.197458 0.455856  -0.091498 0.976349 0.195883  0.531250 0.015625
body.bmp
36  2.435175 -14.197458 0.455856  -0.091498 0.976349 0.195883  0.531250 0.015625
36  2.468113 -14.545905 2.205856  -0.087627 0.936938 0.338333  0.554688 0.320313
36  2.699123 -14.333220 0.465856  0.883180 0.462697 0.076837  0.566406 0.015625
body.bmp
36  2.468113 -14.545905 2.205856  -0.087627 0.936938 0.338333  0.554688 0.320313
36  2.733001 -14.691624 2.205856  0.821682 0.519795 0.233778  0.597656 0.320313
36  2.699123 -14.333220 0.465856  0.883180 0.462697 0.076837  0.566406 0.015625
body.bmp
36  2.699123 -14.333220 0.465856  0.883180 0.462697 0.076837  0.566406 0.015625
36  2.733001 -14.691624 2.205856  0.821682 0.519795 0.233778  0.597656 0.320313
36  2.803583 -15.438294 1.335855  0.976548 -0.211661 0.039409  0.636719 0.187500
body.bmp
36  2.733001 -14.691624 2.205856  0.821682 0.519795 0.233778  0.597656 0.320313
36  2.876046 -16.204878 3.025855  0.944091 -0.162212 -0.287017  0.687500 0.453125
36  2.803583 -15.438294 1.335855  0.976548 -0.211661 0.039409  0.636719 0.187500
body.bmp
36  2.803583 -15.438294 1.335855  0.976548 -0.211661 0.039409  0.636719 0.187500
36  2.876046 -16.204878 3.025855  0.944091 -0.162212 -0.287017  0.687500 0.453125
36  2.577278 -15.700757 1.335855  0.228018 -0.972197 0.053296  0.667969 0.187500
body.bmp
36  2.876046 -16.204878 3.025855  0.944091 -0.162212 -0.287017  0.687500 0.453125
36  2.646918 -16.437473 3.015855  -0.095300 -0.487173 -0.868090  0.707031 0.421875
36  2.577278 -15.700757 1.335855  0.228018 -0.972197 0.053296  0.667969 0.187500
body.bmp
36  2.577278 -15.700757 1.335855  0.228018 -0.972197 0.053296  0.667969 0.187500
36  2.646918 -16.437473 3.015855  -0.095300 -0.487173 -0.868090  0.707031 0.421875
36  2.305802 -15.485349 1.335855  -0.877379 -0.479006 -0.027555  0.636719 0.187500
body.bmp
36  2.646918 -16.437473 3.015855  -0.095300 -0.487173 -0.868090  0.707031 0.421875
36  2.378265 -16.251932 3.025855  -0.931965 -0.238480 -0.273072  0.687500 0.453125
36  2.305802 -15.485349 1.335855  -0.877379 -0.479006 -0.027555  0.636719 0.187500
body.bmp
36  2.305802 -15.485349 1.335855  -0.877379 -0.479006 -0.027555  0.636719 0.187500
36  2.378265 -16.251932 3.025855  -0.931965 -0.238480 -0.273072  0.687500 0.453125
36  2.235221 -14.738678 2.205856  -0.904061 0.357489 0.234255  0.597656 0.320313
body.bmp
36  2.378265 -16.251932 3.025855  -0.931965 -0.238480 -0.273072  0.687500 0.453125
36  2.305802 -15.485350 3.265856  -0.954188 0.289212 0.076697  0.644531 0.507813
36  2.235221 -14.738678 2.205856  -0.904061 0.357489 0.234255  0.597656 0.320313
body.bmp
36  2.235221 -14.738678 2.205856  -0.904061 0.357489 0.234255  0.597656 0.320313
36  2.305802 -15.485350 3.265856  -0.954188 0.289212 0.076697  0.644531 0.507813
36  2.539635 -15.302533 3.255856  -0.148849 0.961233 0.232109  0.605469 0.507813
body.bmp
36  2.305802 -15.485350 3.265856  -0.954188 0.289212 0.076697  0.644531 0.507813
36  2.283216 -15.246415 4.025856  -0.857092 0.237309 -0.457251  0.632813 0.625000
36  2.539635 -15.302533 3.255856  -0.148849 0.961233 0.232109  0.605469 0.507813
body.bmp
36  2.539635 -15.302533 3.255856  -0.148849 0.961233 0.232109  0.605469 0.507813
36  2.283216 -15.246415 4.025856  -0.857092 0.237309 -0.457251  0.632813 0.625000
36  2.659251 -15.080290 4.025856  0.158948 0.536992 -0.828477  0.589844 0.625000
body.bmp
36  2.283216 -15.246415 4.025856  -0.857092 0.237309 -0.457251  0.632813 0.625000
36  2.210752 -14.479833 4.025856  -0.448942 -0.139091 -0.882669  0.566406 0.625000
36  2.659251 -15.080290 4.025856  0.158948 0.536992 -0.828477  0.589844 0.625000
body.bmp
36  2.659251 -15.080290 4.025856  0.158948 0.536992 -0.828477  0.589844 0.625000
36  2.210752 -14.479833 4.025856  -0.448942 -0.139091 -0.882669  0.566406 0.625000
36  2.708533 -14.432778 4.025856  0.553697 -0.007358 -0.832686  0.566406 0.625000
body.bmp
36  2.210752 -14.479833 4.025856  -0.448942 -0.139091 -0.882669  0.566406 0.625000
36  2.646471 -13.032404 3.705857  0.695065 -0.467697 -0.546025  0.480469 0.570313
36  2.708533 -14.432778 4.025856  0.553697 -0.007358 -0.832686  0.566406 0.625000
body.bmp
36  2.708533 -14.432778 4.025856  0.553697 -0.007358 -0.832686  0.566406 0.625000
36  2.646471 -13.032404 3.705857  0.695065 -0.467697 -0.546025  0.480469 0.570313
36  2.731169 -13.928410 4.155857  0.976607 0.079975 -0.199608  0.539063 0.648438
body.bmp
36  2.646471 -13.032404 3.705857  0.695065 -0.467697 -0.546025  0.480469 0.570313
36  2.604519 -12.694854 4.275857  0.985916 0.096062 -0.136905  0.449219 0.656250
36  2.731169 -13.928410 4.155857  0.976607 0.079975 -0.199608  0.539063 0.648438
body.bmp
36  2.731169 -13.928410 4.155857  0.976607 0.079975 -0.199608  0.539063 0.648438
36  2.604519 -12.694854 4.275857  0.985916 0.096062 -0.136905  0.449219 0.656250
36  3.630744 -20.894669 4.525854  0.932082 0.091681 -0.350455  0.988281 0.710938
body.bmp
36  2.604519 -12.694854 4.275857  0.985916 0.096062 -0.136905  0.449219 0.656250
36  2.183358 -5.582926 4.525859  0.996507 0.075601 -0.035487  0.000000 0.710938
36  3.630744 -20.894669 4.525854  0.932082 0.091681 -0.350455  0.988281 0.710938
body.bmp
36  3.630744 -20.894669 4.525854  0.932082 0.091681 -0.350455  0.988281 0.710938
36  2.183358 -5.582926 4.525859  0.996507 0.075601 -0.035487  0.000000 0.710938
36  3.107700 -16.424051 4.805855  0.926483 0.087538 0.366015  0.703125 0.765625
body.bmp
36  2.183358 -5.582926 4.525859  0.996507 0.075601 -0.035487  0.000000 0.710938
36  2.083802 -5.592337 4.805860  0.926494 0.087412 0.366017  0.000000 0.765625
36  3.107700 -16.424051 4.805855  0.926483 0.087538 0.366015  0.703125 0.765625
body.bmp
36  3.107700 -16.424051 4.805855  0.926483 0.087538 0.366015  0.703125 0.765625
36  2.083802 -5.592337 4.805860  0.926494 0.087412 0.366017  0.000000 0.765625
36  2.898632 -16.443813 5.315856  0.557101 0.052206 0.828802  0.703125 0.875000
body.bmp
36  2.083802 -5.592337 4.805860  0.926494 0.087412 0.366017  0.000000 0.765625
36  1.874734 -5.612100 5.325860  0.556696 0.051858 0.829096  0.000000 0.875000
36  2.898632 -16.443813 5.315856  0.557101 0.052206 0.828802  0.703125 0.875000
body.bmp
36  2.183358 -5.582926 4.525859  0.996507 0.075601 -0.035487  0.000000 0.710938
36  2.217337 -8.492640 2.295858  0.915038 -0.216893 -0.340092  0.187500 0.343750
36  1.980185 -5.983825 0.605859  0.995565 0.094076 -0.000062  0.027344 0.039063
body.bmp
36  1.980185 -5.983825 0.605859  0.995565 0.094076 -0.000062  0.027344 0.039063
36  2.217337 -8.492640 2.295858  0.915038 -0.216893 -0.340092  0.187500 0.343750
36  2.159931 -7.885348 0.605858  0.641270 -0.701320 -0.311324  0.144531 0.039063
body.bmp
36  2.217337 -8.492640 2.295858  0.915038 -0.216893 -0.340092  0.187500 0.343750
36  1.888802 -8.523696 1.945858  0.078635 -0.811626 -0.578860  0.183594 0.164063
36  2.159931 -7.885348 0.605858  0.641270 -0.701320 -0.311324  0.144531 0.039063
body.bmp
36  2.159931 -7.885348 0.605858  0.641270 -0.701320 -0.311324  0.144531 0.039063
36  1.888802 -8.523696 1.945858  0.078635 -0.811626 -0.578860  0.183594 0.164063
36  1.502861 -7.947459 0.605858  -0.698967 -0.666003 -0.260545  0.144531 0.039063
body.bmp
36  1.888802 -8.523696 1.945858  0.078635 -0.811626 -0.578860  0.183594 0.164063
36  1.560266 -8.554752 2.295858  -0.802428 -0.443796 -0.398942  0.187500 0.343750
36  1.502861 -7.947459 0.605858  -0.698967 -0.666003 -0.260545  0.144531 0.039063
body.bmp
36  1.502861 -7.947459 0.605858  -0.698967 -0.666003 -0.260545  0.144531 0.039063
36  1.560266 -8.554752 2.295858  -0.802428 -0.443796 -0.398942  0.187500 0.343750
36  1.088240 -5.686445 4.535860  -0.993093 -0.108645 0.044300  0.000000 0.710938
body.bmp
36  1.560266 -8.554752 2.295858  -0.802428 -0.443796 -0.398942  0.187500 0.343750
36  1.744719 -10.506054 3.185857  -0.956603 0.006285 -0.291327  0.316406 0.476563
36  1.088240 -5.686445 4.535860  -0.993093 -0.108645 0.044300  0.000000 0.710938
body.bmp
36  1.088240 -5.686445 4.535860  -0.993093 -0.108645 0.044300  0.000000 0.710938
36  1.744719 -10.506054 3.185857  -0.956603 0.006285 -0.291327  0.316406 0.476563
36  1.908566 -12.770685 4.275856  -0.972893 -0.104561 -0.206267  0.449219 0.656250
body.bmp
36  1.744719 -10.506054 3.185857  -0.956603 0.006285 -0.291327  0.316406 0.476563
36  1.764481 -10.715122 2.795857  -0.715740 0.072809 -0.694561  0.328125 0.406250
36  1.908566 -12.770685 4.275856  -0.972893 -0.104561 -0.206267  0.449219 0.656250
body.bmp
36  1.908566 -12.770685 4.275856  -0.972893 -0.104561 -0.206267  0.449219 0.656250
36  1.764481 -10.715122 2.795857  -0.715740 0.072809 -0.694561  0.328125 0.406250
36  1.989400 -13.094515 3.705857  -0.857245 -0.390639 -0.335458  0.480469 0.570313
body.bmp
36  1.764481 -10.715122 2.795857  -0.715740 0.072809 -0.694561  0.328125 0.406250
36  1.978107 -12.975048 3.155856  -0.292036 -0.802650 -0.520065  0.472656 0.476563
36  1.989400 -13.094515 3.705857  -0.857245 -0.390639 -0.335458  0.480469 0.570313
body.bmp
36  1.989400 -13.094515 3.705857  -0.857245 -0.390639 -0.335458  0.480469 0.570313
36  1.978107 -12.975048 3.155856  -0.292036 -0.802650 -0.520065  0.472656 0.476563
36  2.646471 -13.032404 3.705857  0.695065 -0.467697 -0.546025  0.480469 0.570313
body.bmp
36  1.978107 -12.975048 3.155856  -0.292036 -0.802650 -0.520065  0.472656 0.476563
36  2.635178 -12.912936 3.155857  0.656546 -0.333374 -0.676616  0.472656 0.476563
36  2.646471 -13.032404 3.705857  0.695065 -0.467697 -0.546025  0.480469 0.570313
body.bmp
36  2.646471 -13.032404 3.705857  0.695065 -0.467697 -0.546025  0.480469 0.570313
36  2.635178 -12.912936 3.155857  0.656546 -0.333374 -0.676616  0.472656 0.476563
36  2.604519 -12.694854 4.275857  0.985916 0.096062 -0.136905  0.449219 0.656250
body.bmp
36  2.635178 -12.912936 3.155857  0.656546 -0.333374 -0.676616  0.472656 0.476563
36  2.421552 -10.653010 2.795857  0.680331 0.306772 -0.665613  0.328125 0.406250
36  2.604519 -12.694854 4.275857  0.985916 0.096062 -0.136905  0.449219 0.656250
body.bmp
36  2.604519 -12.694854 4.275857  0.985916 0.096062 -0.136905  0.449219 0.656250
36  2.421552 -10.653010 2.795857  0.680331 0.306772 -0.665613  0.328125 0.406250
36  2.401790 -10.443943 3.185858  0.942168 0.175661 -0.285416  0.316406 0.476563
body.bmp
36  2.421552 -10.653010 2.795857  0.680331 0.306772 -0.665613  0.328125 0.406250
36  2.068549 -10.425220 2.865857  -0.007945 0.111863 -0.993692  0.312500 0.343750
36  2.401790 -10.443943 3.185858  0.942168 0.175661 -0.285416  0.316406 0.476563
body.bmp
36  2.401790 -10.443943 3.185858  0.942168 0.175661 -0.285416  0.316406 0.476563
36  2.068549 -10.425220 2.865857  -0.007945 0.111863 -0.993692  0.312500 0.343750
36  2.217337 -8.492640 2.295858  0.915038 -0.216893 -0.340092  0.187500 0.343750
body.bmp
36  2.068549 -10.425220 2.865857  -0.007945 0.111863 -0.993692  0.312500 0.343750
36  1.888802 -8.523696 1.945858  0.078635 -0.811626 -0.578860  0.183594 0.164063
36  2.217337 -8.492640 2.295858  0.915038 -0.216893 -0.340092  0.187500 0.343750
body.bmp
36  2.646918 -16.437473 3.015855  -0.095300 -0.487173 -0.868090  0.707031 0.421875
36  2.924983 -16.722570 3.025855  0.540017 -0.387022 -0.747393  0.718750 0.453125
36  2.428143 -16.779581 3.025855  -0.357788 -0.809928 -0.464762  0.718750 0.453125
body.bmp
36  2.428143 -16.779581 3.025855  -0.357788 -0.809928 -0.464762  0.718750 0.453125
36  2.924983 -16.722570 3.025855  0.540017 -0.387022 -0.747393  0.718750 0.453125
36  2.900514 -16.463724 3.535855  0.809109 -0.579103 0.099911  0.703125 0.554688
body.bmp
36  2.924983 -16.722570 3.025855  0.540017 -0.387022 -0.747393  0.718750 0.453125
36  2.876046 -16.204878 3.025855  0.944091 -0.162212 -0.287017  0.687500 0.453125
36  2.900514 -16.463724 3.535855  0.809109 -0.579103 0.099911  0.703125 0.554688
body.bmp
36  2.900514 -16.463724 3.535855  0.809109 -0.579103 0.099911  0.703125 0.554688
36  2.876046 -16.204878 3.025855  0.944091 -0.162212 -0.287017  0.687500 0.453125
36  2.803583 -15.438295 3.265856  0.900908 0.433977 0.005350  0.644531 0.507813
body.bmp
36  2.876046 -16.204878 3.025855  0.944091 -0.162212 -0.287017  0.687500 0.453125
36  2.733001 -14.691624 2.205856  0.821682 0.519795 0.233778  0.597656 0.320313
36  2.803583 -15.438295 3.265856  0.900908 0.433977 0.005350  0.644531 0.507813
body.bmp
36  2.803583 -15.438295 3.265856  0.900908 0.433977 0.005350  0.644531 0.507813
36  2.733001 -14.691624 2.205856  0.821682 0.519795 0.233778  0.597656 0.320313
36  2.539635 -15.302533 3.255856  -0.148849 0.961233 0.232109  0.605469 0.507813
body.bmp
36  2.733001 -14.691624 2.205856  0.821682 0.519795 0.233778  0.597656 0.320313
36  2.468113 -14.545905 2.205856  -0.087627 0.936938 0.338333  0.554688 0.320313
36  2.539635 -15.302533 3.255856  -0.148849 0.961233 0.232109  0.605469 0.507813
body.bmp
36  2.539635 -15.302533 3.255856  -0.148849 0.961233 0.232109  0.605469 0.507813
36  2.468113 -14.545905 2.205856  -0.087627 0.936938 0.338333  0.554688 0.320313
36  2.235221 -14.738678 2.205856  -0.904061 0.357489 0.234255  0.597656 0.320313
body.bmp
36  2.468113 -14.545905 2.205856  -0.087627 0.936938 0.338333  0.554688 0.320313
36  2.201342 -14.380275 0.465856  -0.954035 0.289690 0.076797  0.566406 0.015625
36  2.235221 -14.738678 2.205856  -0.904061 0.357489 0.234255  0.597656 0.320313
body.bmp
36  2.235221 -14.738678 2.205856  -0.904061 0.357489 0.234255  0.597656 0.320313
36  2.201342 -14.380275 0.465856  -0.954035 0.289690 0.076797  0.566406 0.015625
36  2.305802 -15.485349 1.335855  -0.877379 -0.479006 -0.027555  0.636719 0.187500
body.bmp
36  2.201342 -14.380275 0.465856  -0.954035 0.289690 0.076797  0.566406 0.015625
36  2.335917 -15.803928 0.915855  -0.814407 -0.423528 0.396694  0.652344 0.101563
36  2.305802 -15.485349 1.335855  -0.877379 -0.479006 -0.027555  0.636719 0.187500
body.bmp
36  2.305802 -15.485349 1.335855  -0.877379 -0.479006 -0.027555  0.636719 0.187500
36  2.335917 -15.803928 0.915855  -0.814407 -0.423528 0.396694  0.652344 0.101563
36  2.577278 -15.700757 1.335855  0.228018 -0.972197 0.053296  0.667969 0.187500
body.bmp
36  2.335917 -15.803928 0.915855  -0.814407 -0.423528 0.396694  0.652344 0.101563
36  2.833698 -15.756874 0.915855  0.794940 -0.202052 0.572054  0.652344 0.101563
36  2.577278 -15.700757 1.335855  0.228018 -0.972197 0.053296  0.667969 0.187500
body.bmp
36  2.577278 -15.700757 1.335855  0.228018 -0.972197 0.053296  0.667969 0.187500
36  2.833698 -15.756874 0.915855  0.794940 -0.202052 0.572054  0.652344 0.101563
36  2.803583 -15.438294 1.335855  0.976548 -0.211661 0.039409  0.636719 0.187500
body.bmp
36  2.833698 -15.756874 0.915855  0.794940 -0.202052 0.572054  0.652344 0.101563
36  2.699123 -14.333220 0.465856  0.883180 0.462697 0.076837  0.566406 0.015625
36  2.803583 -15.438294 1.335855  0.976548 -0.211661 0.039409  0.636719 0.187500
body.bmp
36  2.378265 -16.251932 3.025855  -0.931965 -0.238480 -0.273072  0.687500 0.453125
36  2.402733 -16.510778 3.535855  -0.778399 -0.615788 -0.122068  0.703125 0.554688
36  2.305802 -15.485350 3.265856  -0.954188 0.289212 0.076697  0.644531 0.507813
body.bmp
36  2.305802 -15.485350 3.265856  -0.954188 0.289212 0.076697  0.644531 0.507813
36  2.402733 -16.510778 3.535855  -0.778399 -0.615788 -0.122068  0.703125 0.554688
36  2.283216 -15.246415 4.025856  -0.857092 0.237309 -0.457251  0.632813 0.625000
body.bmp
36  2.402733 -16.510778 3.535855  -0.778399 -0.615788 -0.122068  0.703125 0.554688
36  2.431907 -16.819403 4.025855  -0.690993 -0.287671 -0.663155  0.722656 0.625000
36  2.283216 -15.246415 4.025856  -0.857092 0.237309 -0.457251  0.632813 0.625000
body.bmp
36  2.283216 -15.246415 4.025856  -0.857092 0.237309 -0.457251  0.632813 0.625000
36  2.431907 -16.819403 4.025855  -0.690993 -0.287671 -0.663155  0.722656 0.625000
36  2.535625 -20.998188 4.535854  -0.940636 -0.089170 -0.327496  0.988281 0.710938
body.bmp
36  2.431907 -16.819403 4.025855  -0.690993 -0.287671 -0.663155  0.722656 0.625000
36  2.547660 -18.043943 4.025855  -0.604626 0.344514 -0.718148  0.796875 0.625000
36  2.535625 -20.998188 4.535854  -0.940636 -0.089170 -0.327496  0.988281 0.710938
body.bmp
36  2.535625 -20.998188 4.535854  -0.940636 -0.089170 -0.327496  0.988281 0.710938
36  2.547660 -18.043943 4.025855  -0.604626 0.344514 -0.718148  0.796875 0.625000
36  2.679412 -19.437731 4.015854  -0.963183 -0.090260 -0.253243  0.890625 0.625000
body.bmp
36  2.547660 -18.043943 4.025855  -0.604626 0.344514 -0.718148  0.796875 0.625000
36  2.567423 -18.253012 3.235855  -0.794638 0.561939 0.229727  0.812500 0.492188
36  2.679412 -19.437731 4.015854  -0.963183 -0.090260 -0.253243  0.890625 0.625000
body.bmp
36  2.679412 -19.437731 4.015854  -0.963183 -0.090260 -0.253243  0.890625 0.625000
36  2.567423 -18.253012 3.235855  -0.794638 0.561939 0.229727  0.812500 0.492188
36  2.405557 -16.540644 0.465855  -0.995562 -0.094108 0.000000  0.707031 0.015625
body.bmp
36  2.567423 -18.253012 3.235855  -0.794638 0.561939 0.229727  0.812500 0.492188
36  2.416850 -16.660112 1.065855  -0.609203 0.277415 0.742908  0.703125 0.101563
36  2.405557 -16.540644 0.465855  -0.995562 -0.094108 0.000000  0.707031 0.015625
body.bmp
36  2.405557 -16.540644 0.465855  -0.995562 -0.094108 0.000000  0.707031 0.015625
36  2.416850 -16.660112 1.065855  -0.609203 0.277415 0.742908  0.703125 0.101563
36  2.335917 -15.803928 0.915855  -0.814407 -0.423528 0.396694  0.652344 0.101563
body.bmp
36  2.416850 -16.660112 1.065855  -0.609203 0.277415 0.742908  0.703125 0.101563
36  2.833698 -15.756874 0.915855  0.794940 -0.202052 0.572054  0.664063 0.171875
36  2.335917 -15.803928 0.915855  -0.814407 -0.423528 0.396694  0.652344 0.101563
body.bmp
36  2.914631 -16.613058 1.065855  0.529142 0.569124 0.629370  0.703125 0.101563
36  3.065204 -18.205957 3.235855  0.672141 0.740051 0.023480  0.812500 0.492188
36  2.903338 -16.493589 0.465855  0.995562 0.094109 0.000000  0.707031 0.015625
body.bmp
36  2.903338 -16.493589 0.465855  0.995562 0.094109 0.000000  0.707031 0.015625
36  3.065204 -18.205957 3.235855  0.672141 0.740051 0.023480  0.812500 0.492188
36  3.178134 -19.400633 4.015854  0.958064 0.090569 -0.271864  0.890625 0.625000
body.bmp
36  3.065204 -18.205957 3.235855  0.672141 0.740051 0.023480  0.812500 0.492188
36  3.046382 -18.006845 4.025855  0.707025 0.332263 -0.624273  0.796875 0.625000
36  3.178134 -19.400633 4.015854  0.958064 0.090569 -0.271864  0.890625 0.625000
body.bmp
36  3.178134 -19.400633 4.015854  0.958064 0.090569 -0.271864  0.890625 0.625000
36  3.046382 -18.006845 4.025855  0.707025 0.332263 -0.624273  0.796875 0.625000
36  3.630744 -20.894669 4.525854  0.932082 0.091681 -0.350455  0.988281 0.710938
body.bmp
36  3.046382 -18.006845 4.025855  0.707025 0.332263 -0.624273  0.796875 0.625000
36  2.927806 -16.752438 4.025855  0.663053 -0.232642 -0.711504  0.722656 0.625000
36  3.630744 -20.894669 4.525854  0.932082 0.091681 -0.350455  0.988281 0.710938
body.bmp
36  3.630744 -20.894669 4.525854  0.932082 0.091681 -0.350455  0.988281 0.710938
36  2.927806 -16.752438 4.025855  0.663053 -0.232642 -0.711504  0.722656 0.625000
36  2.782879 -15.219273 4.015856  0.818452 0.221261 -0.530264  0.632813 0.625000
body.bmp
36  2.927806 -16.752438 4.025855  0.663053 -0.232642 -0.711504  0.722656 0.625000
36  2.803583 -15.438295 3.265856  0.900908 0.433977 0.005350  0.644531 0.507813
36  2.782879 -15.219273 4.015856  0.818452 0.221261 -0.530264  0.632813 0.625000
body.bmp
36  2.782879 -15.219273 4.015856  0.818452 0.221261 -0.530264  0.632813 0.625000
36  2.803583 -15.438295 3.265856  0.900908 0.433977 0.005350  0.644531 0.507813
36  2.659251 -15.080290 4.025856  0.158948 0.536992 -0.828477  0.589844 0.625000
body.bmp
36  2.803583 -15.438295 3.265856  0.900908 0.433977 0.005350  0.644531 0.507813
36  2.539635 -15.302533 3.255856  -0.148849 0.961233 0.232109  0.605469 0.507813
36  2.659251 -15.080290 4.025856  0.158948 0.536992 -0.828477  0.589844 0.625000
body.bmp
36  2.210752 -14.479833 4.025856  -0.448942 -0.139091 -0.882669  0.566406 0.625000
36  2.084053 -13.989580 4.155856  -0.942815 -0.127272 -0.308062  0.539063 0.648438
36  1.989400 -13.094515 3.705857  -0.857245 -0.390639 -0.335458  0.480469 0.570313
body.bmp
36  1.989400 -13.094515 3.705857  -0.857245 -0.390639 -0.335458  0.480469 0.570313
36  2.084053 -13.989580 4.155856  -0.942815 -0.127272 -0.308062  0.539063 0.648438
36  1.908566 -12.770685 4.275856  -0.972893 -0.104561 -0.206267  0.449219 0.656250
body.bmp
36  2.084053 -13.989580 4.155856  -0.942815 -0.127272 -0.308062  0.539063 0.648438
36  2.535625 -20.998188 4.535854  -0.940636 -0.089170 -0.327496  0.988281 0.710938
36  1.908566 -12.770685 4.275856  -0.972893 -0.104561 -0.206267  0.449219 0.656250
body.bmp
36  1.908566 -12.770685 4.275856  -0.972893 -0.104561 -0.206267  0.449219 0.656250
36  2.535625 -20.998188 4.535854  -0.940636 -0.089170 -0.327496  0.988281 0.710938
36  1.088240 -5.686445 4.535860  -0.993093 -0.108645 0.044300  0.000000 0.710938
body.bmp
36  2.535625 -20.998188 4.535854  -0.940636 -0.089170 -0.327496  0.988281 0.710938
36  2.272369 -16.513058 4.805855  -0.893165 -0.084452 0.441729  0.703125 0.765625
36  1.088240 -5.686445 4.535860  -0.993093 -0.108645 0.044300  0.000000 0.710938
body.bmp
36  1.088240 -5.686445 4.535860  -0.993093 -0.108645 0.044300  0.000000 0.710938
36  2.272369 -16.513058 4.805855  -0.893165 -0.084452 0.441729  0.703125 0.765625
36  1.247530 -5.671388 4.805860  -0.893170 -0.084453 0.441718  0.000000 0.765625
body.bmp
36  2.272369 -16.513058 4.805855  -0.893165 -0.084452 0.441729  0.703125 0.765625
36  1.436687 -5.653508 5.325860  -0.564724 -0.053504 0.823544  0.000000 0.875000
36  1.247530 -5.671388 4.805860  -0.893170 -0.084453 0.441718  0.000000 0.765625
body.bmp
36  2.927806 -16.752438 4.025855  0.663053 -0.232642 -0.711504  0.722656 0.625000
36  2.900514 -16.463724 3.535855  0.809109 -0.579103 0.099911  0.703125 0.554688
36  2.803583 -15.438295 3.265856  0.900908 0.433977 0.005350  0.644531 0.507813
body.bmp
36  2.927806 -16.752438 4.025855  0.663053 -0.232642 -0.711504  0.722656 0.625000
36  2.402733 -16.510778 3.535855  -0.778399 -0.615788 -0.122068  0.703125 0.554688
36  2.900514 -16.463724 3.535855  0.809109 -0.579103 0.099911  0.703125 0.554688
body.bmp
36  2.927806 -16.752438 4.025855  0.663053 -0.232642 -0.711504  0.722656 0.625000
36  2.431907 -16.819403 4.025855  -0.690993 -0.287671 -0.663155  0.722656 0.625000
36  2.402733 -16.510778 3.535855  -0.778399 -0.615788 -0.122068  0.703125 0.554688
body.bmp
36  2.927806 -16.752438 4.025855  0.663053 -0.232642 -0.711504  0.722656 0.625000
36  2.547660 -18.043943 4.025855  -0.604626 0.344514 -0.718148  0.796875 0.625000
36  2.431907 -16.819403 4.025855  -0.690993 -0.287671 -0.663155  0.722656 0.625000
body.bmp
36  2.927806 -16.752438 4.025855  0.663053 -0.232642 -0.711504  0.722656 0.625000
36  3.046382 -18.006845 4.025855  0.707025 0.332263 -0.624273  0.796875 0.625000
36  2.547660 -18.043943 4.025855  -0.604626 0.344514 -0.718148  0.796875 0.625000
body.bmp
36  3.046382 -18.006845 4.025855  0.707025 0.332263 -0.624273  0.769531 0.625000
36  3.065204 -18.205957 3.235855  0.672141 0.740051 0.023480  0.781250 0.492188
36  2.547660 -18.043943 4.025855  -0.604626 0.344514 -0.718148  0.800781 0.625000
body.bmp
36  2.547660 -18.043943 4.025855  -0.604626 0.344514 -0.718148  0.800781 0.625000
36  3.065204 -18.205957 3.235855  0.672141 0.740051 0.023480  0.781250 0.492188
36  2.567423 -18.253012 3.235855  -0.794638 0.561939 0.229727  0.812500 0.492188
body.bmp
36  3.065204 -18.205957 3.235855  0.672141 0.740051 0.023480  0.781250 0.492188
36  2.914631 -16.613058 1.065855  0.529142 0.569124 0.629370  0.699219 0.179688
36  2.567423 -18.253012 3.235855  -0.794638 0.561939 0.229727  0.812500 0.492188
body.bmp
36  2.567423 -18.253012 3.235855  -0.794638 0.561939 0.229727  0.812500 0.492188
36  2.914631 -16.613058 1.065855  0.529142 0.569124 0.629370  0.699219 0.179688
36  2.416850 -16.660112 1.065855  -0.609203 0.277415 0.742908  0.703125 0.101563
body.bmp
36  2.914631 -16.613058 1.065855  0.529142 0.569124 0.629370  0.699219 0.179688
36  2.833698 -15.756874 0.915855  0.794940 -0.202052 0.572054  0.664063 0.171875
36  2.416850 -16.660112 1.065855  -0.609203 0.277415 0.742908  0.703125 0.101563
body.bmp
36  2.068549 -10.425220 2.865857  -0.007945 0.111863 -0.993692  0.312500 0.343750
36  1.560266 -8.554752 2.295858  -0.802428 -0.443796 -0.398942  0.187500 0.343750
36  1.888802 -8.523696 1.945858  0.078635 -0.811626 -0.578860  0.183594 0.164063
body.bmp
36  2.068549 -10.425220 2.865857  -0.007945 0.111863 -0.993692  0.312500 0.343750
36  1.744719 -10.506054 3.185857  -0.956603 0.006285 -0.291327  0.316406 0.476563
36  1.560266 -8.554752 2.295858  -0.802428 -0.443796 -0.398942  0.187500 0.343750
body.bmp
36  2.068549 -10.425220 2.865857  -0.007945 0.111863 -0.993692  0.312500 0.343750
36  1.764481 -10.715122 2.795857  -0.715740 0.072809 -0.694561  0.328125 0.406250
36  1.744719 -10.506054 3.185857  -0.956603 0.006285 -0.291327  0.316406 0.476563
body.bmp
36  2.068549 -10.425220 2.865857  -0.007945 0.111863 -0.993692  0.312500 0.343750
36  2.421552 -10.653010 2.795857  0.680331 0.306772 -0.665613  0.328125 0.406250
36  1.764481 -10.715122 2.795857  -0.715740 0.072809 -0.694561  0.328125 0.406250
body.bmp
38  2.913984 -20.962910 4.736030  -0.277753 -0.026291 -0.960293  0.503906 0.023438
38  2.568113 -20.704311 4.826030  -0.277739 -0.026292 -0.960297  0.484375 0.093750
38  2.833992 -20.116682 4.736030  -0.277768 -0.026297 -0.960288  0.457031 0.023438
body.bmp
38  2.833992 -20.116682 4.736030  -0.277768 -0.026297 -0.960288  0.457031 0.023438
38  2.568113 -20.704311 4.826030  -0.277739 -0.026292 -0.960297  0.484375 0.093750
38  1.790138 -20.124954 5.026030  -0.277713 -0.026286 -0.960305  0.445313 0.203125
body.bmp
38  2.568113 -20.704311 4.826030  -0.277739 -0.026292 -0.960297  0.484375 0.093750
38  1.657298 -20.951122 5.086030  -0.277578 -0.026254 -0.960344  0.500000 0.257813
38  1.790138 -20.124954 5.026030  -0.277713 -0.026286 -0.960305  0.445313 0.203125
body.bmp
38  1.790138 -20.124954 5.026030  -0.277713 -0.026286 -0.960305  0.445313 0.203125
38  1.657298 -20.951122 5.086030  -0.277578 -0.026254 -0.960344  0.500000 0.257813
38  1.592214 -20.475134 5.096030  -0.277756 -0.026280 -0.960292  0.468750 0.257813
body.bmp
36  1.874734 -5.612100 5.325860  0.556696 0.051858 0.829096  0.000000 0.953125
36  1.436687 -5.653508 5.325860  -0.564724 -0.053504 0.823544  0.000000 0.875000
36  2.898632 -16.443813 5.315856  0.557101 0.052206 0.828802  0.703125 0.953125
body.bmp
36  2.898632 -16.443813 5.315856  0.557101 0.052206 0.828802  0.703125 0.953125
36  1.436687 -5.653508 5.325860  -0.564724 -0.053504 0.823544  0.000000 0.875000
36  2.459644 -16.475266 5.325855  -0.564656 -0.053489 0.823591  0.699219 0.875000
body.bmp
36  1.436687 -5.653508 5.325860  -0.564724 -0.053504 0.823544  0.000000 0.875000
36  2.272369 -16.513058 4.805855  -0.893165 -0.084452 0.441729  0.703125 0.765625
36  2.459644 -16.475266 5.325855  -0.564656 -0.053489 0.823591  0.699219 0.875000
body.bmp
36  2.694915 -20.983131 4.805854  0.094110 -0.995562 0.000000  0.988281 0.765625
36  2.535625 -20.998188 4.535854  0.094109 -0.995562 -0.000000  0.988281 0.710938
36  3.531187 -20.904079 4.805854  0.094108 -0.995562 -0.000001  0.988281 0.765625
body.bmp
36  3.531187 -20.904079 4.805854  0.094108 -0.995562 -0.000001  0.988281 0.765625
36  2.535625 -20.998188 4.535854  0.094109 -0.995562 -0.000000  0.988281 0.710938
36  3.322119 -20.923841 4.025854  0.094108 -0.995562 -0.000000  0.988281 0.625000
body.bmp
36  2.535625 -20.998188 4.535854  0.094109 -0.995562 -0.000000  0.988281 0.710938
36  2.824338 -20.970896 4.025854  0.094109 -0.995562 0.000007  0.988281 0.625000
36  3.322119 -20.923841 4.025854  0.094108 -0.995562 -0.000000  0.988281 0.625000
body.bmp
36  2.405557 -16.540644 0.465855  -0.001068 -0.002252 -0.999997  0.707031 0.015625
36  2.201342 -14.380275 0.465856  -0.001061 -0.002251 -0.999997  0.566406 0.015625
36  2.903338 -16.493589 0.465855  -0.001068 -0.002252 -0.999997  0.707031 0.015625
body.bmp
36  2.903338 -16.493589 0.465855  -0.001068 -0.002252 -0.999997  0.707031 0.015625
36  2.201342 -14.380275 0.465856  -0.001061 -0.002251 -0.999997  0.566406 0.015625
36  2.699123 -14.333220 0.465856  -0.001062 -0.002245 -0.999997  0.566406 0.015625
body.bmp
36  2.201342 -14.380275 0.465856  -0.001061 -0.002251 -0.999997  0.566406 0.015625
36  2.435175 -14.197458 0.455856  -0.001065 -0.002236 -0.999997  0.531250 0.015625
36  2.699123 -14.333220 0.465856  -0.001062 -0.002245 -0.999997  0.566406 0.015625
body.bmp
36  1.874734 -5.612100 5.325860  -0.094109 0.995562 0.000001  0.000000 0.875000
36  2.083802 -5.592337 4.805860  -0.094109 0.995562 0.000000  0.000000 0.765625
36  1.247530 -5.671388 4.805860  -0.094108 0.995562 0.000003  0.000000 0.765625
body.bmp
36  1.247530 -5.671388 4.805860  -0.094108 0.995562 0.000003  0.000000 0.765625
36  2.083802 -5.592337 4.805860  -0.094109 0.995562 0.000000  0.000000 0.765625
36  1.088240 -5.686445 4.535860  -0.094108 0.995562 0.000003  0.000000 0.710938
body.bmp
36  2.083802 -5.592337 4.805860  -0.094109 0.995562 0.000000  0.000000 0.765625
36  2.183358 -5.582926 4.525859  -0.094109 0.995562 0.000000  0.000000 0.710938
36  1.088240 -5.686445 4.535860  -0.094108 0.995562 0.000003  0.000000 0.710938
body.bmp
36  2.659251 -15.080290 4.025856  0.158948 0.536992 -0.828477  0.589844 0.625000
36  2.708533 -14.432778 4.025856  0.553697 -0.007358 -0.832686  0.566406 0.625000
36  2.782879 -15.219273 4.015856  0.818452 0.221261 -0.530264  0.632813 0.625000
body.bmp
36  2.782879 -15.219273 4.015856  0.818452 0.221261 -0.530264  0.632813 0.625000
36  2.708533 -14.432778 4.025856  0.553697 -0.007358 -0.832686  0.566406 0.625000
36  3.630744 -20.894669 4.525854  0.932082 0.091681 -0.350455  0.988281 0.710938
body.bmp
36  2.708533 -14.432778 4.025856  0.553697 -0.007358 -0.832686  0.566406 0.625000
36  2.731169 -13.928410 4.155857  0.976607 0.079975 -0.199608  0.539063 0.648438
36  3.630744 -20.894669 4.525854  0.932082 0.091681 -0.350455  0.988281 0.710938
body.bmp
36  2.646918 -16.437473 3.015855  -0.095300 -0.487173 -0.868090  0.707031 0.421875
36  2.428143 -16.779581 3.025855  -0.357788 -0.809928 -0.464762  0.718750 0.453125
36  2.378265 -16.251932 3.025855  -0.931965 -0.238480 -0.273072  0.687500 0.453125
body.bmp
36  2.378265 -16.251932 3.025855  -0.931965 -0.238480 -0.273072  0.687500 0.453125
36  2.428143 -16.779581 3.025855  -0.357788 -0.809928 -0.464762  0.718750 0.453125
36  2.402733 -16.510778 3.535855  -0.778399 -0.615788 -0.122068  0.703125 0.554688
body.bmp
36  2.428143 -16.779581 3.025855  -0.357788 -0.809928 -0.464762  0.718750 0.453125
36  2.900514 -16.463724 3.535855  0.809109 -0.579103 0.099911  0.703125 0.554688
36  2.402733 -16.510778 3.535855  -0.778399 -0.615788 -0.122068  0.703125 0.554688
body.bmp
38  2.903682 -20.110094 4.956030  0.277749 0.026280 0.960294  0.457031 0.023438
38  1.849872 -20.119307 5.256030  0.277755 0.026296 0.960292  0.445313 0.203125
38  2.627847 -20.698664 5.046030  0.277754 0.026287 0.960292  0.484375 0.093750
body.bmp
38  2.627847 -20.698664 5.046030  0.277754 0.026287 0.960292  0.484375 0.093750
38  1.849872 -20.119307 5.256030  0.277755 0.026296 0.960292  0.445313 0.203125
38  1.726987 -20.944534 5.316030  0.277758 0.026291 0.960291  0.500000 0.257813
body.bmp
38  1.849872 -20.119307 5.256030  0.277755 0.026296 0.960292  0.445313 0.203125
38  1.661904 -20.468546 5.326030  0.277780 0.026291 0.960285  0.468750 0.257813
38  1.726987 -20.944534 5.316030  0.277758 0.026291 0.960291  0.500000 0.257813
body.bmp
36  3.178134 -19.400633 4.015854  -0.001065 -0.002237 -0.999997  0.890625 0.625000
36  3.322119 -20.923841 4.025854  -0.001051 -0.002278 -0.999997  0.988281 0.625000
36  2.679412 -19.437731 4.015854  -0.001065 -0.002236 -0.999997  0.890625 0.625000
body.bmp
36  2.679412 -19.437731 4.015854  -0.001065 -0.002236 -0.999997  0.890625 0.625000
36  3.322119 -20.923841 4.025854  -0.001051 -0.002278 -0.999997  0.988281 0.625000
36  2.824338 -20.970896 4.025854  -0.001067 -0.002231 -0.999997  0.988281 0.625000
body.bmp
36  3.107700 -16.424051 4.805855  0.000000 -0.000000 1.000000  0.703125 0.992188
36  2.272369 -16.513058 4.805855  0.000000 -0.000000 1.000000  0.703125 0.765625
36  3.531187 -20.904079 4.805854  0.000000 -0.000000 1.000000  0.988281 0.992188
body.bmp
36  3.531187 -20.904079 4.805854  0.000000 -0.000000 1.000000  0.988281 0.992188
36  2.272369 -16.513058 4.805855  0.000000 -0.000000 1.000000  0.703125 0.765625
36  2.694915 -20.983131 4.805854  0.000000 -0.000000 1.000000  0.988281 0.765625
body.bmp
36  2.421552 -10.653010 2.795857  0.680331 0.306772 -0.665613  0.328125 0.304688
36  2.635178 -12.912936 3.155857  0.656546 -0.333374 -0.676616  0.472656 0.367188
36  1.764481 -10.715122 2.795857  -0.715740 0.072809 -0.694561  0.328125 0.406250
body.bmp
36  1.764481 -10.715122 2.795857  -0.715740 0.072809 -0.694561  0.328125 0.406250
36  2.635178 -12.912936 3.155857  0.656546 -0.333374 -0.676616  0.472656 0.367188
36  1.978107 -12.975048 3.155856  -0.292036 -0.802650 -0.520065  0.472656 0.476563
body.bmp
36  1.980185 -5.983825 0.605859  -0.001068 -0.002252 -0.999997  0.027344 0.039063
36  2.159931 -7.885348 0.605858  -0.001068 -0.002252 -0.999997  0.144531 0.039063
36  1.323114 -6.045936 0.605859  -0.001068 -0.002252 -0.999997  0.027344 0.039063
body.bmp
36  1.323114 -6.045936 0.605859  -0.001068 -0.002252 -0.999997  0.027344 0.039063
36  2.159931 -7.885348 0.605858  -0.001068 -0.002252 -0.999997  0.144531 0.039063
36  1.502861 -7.947459 0.605858  -0.001068 -0.002252 -0.999997  0.144531 0.039063
body.bmp
36  2.699123 -14.333220 0.465856  0.883180 0.462697 0.076837  0.566406 0.015625
36  2.833698 -15.756874 0.915855  0.794940 -0.202052 0.572054  0.652344 0.101563
36  2.903338 -16.493589 0.465855  0.995562 0.094109 0.000000  0.707031 0.015625
body.bmp
36  2.903338 -16.493589 0.465855  0.995562 0.094109 0.000000  0.707031 0.015625
36  2.833698 -15.756874 0.915855  0.794940 -0.202052 0.572054  0.652344 0.101563
36  2.914631 -16.613058 1.065855  0.529142 0.569124 0.629370  0.703125 0.101563
body.bmp
36  3.178134 -19.400633 4.015854  0.061375 -0.771260 -0.633555  0.890625 0.625000
36  2.679412 -19.437731 4.015854  0.061419 -0.771273 -0.633535  0.890625 0.625000
36  2.903338 -16.493589 0.465855  0.061408 -0.771264 -0.633547  0.707031 0.015625
body.bmp
36  2.903338 -16.493589 0.465855  0.061408 -0.771264 -0.633547  0.707031 0.015625
36  2.679412 -19.437731 4.015854  0.061419 -0.771273 -0.633535  0.890625 0.625000
36  2.405557 -16.540644 0.465855  0.061408 -0.771266 -0.633543  0.707031 0.015625
body.bmp
39  2.899301 -17.194719 3.187089  0.093812 -0.992185 -0.082272  0.554688 0.406250
39  2.905889 -17.264408 4.017089  0.093809 -0.992173 -0.082412  0.566406 0.554688
39  2.580722 -17.224833 3.187089  0.093809 -0.992173 -0.082414  0.554688 0.406250
body.bmp
39  2.580722 -17.224833 3.187089  0.093809 -0.992173 -0.082414  0.554688 0.406250
39  2.905889 -17.264408 4.017089  0.093809 -0.992173 -0.082412  0.566406 0.554688
39  2.587309 -17.294523 4.017089  0.093812 -0.992185 -0.082267  0.566406 0.554688
body.bmp
39  2.822133 -16.378357 3.187089  -0.000002 0.000000 -1.000000  0.515625 0.406250
39  2.899301 -17.194719 3.187089  -0.000000 0.000000 -1.000000  0.554688 0.406250
39  2.503553 -16.408472 3.187089  -0.000001 0.000000 -1.000000  0.515625 0.406250
body.bmp
39  2.503553 -16.408472 3.187089  -0.000001 0.000000 -1.000000  0.515625 0.406250
39  2.899301 -17.194719 3.187089  -0.000000 0.000000 -1.000000  0.554688 0.406250
39  2.580722 -17.224833 3.187089  0.000000 0.000000 -1.000000  0.554688 0.406250
body.bmp
39  2.804252 -16.189201 4.017089  -0.091517 0.968141 -0.233081  0.500000 0.554688
39  2.822133 -16.378357 3.187089  -0.091506 0.968153 -0.233039  0.515625 0.406250
39  2.485672 -16.219316 4.017089  -0.091504 0.968142 -0.233082  0.500000 0.554688
body.bmp
39  2.485672 -16.219316 4.017089  -0.091504 0.968142 -0.233082  0.500000 0.554688
39  2.822133 -16.378357 3.187089  -0.091506 0.968153 -0.233039  0.515625 0.406250
39  2.503553 -16.408472 3.187089  -0.091505 0.968153 -0.233040  0.515625 0.406250
body.bmp
39  2.905889 -17.264408 4.017089  -0.000062 0.000957 1.000000  0.566406 0.554688
39  2.804252 -16.189201 4.017089  -0.000056 0.000861 1.000000  0.500000 0.554688
39  2.587309 -17.294523 4.017089  -0.000056 0.000861 1.000000  0.566406 0.554688
body.bmp
39  2.587309 -17.294523 4.017089  -0.000056 0.000861 1.000000  0.566406 0.554688
39  2.804252 -16.189201 4.017089  -0.000056 0.000861 1.000000  0.500000 0.554688
39  2.485672 -16.219316 4.017089  -0.000056 0.000861 1.000000  0.500000 0.554688
body.bmp
39  2.905889 -17.264408 4.017089  0.995562 0.094108 -0.000001  0.566406 0.554688
39  2.899301 -17.194719 3.187089  0.995562 0.094108 0.000000  0.554688 0.406250
39  2.804252 -16.189201 4.017089  0.995562 0.094108 0.000000  0.500000 0.554688
body.bmp
39  2.804252 -16.189201 4.017089  0.995562 0.094108 0.000000  0.500000 0.554688
39  2.899301 -17.194719 3.187089  0.995562 0.094108 0.000000  0.554688 0.406250
39  2.822133 -16.378357 3.187089  0.995562 0.094108 0.000001  0.515625 0.406250
body.bmp
39  2.587309 -17.294523 4.017089  -0.995562 -0.094108 -0.000001  0.566406 0.554688
39  2.485672 -16.219316 4.017089  -0.995562 -0.094109 -0.000001  0.500000 0.554688
39  2.580722 -17.224833 3.187089  -0.995562 -0.094108 -0.000001  0.554688 0.406250
body.bmp
39  2.580722 -17.224833 3.187089  -0.995562 -0.094108 -0.000001  0.554688 0.406250
39  2.485672 -16.219316 4.017089  -0.995562 -0.094109 -0.000001  0.500000 0.554688
39  2.503553 -16.408472 3.187089  -0.995562 -0.094109 -0.000000  0.515625 0.406250
body.bmp
36  2.854205 -20.968073 3.945853  -0.094108 0.995562 0.000000  0.343750 0.140625
36  2.854205 -20.968073 4.475854  -0.094108 0.995562 0.000000  0.343750 0.226563
36  3.381853 -20.918196 3.945853  -0.094108 0.995562 0.000000  0.312500 0.132813
body.bmp
36  3.381853 -20.918196 3.945853  -0.094108 0.995562 0.000000  0.312500 0.132813
36  2.854205 -20.968073 4.475854  -0.094108 0.995562 0.000000  0.343750 0.226563
36  3.381853 -20.918196 4.475854  -0.094108 0.995562 0.000000  0.312500 0.226563
body.bmp
36  2.904479 -21.606174 4.045853  0.015584 -0.164525 -0.986250  0.382813 0.156250
36  2.854205 -20.968073 3.945853  0.015584 -0.164526 -0.986250  0.343750 0.140625
36  3.442082 -21.555355 4.045854  0.015585 -0.164525 -0.986250  0.382813 0.156250
body.bmp
36  3.442082 -21.555355 4.045854  0.015585 -0.164525 -0.986250  0.382813 0.156250
36  2.854205 -20.968073 3.945853  0.015584 -0.164526 -0.986250  0.343750 0.140625
36  3.381853 -20.918196 3.945853  0.015553 -0.164529 -0.986250  0.343750 0.140625
body.bmp
36  2.914434 -21.605232 4.475853  0.094108 -0.995562 0.000008  0.382813 0.226563
36  2.904479 -21.606174 4.045853  0.094109 -0.995562 0.000005  0.382813 0.156250
36  3.442082 -21.555355 4.475853  0.094109 -0.995562 0.000004  0.382813 0.226563
body.bmp
36  3.442082 -21.555355 4.475853  0.094109 -0.995562 0.000004  0.382813 0.226563
36  2.904479 -21.606174 4.045853  0.094109 -0.995562 0.000005  0.382813 0.156250
36  3.442082 -21.555355 4.045854  0.094110 -0.995562 0.000000  0.382813 0.156250
body.bmp
36  2.854205 -20.968073 4.475854  0.000001 -0.000001 1.000000  0.343750 0.226563
36  2.914434 -21.605232 4.475853  0.000000 -0.000001 1.000000  0.382813 0.226563
36  3.381853 -20.918196 4.475854  0.000001 -0.000001 1.000000  0.343750 0.226563
body.bmp
36  3.381853 -20.918196 4.475854  0.000001 -0.000001 1.000000  0.343750 0.226563
36  2.914434 -21.605232 4.475853  0.000000 -0.000001 1.000000  0.382813 0.226563
36  3.442082 -21.555355 4.475853  -0.000001 -0.000001 1.000000  0.382813 0.226563
body.bmp
36  2.854205 -20.968073 3.945853  -0.995566 -0.094066 0.000047  0.343750 0.140625
36  2.904479 -21.606174 4.045853  -0.995564 -0.094091 0.000037  0.382813 0.156250
36  2.854205 -20.968073 4.475854  -0.995564 -0.094084 0.000056  0.343750 0.226563
body.bmp
36  2.854205 -20.968073 4.475854  -0.995564 -0.094084 0.000056  0.343750 0.226563
36  2.904479 -21.606174 4.045853  -0.995564 -0.094091 0.000037  0.382813 0.156250
36  2.914434 -21.605232 4.475853  -0.995564 -0.094086 0.000049  0.382813 0.226563
body.bmp
36  3.381853 -20.918196 3.945853  0.995562 0.094108 0.000000  0.343750 0.140625
36  3.381853 -20.918196 4.475854  0.995562 0.094108 0.000000  0.343750 0.226563
36  3.442082 -21.555355 4.045854  0.995562 0.094108 0.000000  0.382813 0.156250
body.bmp
36  3.442082 -21.555355 4.045854  0.995562 0.094108 0.000000  0.382813 0.156250
36  3.381853 -20.918196 4.475854  0.995562 0.094108 0.000000  0.343750 0.226563
36  3.442082 -21.555355 4.475853  0.995562 0.094107 0.000000  0.382813 0.226563
body.bmp
36  1.088240 -5.686445 4.535860  -0.094543 0.990853 -0.096287  0.000000 0.710938
36  2.183358 -5.582926 4.525859  -0.094449 0.990860 -0.096309  0.000000 0.710938
36  1.323114 -6.045936 0.605859  -0.093817 0.990906 -0.096453  0.027344 0.039063
body.bmp
36  1.323114 -6.045936 0.605859  -0.093817 0.990906 -0.096453  0.027344 0.039063
36  2.183358 -5.582926 4.525859  -0.094449 0.990860 -0.096309  0.000000 0.710938
36  1.980185 -5.983825 0.605859  -0.093971 0.990902 -0.096342  0.027344 0.039063
body.bmp
36  2.604519 -12.694854 4.275857  0.985916 0.096062 -0.136905  0.449219 0.656250
36  2.401790 -10.443943 3.185858  0.942168 0.175661 -0.285416  0.316406 0.476563
36  2.183358 -5.582926 4.525859  0.996507 0.075601 -0.035487  0.000000 0.710938
body.bmp
36  2.183358 -5.582926 4.525859  0.996507 0.075601 -0.035487  0.000000 0.710938
36  2.401790 -10.443943 3.185858  0.942168 0.175661 -0.285416  0.316406 0.476563
36  2.217337 -8.492640 2.295858  0.915038 -0.216893 -0.340092  0.187500 0.343750
body.bmp
36  2.084053 -13.989580 4.155856  -0.942815 -0.127272 -0.308062  0.539063 0.648438
36  2.210752 -14.479833 4.025856  -0.448942 -0.139091 -0.882669  0.566406 0.625000
36  2.535625 -20.998188 4.535854  -0.940636 -0.089170 -0.327496  0.988281 0.710938
body.bmp
36  2.535625 -20.998188 4.535854  -0.940636 -0.089170 -0.327496  0.988281 0.710938
36  2.210752 -14.479833 4.025856  -0.448942 -0.139091 -0.882669  0.566406 0.625000
36  2.283216 -15.246415 4.025856  -0.857092 0.237309 -0.457251  0.632813 0.625000
body.bmp
36  2.898632 -16.443813 5.315856  0.094065 -0.995566 0.000041  0.703125 0.875000
36  2.459644 -16.475266 5.325855  0.094057 -0.995567 0.000041  0.699219 0.875000
36  3.107700 -16.424051 4.805855  0.094069 -0.995566 0.000025  0.703125 0.765625
body.bmp
36  3.107700 -16.424051 4.805855  0.094069 -0.995566 0.000025  0.703125 0.765625
36  2.459644 -16.475266 5.325855  0.094057 -0.995567 0.000041  0.699219 0.875000
36  2.272369 -16.513058 4.805855  0.094064 -0.995566 0.000043  0.703125 0.765625
body.bmp
38  1.849872 -20.119307 5.256030  -0.014065 0.999631 -0.023253  0.425781 0.242188
38  2.903682 -20.110094 4.956030  -0.014885 0.999587 -0.024593  0.437500 0.046875
38  1.790138 -20.124954 5.026030  -0.014058 0.999630 -0.023284  0.445313 0.203125
body.bmp
38  1.790138 -20.124954 5.026030  -0.014058 0.999630 -0.023284  0.445313 0.203125
38  2.903682 -20.110094 4.956030  -0.014885 0.999587 -0.024593  0.437500 0.046875
38  2.833992 -20.116682 4.736030  -0.014079 0.999629 -0.023338  0.457031 0.023438
body.bmp
38  1.661904 -20.468546 5.326030  -0.832800 0.504860 0.227068  0.464844 0.304688
38  1.849872 -20.119307 5.256030  -0.832798 0.504868 0.227058  0.425781 0.242188
38  1.592214 -20.475134 5.096030  -0.832800 0.504860 0.227072  0.468750 0.257813
body.bmp
38  1.592214 -20.475134 5.096030  -0.832800 0.504860 0.227072  0.468750 0.257813
38  1.849872 -20.119307 5.256030  -0.832798 0.504868 0.227058  0.425781 0.242188
38  1.790138 -20.124954 5.026030  -0.832803 0.504859 0.227060  0.445313 0.203125
body.bmp
38  1.726987 -20.944534 5.316030  -0.950778 -0.135353 0.278748  0.507813 0.304688
38  1.661904 -20.468546 5.326030  -0.950779 -0.135347 0.278749  0.464844 0.304688
38  1.657298 -20.951122 5.086030  -0.950779 -0.135347 0.278749  0.500000 0.257813
body.bmp
38  1.657298 -20.951122 5.086030  -0.950779 -0.135347 0.278749  0.500000 0.257813
38  1.661904 -20.468546 5.326030  -0.950779 -0.135347 0.278749  0.464844 0.304688
38  1.592214 -20.475134 5.096030  -0.950778 -0.135348 0.278749  0.468750 0.257813
body.bmp
38  2.627847 -20.698664 5.046030  0.249260 -0.967380 -0.045235  0.484375 0.093750
38  1.726987 -20.944534 5.316030  0.249026 -0.967428 -0.045492  0.500000 0.257813
38  2.568113 -20.704311 4.826030  0.249028 -0.967427 -0.045501  0.484375 0.093750
body.bmp
38  2.568113 -20.704311 4.826030  0.249028 -0.967427 -0.045501  0.484375 0.093750
38  1.726987 -20.944534 5.316030  0.249026 -0.967428 -0.045492  0.500000 0.257813
38  1.657298 -20.951122 5.086030  0.249018 -0.967428 -0.045536  0.500000 0.257813
body.bmp
38  2.983674 -20.956322 4.956030  -0.539842 -0.822601 0.178601  0.503906 0.023438
38  2.627847 -20.698664 5.046030  -0.539841 -0.822601 0.178602  0.484375 0.093750
38  2.913984 -20.962910 4.736030  -0.539850 -0.822593 0.178613  0.503906 0.023438
body.bmp
38  2.913984 -20.962910 4.736030  -0.539850 -0.822593 0.178613  0.503906 0.023438
38  2.627847 -20.698664 5.046030  -0.539841 -0.822601 0.178602  0.484375 0.093750
38  2.568113 -20.704311 4.826030  -0.539836 -0.822604 0.178606  0.484375 0.093750
body.bmp
38  2.903682 -20.110094 4.956030  0.956031 0.090510 -0.278950  0.457031 0.023438
38  2.983674 -20.956322 4.956030  0.956032 0.090512 -0.278944  0.503906 0.023438
38  2.833992 -20.116682 4.736030  0.956044 0.090373 -0.278948  0.457031 0.023438
body.bmp
38  2.833992 -20.116682 4.736030  0.956044 0.090373 -0.278948  0.457031 0.023438
38  2.983674 -20.956322 4.956030  0.956032 0.090512 -0.278944  0.503906 0.023438
38  2.913984 -20.962910 4.736030  0.956033 0.090511 -0.278943  0.503906 0.023438
body.bmp
36  1.436687 -5.653508 5.325860  -0.094109 0.995562 0.000002  0.000000 0.875000
36  1.874734 -5.612100 5.325860  -0.094109 0.995562 0.000001  0.000000 0.875000
36  1.247530 -5.671388 4.805860  -0.094108 0.995562 0.000003  0.000000 0.765625
body.bmp
36  2.335917 -15.803928 0.915855  -0.814407 -0.423528 0.396694  0.652344 0.101563
36  2.201342 -14.380275 0.465856  -0.954035 0.289690 0.076797  0.566406 0.015625
36  2.405557 -16.540644 0.465855  -0.995562 -0.094108 0.000000  0.707031 0.015625
body.bmp
36  3.630744 -20.894669 4.525854  0.094107 -0.995562 0.000007  0.988281 0.710938
36  3.531187 -20.904079 4.805854  0.094108 -0.995562 -0.000001  0.988281 0.765625
36  3.322119 -20.923841 4.025854  0.094108 -0.995562 -0.000000  0.988281 0.625000
body.bmp
36  2.646471 -13.032404 3.705857  0.695065 -0.467697 -0.546025  0.480469 0.570313
36  2.210752 -14.479833 4.025856  -0.448942 -0.139091 -0.882669  0.566406 0.625000
36  1.989400 -13.094515 3.705857  -0.857245 -0.390639 -0.335458  0.480469 0.570313
body.bmp
36  1.088240 -5.686445 4.535860  -0.993093 -0.108645 0.044300  0.000000 0.710938
36  1.323114 -6.045936 0.605859  -0.994275 -0.093987 -0.050825  0.027344 0.039063
36  1.502861 -7.947459 0.605858  -0.698967 -0.666003 -0.260545  0.144531 0.039063
body.bmp
36  3.322119 -20.923841 4.025854  0.847423 0.078820 -0.525034  0.988281 0.625000
36  3.178134 -19.400633 4.015854  0.958064 0.090569 -0.271864  0.890625 0.625000
36  3.630744 -20.894669 4.525854  0.932082 0.091681 -0.350455  0.988281 0.710938
body.bmp
36  2.535625 -20.998188 4.535854  -0.940636 -0.089170 -0.327496  0.988281 0.710938
36  2.679412 -19.437731 4.015854  -0.963183 -0.090260 -0.253243  0.890625 0.625000
36  2.824338 -20.970896 4.025854  -0.865769 -0.082332 -0.493625  0.988281 0.625000
body.bmp
36  2.694915 -20.983131 4.805854  -0.862064 -0.081489 0.500205  0.988281 0.765625
36  2.272369 -16.513058 4.805855  -0.893165 -0.084452 0.441729  0.703125 0.765625
36  2.535625 -20.998188 4.535854  -0.940636 -0.089170 -0.327496  0.988281 0.710938
body.bmp
36  3.630744 -20.894669 4.525854  0.932082 0.091681 -0.350455  0.988281 0.710938
36  3.107700 -16.424051 4.805855  0.926483 0.087538 0.366015  0.703125 0.765625
36  3.531187 -20.904079 4.805854  0.926486 0.087543 0.366006  0.988281 0.765625
body.bmp
36  2.924983 -16.722570 3.025855  0.540017 -0.387022 -0.747393  0.718750 0.453125
36  2.646918 -16.437473 3.015855  -0.095300 -0.487173 -0.868090  0.707031 0.421875
36  2.876046 -16.204878 3.025855  0.944091 -0.162212 -0.287017  0.687500 0.453125
body.bmp
38  2.627847 -20.698664 5.046030  0.277754 0.026287 0.960292  0.484375 0.093750
38  2.983674 -20.956322 4.956030  0.277749 0.026291 0.960294  0.503906 0.023438
38  2.903682 -20.110094 4.956030  0.277749 0.026280 0.960294  0.457031 0.023438
magazine.bmp
41  3.601637 -21.649366 1.136750  0.920289 -0.389940 0.031843  0.703125 0.195313
41  3.548936 -21.091852 1.126750  0.914754 0.400443 -0.053575  0.601563 0.195313
41  3.621152 -21.537031 1.816750  0.867751 -0.495696 0.035957  0.687500 0.304688
magazine.bmp
41  3.621152 -21.537031 1.816750  0.867751 -0.495696 0.035957  0.687500 0.304688
41  3.548936 -21.091852 1.126750  0.914754 0.400443 -0.053575  0.601563 0.195313
41  3.575980 -21.059162 1.826750  0.813758 0.580364 0.031219  0.578125 0.320313
magazine.bmp
41  3.548936 -21.091852 1.126750  0.914754 0.400443 -0.053575  0.601563 0.195313
41  3.084539 -20.854502 1.126750  0.086123 0.996199 -0.013088  0.531250 0.195313
41  3.575980 -21.059162 1.826750  0.813758 0.580364 0.031219  0.578125 0.320313
magazine.bmp
41  3.575980 -21.059162 1.826750  0.813758 0.580364 0.031219  0.578125 0.320313
41  3.084539 -20.854502 1.126750  0.086123 0.996199 -0.013088  0.531250 0.195313
41  3.085480 -20.864458 1.836750  -0.181460 0.979886 0.083045  0.531250 0.335938
magazine.bmp
41  3.084539 -20.854502 1.126750  0.086123 0.996199 -0.013088  0.531250 0.195313
41  2.692753 -21.172785 1.126750  -0.817822 0.574509 -0.033262  0.601563 0.195313
41  3.085480 -20.864458 1.836750  -0.181460 0.979886 0.083045  0.531250 0.335938
magazine.bmp
41  3.085480 -20.864458 1.836750  -0.181460 0.979886 0.083045  0.531250 0.335938
41  2.692753 -21.172785 1.126750  -0.817822 0.574509 -0.033262  0.601563 0.195313
41  2.660063 -21.145742 1.826750  -0.969004 0.246184 0.020610  0.578125 0.320313
magazine.bmp
41  2.692753 -21.172785 1.126750  -0.817822 0.574509 -0.033262  0.601563 0.195313
41  2.745454 -21.730299 1.136750  -0.818203 -0.572237 0.055575  0.703125 0.195313
41  2.660063 -21.145742 1.826750  -0.969004 0.246184 0.020610  0.578125 0.320313
magazine.bmp
41  2.660063 -21.145742 1.826750  -0.969004 0.246184 0.020610  0.578125 0.320313
41  2.745454 -21.730299 1.136750  -0.818203 -0.572237 0.055575  0.703125 0.195313
41  2.705235 -21.623611 1.816750  -0.727268 -0.686037 0.020868  0.687500 0.304688
magazine.bmp
41  2.745454 -21.730299 1.136750  -0.818203 -0.572237 0.055575  0.703125 0.195313
41  3.176765 -21.830153 1.806750  -0.030408 -0.994725 0.097968  0.750000 0.296875
41  2.705235 -21.623611 1.816750  -0.727268 -0.686037 0.020868  0.687500 0.304688
magazine.bmp
41  2.705235 -21.623611 1.816750  -0.727268 -0.686037 0.020868  0.687500 0.304688
41  3.176765 -21.830153 1.806750  -0.030408 -0.994725 0.097968  0.750000 0.296875
41  3.177706 -21.840109 2.496750  0.093764 -0.992473 0.078778  0.750000 0.453125
magazine.bmp
41  3.176765 -21.830153 1.806750  -0.030408 -0.994725 0.097968  0.750000 0.296875
41  3.621152 -21.537031 1.816750  0.867751 -0.495696 0.035957  0.687500 0.304688
41  3.177706 -21.840109 2.496750  0.093764 -0.992473 0.078778  0.750000 0.453125
magazine.bmp
41  3.177706 -21.840109 2.496750  0.093764 -0.992473 0.078778  0.750000 0.453125
41  3.621152 -21.537031 1.816750  0.867751 -0.495696 0.035957  0.687500 0.304688
41  3.585094 -21.580620 2.496750  0.963930 -0.244800 0.104461  0.695313 0.453125
magazine.bmp
41  3.621152 -21.537031 1.816750  0.867751 -0.495696 0.035957  0.687500 0.304688
41  3.575980 -21.059162 1.826750  0.813758 0.580364 0.031219  0.578125 0.320313
41  3.585094 -21.580620 2.496750  0.963930 -0.244800 0.104461  0.695313 0.453125
magazine.bmp
41  3.585094 -21.580620 2.496750  0.963930 -0.244800 0.104461  0.695313 0.453125
41  3.575980 -21.059162 1.826750  0.813758 0.580364 0.031219  0.578125 0.320313
41  3.543686 -21.142572 2.496750  0.671095 0.732292 0.115670  0.609375 0.453125
magazine.bmp
41  3.575980 -21.059162 1.826750  0.813758 0.580364 0.031219  0.578125 0.320313
41  3.085480 -20.864458 1.836750  -0.181460 0.979886 0.083045  0.531250 0.335938
41  3.543686 -21.142572 2.496750  0.671095 0.732292 0.115670  0.609375 0.453125
magazine.bmp
41  3.543686 -21.142572 2.496750  0.671095 0.732292 0.115670  0.609375 0.453125
41  3.085480 -20.864458 1.836750  -0.181460 0.979886 0.083045  0.531250 0.335938
41  3.094891 -20.964014 2.486750  -0.181444 0.979887 0.083068  0.546875 0.460938
magazine.bmp
41  3.085480 -20.864458 1.836750  -0.181460 0.979886 0.083045  0.531250 0.335938
41  2.707414 -21.221622 2.496750  -0.892167 0.431539 0.133463  0.609375 0.453125
41  3.094891 -20.964014 2.486750  -0.181444 0.979887 0.083068  0.546875 0.460938
magazine.bmp
41  3.094891 -20.964014 2.486750  -0.181444 0.979887 0.083068  0.546875 0.460938
41  2.707414 -21.221622 2.496750  -0.892167 0.431539 0.133463  0.609375 0.453125
41  2.837778 -21.219345 3.396750  -0.907539 0.417227 -0.047912  0.617188 0.570313
magazine.bmp
41  2.707414 -21.221622 2.496750  -0.892167 0.431539 0.133463  0.609375 0.453125
41  2.868834 -21.547880 3.416750  -0.807950 -0.580457 0.101427  0.679688 0.578125
41  2.837778 -21.219345 3.396750  -0.907539 0.417227 -0.047912  0.617188 0.570313
magazine.bmp
41  2.837778 -21.219345 3.396750  -0.907539 0.417227 -0.047912  0.617188 0.570313
41  2.868834 -21.547880 3.416750  -0.807950 -0.580457 0.101427  0.679688 0.578125
41  2.781660 -21.475763 4.036750  -0.810206 -0.584667 -0.041589  0.664063 0.703125
magazine.bmp
41  2.868834 -21.547880 3.416750  -0.807950 -0.580457 0.101427  0.679688 0.578125
41  3.162648 -21.680820 3.426750  -0.030408 -0.994723 0.097987  0.726563 0.570313
41  2.781660 -21.475763 4.036750  -0.810206 -0.584667 -0.041589  0.664063 0.703125
magazine.bmp
41  2.781660 -21.475763 4.036750  -0.810206 -0.584667 -0.041589  0.664063 0.703125
41  3.162648 -21.680820 3.426750  -0.030408 -0.994723 0.097987  0.726563 0.570313
41  3.159825 -21.650953 4.056750  0.279850 -0.958617 0.052310  0.718750 0.710938
magazine.bmp
41  3.162648 -21.680820 3.426750  -0.030408 -0.994723 0.097987  0.726563 0.570313
41  3.446260 -21.493298 3.416750  0.808138 -0.583419 0.080844  0.679688 0.578125
41  3.159825 -21.650953 4.056750  0.279850 -0.958617 0.052310  0.718750 0.710938
magazine.bmp
41  3.159825 -21.650953 4.056750  0.279850 -0.958617 0.052310  0.718750 0.710938
41  3.446260 -21.493298 3.416750  0.808138 -0.583419 0.080844  0.679688 0.578125
41  3.508420 -21.407064 4.036750  0.966587 -0.246108 -0.071694  0.664063 0.703125
magazine.bmp
41  3.446260 -21.493298 3.416750  0.808138 -0.583419 0.080844  0.679688 0.578125
41  3.415204 -21.164762 3.396750  0.914765 0.400426 -0.053525  0.617188 0.570313
41  3.508420 -21.407064 4.036750  0.966587 -0.246108 -0.071694  0.664063 0.703125
magazine.bmp
41  3.508420 -21.407064 4.036750  0.966587 -0.246108 -0.071694  0.664063 0.703125
41  3.415204 -21.164762 3.396750  0.914765 0.400426 -0.053525  0.617188 0.570313
41  3.469836 -20.998884 3.996750  0.682609 0.683887 -0.257575  0.585938 0.703125
magazine.bmp
41  3.415204 -21.164762 3.396750  0.914765 0.400426 -0.053525  0.617188 0.570313
41  3.100537 -21.023748 3.376750  -0.015966 0.987618 -0.156066  0.562500 0.570313
41  3.469836 -20.998884 3.996750  0.682609 0.683887 -0.257575  0.585938 0.703125
magazine.bmp
41  3.469836 -20.998884 3.996750  0.682609 0.683887 -0.257575  0.585938 0.703125
41  3.100537 -21.023748 3.376750  -0.015966 0.987618 -0.156066  0.562500 0.570313
41  3.080774 -20.814680 3.966751  -0.088985 0.941412 -0.325306  0.531250 0.695313
magazine.bmp
41  3.100537 -21.023748 3.376750  -0.015966 0.987618 -0.156066  0.562500 0.570313
41  2.743076 -21.067583 3.996750  -0.798677 0.543836 -0.257599  0.585938 0.703125
41  3.080774 -20.814680 3.966751  -0.088985 0.941412 -0.325306  0.531250 0.695313
magazine.bmp
41  2.868834 -21.547880 3.416750  -0.807950 -0.580457 0.101427  0.679688 0.578125
41  3.177706 -21.840109 2.496750  0.093764 -0.992473 0.078778  0.750000 0.453125
41  3.162648 -21.680820 3.426750  -0.030408 -0.994723 0.097987  0.726563 0.570313
magazine.bmp
41  3.162648 -21.680820 3.426750  -0.030408 -0.994723 0.097987  0.726563 0.570313
41  3.177706 -21.840109 2.496750  0.093764 -0.992473 0.078778  0.750000 0.453125
41  3.446260 -21.493298 3.416750  0.808138 -0.583419 0.080844  0.679688 0.578125
magazine.bmp
41  3.177706 -21.840109 2.496750  0.093764 -0.992473 0.078778  0.750000 0.453125
41  3.585094 -21.580620 2.496750  0.963930 -0.244800 0.104461  0.695313 0.453125
41  3.446260 -21.493298 3.416750  0.808138 -0.583419 0.080844  0.679688 0.578125
magazine.bmp
41  3.446260 -21.493298 3.416750  0.808138 -0.583419 0.080844  0.679688 0.578125
41  3.585094 -21.580620 2.496750  0.963930 -0.244800 0.104461  0.695313 0.453125
41  3.415204 -21.164762 3.396750  0.914765 0.400426 -0.053525  0.617188 0.570313
magazine.bmp
41  3.585094 -21.580620 2.496750  0.963930 -0.244800 0.104461  0.695313 0.453125
41  3.543686 -21.142572 2.496750  0.671095 0.732292 0.115670  0.609375 0.453125
41  3.415204 -21.164762 3.396750  0.914765 0.400426 -0.053525  0.617188 0.570313
magazine.bmp
41  3.415204 -21.164762 3.396750  0.914765 0.400426 -0.053525  0.617188 0.570313
41  3.543686 -21.142572 2.496750  0.671095 0.732292 0.115670  0.609375 0.453125
41  3.100537 -21.023748 3.376750  -0.015966 0.987618 -0.156066  0.562500 0.570313
magazine.bmp
41  3.543686 -21.142572 2.496750  0.671095 0.732292 0.115670  0.609375 0.453125
41  3.094891 -20.964014 2.486750  -0.181444 0.979887 0.083068  0.546875 0.460938
41  3.100537 -21.023748 3.376750  -0.015966 0.987618 -0.156066  0.562500 0.570313
magazine.bmp
41  3.100537 -21.023748 3.376750  -0.015966 0.987618 -0.156066  0.562500 0.570313
41  3.094891 -20.964014 2.486750  -0.181444 0.979887 0.083068  0.546875 0.460938
41  2.837778 -21.219345 3.396750  -0.907539 0.417227 -0.047912  0.617188 0.570313
magazine.bmp
40  2.105846 -12.838736 4.022364  0.094107 -0.995562 0.000000  0.445313 0.867188
40  2.105846 -12.838736 2.642363  -0.805874 -0.481433 0.344658  0.445313 0.664063
40  2.514026 -12.800152 4.022364  0.094107 -0.995562 -0.000000  0.445313 0.867188
magazine.bmp
40  2.514026 -12.800152 4.022364  0.094107 -0.995562 -0.000000  0.445313 0.867188
40  2.105846 -12.838736 2.642363  -0.805874 -0.481433 0.344658  0.445313 0.664063
40  2.514026 -12.800151 2.642363  0.714856 -0.551596 0.429794  0.445313 0.664063
magazine.bmp
40  1.928922 -10.967078 2.012364  -0.932644 0.347675 -0.096425  0.132813 0.593750
40  1.928922 -10.967079 4.022364  -0.094107 0.995562 0.000001  0.132813 0.867188
40  2.337103 -10.928494 2.012364  0.909252 0.414823 0.034387  0.000000 0.593750
magazine.bmp
40  2.337103 -10.928494 2.012364  0.909252 0.414823 0.034387  0.000000 0.593750
40  1.928922 -10.967079 4.022364  -0.094107 0.995562 0.000001  0.132813 0.867188
40  2.337103 -10.928495 4.022364  -0.094107 0.995562 0.000001  0.000000 0.867188
magazine.bmp
40  2.337103 -10.928494 2.012364  0.909252 0.414823 0.034387  0.132813 0.593750
40  2.337103 -10.928495 4.022364  0.995562 0.094108 0.000000  0.132813 0.867188
40  2.514026 -12.800151 2.642363  0.714856 -0.551596 0.429794  0.445313 0.664063
magazine.bmp
40  2.514026 -12.800151 2.642363  0.714856 -0.551596 0.429794  0.445313 0.664063
40  2.337103 -10.928495 4.022364  0.995562 0.094108 0.000000  0.132813 0.867188
40  2.514026 -12.800152 4.022364  0.995562 0.094108 0.000000  0.445313 0.867188
magazine.bmp
40  2.514026 -12.800151 2.642363  0.714856 -0.551596 0.429794  0.445313 0.664063
40  1.928922 -10.967078 2.012364  -0.932644 0.347675 -0.096425  0.132813 0.593750
40  2.337103 -10.928494 2.012364  0.909252 0.414823 0.034387  0.132813 0.593750
magazine.bmp
40  1.928922 -10.967078 2.012364  -0.932644 0.347675 -0.096425  0.132813 0.593750
40  2.105846 -12.838736 2.642363  -0.805874 -0.481433 0.344658  0.445313 0.664063
40  1.928922 -10.967079 4.022364  -0.995562 -0.094108 0.000000  0.132813 0.867188
magazine.bmp
40  2.105846 -12.838736 2.642363  -0.805874 -0.481433 0.344658  0.445313 0.664063
40  2.105846 -12.838736 4.022364  -0.995562 -0.094108 0.000000  0.445313 0.867188
40  1.928922 -10.967079 4.022364  -0.995562 -0.094108 0.000000  0.132813 0.867188
magazine.bmp
41  2.748821 -21.659670 2.496750  -0.865572 -0.491859 0.094128  0.695313 0.453125
41  2.705235 -21.623611 1.816750  -0.727268 -0.686037 0.020868  0.687500 0.304688
41  3.177706 -21.840109 2.496750  0.093764 -0.992473 0.078778  0.750000 0.453125
magazine.bmp
41  2.748821 -21.659670 2.496750  -0.865572 -0.491859 0.094128  0.695313 0.453125
41  2.660063 -21.145742 1.826750  -0.969004 0.246184 0.020610  0.578125 0.320313
41  2.705235 -21.623611 1.816750  -0.727268 -0.686037 0.020868  0.687500 0.304688
magazine.bmp
41  2.748821 -21.659670 2.496750  -0.865572 -0.491859 0.094128  0.695313 0.453125
41  2.707414 -21.221622 2.496750  -0.892167 0.431539 0.133463  0.609375 0.453125
41  2.660063 -21.145742 1.826750  -0.969004 0.246184 0.020610  0.578125 0.320313
magazine.bmp
41  2.748821 -21.659670 2.496750  -0.865572 -0.491859 0.094128  0.695313 0.453125
41  2.868834 -21.547880 3.416750  -0.807950 -0.580457 0.101427  0.679688 0.578125
41  2.707414 -21.221622 2.496750  -0.892167 0.431539 0.133463  0.609375 0.453125
magazine.bmp
41  2.748821 -21.659670 2.496750  -0.865572 -0.491859 0.094128  0.695313 0.453125
41  3.177706 -21.840109 2.496750  0.093764 -0.992473 0.078778  0.750000 0.453125
41  2.868834 -21.547880 3.416750  -0.807950 -0.580457 0.101427  0.679688 0.578125
magazine.bmp
36  2.587185 -16.443121 5.685855  -0.072792 0.769294 -0.634735  0.843750 0.796875
36  2.552365 -16.074762 6.135856  -0.063151 0.668077 -0.741408  0.781250 0.882813
36  2.766386 -16.426182 5.685855  -0.072832 0.769410 -0.634590  0.773438 0.796875
magazine.bmp
36  2.766386 -16.426182 5.685855  -0.072832 0.769410 -0.634590  0.773438 0.796875
36  2.552365 -16.074762 6.135856  -0.063151 0.668077 -0.741408  0.781250 0.882813
36  2.731566 -16.057823 6.135856  -0.051926 0.549326 -0.833993  0.695313 0.882813
magazine.bmp
36  2.552365 -16.074762 6.135856  -0.063151 0.668077 -0.741408  0.781250 0.882813
36  2.466726 -15.168802 6.565856  -0.039763 0.421107 -0.906139  0.648438 0.960938
36  2.731566 -16.057823 6.135856  -0.051926 0.549326 -0.833993  0.695313 0.882813
magazine.bmp
36  2.731566 -16.057823 6.135856  -0.051926 0.549326 -0.833993  0.695313 0.882813
36  2.466726 -15.168802 6.565856  -0.039763 0.421107 -0.906139  0.648438 0.960938
36  2.645927 -15.151862 6.565856  -0.039822 0.421232 -0.906078  0.531250 0.953125
magazine.bmp
36  2.645927 -15.151862 6.565856  0.995562 0.094108 0.000001  0.648438 0.960938
36  2.748505 -16.237024 6.565856  0.995562 0.094108 0.000001  0.820313 0.968750
36  2.731566 -16.057823 6.135856  0.995562 0.094108 0.000001  0.781250 0.882813
magazine.bmp
36  2.731566 -16.057823 6.135856  0.995562 0.094108 0.000000  0.781250 0.882813
36  2.748505 -16.237024 6.565856  0.995562 0.094108 0.000001  0.820313 0.968750
36  2.766386 -16.426182 5.685855  0.995562 0.094108 0.000000  0.843750 0.796875
magazine.bmp
36  2.748505 -16.237024 6.565856  0.995562 0.094108 0.000001  0.820313 0.968750
36  2.821910 -17.013563 5.165855  0.995562 0.094109 -0.000001  0.953125 0.718750
36  2.766386 -16.426182 5.685855  0.995562 0.094108 0.000000  0.843750 0.796875
magazine.bmp
36  2.766386 -16.426182 5.685855  0.995562 0.094108 0.000000  0.843750 0.796875
36  2.821910 -17.013563 5.165855  0.995562 0.094109 -0.000001  0.953125 0.718750
36  2.772973 -16.495871 5.165855  0.995562 0.094109 -0.000002  0.867188 0.710938
magazine.bmp
36  2.834689 -19.061449 6.555855  0.062317 -0.658987 0.749568  0.953125 0.429688
36  2.908094 -19.837988 5.865854  0.054788 -0.579579 0.813072  0.937500 0.398438
36  3.013891 -19.044510 6.555855  0.062354 -0.659633 0.748997  0.953125 0.429688
magazine.bmp
36  3.013891 -19.044510 6.555855  0.062354 -0.659633 0.748997  0.953125 0.429688
36  2.908094 -19.837988 5.865854  0.054788 -0.579579 0.813072  0.937500 0.398438
36  3.087295 -19.821047 5.865854  0.046635 -0.493325 0.868594  0.937500 0.398438
magazine.bmp
36  2.908094 -19.837988 5.865854  0.054788 -0.579579 0.813072  0.937500 0.398438
36  3.056785 -21.410975 5.175854  0.038019 -0.402676 0.914553  0.953125 0.062500
36  3.087295 -19.821047 5.865854  0.046635 -0.493325 0.868594  0.937500 0.398438
magazine.bmp
36  3.087295 -19.821047 5.865854  0.046635 -0.493325 0.868594  0.937500 0.398438
36  3.056785 -21.410975 5.175854  0.038019 -0.402676 0.914553  0.953125 0.062500
36  3.235986 -21.394035 5.175854  0.038019 -0.402676 0.914553  0.953125 0.062500
magazine.bmp
36  3.102352 -19.980337 5.385854  0.995562 0.094108 -0.000000  0.882813 0.359375
36  3.235986 -21.394035 5.175854  0.995562 0.094109 -0.000000  0.953125 0.062500
36  3.098588 -19.940516 5.175854  0.995562 0.094108 0.000003  0.898438 0.156250
magazine.bmp
36  3.102352 -19.980337 5.385854  0.995562 0.094108 -0.000000  0.882813 0.359375
36  3.087295 -19.821047 5.865854  0.995562 0.094107 -0.000003  0.937500 0.398438
36  3.235986 -21.394035 5.175854  0.995562 0.094109 -0.000000  0.953125 0.062500
magazine.bmp
36  3.102352 -19.980337 5.385854  0.995562 0.094108 -0.000000  0.882813 0.359375
36  3.013891 -19.044510 6.555855  0.995562 0.094107 -0.000003  0.953125 0.429688
36  3.087295 -19.821047 5.865854  0.995562 0.094107 -0.000003  0.937500 0.398438
magazine.bmp
36  3.102352 -19.980337 5.385854  0.995562 0.094109 0.000000  0.882813 0.359375
36  2.958367 -18.457129 6.565855  0.995562 0.094109 0.000000  0.828125 0.601563
36  3.013891 -19.044510 6.555855  0.995562 0.094109 0.000000  0.953125 0.429688
magazine.bmp
36  2.923151 -19.997276 5.385854  -0.995562 -0.094109 -0.000000  0.882813 0.359375
36  2.834689 -19.061449 6.555855  -0.995562 -0.094107 -0.000002  0.953125 0.429688
36  2.779166 -18.474068 6.565855  -0.995562 -0.094107 -0.000002  0.828125 0.601563
magazine.bmp
36  2.923151 -19.997276 5.385854  -0.995562 -0.094109 -0.000000  0.882813 0.359375
36  2.908094 -19.837988 5.865854  -0.995562 -0.094107 0.000001  0.937500 0.398438
36  2.834689 -19.061449 6.555855  -0.995562 -0.094107 -0.000002  0.953125 0.429688
magazine.bmp
36  2.923151 -19.997276 5.385854  -0.995562 -0.094109 -0.000000  0.882813 0.359375
36  3.056785 -21.410975 5.175854  -0.995562 -0.094109 0.000000  0.953125 0.062500
36  2.908094 -19.837988 5.865854  -0.995562 -0.094107 0.000001  0.937500 0.398438
magazine.bmp
36  2.923151 -19.997276 5.385854  -0.995562 -0.094108 0.000000  0.882813 0.359375
36  2.919387 -19.957455 5.175854  -0.995562 -0.094108 0.000000  0.898438 0.156250
36  3.056785 -21.410975 5.175854  -0.995562 -0.094108 0.000000  0.953125 0.062500
magazine.bmp
41  2.692753 -21.172785 1.126750  0.001475 -0.010356 -0.999945  0.601563 0.195313
41  3.189940 -21.969532 1.136750  0.002197 -0.011179 -0.999935  0.773438 0.195313
41  2.745454 -21.730299 1.136750  0.001563 -0.010332 -0.999945  0.703125 0.195313
magazine.bmp
41  2.692753 -21.172785 1.126750  0.001475 -0.010356 -0.999945  0.601563 0.195313
41  3.601637 -21.649366 1.136750  0.001561 -0.010318 -0.999946  0.703125 0.195313
41  3.189940 -21.969532 1.136750  0.002197 -0.011179 -0.999935  0.773438 0.195313
magazine.bmp
41  2.692753 -21.172785 1.126750  0.001475 -0.010356 -0.999945  0.601563 0.195313
41  3.548936 -21.091852 1.126750  0.001568 -0.010344 -0.999945  0.601563 0.195313
41  3.601637 -21.649366 1.136750  0.001561 -0.010318 -0.999946  0.703125 0.195313
magazine.bmp
41  2.692753 -21.172785 1.126750  0.001475 -0.010356 -0.999945  0.601563 0.195313
41  3.084539 -20.854502 1.126750  0.001571 -0.010332 -0.999945  0.531250 0.195313
41  3.548936 -21.091852 1.126750  0.001568 -0.010344 -0.999945  0.601563 0.195313
magazine.bmp
41  2.743076 -21.067583 3.996750  -0.011296 0.119634 0.992754  0.593750 0.710938
41  3.469836 -20.998884 3.996750  -0.011301 0.119670 0.992749  0.578125 0.835938
41  3.080774 -20.814680 3.966751  -0.011298 0.119648 0.992752  0.546875 0.773438
magazine.bmp
41  2.743076 -21.067583 3.996750  -0.011296 0.119634 0.992754  0.593750 0.710938
41  3.508420 -21.407064 4.036750  -0.011630 0.119610 0.992753  0.648438 0.843750
41  3.469836 -20.998884 3.996750  -0.011301 0.119670 0.992749  0.578125 0.835938
magazine.bmp
41  2.743076 -21.067583 3.996750  -0.011296 0.119634 0.992754  0.593750 0.710938
41  3.159825 -21.650953 4.056750  -0.011299 0.119663 0.992750  0.679688 0.789063
41  3.508420 -21.407064 4.036750  -0.011630 0.119610 0.992753  0.648438 0.843750
magazine.bmp
41  2.743076 -21.067583 3.996750  -0.011296 0.119634 0.992754  0.593750 0.710938
41  2.781660 -21.475763 4.036750  -0.011296 0.119641 0.992753  0.648438 0.710938
41  3.159825 -21.650953 4.056750  -0.011299 0.119663 0.992750  0.679688 0.789063
magazine.bmp
41  2.745454 -21.730299 1.136750  -0.818203 -0.572237 0.055575  0.703125 0.195313
41  3.189940 -21.969532 1.136750  0.267249 -0.947914 0.173314  0.773438 0.195313
41  3.176765 -21.830153 1.806750  -0.030408 -0.994725 0.097968  0.750000 0.296875
magazine.bmp
41  3.176765 -21.830153 1.806750  -0.030408 -0.994725 0.097968  0.750000 0.296875
41  3.189940 -21.969532 1.136750  0.267249 -0.947914 0.173314  0.773438 0.195313
41  3.621152 -21.537031 1.816750  0.867751 -0.495696 0.035957  0.687500 0.304688
magazine.bmp
41  3.189940 -21.969532 1.136750  0.267249 -0.947914 0.173314  0.773438 0.195313
41  3.601637 -21.649366 1.136750  0.920289 -0.389940 0.031843  0.703125 0.195313
41  3.621152 -21.537031 1.816750  0.867751 -0.495696 0.035957  0.687500 0.304688
magazine.bmp
36  2.552365 -16.074762 6.135856  -0.995562 -0.094108 -0.000001  0.781250 0.882813
36  2.587185 -16.443121 5.685855  -0.995562 -0.094109 -0.000000  0.843750 0.796875
36  2.569304 -16.253963 6.565856  -0.995562 -0.094108 -0.000001  0.820313 0.968750
magazine.bmp
36  2.569304 -16.253963 6.565856  -0.995562 -0.094108 -0.000001  0.820313 0.968750
36  2.587185 -16.443121 5.685855  -0.995562 -0.094109 -0.000000  0.843750 0.796875
36  2.642709 -17.030502 5.165855  -0.995562 -0.094109 0.000000  0.953125 0.718750
magazine.bmp
36  2.587185 -16.443121 5.685855  -0.995562 -0.094109 0.000001  0.843750 0.796875
36  2.593772 -16.512810 5.165855  -0.995562 -0.094109 0.000001  0.867188 0.710938
36  2.642709 -17.030502 5.165855  -0.995562 -0.094109 0.000001  0.953125 0.718750
magazine.bmp
36  2.766386 -16.426182 5.685855  -0.092966 0.983493 -0.155237  0.773438 0.796875
36  2.772973 -16.495871 5.165855  -0.093005 0.983490 -0.155233  0.781250 0.710938
36  2.587185 -16.443121 5.685855  -0.093004 0.983490 -0.155236  0.843750 0.796875
magazine.bmp
36  2.587185 -16.443121 5.685855  -0.093004 0.983490 -0.155236  0.843750 0.796875
36  2.772973 -16.495871 5.165855  -0.093005 0.983490 -0.155233  0.781250 0.710938
36  2.593772 -16.512810 5.165855  -0.093003 0.983490 -0.155232  0.867188 0.710938
magazine.bmp
36  2.821910 -17.013563 5.165855  0.082170 -0.867106 0.491300  0.953125 0.718750
36  2.748505 -16.237024 6.565856  0.082170 -0.867107 0.491297  0.820313 0.968750
36  2.642709 -17.030502 5.165855  0.082169 -0.867177 0.491175  0.953125 0.718750
magazine.bmp
36  2.642709 -17.030502 5.165855  0.082169 -0.867177 0.491175  0.953125 0.718750
36  2.748505 -16.237024 6.565856  0.082170 -0.867107 0.491297  0.820313 0.968750
36  2.569304 -16.253963 6.565856  0.082170 -0.867108 0.491297  0.820313 0.968750
magazine.bmp
36  3.102352 -19.980337 5.385854  -0.093161 0.985558 0.141408  0.843750 0.398438
36  3.098588 -19.940516 5.175854  -0.093183 0.985559 0.141388  0.843750 0.226563
36  2.923151 -19.997276 5.385854  -0.093181 0.985559 0.141392  0.882813 0.359375
magazine.bmp
36  2.923151 -19.997276 5.385854  -0.093181 0.985559 0.141392  0.882813 0.359375
36  3.098588 -19.940516 5.175854  -0.093183 0.985559 0.141388  0.843750 0.226563
36  2.919387 -19.957455 5.175854  -0.093186 0.985561 0.141372  0.898438 0.156250
magazine.bmp
36  2.958367 -18.457129 6.565855  -0.057474 0.608001 -0.791853  0.750000 0.671875
36  3.102352 -19.980337 5.385854  -0.057559 0.609022 -0.791062  0.843750 0.398438
36  2.779166 -18.474068 6.565855  -0.057550 0.608908 -0.791150  0.828125 0.601563
magazine.bmp
36  2.779166 -18.474068 6.565855  -0.057550 0.608908 -0.791150  0.828125 0.601563
36  3.102352 -19.980337 5.385854  -0.057559 0.609022 -0.791062  0.843750 0.398438
36  2.923151 -19.997276 5.385854  -0.057561 0.608946 -0.791121  0.882813 0.359375
magazine.bmp
40  2.337103 -10.928495 4.022364  0.000069 -0.000475 1.000000  0.132813 0.867188
40  2.105846 -12.838736 4.022364  0.000069 -0.000474 1.000000  0.445313 0.867188
40  2.514026 -12.800152 4.022364  0.000069 -0.000474 1.000000  0.445313 0.976563
magazine.bmp
40  2.337103 -10.928495 4.022364  0.000069 -0.000475 1.000000  0.132813 0.976563
40  1.928922 -10.967079 4.022364  0.000083 -0.000569 1.000000  0.132813 0.867188
40  2.105846 -12.838736 4.022364  0.000069 -0.000474 1.000000  0.445313 0.867188
magazine.bmp
36  2.552365 -16.074762 6.135856  -0.995562 -0.094108 -0.000001  0.781250 0.882813
36  2.569304 -16.253963 6.565856  -0.995562 -0.094108 -0.000001  0.820313 0.968750
36  2.466726 -15.168802 6.565856  -0.995562 -0.094108 -0.000002  0.648438 0.960938
magazine.bmp
41  2.707414 -21.221622 2.496750  -0.892167 0.431539 0.133463  0.609375 0.453125
41  3.085480 -20.864458 1.836750  -0.181460 0.979886 0.083045  0.531250 0.335938
41  2.660063 -21.145742 1.826750  -0.969004 0.246184 0.020610  0.578125 0.320313
magazine.bmp
41  2.743076 -21.067583 3.996750  -0.798677 0.543836 -0.257599  0.593750 0.710938
41  2.837778 -21.219345 3.396750  -0.907539 0.417227 -0.047912  0.617188 0.570313
41  2.781660 -21.475763 4.036750  -0.810206 -0.584667 -0.041589  0.648438 0.710938
magazine.bmp
41  2.743076 -21.067583 3.996750  -0.798677 0.543836 -0.257599  0.585938 0.703125
41  3.100537 -21.023748 3.376750  -0.015966 0.987618 -0.156066  0.562500 0.570313
41  2.837778 -21.219345 3.396750  -0.907539 0.417227 -0.047912  0.617188 0.570313
barrel.bmp
40  2.071851 -11.037496 0.020675  0.435835 0.809300 -0.393804  0.750000 0.250000
40  2.774905 -10.841582 1.201386  0.435835 0.809300 -0.393804  0.625000 0.500000
40  2.606710 -11.308837 0.054991  0.435835 0.809300 -0.393804  0.625000 0.250000
barrel.bmp
40  2.200650 -12.183023 -0.333782  0.217015 0.310740 -0.925389  0.687500 0.000000
40  2.071851 -11.037496 0.020675  0.217015 0.310740 -0.925389  0.750000 0.250000
40  2.606710 -11.308837 0.054991  0.217015 0.310740 -0.925389  0.625000 0.250000
barrel.bmp
40  2.018501 -10.457848 1.152856  0.431475 0.877161 0.210754  0.750000 0.500000
40  2.606710 -11.054973 2.433861  0.431475 0.877161 0.210754  0.625000 0.750000
40  2.774905 -10.841582 1.201386  0.431475 0.877161 0.210754  0.625000 0.500000
barrel.bmp
40  2.606710 -11.308837 0.054991  0.907803 0.324649 -0.265512  0.625000 0.250000
40  3.194919 -11.905961 1.335996  0.907803 0.324649 -0.265512  0.500000 0.500000
40  2.903704 -12.061465 0.150174  0.907803 0.324649 -0.265512  0.500000 0.250000
barrel.bmp
40  2.200650 -12.183023 -0.333782  0.550151 0.112447 -0.827460  0.562500 0.000000
40  2.606710 -11.308837 0.054991  0.550151 0.112447 -0.827460  0.625000 0.250000
40  2.903704 -12.061465 0.150174  0.550151 0.112447 -0.827460  0.500000 0.250000
barrel.bmp
40  2.774905 -10.841582 1.201386  0.904930 0.381055 0.189471  0.625000 0.500000
40  2.903704 -11.807601 2.529044  0.904930 0.381055 0.189471  0.500000 0.750000
40  3.194919 -11.905961 1.335996  0.904930 0.381055 0.189471  0.500000 0.500000
barrel.bmp
40  2.903704 -12.061465 0.150174  0.962424 -0.166504 -0.214517  0.500000 0.250000
40  3.032503 -13.027484 1.477833  0.962424 -0.166504 -0.214517  0.375000 0.500000
40  2.788859 -12.854503 0.250468  0.962424 -0.166504 -0.214517  0.375000 0.250000
barrel.bmp
40  2.200650 -12.183023 -0.333782  0.578720 -0.184278 -0.794433  0.437500 0.000000
40  2.903704 -12.061465 0.150174  0.578720 -0.184278 -0.794433  0.500000 0.250000
40  2.788859 -12.854503 0.250468  0.578720 -0.184278 -0.794433  0.375000 0.250000
barrel.bmp
40  3.194919 -11.905961 1.335996  0.963624 -0.108669 0.244172  0.500000 0.500000
40  2.788859 -12.600638 2.629338  0.963624 -0.108669 0.244172  0.375000 0.750000
40  3.032503 -13.027484 1.477833  0.963624 -0.108669 0.244172  0.375000 0.500000
barrel.bmp
40  2.788859 -12.854503 0.250468  0.595678 -0.770526 -0.226843  0.375000 0.250000
40  2.382800 -13.549179 1.543811  0.595678 -0.770526 -0.226843  0.250000 0.500000
40  2.329449 -13.223398 0.297122  0.595678 -0.770526 -0.226843  0.250000 0.250000
barrel.bmp
40  2.200650 -12.183023 -0.333782  0.292132 -0.469206 -0.833370  0.312500 0.000000
40  2.788859 -12.854503 0.250468  0.292132 -0.469206 -0.833370  0.375000 0.250000
40  2.329449 -13.223398 0.297122  0.292132 -0.469206 -0.833370  0.250000 0.250000
barrel.bmp
40  3.032503 -13.027484 1.477833  0.601000 -0.699589 0.386490  0.375000 0.500000
40  2.329449 -12.969533 2.675992  0.601000 -0.699589 0.386490  0.250000 0.750000
40  2.382800 -13.549179 1.543811  0.601000 -0.699589 0.386490  0.250000 0.500000
barrel.bmp
40  2.329449 -13.223398 0.297122  -0.431475 -0.877161 -0.210754  0.250000 0.250000
40  1.626395 -13.165446 1.495281  -0.431475 -0.877161 -0.210754  0.125000 0.500000
40  1.794591 -12.952056 0.262806  -0.431475 -0.877161 -0.210754  0.125000 0.250000
barrel.bmp
40  2.200650 -12.183023 -0.333782  -0.213899 -0.525750 -0.823307  0.187500 0.000000
40  2.329449 -13.223398 0.297122  -0.213899 -0.525750 -0.823307  0.250000 0.250000
40  1.794591 -12.952056 0.262806  -0.213899 -0.525750 -0.823307  0.125000 0.250000
barrel.bmp
40  2.382800 -13.549179 1.543811  -0.435833 -0.809300 0.393805  0.250000 0.500000
40  1.794591 -12.698192 2.641675  -0.435833 -0.809300 0.393805  0.125000 0.750000
40  1.626395 -13.165446 1.495281  -0.435833 -0.809300 0.393805  0.125000 0.500000
barrel.bmp
40  1.794591 -12.952056 0.262806  -0.904929 -0.381056 -0.189471  0.125000 0.250000
40  1.206382 -12.101068 1.360671  -0.904929 -0.381056 -0.189471  0.000000 0.500000
40  1.497596 -12.199427 0.167622  -0.904929 -0.381056 -0.189471  0.000000 0.250000
barrel.bmp
40  2.200650 -12.183023 -0.333782  -0.546443 -0.313831 -0.776473  0.062500 0.000000
40  1.794591 -12.952056 0.262806  -0.546443 -0.313831 -0.776473  0.125000 0.250000
40  1.497596 -12.199427 0.167622  -0.546443 -0.313831 -0.776473  0.000000 0.250000
barrel.bmp
40  1.626395 -13.165446 1.495281  -0.907803 -0.324648 0.265512  0.125000 0.500000
40  1.497596 -11.945562 2.546492  -0.907803 -0.324648 0.265512  0.000000 0.750000
40  1.206382 -12.101068 1.360671  -0.907803 -0.324648 0.265512  0.000000 0.500000
barrel.bmp
40  1.206382 -12.101068 1.360671  -0.962423 0.166505 0.214517  1.000000 0.500000
40  1.612441 -11.152527 2.446198  -0.962423 0.166505 0.214517  0.875000 0.750000
40  1.368797 -10.979545 1.218834  -0.962423 0.166505 0.214517  0.875000 0.500000
barrel.bmp
40  1.497596 -12.199427 0.167622  -0.963624 0.108669 -0.244172  1.000000 0.250000
40  1.368797 -10.979545 1.218834  -0.963624 0.108669 -0.244172  0.875000 0.500000
40  1.612441 -11.406390 0.067328  -0.963624 0.108669 -0.244172  0.875000 0.250000
barrel.bmp
40  2.200650 -12.183023 -0.333782  -0.580244 -0.018944 -0.814222  0.937500 0.000000
40  1.497596 -12.199427 0.167622  -0.580244 -0.018944 -0.814222  1.000000 0.250000
40  1.612441 -11.406390 0.067328  -0.580244 -0.018944 -0.814222  0.875000 0.250000
barrel.bmp
40  2.200650 -12.183023 -0.333782  -0.295811 0.251860 -0.921446  0.812500 0.000000
40  1.612441 -11.406390 0.067328  -0.295811 0.251860 -0.921446  0.875000 0.250000
40  2.071851 -11.037496 0.020675  -0.295811 0.251860 -0.921446  0.750000 0.250000
barrel.bmp
40  1.368797 -10.979545 1.218834  -0.595678 0.770525 0.226843  0.875000 0.500000
40  2.071851 -10.783631 2.399544  -0.595678 0.770525 0.226843  0.750000 0.750000
40  2.018501 -10.457848 1.152856  -0.595678 0.770525 0.226843  0.750000 0.500000
barrel.bmp
40  1.612441 -11.406390 0.067328  -0.601000 0.699588 -0.386491  0.875000 0.250000
40  2.018501 -10.457848 1.152856  -0.601000 0.699588 -0.386491  0.750000 0.500000
40  2.071851 -11.037496 0.020675  -0.601000 0.699588 -0.386491  0.750000 0.250000
barrel.bmp
40  2.903704 -11.807601 2.529044  0.548613 0.304318 0.778726  0.500000 0.750000
40  1.794591 -12.698192 2.641675  -0.206065 -0.284849 0.936161  0.125000 0.750000
40  2.788859 -12.600638 2.629338  0.578341 0.012150 0.815704  0.375000 0.750000
barrel.bmp
36  3.686498 -27.499584 4.556916  0.702363 0.081789 -0.707104  1.000000 0.500000
36  3.932671 -26.816133 4.880490  0.702363 0.081789 -0.707104  0.750000 1.000000
36  4.008847 -27.460958 4.881571  0.702363 0.081789 -0.707104  0.750000 0.500000
barrel.bmp
36  4.008847 -27.460958 4.881571  0.702083 0.084126 0.707109  0.750000 0.500000
36  3.610194 -26.853685 5.205144  0.702083 0.084126 0.707109  0.500000 1.000000
36  3.686371 -27.498510 5.206225  0.702083 0.084126 0.707109  0.500000 0.500000
barrel.bmp
36  3.932671 -26.816133 4.880490  -0.117321 0.993093 -0.001656  0.490000 0.250000
36  3.287845 -26.892311 4.880490  -0.117321 0.993093 -0.001656  0.010000 0.250000
36  3.610194 -26.853685 5.205144  -0.117321 0.993093 -0.001656  0.250000 0.010000
barrel.bmp
36  3.686371 -27.498510 5.206225  -0.702366 -0.081789 0.707102  0.500000 0.500000
36  3.287845 -26.892311 4.880490  -0.702366 -0.081789 0.707102  0.250000 1.000000
36  3.364021 -27.537136 4.881571  -0.702366 -0.081789 0.707102  0.250000 0.500000
barrel.bmp
36  3.364021 -27.537136 4.881571  -0.702085 -0.084126 -0.707106  0.250000 0.500000
36  3.610321 -26.854759 4.555835  -0.702085 -0.084126 -0.707106  0.000000 1.000000
36  3.686498 -27.499584 4.556916  -0.702085 -0.084126 -0.707106  0.000000 0.500000
barrel.bmp
36  3.686498 -27.499584 4.556916  0.117320 -0.993093 0.001674  0.750000 0.490000
36  3.686371 -27.498510 5.206225  0.117320 -0.993093 0.001674  0.750000 0.010000
36  3.364021 -27.537136 4.881571  0.117320 -0.993093 0.001674  0.510000 0.250000
barrel.bmp
36  3.450604 -26.958532 4.725852  -0.688020 0.078162 -0.721470  0.617188 0.453125
36  3.669627 -26.937830 4.635851  0.156744 0.191127 -0.968970  0.617188 0.453125
36  3.848829 -26.920889 4.795852  0.911117 0.322107 -0.257125  0.617188 0.500000
barrel.bmp
36  3.848829 -26.920889 4.795852  0.911117 0.322107 -0.257125  0.617188 0.500000
36  3.809006 -26.924654 5.035851  0.589980 0.290231 0.753452  0.617188 0.609375
36  3.589983 -26.945358 5.115851  -0.368733 0.193977 0.909070  0.617188 0.546875
barrel.bmp
36  3.589983 -26.945358 5.115851  -0.368733 0.193977 0.909070  0.617188 0.546875
36  3.400826 -26.963238 4.965851  -0.982707 0.105836 0.151939  0.617188 0.500000
36  3.450604 -26.958532 4.725852  -0.688020 0.078162 -0.721470  0.617188 0.453125
magazine.bmp
40  2.514026 -12.800151 2.642363  0.714856 -0.551596 0.429794  0.445313 0.664063
40  2.105846 -12.838736 2.642363  -0.805874 -0.481433 0.344658  0.445313 0.664063
40  1.928922 -10.967078 2.012364  -0.932644 0.347675 -0.096425  0.132813 0.593750
barrel.bmp
40  2.071851 -11.037496 0.020675  0.435836 0.809300 -0.393803  0.750000 0.250000
40  2.018501 -10.457848 1.152856  0.435836 0.809300 -0.393803  0.750000 0.500000
40  2.774905 -10.841582 1.201386  0.435836 0.809300 -0.393803  0.625000 0.500000
barrel.bmp
40  2.018501 -10.457848 1.152856  0.431474 0.877162 0.210755  0.750000 0.500000
40  2.071851 -10.783631 2.399544  0.431474 0.877162 0.210755  0.750000 0.750000
40  2.606710 -11.054973 2.433861  0.431474 0.877162 0.210755  0.625000 0.750000
barrel.bmp
40  2.606710 -11.308837 0.054991  0.907803 0.324648 -0.265513  0.625000 0.250000
40  2.774905 -10.841582 1.201386  0.907803 0.324648 -0.265513  0.625000 0.500000
40  3.194919 -11.905961 1.335996  0.907803 0.324648 -0.265513  0.500000 0.500000
barrel.bmp
40  2.774905 -10.841582 1.201386  0.904929 0.381056 0.189472  0.625000 0.500000
40  2.606710 -11.054973 2.433861  0.904929 0.381056 0.189472  0.625000 0.750000
40  2.903704 -11.807601 2.529044  0.904929 0.381056 0.189472  0.500000 0.750000
barrel.bmp
40  2.903704 -12.061465 0.150174  0.962423 -0.166505 -0.214518  0.500000 0.250000
40  3.194919 -11.905961 1.335996  0.962423 -0.166505 -0.214518  0.500000 0.500000
40  3.032503 -13.027484 1.477833  0.962423 -0.166505 -0.214518  0.375000 0.500000
barrel.bmp
40  3.194919 -11.905961 1.335996  0.963624 -0.108668 0.244173  0.500000 0.500000
40  2.903704 -11.807601 2.529044  0.963624 -0.108668 0.244173  0.500000 0.750000
40  2.788859 -12.600638 2.629338  0.963624 -0.108668 0.244173  0.375000 0.750000
barrel.bmp
40  2.788859 -12.854503 0.250468  0.595677 -0.770526 -0.226844  0.375000 0.250000
40  3.032503 -13.027484 1.477833  0.595677 -0.770526 -0.226844  0.375000 0.500000
40  2.382800 -13.549179 1.543811  0.595677 -0.770526 -0.226844  0.250000 0.500000
barrel.bmp
40  3.032503 -13.027484 1.477833  0.601000 -0.699588 0.386491  0.375000 0.500000
40  2.788859 -12.600638 2.629338  0.601000 -0.699588 0.386491  0.375000 0.750000
40  2.329449 -12.969533 2.675992  0.601000 -0.699588 0.386491  0.250000 0.750000
barrel.bmp
40  2.329449 -13.223398 0.297122  -0.431473 -0.877162 -0.210755  0.250000 0.250000
40  2.382800 -13.549179 1.543811  -0.431473 -0.877162 -0.210755  0.250000 0.500000
40  1.626395 -13.165446 1.495281  -0.431473 -0.877162 -0.210755  0.125000 0.500000
barrel.bmp
40  2.382800 -13.549179 1.543811  -0.435835 -0.809300 0.393803  0.250000 0.500000
40  2.329449 -12.969533 2.675992  -0.435835 -0.809300 0.393803  0.250000 0.750000
40  1.794591 -12.698192 2.641675  -0.435835 -0.809300 0.393803  0.125000 0.750000
barrel.bmp
40  1.794591 -12.952056 0.262806  -0.904930 -0.381055 -0.189471  0.125000 0.250000
40  1.626395 -13.165446 1.495281  -0.904930 -0.381055 -0.189471  0.125000 0.500000
40  1.206382 -12.101068 1.360671  -0.904930 -0.381055 -0.189471  0.000000 0.500000
barrel.bmp
40  1.626395 -13.165446 1.495281  -0.907803 -0.324649 0.265512  0.125000 0.500000
40  1.794591 -12.698192 2.641675  -0.907803 -0.324649 0.265512  0.125000 0.750000
40  1.497596 -11.945562 2.546492  -0.907803 -0.324649 0.265512  0.000000 0.750000
barrel.bmp
40  1.206382 -12.101068 1.360671  -0.962423 0.166505 0.214518  1.000000 0.500000
40  1.497596 -11.945562 2.546492  -0.962423 0.166505 0.214518  1.000000 0.750000
40  1.612441 -11.152527 2.446198  -0.962423 0.166505 0.214518  0.875000 0.750000
barrel.bmp
40  1.497596 -12.199427 0.167622  -0.963624 0.108669 -0.244173  1.000000 0.250000
40  1.206382 -12.101068 1.360671  -0.963624 0.108669 -0.244173  1.000000 0.500000
40  1.368797 -10.979545 1.218834  -0.963624 0.108669 -0.244173  0.875000 0.500000
barrel.bmp
40  1.368797 -10.979545 1.218834  -0.595678 0.770526 0.226844  0.875000 0.500000
40  1.612441 -11.152527 2.446198  -0.595678 0.770526 0.226844  0.875000 0.750000
40  2.071851 -10.783631 2.399544  -0.595678 0.770526 0.226844  0.750000 0.750000
barrel.bmp
40  1.612441 -11.406390 0.067328  -0.601001 0.699587 -0.386491  0.875000 0.250000
40  1.368797 -10.979545 1.218834  -0.601001 0.699587 -0.386491  0.875000 0.500000
40  2.018501 -10.457848 1.152856  -0.601001 0.699587 -0.386491  0.750000 0.500000
barrel.bmp
40  2.903704 -11.807601 2.529044  0.548632 0.304268 0.778733  0.500000 0.750000
40  2.606710 -11.054973 2.433861  0.206057 0.508947 0.835771  0.625000 0.750000
40  1.497596 -11.945562 2.546492  -0.548606 -0.100773 0.829986  0.000000 0.750000
barrel.bmp
40  2.606710 -11.054973 2.433861  0.206064 0.508942 0.835772  0.625000 0.750000
40  2.071851 -10.783631 2.399544  -0.292574 0.451264 0.843067  0.750000 0.750000
40  1.612441 -11.152527 2.446198  -0.578383 0.191286 0.793021  0.875000 0.750000
barrel.bmp
40  1.497596 -11.945562 2.546492  -0.548576 -0.100851 0.829996  0.000000 0.750000
40  2.606710 -11.054973 2.433861  0.206065 0.508943 0.835772  0.625000 0.750000
40  1.612441 -11.152527 2.446198  -0.578379 0.191309 0.793019  0.875000 0.750000
barrel.bmp
40  1.497596 -11.945562 2.546492  -0.548595 -0.100802 0.829989  0.000000 0.750000
40  1.794591 -12.698192 2.641675  -0.206057 -0.284854 0.936162  0.125000 0.750000
40  2.903704 -11.807601 2.529044  0.548642 0.304239 0.778736  0.500000 0.750000
barrel.bmp
40  1.794591 -12.698192 2.641675  -0.206065 -0.284849 0.936161  0.125000 0.750000
40  2.329449 -12.969533 2.675992  0.292573 -0.227171 0.928867  0.250000 0.750000
40  2.788859 -12.600638 2.629338  0.578344 0.012171 0.815702  0.375000 0.750000
barrel.bmp
36  3.686498 -27.499584 4.556916  0.702362 0.081788 -0.707106  1.000000 0.500000
36  3.610321 -26.854759 4.555835  0.702362 0.081788 -0.707106  1.000000 1.000000
36  3.932671 -26.816133 4.880490  0.702362 0.081788 -0.707106  0.750000 1.000000
barrel.bmp
36  4.008847 -27.460958 4.881571  0.702088 0.084127 0.707103  0.750000 0.500000
36  3.932671 -26.816133 4.880490  0.702088 0.084127 0.707103  0.750000 1.000000
36  3.610194 -26.853685 5.205144  0.702088 0.084127 0.707103  0.500000 1.000000
barrel.bmp
36  3.932671 -26.816133 4.880490  -0.117321 0.993093 -0.001674  0.490000 0.250000
36  3.610321 -26.854759 4.555835  -0.117321 0.993093 -0.001674  0.250000 0.490000
36  3.287845 -26.892311 4.880490  -0.117321 0.993093 -0.001674  0.010000 0.250000
barrel.bmp
36  3.686371 -27.498510 5.206225  -0.702357 -0.081788 0.707110  0.500000 0.500000
36  3.610194 -26.853685 5.205144  -0.702357 -0.081788 0.707110  0.500000 1.000000
36  3.287845 -26.892311 4.880490  -0.702357 -0.081788 0.707110  0.250000 1.000000
barrel.bmp
36  3.364021 -27.537136 4.881571  -0.702086 -0.084127 -0.707105  0.250000 0.500000
36  3.287845 -26.892311 4.880490  -0.702086 -0.084127 -0.707105  0.250000 1.000000
36  3.610321 -26.854759 4.555835  -0.702086 -0.084127 -0.707105  0.000000 1.000000
barrel.bmp
36  3.686498 -27.499584 4.556916  0.117321 -0.993093 0.001656  0.750000 0.490000
36  4.008847 -27.460958 4.881571  0.117321 -0.993093 0.001656  0.990000 0.250000
36  3.686371 -27.498510 5.206225  0.117321 -0.993093 0.001656  0.750000 0.010000
end
