version 1
nodes
0 "Bone04" -1
1 "Bone_Righthand" 0
2 "Bone26" 1
3 "Bone27" 2
4 "Bone28" 3
5 "Bone29" 4
6 "Bone31" 2
7 "Bone32" 6
8 "Bone33" 7
9 "Bone35" 2
10 "Bone36" 9
11 "Bone37" 10
12 "Bone39" 2
13 "Bone40" 12
14 "Bone41" 13
15 "Bone43" 2
16 "Bone44" 15
17 "Bone45" 16
18 "Bone01" -1
19 "Bone_Lefthand" 18
20 "Bone 04" 19
21 "Bone09" 20
22 "Bone10" 21
23 "Bone11" 22
24 "Bone13" 20
25 "Bone14" 24
26 "Bone15" 25
27 "Bone17" 20
28 "Bone18" 27
29 "Bone19" 28
30 "Bone21" 20
31 "Bone22" 30
32 "Bone23" 31
33 "Bone05" 20
34 "Bone06" 33
35 "Bone07" 34
36 "Bone02" 19
37 "Bone03" 36
38 "Bone50" 37
39 "Bone51" 38
40 "Bone25" 37
41 "Bone48" 37
end
skeleton
time 0
0  -3.820917 -18.377752 -0.681956  -0.554982 0.255022 0.648764
1  0.089891 -8.543161 -0.000038  0.512975 0.031482 0.240367
2  -0.000005 -0.359712 -0.000005  0.000009 0.000000 -0.000003
3  -0.308250 -0.007811 0.307167  -0.145114 -0.159879 -2.467101
4  1.978378 0.019569 0.000003  -0.087911 -0.056959 -0.023652
5  0.982426 0.003179 0.000003  -0.000010 0.000001 0.418862
6  -0.827577 -2.508966 -0.277657  -1.396256 -0.000005 -0.000007
7  0.000007 -1.292972 0.000009  -0.445067 0.000002 0.000007
8  0.000002 -0.752466 -0.000002  -0.445059 0.000003 -0.000000
9  -0.170494 -2.636144 -0.277657  -1.692971 0.000004 -0.000006
10  0.010594 -1.261177 -0.000003  -0.253074 0.000004 -0.000001
11  -0.000004 -0.943233 -0.000004  -0.532324 0.000000 -0.000005
12  0.444198 -2.561961 -0.277658  -1.727302 -0.046222 -0.024608
13  0.021018 -1.208185 0.000006  -0.427612 0.000001 -0.000002
14  0.010595 -0.741867 -0.000003  -0.453784 -0.000000 -0.000003
15  1.047433 -2.222826 -0.277657  -1.508119 -0.078968 -0.038611
16  -0.000003 -0.996223 0.000002  -0.863941 0.000003 -0.000003
17  0.000002 -0.614691 0.000001  -0.523597 -0.000010 0.000003
18  4.608666 -4.829769 1.302325  -0.774289 -1.331381 0.567334
19  -0.000005 -8.563283 -0.000001  0.347506 -0.125219 -0.169572
20  -0.003479 -0.404828 -0.000002  0.000003 0.000000 -0.000000
21  -1.123356 -2.195095 -0.278958  -0.933754 0.000001 -0.087264
22  0.010770 -0.963793 -0.000004  -0.610870 -0.000001 -0.000002
23  -0.010412 -0.631916 -0.000005  -1.213001 -0.000001 0.000002
24  -0.519306 -2.501156 -0.278958  -1.003571 0.000001 -0.122171
25  -0.010599 -1.208185 -0.000008  -1.090817 0.000001 -0.000002
26  -0.000000 -0.763065 0.000006  -1.343910 0.000002 -0.000008
27  0.105984 -2.607133 -0.278958  -0.890121 -0.000001 -0.148352
28  0.000001 -1.250578 -0.000005  -1.213005 -0.000001 0.000001
29  0.000000 -0.932635 -0.000004  -1.483523 -0.000000 -0.000002
30  0.763068 -2.490556 -0.278957  -0.235619 0.000000 0.130901
31  -0.012322 -1.280917 -0.000001  -0.349059 -0.000001 -0.000000
32  -0.001697 -0.749371 0.000005  -0.593429 0.000001 0.000001
33  0.354567 0.016267 0.318133  0.342077 -0.443526 -1.083977
34  1.887166 0.012882 -0.000000  -0.305433 0.000002 -0.401416
35  1.001874 -0.000278 -0.000002  -0.000000 0.000000 -0.488694
36  -0.365358 -3.150739 0.772137  -1.247023 1.437611 -1.024389
37  0.000001 2.038373 1.408873  0.000000 -0.000000 0.000000
38  -0.000001 -2.240707 2.058082  0.000003 -0.000000 -0.000000
39  -0.000001 -0.974222 0.000004  -0.000001 0.000000 0.000000
40  -0.000002 -2.855217 0.622003  0.000001 -0.000000 -0.000000
41  -0.000003 -5.238309 0.651980  0.000003 -0.000000 -0.000000
end
triangles
newparts2.bmp
36  2.603831 -15.780365 5.759645  -0.006056 0.978495 -0.206180  0.171875 0.078125
36  2.848885 -15.816734 5.579852  -0.006055 0.978494 -0.206185  0.242188 0.015625
36  2.546834 -15.803711 5.650528  -0.006059 0.978497 -0.206172  0.148438 0.039063
newparts2.bmp
36  2.546834 -15.803711 5.650528  -0.006059 0.978497 -0.206172  0.148438 0.039063
36  2.848885 -15.816734 5.579852  -0.006055 0.978494 -0.206185  0.242188 0.015625
36  2.376899 -15.805668 5.646235  -0.006056 0.978495 -0.206183  0.101563 0.039063
newparts2.bmp
36  2.848885 -15.816734 5.579852  -0.006055 0.978494 -0.206185  0.242188 0.015625
36  2.079182 -15.825597 5.560401  -0.006056 0.978495 -0.206184  0.015625 0.015625
36  2.376899 -15.805668 5.646235  -0.006056 0.978495 -0.206183  0.101563 0.039063
newparts2.bmp
36  2.376899 -15.805668 5.646235  -0.006054 0.978496 -0.206177  0.101563 0.039063
36  2.079182 -15.825597 5.560401  -0.006056 0.978495 -0.206183  0.015625 0.015625
36  2.303946 -15.783818 5.752067  -0.006055 0.978495 -0.206180  0.078125 0.078125
newparts2.bmp
36  2.079182 -15.825597 5.560401  -0.006056 0.978495 -0.206183  0.015625 0.015625
36  2.074035 -15.786466 5.746257  -0.006057 0.978494 -0.206185  0.015625 0.078125
36  2.303946 -15.783818 5.752067  -0.006055 0.978495 -0.206180  0.078125 0.078125
newparts2.bmp
36  2.303277 -16.980072 6.719526  -0.006046 0.978492 -0.206194  0.609375 0.148438
36  2.306799 -17.006845 6.592362  -0.006052 0.978495 -0.206182  0.609375 0.093750
36  2.233304 -16.980877 6.717758  -0.006048 0.978494 -0.206189  0.578125 0.148438
newparts2.bmp
36  2.233304 -16.980877 6.717758  -0.006048 0.978494 -0.206189  0.578125 0.148438
36  2.306799 -17.006845 6.592362  -0.006052 0.978495 -0.206182  0.609375 0.093750
36  2.239806 -17.030306 6.482993  -0.006053 0.978495 -0.206181  0.578125 0.054688
newparts2.bmp
36  2.306799 -17.006845 6.592362  -0.006052 0.978495 -0.206182  0.609375 0.093750
36  2.586691 -17.003624 6.599435  -0.006052 0.978494 -0.206186  0.695313 0.093750
36  2.239806 -17.030306 6.482993  -0.006053 0.978495 -0.206181  0.578125 0.054688
newparts2.bmp
36  2.239806 -17.030306 6.482993  -0.006057 0.978490 -0.206204  0.578125 0.054688
36  2.586691 -17.003624 6.599435  -0.006068 0.978492 -0.206197  0.695313 0.093750
36  2.669640 -17.025356 6.493855  -0.006065 0.978492 -0.206195  0.718750 0.054688
newparts2.bmp
36  2.586691 -17.003624 6.599435  -0.006068 0.978492 -0.206197  0.695313 0.093750
36  2.663139 -16.975927 6.728620  -0.006071 0.978489 -0.206212  0.718750 0.148438
36  2.669640 -17.025356 6.493855  -0.006065 0.978492 -0.206195  0.718750 0.054688
newparts2.bmp
36  2.076336 -16.158293 5.824608  -0.999615 -0.011513 -0.025258  0.359375 0.085938
36  2.075216 -16.727888 6.128518  -0.999615 -0.011513 -0.025258  0.554688 0.156250
36  2.071460 -16.121222 6.000682  -0.999615 -0.011513 -0.025258  0.359375 0.156250
newparts2.bmp
36  2.076336 -16.158293 5.824608  -0.999615 -0.011511 -0.025262  0.359375 0.085938
36  2.084968 -16.802031 5.776370  -0.999615 -0.011511 -0.025259  0.554688 0.015625
36  2.075216 -16.727888 6.128518  -0.999615 -0.011511 -0.025259  0.554688 0.156250
newparts2.bmp
36  2.076336 -16.158293 5.824608  -0.999615 -0.011511 -0.025262  0.359375 0.085938
36  2.079182 -15.825597 5.560401  -0.999615 -0.011509 -0.025261  0.242188 0.015625
36  2.084968 -16.802031 5.776370  -0.999615 -0.011511 -0.025259  0.554688 0.015625
newparts2.bmp
36  2.076336 -16.158293 5.824608  -0.999615 -0.011511 -0.025262  0.359375 0.085938
36  2.074035 -15.786466 5.746257  -0.999615 -0.011508 -0.025260  0.242188 0.085938
36  2.079182 -15.825597 5.560401  -0.999615 -0.011509 -0.025261  0.242188 0.015625
newparts2.bmp
36  2.846040 -16.149431 5.844059  0.999615 0.011511 0.025259  0.359375 0.085938
36  2.848885 -15.816734 5.579852  0.999615 0.011511 0.025259  0.242188 0.015625
36  2.843738 -15.777603 5.765707  0.999615 0.011511 0.025259  0.242188 0.085938
newparts2.bmp
36  2.846040 -16.149431 5.844059  0.999615 0.011510 0.025258  0.359375 0.085938
36  2.854671 -16.793169 5.795820  0.999615 0.011510 0.025259  0.554688 0.015625
36  2.848885 -15.816734 5.579852  0.999615 0.011510 0.025258  0.242188 0.015625
newparts2.bmp
36  2.846040 -16.149431 5.844059  0.999615 0.011510 0.025258  0.359375 0.085938
36  2.844919 -16.719025 6.147968  0.999615 0.011510 0.025259  0.554688 0.156250
36  2.854671 -16.793169 5.795820  0.999615 0.011510 0.025259  0.554688 0.015625
newparts2.bmp
36  2.846040 -16.149431 5.844059  0.999615 0.011510 0.025258  0.359375 0.085938
36  2.841164 -16.112358 6.020132  0.999615 0.011509 0.025258  0.359375 0.156250
36  2.844919 -16.719025 6.147968  0.999615 0.011510 0.025259  0.554688 0.156250
newparts2.bmp
36  2.846040 -16.149431 5.844059  -0.006054 0.978491 -0.206199  0.320313 0.453125
36  2.606132 -16.152193 5.837996  -0.006056 0.978494 -0.206184  0.320313 0.359375
36  2.841164 -16.112358 6.020132  -0.006055 0.978493 -0.206189  0.351563 0.453125
newparts2.bmp
36  2.841164 -16.112358 6.020132  -0.006055 0.978493 -0.206189  0.351563 0.453125
36  2.606132 -16.152193 5.837996  -0.006056 0.978494 -0.206184  0.320313 0.359375
36  2.071460 -16.121222 6.000682  -0.006056 0.978494 -0.206185  0.351563 0.156250
newparts2.bmp
36  2.606132 -16.152193 5.837996  -0.006056 0.978494 -0.206184  0.320313 0.359375
36  2.306248 -16.155645 5.830418  -0.006055 0.978494 -0.206184  0.320313 0.242188
36  2.071460 -16.121222 6.000682  -0.006056 0.978494 -0.206185  0.351563 0.156250
newparts2.bmp
36  2.071460 -16.121222 6.000682  -0.006056 0.978494 -0.206185  0.351563 0.156250
36  2.306248 -16.155645 5.830418  -0.006055 0.978494 -0.206184  0.320313 0.242188
36  2.076336 -16.158293 5.824608  -0.006056 0.978493 -0.206190  0.320313 0.156250
newparts2.bmp
38  2.653698 -15.790433 5.770253  -0.006048 0.978494 -0.206187  0.640625 0.546875
38  2.593721 -15.791123 5.768738  -0.006053 0.978494 -0.206188  0.625000 0.546875
38  2.644217 -15.718349 6.112618  -0.006054 0.978493 -0.206189  0.640625 0.687500
newparts2.bmp
38  2.644217 -15.718349 6.112618  -0.006054 0.978493 -0.206189  0.640625 0.687500
38  2.593721 -15.791123 5.768738  -0.006053 0.978494 -0.206188  0.625000 0.546875
38  2.254367 -15.722837 6.102767  -0.006056 0.978494 -0.206185  0.500000 0.687500
newparts2.bmp
38  2.593721 -15.791123 5.768738  -0.006053 0.978494 -0.206188  0.625000 0.546875
38  2.323825 -15.794230 5.761918  -0.006060 0.978495 -0.206181  0.523438 0.546875
38  2.254367 -15.722837 6.102767  -0.006056 0.978494 -0.206185  0.500000 0.687500
newparts2.bmp
38  2.254367 -15.722837 6.102767  -0.006056 0.978494 -0.206185  0.500000 0.687500
38  2.323825 -15.794230 5.761918  -0.006060 0.978495 -0.206181  0.523438 0.546875
38  2.263848 -15.794922 5.760402  -0.006069 0.978494 -0.206187  0.500000 0.546875
newparts2.bmp
38  2.593721 -15.791123 5.768738  0.027089 -0.205110 -0.978364  0.648438 0.546875
38  2.653698 -15.790433 5.770253  0.027089 -0.205110 -0.978364  0.648438 0.546875
38  2.599657 -16.750048 5.970801  0.027089 -0.205110 -0.978364  0.976563 0.546875
newparts2.bmp
38  2.599657 -16.750048 5.970801  0.027086 -0.205204 -0.978344  0.976563 0.546875
38  2.653698 -15.790433 5.770253  0.027084 -0.205111 -0.978364  0.648438 0.546875
38  2.779588 -16.747974 5.975348  0.027086 -0.205204 -0.978344  0.976563 0.546875
newparts2.bmp
38  2.653698 -15.790433 5.770253  0.027084 -0.205111 -0.978364  0.648438 0.546875
38  2.774379 -15.906470 5.798027  0.027085 -0.205955 -0.978186  0.695313 0.546875
38  2.779588 -16.747974 5.975348  0.027086 -0.205204 -0.978344  0.976563 0.546875
newparts2.bmp
38  2.323825 -15.794230 5.761918  0.027084 -0.205205 -0.978344  0.648438 0.546875
38  2.329761 -16.753155 5.963981  0.027085 -0.205111 -0.978364  0.976563 0.546875
38  2.263848 -15.794922 5.760402  0.027085 -0.205064 -0.978374  0.648438 0.546875
newparts2.bmp
38  2.263848 -15.794922 5.760402  0.027085 -0.205064 -0.978374  0.648438 0.546875
38  2.329761 -16.753155 5.963981  0.027085 -0.205111 -0.978364  0.976563 0.546875
38  2.144621 -15.913722 5.782113  0.027096 -0.205954 -0.978186  0.695313 0.546875
newparts2.bmp
38  2.329761 -16.753155 5.963981  0.027085 -0.205111 -0.978364  0.976563 0.546875
38  2.149830 -16.755226 5.959434  0.027089 -0.205956 -0.978186  0.976563 0.546875
38  2.144621 -15.913722 5.782113  0.027096 -0.205954 -0.978186  0.695313 0.546875
newparts2.bmp
36  2.307699 -17.694372 6.870042  0.999615 0.011512 0.025260  0.953125 0.132813
36  2.311160 -17.711361 6.740817  0.999615 0.011512 0.025260  0.953125 0.093750
36  2.301776 -17.071230 6.820461  0.999615 0.011512 0.025260  0.757813 0.171875
newparts2.bmp
36  2.301776 -17.071230 6.820461  0.999615 0.011511 0.025263  0.757813 0.171875
36  2.311160 -17.711361 6.740817  0.999615 0.011511 0.025262  0.953125 0.093750
36  2.303277 -16.980072 6.719526  0.999615 0.011511 0.025262  0.718750 0.148438
newparts2.bmp
36  2.311160 -17.711361 6.740817  0.999615 0.011511 0.025262  0.953125 0.093750
36  2.306799 -17.006845 6.592362  0.999615 0.011511 0.025262  0.718750 0.093750
36  2.303277 -16.980072 6.719526  0.999615 0.011511 0.025262  0.718750 0.148438
newparts2.bmp
36  2.586691 -17.003624 6.599435  -0.999615 -0.011511 -0.025262  0.726563 0.328125
36  2.591052 -17.708139 6.747889  -0.999615 -0.011511 -0.025259  0.953125 0.328125
36  2.583169 -16.976849 6.726599  -0.999615 -0.011511 -0.025262  0.726563 0.382813
newparts2.bmp
36  2.583169 -16.976849 6.726599  -0.999615 -0.011511 -0.025262  0.726563 0.382813
36  2.591052 -17.708139 6.747889  -0.999615 -0.011511 -0.025259  0.953125 0.328125
36  2.581668 -17.068007 6.827534  -0.999615 -0.011511 -0.025262  0.757813 0.414063
newparts2.bmp
36  2.591052 -17.708139 6.747889  -0.999615 -0.011511 -0.025259  0.953125 0.328125
36  2.587862 -17.693209 6.867333  -0.999615 -0.011511 -0.025258  0.953125 0.375000
36  2.581668 -17.068007 6.827534  -0.999615 -0.011511 -0.025262  0.757813 0.414063
newparts2.bmp
36  2.667500 -17.680445 6.877074  0.999615 0.011511 0.025257  0.945313 0.132813
36  2.674001 -17.729874 6.642309  0.999615 0.011511 0.025258  0.945313 0.046875
36  2.661638 -17.067085 6.829555  0.999615 0.011510 0.025260  0.757813 0.171875
newparts2.bmp
36  2.661638 -17.067085 6.829555  0.999615 0.011510 0.025260  0.757813 0.171875
36  2.674001 -17.729874 6.642309  0.999615 0.011511 0.025258  0.945313 0.046875
36  2.663139 -16.975927 6.728620  0.999615 0.011510 0.025259  0.718750 0.148438
newparts2.bmp
36  2.674001 -17.729874 6.642309  0.999615 0.011511 0.025258  0.945313 0.046875
36  2.669640 -17.025356 6.493855  0.999615 0.011510 0.025257  0.718750 0.046875
36  2.663139 -16.975927 6.728620  0.999615 0.011510 0.025259  0.718750 0.148438
newparts2.bmp
38  2.140349 -16.683144 6.301799  -0.661169 0.150770 0.734932  0.976563 0.695313
38  2.257323 -16.659107 6.412431  -0.661169 0.150773 0.734931  0.976563 0.750000
38  2.135140 -15.841638 6.124478  -0.661169 0.150772 0.734931  0.695313 0.695313
newparts2.bmp
38  2.135140 -15.841638 6.124478  -0.661138 0.150778 0.734958  0.695313 0.695313
38  2.257323 -16.659107 6.412431  -0.661138 0.150778 0.734957  0.976563 0.750000
38  2.252114 -15.817602 6.235110  -0.661138 0.150775 0.734958  0.695313 0.750000
newparts2.bmp
38  2.254367 -15.722837 6.102767  -0.722338 0.672399 -0.161577  0.500000 0.687500
38  2.263848 -15.794922 5.760402  -0.722339 0.672397 -0.161579  0.500000 0.546875
38  2.135140 -15.841638 6.124478  -0.722338 0.672398 -0.161578  0.453125 0.687500
newparts2.bmp
38  2.135140 -15.841638 6.124478  -0.722338 0.672398 -0.161578  0.453125 0.687500
38  2.263848 -15.794922 5.760402  -0.722339 0.672397 -0.161579  0.500000 0.546875
38  2.144621 -15.913722 5.782113  -0.722340 0.672398 -0.161575  0.453125 0.546875
newparts2.bmp
38  2.144621 -15.913722 5.782113  -0.999622 -0.010150 -0.025547  0.695313 0.546875
38  2.149830 -16.755226 5.959434  -0.999622 -0.010103 -0.025557  0.976563 0.546875
38  2.135140 -15.841638 6.124478  -0.999622 -0.010104 -0.025557  0.695313 0.695313
newparts2.bmp
38  2.135140 -15.841638 6.124478  -0.999622 -0.010104 -0.025557  0.695313 0.695313
38  2.149830 -16.755226 5.959434  -0.999622 -0.010103 -0.025557  0.976563 0.546875
38  2.140349 -16.683144 6.301799  -0.999622 -0.010244 -0.025526  0.976563 0.695313
newparts2.bmp
38  2.641963 -15.813112 6.244962  0.610723 0.165135 0.774433  0.695313 0.914063
38  2.647172 -16.654617 6.422282  0.610717 0.165135 0.774439  0.976563 0.914063
38  2.764897 -15.834387 6.140392  0.610723 0.165130 0.774435  0.695313 0.984375
newparts2.bmp
38  2.764897 -15.834387 6.140392  0.610723 0.165130 0.774435  0.695313 0.984375
38  2.647172 -16.654617 6.422282  0.610717 0.165135 0.774439  0.976563 0.914063
38  2.770106 -16.675892 6.317713  0.610716 0.165133 0.774440  0.976563 0.984375
newparts2.bmp
38  2.770106 -16.675892 6.317713  0.999622 0.010150 0.025547  0.976563 0.695313
38  2.779588 -16.747974 5.975348  0.999623 0.010056 0.025566  0.976563 0.546875
38  2.764897 -15.834387 6.140392  0.999622 0.010150 0.025548  0.695313 0.695313
newparts2.bmp
38  2.764897 -15.834387 6.140392  0.999621 0.010338 0.025507  0.695313 0.695313
38  2.779588 -16.747974 5.975348  0.999622 0.010150 0.025547  0.976563 0.546875
38  2.774379 -15.906470 5.798027  0.999622 0.010150 0.025547  0.695313 0.546875
newparts2.bmp
38  2.774379 -15.906470 5.798027  0.713912 0.688937 -0.125281  0.695313 0.546875
38  2.653698 -15.790433 5.770253  0.713912 0.688936 -0.125282  0.640625 0.546875
38  2.764897 -15.834387 6.140392  0.713913 0.688936 -0.125281  0.695313 0.687500
newparts2.bmp
38  2.764897 -15.834387 6.140392  0.713913 0.688936 -0.125281  0.695313 0.687500
38  2.653698 -15.790433 5.770253  0.713912 0.688936 -0.125282  0.640625 0.546875
38  2.644217 -15.718349 6.112618  0.713913 0.688935 -0.125283  0.640625 0.687500
newparts2.bmp
38  2.257323 -16.659107 6.412431  -0.021506 0.204845 0.978558  0.976563 0.750000
38  2.647172 -16.654617 6.422282  -0.021506 0.204846 0.978558  0.976563 0.914063
38  2.252114 -15.817602 6.235110  -0.021506 0.204845 0.978558  0.695313 0.750000
newparts2.bmp
38  2.252114 -15.817602 6.235110  -0.021461 0.204837 0.978561  0.695313 0.750000
38  2.647172 -16.654617 6.422282  -0.021461 0.204837 0.978561  0.976563 0.914063
38  2.641963 -15.813112 6.244962  -0.021461 0.204837 0.978561  0.695313 0.914063
newparts2.bmp
38  2.252114 -15.817602 6.235110  -0.022755 0.771577 0.635730  0.500000 0.757813
38  2.641963 -15.813112 6.244962  -0.022749 0.771552 0.635760  0.640625 0.757813
38  2.254367 -15.722837 6.102767  -0.022750 0.771548 0.635764  0.500000 0.687500
newparts2.bmp
38  2.254367 -15.722837 6.102767  -0.022750 0.771548 0.635764  0.500000 0.687500
38  2.641963 -15.813112 6.244962  -0.022749 0.771552 0.635760  0.640625 0.757813
38  2.644217 -15.718349 6.112618  -0.022755 0.771554 0.635757  0.640625 0.687500
newparts2.bmp
36  2.074035 -15.786466 5.746257  -0.030783 0.205910 0.978087  0.195313 0.156250
36  2.076336 -16.158293 5.824608  -0.030779 0.205913 0.978086  0.320313 0.156250
36  2.303946 -15.783818 5.752067  -0.030781 0.205911 0.978086  0.195313 0.242188
newparts2.bmp
36  2.303946 -15.783818 5.752067  -0.030781 0.205911 0.978086  0.195313 0.242188
36  2.076336 -16.158293 5.824608  -0.030779 0.205913 0.978086  0.320313 0.156250
36  2.306248 -16.155645 5.830418  -0.030824 0.205910 0.978085  0.320313 0.242188
newparts2.bmp
36  2.843738 -15.777603 5.765707  -0.030821 0.205912 0.978085  0.195313 0.453125
36  2.603831 -15.780365 5.759645  -0.030777 0.205910 0.978087  0.195313 0.359375
36  2.846040 -16.149431 5.844059  -0.030780 0.205910 0.978087  0.320313 0.453125
newparts2.bmp
36  2.846040 -16.149431 5.844059  -0.030780 0.205910 0.978087  0.320313 0.453125
36  2.603831 -15.780365 5.759645  -0.030777 0.205910 0.978087  0.195313 0.359375
36  2.606132 -16.152193 5.837996  -0.030784 0.205912 0.978086  0.320313 0.359375
newparts2.bmp
36  2.606132 -16.152193 5.837996  -0.850444 0.103429 0.515798  0.320313 0.359375
36  2.603831 -15.780365 5.759645  -0.850443 0.103422 0.515801  0.195313 0.359375
36  2.549135 -16.175539 5.728879  -0.850444 0.103426 0.515799  0.289063 0.335938
newparts2.bmp
36  2.549135 -16.175539 5.728879  -0.850444 0.103426 0.515799  0.289063 0.335938
36  2.603831 -15.780365 5.759645  -0.850443 0.103422 0.515801  0.195313 0.359375
36  2.546834 -15.803711 5.650528  -0.850443 0.103426 0.515801  0.195313 0.335938
newparts2.bmp
36  2.546834 -15.803711 5.650528  -0.030772 0.205911 0.978087  0.195313 0.335938
36  2.376899 -15.805668 5.646235  -0.030772 0.205910 0.978087  0.195313 0.273438
36  2.549135 -16.175539 5.728879  -0.030772 0.205910 0.978087  0.289063 0.335938
newparts2.bmp
36  2.549135 -16.175539 5.728879  -0.030772 0.205910 0.978087  0.289063 0.335938
36  2.376899 -15.805668 5.646235  -0.030772 0.205910 0.978087  0.195313 0.273438
36  2.379201 -16.177496 5.724586  -0.030772 0.205911 0.978087  0.289063 0.273438
newparts2.bmp
36  2.306248 -16.155645 5.830418  0.826153 0.121068 0.550284  0.320313 0.242188
36  2.379201 -16.177496 5.724586  0.826154 0.121068 0.550284  0.289063 0.273438
36  2.303946 -15.783818 5.752067  0.826154 0.121068 0.550283  0.195313 0.242188
newparts2.bmp
36  2.303946 -15.783818 5.752067  0.826154 0.121068 0.550283  0.195313 0.242188
36  2.379201 -16.177496 5.724586  0.826154 0.121068 0.550284  0.289063 0.273438
36  2.376899 -15.805668 5.646235  0.826154 0.121068 0.550283  0.195313 0.273438
newparts2.bmp
36  2.606132 -16.152193 5.837996  -0.006056 0.978494 -0.206184  0.320313 0.359375
36  2.549135 -16.175539 5.728879  -0.006055 0.978493 -0.206193  0.289063 0.335938
36  2.306248 -16.155645 5.830418  -0.006055 0.978494 -0.206184  0.320313 0.242188
newparts2.bmp
36  2.306248 -16.155645 5.830418  -0.006055 0.978494 -0.206184  0.320313 0.242188
36  2.549135 -16.175539 5.728879  -0.006055 0.978493 -0.206193  0.289063 0.335938
36  2.379201 -16.177496 5.724586  -0.006058 0.978494 -0.206189  0.289063 0.273438
newparts2.bmp
36  2.841164 -16.112358 6.020132  -0.030781 0.205911 0.978087  0.351563 0.453125
36  2.071460 -16.121222 6.000682  -0.030781 0.205910 0.978087  0.351563 0.156250
36  2.844919 -16.719025 6.147968  -0.030781 0.205910 0.978087  0.554688 0.453125
newparts2.bmp
36  2.844919 -16.719025 6.147968  -0.030778 0.205910 0.978087  0.554688 0.453125
36  2.071460 -16.121222 6.000682  -0.030778 0.205910 0.978087  0.351563 0.156250
36  2.075216 -16.727888 6.128518  -0.030778 0.205911 0.978087  0.554688 0.156250
newparts2.bmp
38  2.593721 -15.791123 5.768738  -0.006053 0.978494 -0.206188  0.625000 0.546875
38  2.536182 -15.810349 5.679185  -0.006055 0.978493 -0.206191  0.593750 0.507813
38  2.323825 -15.794230 5.761918  -0.006060 0.978495 -0.206181  0.523438 0.546875
newparts2.bmp
38  2.323825 -15.794230 5.761918  -0.006060 0.978495 -0.206181  0.523438 0.546875
38  2.536182 -15.810349 5.679185  -0.006055 0.978493 -0.206191  0.593750 0.507813
38  2.376244 -15.812191 5.675144  -0.006057 0.978498 -0.206168  0.539063 0.507813
newparts2.bmp
38  2.536182 -15.810349 5.679185  0.027084 -0.205063 -0.978374  0.648438 0.492188
38  2.542118 -16.769274 5.881248  0.027084 -0.205063 -0.978374  0.976563 0.500000
38  2.376244 -15.812191 5.675144  0.027084 -0.205063 -0.978374  0.648438 0.492188
newparts2.bmp
38  2.376244 -15.812191 5.675144  0.027084 -0.205063 -0.978374  0.648438 0.492188
38  2.542118 -16.769274 5.881248  0.027084 -0.205063 -0.978374  0.976563 0.500000
38  2.392176 -16.771000 5.877460  0.027084 -0.205110 -0.978364  0.976563 0.500000
newparts2.bmp
38  2.542118 -16.769274 5.881248  0.850409 -0.104909 -0.515557  0.976563 0.500000
38  2.536182 -15.810349 5.679185  0.850404 -0.104903 -0.515566  0.648438 0.492188
38  2.599657 -16.750048 5.970801  0.850409 -0.104908 -0.515557  0.976563 0.546875
newparts2.bmp
38  2.599657 -16.750048 5.970801  0.850409 -0.104908 -0.515557  0.976563 0.546875
38  2.536182 -15.810349 5.679185  0.850404 -0.104903 -0.515566  0.648438 0.492188
38  2.593721 -15.791123 5.768738  0.850403 -0.104908 -0.515567  0.648438 0.546875
newparts2.bmp
38  2.376244 -15.812191 5.675144  -0.832192 -0.119751 -0.541402  0.648438 0.492188
38  2.392176 -16.771000 5.877460  -0.832196 -0.119838 -0.541376  0.976563 0.500000
38  2.323825 -15.794230 5.761918  -0.832206 -0.119745 -0.541382  0.648438 0.546875
newparts2.bmp
38  2.323825 -15.794230 5.761918  -0.832206 -0.119745 -0.541382  0.648438 0.546875
38  2.392176 -16.771000 5.877460  -0.832196 -0.119838 -0.541376  0.976563 0.500000
38  2.329761 -16.753155 5.963981  -0.832186 -0.119746 -0.541413  0.976563 0.546875
newparts2.bmp
36  2.239806 -17.030306 6.482993  -0.999615 -0.011509 -0.025261  0.718750 0.046875
36  2.244227 -17.744608 6.633510  -0.999615 -0.011510 -0.025259  0.953125 0.046875
36  2.233304 -16.980877 6.717758  -0.999615 -0.011509 -0.025261  0.718750 0.148438
newparts2.bmp
36  2.233304 -16.980877 6.717758  -0.999615 -0.011509 -0.025261  0.718750 0.148438
36  2.244227 -17.744608 6.633510  -0.999615 -0.011510 -0.025259  0.953125 0.046875
36  2.231803 -17.072035 6.818693  -0.999615 -0.011510 -0.025260  0.757813 0.171875
newparts2.bmp
36  2.586691 -17.003624 6.599435  -0.030781 0.205910 0.978087  0.726563 0.328125
36  2.306799 -17.006845 6.592362  -0.030781 0.205910 0.978087  0.726563 0.218750
36  2.591052 -17.708139 6.747889  -0.030781 0.205910 0.978087  0.953125 0.328125
newparts2.bmp
36  2.591052 -17.708139 6.747889  -0.030729 0.205911 0.978088  0.953125 0.328125
36  2.306799 -17.006845 6.592362  -0.030345 0.205915 0.978099  0.726563 0.218750
36  2.311160 -17.711361 6.740817  -0.030249 0.205917 0.978102  0.953125 0.218750
newparts2.bmp
36  2.583169 -16.976849 6.726599  -0.025164 0.759833 0.649632  0.695313 0.148438
36  2.581668 -17.068007 6.827534  -0.025166 0.759829 0.649635  0.695313 0.195313
36  2.663139 -16.975927 6.728620  -0.025166 0.759831 0.649634  0.718750 0.148438
newparts2.bmp
36  2.663139 -16.975927 6.728620  -0.025166 0.759831 0.649634  0.718750 0.148438
36  2.581668 -17.068007 6.827534  -0.025166 0.759829 0.649635  0.695313 0.195313
36  2.661638 -17.067085 6.829555  -0.025176 0.759827 0.649637  0.718750 0.195313
newparts2.bmp
36  2.303277 -16.980072 6.719526  -0.025164 0.759834 0.649630  0.609375 0.148438
36  2.233304 -16.980877 6.717758  -0.025166 0.759838 0.649625  0.578125 0.148438
36  2.301776 -17.071230 6.820461  -0.025154 0.759843 0.649620  0.609375 0.195313
newparts2.bmp
36  2.301776 -17.071230 6.820461  -0.025154 0.759843 0.649620  0.609375 0.195313
36  2.233304 -16.980877 6.717758  -0.025166 0.759838 0.649625  0.578125 0.148438
36  2.231803 -17.072035 6.818693  -0.025165 0.759846 0.649616  0.578125 0.195313
newparts2.bmp
36  2.661638 -17.067085 6.829555  -0.039411 0.072922 0.996559  0.757813 0.453125
36  2.581668 -17.068007 6.827534  -0.039408 0.072913 0.996559  0.757813 0.414063
36  2.667500 -17.680445 6.877074  -0.039408 0.072910 0.996560  0.953125 0.421875
newparts2.bmp
36  2.667500 -17.680445 6.877074  -0.039440 0.072901 0.996559  0.953125 0.421875
36  2.581668 -17.068007 6.827534  -0.039488 0.072901 0.996557  0.757813 0.414063
36  2.587862 -17.693209 6.867333  -0.039440 0.072908 0.996559  0.953125 0.375000
newparts2.bmp
36  2.307699 -17.694372 6.870042  -0.039413 0.072911 0.996559  0.953125 0.164063
36  2.301776 -17.071230 6.820461  -0.039411 0.072926 0.996558  0.750000 0.203125
36  2.237726 -17.695179 6.868274  -0.039413 0.072913 0.996559  0.953125 0.132813
newparts2.bmp
36  2.237726 -17.695179 6.868274  -0.039413 0.072913 0.996559  0.953125 0.132813
36  2.301776 -17.071230 6.820461  -0.039411 0.072926 0.996558  0.750000 0.203125
36  2.231803 -17.072035 6.818693  -0.039405 0.072915 0.996559  0.750000 0.171875
newparts2.bmp
36  2.370407 -17.509306 6.679469  0.016080 -0.981853 -0.188961  0.710938 0.234375
36  2.540341 -17.507349 6.683764  0.016080 -0.981857 -0.188939  0.617188 0.234375
36  2.368692 -17.524244 6.754128  0.016081 -0.981854 -0.188953  0.687500 0.234375
newparts2.bmp
36  2.368692 -17.524244 6.754128  0.016081 -0.981854 -0.188953  0.687500 0.234375
36  2.540341 -17.507349 6.683764  0.016080 -0.981857 -0.188939  0.617188 0.234375
36  2.538627 -17.522287 6.758421  0.016081 -0.981850 -0.188977  0.617188 0.234375
newparts2.bmp
36  2.364223 -17.135941 6.754031  -0.016082 0.981853 0.188961  0.710938 0.390625
36  2.362509 -17.150879 6.828690  -0.016080 0.981855 0.188952  0.687500 0.359375
36  2.534158 -17.133984 6.758326  -0.016081 0.981849 0.188984  0.617188 0.390625
newparts2.bmp
36  2.534158 -17.133984 6.758326  -0.016081 0.981849 0.188984  0.617188 0.390625
36  2.362509 -17.150879 6.828690  -0.016080 0.981855 0.188952  0.687500 0.359375
36  2.532443 -17.148922 6.832984  -0.016083 0.981850 0.188975  0.617188 0.359375
newparts2.bmp
36  2.534158 -17.133984 6.758326  0.999615 0.011508 0.025264  0.617188 0.390625
36  2.532443 -17.148922 6.832984  0.999615 0.011509 0.025263  0.617188 0.359375
36  2.540341 -17.507349 6.683764  0.999615 0.011514 0.025254  0.617188 0.234375
newparts2.bmp
36  2.540341 -17.507349 6.683764  0.999615 0.011514 0.025254  0.617188 0.234375
36  2.532443 -17.148922 6.832984  0.999615 0.011509 0.025263  0.617188 0.359375
36  2.538627 -17.522287 6.758421  0.999615 0.011514 0.025253  0.617188 0.234375
newparts2.bmp
36  2.364223 -17.135941 6.754031  -0.999615 -0.011514 -0.025252  0.710938 0.390625
36  2.370407 -17.509306 6.679469  -0.999615 -0.011509 -0.025265  0.710938 0.234375
36  2.362509 -17.150879 6.828690  -0.999615 -0.011513 -0.025254  0.687500 0.359375
newparts2.bmp
36  2.362509 -17.150879 6.828690  -0.999615 -0.011513 -0.025254  0.687500 0.359375
36  2.370407 -17.509306 6.679469  -0.999615 -0.011509 -0.025265  0.710938 0.234375
36  2.368692 -17.524244 6.754128  -0.999615 -0.011509 -0.025267  0.687500 0.234375
newparts2.bmp
36  2.368692 -17.524244 6.754128  -0.022626 -0.189324 0.981654  0.687500 0.234375
36  2.538627 -17.522287 6.758421  -0.022613 -0.189278 0.981663  0.617188 0.234375
36  2.362509 -17.150879 6.828690  -0.022627 -0.189326 0.981654  0.687500 0.359375
newparts2.bmp
36  2.362509 -17.150879 6.828690  -0.022627 -0.189326 0.981654  0.687500 0.359375
36  2.538627 -17.522287 6.758421  -0.022613 -0.189278 0.981663  0.617188 0.234375
36  2.532443 -17.148922 6.832984  -0.022627 -0.189327 0.981653  0.617188 0.359375
newparts2.bmp
36  2.370407 -17.509306 6.679469  0.022627 0.189278 -0.981663  0.710938 0.234375
36  2.364223 -17.135941 6.754031  0.022627 0.189325 -0.981654  0.710938 0.390625
36  2.540341 -17.507349 6.683764  0.022626 0.189325 -0.981654  0.617188 0.234375
newparts2.bmp
36  2.540341 -17.507349 6.683764  0.022626 0.189325 -0.981654  0.617188 0.234375
36  2.364223 -17.135941 6.754031  0.022627 0.189325 -0.981654  0.710938 0.390625
36  2.534158 -17.133984 6.758326  0.022626 0.189278 -0.981663  0.617188 0.390625
newparts2.bmp
38  2.135140 -15.841638 6.124478  -0.565043 0.643885 0.515886  0.453125 0.687500
38  2.252114 -15.817602 6.235110  -0.565043 0.643886 0.515886  0.500000 0.757813
38  2.254367 -15.722837 6.102767  -0.565039 0.643888 0.515886  0.500000 0.687500
newparts2.bmp
38  2.644217 -15.718349 6.112618  0.517732 0.653048 0.552705  0.640625 0.687500
38  2.641963 -15.813112 6.244962  0.517731 0.653048 0.552705  0.640625 0.757813
38  2.764897 -15.834387 6.140392  0.517728 0.653051 0.552705  0.695313 0.687500
newparts2.bmp
36  2.848885 -15.816734 5.579852  -0.006055 0.978494 -0.206185  0.242188 0.015625
36  2.603831 -15.780365 5.759645  -0.006056 0.978495 -0.206180  0.171875 0.078125
36  2.843738 -15.777603 5.765707  -0.006054 0.978493 -0.206191  0.242188 0.078125
newparts2.bmp
36  2.231803 -17.072035 6.818693  -0.999615 -0.011510 -0.025260  0.750000 0.171875
36  2.244227 -17.744608 6.633510  -0.999615 -0.011510 -0.025259  0.953125 0.046875
36  2.237726 -17.695179 6.868274  -0.999615 -0.011511 -0.025257  0.953125 0.132813
newparts2.bmp
36  2.583169 -16.976849 6.726599  -0.006066 0.978485 -0.206227  0.695313 0.148438
36  2.663139 -16.975927 6.728620  -0.006071 0.978489 -0.206212  0.718750 0.148438
36  2.586691 -17.003624 6.599435  -0.006068 0.978492 -0.206197  0.695313 0.093750
scope.bmp
36  3.422527 -22.898142 8.671273  0.986960 0.131045 -0.093469  0.828125 0.500000
36  3.145831 -22.773443 9.271181  0.731465 0.309553 0.607565  0.828125 0.750000
36  3.435004 -24.913839 9.096019  0.984539 0.041809 0.170101  0.992188 0.500000
scope.bmp
36  3.435004 -24.913839 9.096019  0.984539 0.041809 0.170101  0.992188 0.500000
36  3.145831 -22.773443 9.271181  0.731465 0.309553 0.607565  0.828125 0.750000
36  3.158308 -24.789141 9.695927  0.557052 0.174460 0.811947  0.992188 0.750000
scope.bmp
36  3.145831 -22.773443 9.271181  0.731465 0.309553 0.607565  0.828125 0.750000
36  2.509030 -22.727148 9.509596  0.035285 0.363950 0.930750  0.828125 0.984375
36  3.158308 -24.789141 9.695927  0.557052 0.174460 0.811947  0.992188 0.750000
scope.bmp
36  3.158308 -24.789141 9.695927  0.557052 0.174460 0.811947  0.992188 0.750000
36  2.509030 -22.727148 9.509596  0.035285 0.363950 0.930750  0.828125 0.984375
36  2.521508 -24.742844 9.934340  -0.151302 0.202875 0.967445  0.992188 0.984375
scope.bmp
36  2.509030 -22.727148 9.509596  0.035285 0.363950 0.930750  0.828125 0.984375
36  1.896313 -22.787832 9.239607  -0.635067 0.290451 0.715771  0.828125 0.750000
36  2.521508 -24.742844 9.934340  -0.151302 0.202875 0.967445  0.992188 0.984375
scope.bmp
36  2.521508 -24.742844 9.934340  -0.151302 0.202875 0.967445  0.992188 0.984375
36  1.896313 -22.787832 9.239607  -0.635067 0.290451 0.715771  0.828125 0.750000
36  1.908790 -24.803530 9.664351  -0.794271 0.120563 0.595481  0.992188 0.750000
scope.bmp
36  1.896313 -22.787832 9.239607  -0.635067 0.290451 0.715771  0.828125 0.750000
36  1.663205 -22.918402 8.626816  -0.974256 0.200785 0.102516  0.828125 0.500000
36  1.908790 -24.803530 9.664351  -0.794271 0.120563 0.595481  0.992188 0.750000
scope.bmp
36  1.908790 -24.803530 9.664351  -0.794271 0.120563 0.595481  0.992188 0.750000
36  1.663205 -22.918402 8.626816  -0.974256 0.200785 0.102516  0.828125 0.500000
36  1.675682 -24.934097 9.051560  -0.984536 -0.042019 -0.170070  0.992188 0.500000
scope.bmp
36  1.663205 -22.918402 8.626816  -0.974256 0.200785 0.102516  0.828125 0.500000
36  1.930175 -23.045275 8.016873  -0.733540 0.029688 -0.678997  0.828125 0.250000
36  1.675682 -24.934097 9.051560  -0.984536 -0.042019 -0.170070  0.992188 0.500000
scope.bmp
36  1.675682 -24.934097 9.051560  -0.984536 -0.042019 -0.170070  0.992188 0.500000
36  1.930175 -23.045275 8.016873  -0.733540 0.029688 -0.678997  0.828125 0.250000
36  1.942652 -25.060972 8.441618  -0.557076 -0.174600 -0.811900  0.992188 0.250000
scope.bmp
36  1.930175 -23.045275 8.016873  -0.733540 0.029688 -0.678997  0.828125 0.250000
36  2.556980 -23.091686 7.778206  -0.037300 -0.042594 -0.998396  0.828125 0.015625
36  1.942652 -25.060972 8.441618  -0.557076 -0.174600 -0.811900  0.992188 0.250000
scope.bmp
36  1.942652 -25.060972 8.441618  -0.557076 -0.174600 -0.811900  0.992188 0.250000
36  2.556980 -23.091686 7.778206  -0.037300 -0.042594 -0.998396  0.828125 0.015625
36  2.569457 -25.107384 8.202950  0.151305 -0.202823 -0.967455  0.992188 0.015625
scope.bmp
36  2.556980 -23.091686 7.778206  -0.037300 -0.042594 -0.998396  0.828125 0.015625
36  3.179694 -23.030886 8.048449  0.672231 0.026586 -0.739864  0.828125 0.250000
36  2.569457 -25.107384 8.202950  0.151305 -0.202823 -0.967455  0.992188 0.015625
scope.bmp
36  2.569457 -25.107384 8.202950  0.151305 -0.202823 -0.967455  0.992188 0.015625
36  3.179694 -23.030886 8.048449  0.672231 0.026586 -0.739864  0.828125 0.250000
36  3.192171 -25.046583 8.473193  0.794276 -0.120600 -0.595467  0.992188 0.250000
scope.bmp
36  3.179694 -23.030886 8.048449  0.672231 0.026586 -0.739864  0.828125 0.250000
36  3.422527 -22.898142 8.671273  0.986960 0.131045 -0.093469  0.828125 0.500000
36  3.192171 -25.046583 8.473193  0.794276 -0.120600 -0.595467  0.992188 0.250000
scope.bmp
36  3.192171 -25.046583 8.473193  0.794276 -0.120600 -0.595467  0.992188 0.250000
36  3.422527 -22.898142 8.671273  0.986960 0.131045 -0.093469  0.828125 0.500000
36  3.435004 -24.913839 9.096019  0.984539 0.041809 0.170101  0.992188 0.500000
scope.bmp
36  3.071341 -14.613752 6.917293  0.992520 -0.019367 -0.120539  0.132813 0.500000
36  2.890299 -14.531268 7.314055  0.760205 0.138415 0.634767  0.132813 0.734375
36  3.084181 -16.688160 7.354409  0.989031 -0.145037 0.027984  0.316406 0.500000
scope.bmp
36  3.084181 -16.688160 7.354409  0.989031 -0.145037 0.027984  0.316406 0.500000
36  2.890299 -14.531268 7.314055  0.760205 0.138415 0.634767  0.132813 0.734375
36  2.903140 -16.605675 7.751172  0.639064 0.032015 0.768487  0.316406 0.734375
scope.bmp
36  2.890299 -14.531268 7.314055  0.760205 0.138415 0.634767  0.132813 0.734375
36  2.465585 -14.499031 7.479520  0.097501 0.205786 0.973728  0.132813 0.812500
36  2.903140 -16.605675 7.751172  0.639064 0.032015 0.768487  0.316406 0.734375
scope.bmp
36  2.903140 -16.605675 7.751172  0.639064 0.032015 0.768487  0.316406 0.734375
36  2.465585 -14.499031 7.479520  0.097501 0.205786 0.973728  0.132813 0.812500
36  2.478425 -16.573439 7.916636  -0.088901 0.087627 0.992178  0.316406 0.812500
scope.bmp
36  2.465585 -14.499031 7.479520  0.097501 0.205786 0.973728  0.132813 0.812500
36  2.070615 -14.540707 7.293342  -0.601230 0.161085 0.782671  0.132813 0.734375
36  2.478425 -16.573439 7.916636  -0.088901 0.087627 0.992178  0.316406 0.812500
scope.bmp
36  2.478425 -16.573439 7.916636  -0.088901 0.087627 0.992178  0.316406 0.812500
36  2.070615 -14.540707 7.293342  -0.601230 0.161085 0.782671  0.132813 0.734375
36  2.083456 -16.615114 7.730458  -0.770944 -0.003731 0.636892  0.316406 0.734375
scope.bmp
36  2.070615 -14.540707 7.293342  -0.601230 0.161085 0.782671  0.132813 0.734375
36  1.901791 -14.627220 6.887739  -0.992575 0.019166 0.120113  0.132813 0.500000
36  2.083456 -16.615114 7.730458  -0.770944 -0.003731 0.636892  0.316406 0.734375
scope.bmp
36  2.083456 -16.615114 7.730458  -0.770944 -0.003731 0.636892  0.316406 0.734375
36  1.901791 -14.627220 6.887739  -0.992575 0.019166 0.120113  0.132813 0.500000
36  1.914632 -16.701628 7.324855  -0.987001 -0.131541 -0.092335  0.316406 0.500000
scope.bmp
36  1.901791 -14.627220 6.887739  -0.992575 0.019166 0.120113  0.132813 0.500000
36  2.093100 -14.711649 6.481447  -0.760044 -0.138498 -0.634942  0.132813 0.281250
36  1.914632 -16.701628 7.324855  -0.987001 -0.131541 -0.092335  0.316406 0.500000
scope.bmp
36  1.914632 -16.701628 7.324855  -0.987001 -0.131541 -0.092335  0.316406 0.500000
36  2.093100 -14.711649 6.481447  -0.760044 -0.138498 -0.634942  0.132813 0.281250
36  2.105940 -16.786057 6.918563  -0.637401 -0.288943 -0.714305  0.316406 0.281250
scope.bmp
36  2.093100 -14.711649 6.481447  -0.760044 -0.138498 -0.634942  0.132813 0.281250
36  2.497551 -14.742057 6.325260  -0.097518 -0.205840 -0.973715  0.132813 0.187500
36  2.105940 -16.786057 6.918563  -0.637401 -0.288943 -0.714305  0.316406 0.281250
scope.bmp
36  2.105940 -16.786057 6.918563  -0.637401 -0.288943 -0.714305  0.316406 0.281250
36  2.497551 -14.742057 6.325260  -0.097518 -0.205840 -0.973715  0.132813 0.187500
36  2.510391 -16.816463 6.762376  0.090413 -0.320082 -0.943066  0.316406 0.187500
scope.bmp
36  2.497551 -14.742057 6.325260  -0.097518 -0.205840 -0.973715  0.132813 0.187500
36  2.912784 -14.702210 6.502161  0.601256 -0.161296 -0.782608  0.132813 0.281250
36  2.510391 -16.816463 6.762376  0.090413 -0.320082 -0.943066  0.316406 0.187500
scope.bmp
36  2.510391 -16.816463 6.762376  0.090413 -0.320082 -0.943066  0.316406 0.187500
36  2.912784 -14.702210 6.502161  0.601256 -0.161296 -0.782608  0.132813 0.281250
36  2.915628 -16.776731 6.939024  0.753940 -0.238192 -0.612241  0.316406 0.281250
scope.bmp
36  2.912784 -14.702210 6.502161  0.601256 -0.161296 -0.782608  0.132813 0.281250
36  3.071341 -14.613752 6.917293  0.992520 -0.019367 -0.120539  0.132813 0.500000
36  2.915628 -16.776731 6.939024  0.753940 -0.238192 -0.612241  0.316406 0.281250
scope.bmp
36  2.915628 -16.776731 6.939024  0.753940 -0.238192 -0.612241  0.316406 0.281250
36  3.071341 -14.613752 6.917293  0.992520 -0.019367 -0.120539  0.132813 0.500000
36  3.084181 -16.688160 7.354409  0.989031 -0.145037 0.027984  0.316406 0.500000
scope.bmp
36  2.509030 -22.727148 9.509596  0.035285 0.363950 0.930750  0.828125 0.984375
36  2.294608 -21.615206 8.778837  -0.617638 0.359150 0.699668  0.726563 0.718750
36  1.896313 -22.787832 9.239607  -0.635067 0.290451 0.715771  0.828125 0.750000
scope.bmp
36  1.896313 -22.787832 9.239607  -0.635067 0.290451 0.715771  0.828125 0.750000
36  2.294608 -21.615206 8.778837  -0.617638 0.359150 0.699668  0.726563 0.718750
36  1.663205 -22.918402 8.626816  -0.974256 0.200785 0.102516  0.828125 0.500000
scope.bmp
36  2.294608 -21.615206 8.778837  -0.617638 0.359150 0.699668  0.726563 0.718750
36  2.075532 -21.700233 8.381753  -0.961967 0.138634 -0.235370  0.726563 0.500000
36  1.663205 -22.918402 8.626816  -0.974256 0.200785 0.102516  0.828125 0.500000
scope.bmp
36  1.663205 -22.918402 8.626816  -0.974256 0.200785 0.102516  0.828125 0.500000
36  2.075532 -21.700233 8.381753  -0.961967 0.138634 -0.235370  0.726563 0.500000
36  1.930175 -23.045275 8.016873  -0.733540 0.029688 -0.678997  0.828125 0.250000
scope.bmp
36  2.075532 -21.700233 8.381753  -0.961967 0.138634 -0.235370  0.726563 0.500000
36  2.316280 -21.779968 7.996288  -0.346593 -0.007005 -0.937989  0.726563 0.281250
36  1.930175 -23.045275 8.016873  -0.733540 0.029688 -0.678997  0.828125 0.250000
scope.bmp
36  1.930175 -23.045275 8.016873  -0.733540 0.029688 -0.678997  0.828125 0.250000
36  2.316280 -21.779968 7.996288  -0.346593 -0.007005 -0.937989  0.726563 0.281250
36  2.556980 -23.091686 7.778206  -0.037300 -0.042594 -0.998396  0.828125 0.015625
scope.bmp
36  2.316280 -21.779968 7.996288  -0.346593 -0.007005 -0.937989  0.726563 0.281250
36  2.766107 -21.774788 8.007655  0.551322 0.021145 -0.834025  0.726563 0.281250
36  2.556980 -23.091686 7.778206  -0.037300 -0.042594 -0.998396  0.828125 0.015625
scope.bmp
36  2.556980 -23.091686 7.778206  -0.037300 -0.042594 -0.998396  0.828125 0.015625
36  2.766107 -21.774788 8.007655  0.551322 0.021145 -0.834025  0.726563 0.281250
36  3.179694 -23.030886 8.048449  0.672231 0.026586 -0.739864  0.828125 0.250000
scope.bmp
36  2.766107 -21.774788 8.007655  0.551322 0.021145 -0.834025  0.726563 0.281250
36  2.985182 -21.689760 8.404740  0.965722 0.251445 0.064477  0.726563 0.500000
36  3.179694 -23.030886 8.048449  0.672231 0.026586 -0.739864  0.828125 0.250000
scope.bmp
36  3.179694 -23.030886 8.048449  0.672231 0.026586 -0.739864  0.828125 0.250000
36  2.985182 -21.689760 8.404740  0.965722 0.251445 0.064477  0.726563 0.500000
36  3.422527 -22.898142 8.671273  0.986960 0.131045 -0.093469  0.828125 0.500000
scope.bmp
36  2.985182 -21.689760 8.404740  0.965722 0.251445 0.064477  0.726563 0.500000
36  3.145831 -22.773443 9.271181  0.731465 0.309553 0.607565  0.828125 0.750000
36  3.422527 -22.898142 8.671273  0.986960 0.131045 -0.093469  0.828125 0.500000
scope.bmp
36  2.744434 -21.610025 8.790204  0.344268 0.375789 0.860385  0.726563 0.718750
36  2.985182 -21.689760 8.404740  0.965722 0.251445 0.064477  0.726563 0.500000
36  2.716573 -17.108953 7.841745  0.510896 0.024185 0.859302  0.332031 0.718750
scope.bmp
36  2.716573 -17.108953 7.841745  0.510896 0.024185 0.859302  0.332031 0.718750
36  2.985182 -21.689760 8.404740  0.965722 0.251445 0.064477  0.726563 0.500000
36  2.957320 -17.188688 7.456281  0.989027 -0.145060 0.027975  0.332031 0.500000
scope.bmp
36  2.985182 -21.689760 8.404740  0.965722 0.251445 0.064477  0.726563 0.500000
36  2.766107 -21.774788 8.007655  0.551322 0.021145 -0.834025  0.726563 0.281250
36  2.957320 -17.188688 7.456281  0.989027 -0.145060 0.027975  0.332031 0.500000
scope.bmp
36  2.957320 -17.188688 7.456281  0.989027 -0.145060 0.027975  0.332031 0.500000
36  2.766107 -21.774788 8.007655  0.551322 0.021145 -0.834025  0.726563 0.281250
36  2.738245 -17.273718 7.059196  0.493419 -0.344863 -0.798503  0.332031 0.281250
scope.bmp
36  2.766107 -21.774788 8.007655  0.551322 0.021145 -0.834025  0.726563 0.281250
36  2.316280 -21.779968 7.996288  -0.346593 -0.007005 -0.937989  0.726563 0.281250
36  2.738245 -17.273718 7.059196  0.493419 -0.344863 -0.798503  0.332031 0.281250
scope.bmp
36  2.738245 -17.273718 7.059196  0.493419 -0.344863 -0.798503  0.332031 0.281250
36  2.316280 -21.779968 7.996288  -0.346593 -0.007005 -0.937989  0.726563 0.281250
36  2.288418 -17.278896 7.047829  -0.508984 -0.331494 -0.794385  0.332031 0.281250
scope.bmp
36  2.316280 -21.779968 7.996288  -0.346593 -0.007005 -0.937989  0.726563 0.281250
36  2.075532 -21.700233 8.381753  -0.961967 0.138634 -0.235370  0.726563 0.500000
36  2.288418 -17.278896 7.047829  -0.508984 -0.331494 -0.794385  0.332031 0.281250
scope.bmp
36  2.288418 -17.278896 7.047829  -0.508984 -0.331494 -0.794385  0.332031 0.281250
36  2.075532 -21.700233 8.381753  -0.961967 0.138634 -0.235370  0.726563 0.500000
36  2.047671 -17.199162 7.433294  -0.979176 -0.176401 0.100489  0.332031 0.500000
scope.bmp
36  2.075532 -21.700233 8.381753  -0.961967 0.138634 -0.235370  0.726563 0.500000
36  2.294608 -21.615206 8.778837  -0.617638 0.359150 0.699668  0.726563 0.718750
36  2.047671 -17.199162 7.433294  -0.979176 -0.176401 0.100489  0.332031 0.500000
scope.bmp
36  2.047671 -17.199162 7.433294  -0.979176 -0.176401 0.100489  0.332031 0.500000
36  2.294608 -21.615206 8.778837  -0.617638 0.359150 0.699668  0.726563 0.718750
36  2.266746 -17.114134 7.830378  -0.396740 0.031424 0.917393  0.332031 0.718750
scope.bmp
36  3.084181 -16.688160 7.354409  0.989031 -0.145037 0.027984  0.316406 0.500000
36  2.738245 -17.273718 7.059196  0.493419 -0.344863 -0.798503  0.332031 0.281250
36  2.915628 -16.776731 6.939024  0.753940 -0.238192 -0.612241  0.316406 0.281250
scope.bmp
36  2.915628 -16.776731 6.939024  0.753940 -0.238192 -0.612241  0.316406 0.281250
36  2.738245 -17.273718 7.059196  0.493419 -0.344863 -0.798503  0.332031 0.281250
36  2.510391 -16.816463 6.762376  0.090413 -0.320082 -0.943066  0.316406 0.187500
scope.bmp
36  2.738245 -17.273718 7.059196  0.493419 -0.344863 -0.798503  0.332031 0.281250
36  2.288418 -17.278896 7.047829  -0.508984 -0.331494 -0.794385  0.332031 0.281250
36  2.510391 -16.816463 6.762376  0.090413 -0.320082 -0.943066  0.316406 0.187500
scope.bmp
36  2.510391 -16.816463 6.762376  0.090413 -0.320082 -0.943066  0.316406 0.187500
36  2.288418 -17.278896 7.047829  -0.508984 -0.331494 -0.794385  0.332031 0.281250
36  2.105940 -16.786057 6.918563  -0.637401 -0.288943 -0.714305  0.316406 0.281250
scope.bmp
36  2.288418 -17.278896 7.047829  -0.508984 -0.331494 -0.794385  0.332031 0.281250
36  2.047671 -17.199162 7.433294  -0.979176 -0.176401 0.100489  0.332031 0.500000
36  2.105940 -16.786057 6.918563  -0.637401 -0.288943 -0.714305  0.316406 0.281250
scope.bmp
36  2.105940 -16.786057 6.918563  -0.637401 -0.288943 -0.714305  0.316406 0.281250
36  2.047671 -17.199162 7.433294  -0.979176 -0.176401 0.100489  0.332031 0.500000
36  1.914632 -16.701628 7.324855  -0.987001 -0.131541 -0.092335  0.316406 0.500000
scope.bmp
36  2.047671 -17.199162 7.433294  -0.979176 -0.176401 0.100489  0.332031 0.500000
36  2.083456 -16.615114 7.730458  -0.770944 -0.003731 0.636892  0.316406 0.734375
36  1.914632 -16.701628 7.324855  -0.987001 -0.131541 -0.092335  0.316406 0.500000
scope.bmp
36  2.478425 -16.573439 7.916636  -0.088901 0.087627 0.992178  0.316406 0.812500
36  2.266746 -17.114134 7.830378  -0.396740 0.031424 0.917393  0.332031 0.718750
36  2.716573 -17.108953 7.841745  0.510896 0.024185 0.859302  0.332031 0.656250
scope.bmp
36  2.716573 -17.108953 7.841745  0.510896 0.024185 0.859302  0.332031 0.656250
36  2.266746 -17.114134 7.830378  -0.396740 0.031424 0.917393  0.332031 0.718750
36  2.744434 -21.610025 8.790204  0.344268 0.375789 0.860385  0.726563 0.656250
scope.bmp
36  2.266746 -17.114134 7.830378  -0.396740 0.031424 0.917393  0.332031 0.718750
36  2.294608 -21.615206 8.778837  -0.617638 0.359150 0.699668  0.726563 0.718750
36  2.744434 -21.610025 8.790204  0.344268 0.375789 0.860385  0.726563 0.656250
scope.bmp
36  2.744434 -21.610025 8.790204  0.344268 0.375789 0.860385  0.726563 0.656250
36  2.294608 -21.615206 8.778837  -0.617638 0.359150 0.699668  0.726563 0.718750
36  2.509030 -22.727148 9.509596  0.035285 0.363950 0.930750  0.828125 0.984375
scope.bmp
36  2.093100 -14.711649 6.481447  0.884989 0.262410 0.384623  0.667969 0.250000
36  1.901791 -14.627220 6.887739  0.958382 0.283796 -0.031063  0.621094 0.250000
36  2.154209 -15.185788 6.654529  0.914689 0.368710 0.165518  0.710938 0.015625
scope.bmp
36  2.154209 -15.185788 6.654529  0.914689 0.368710 0.165518  0.710938 0.015625
36  1.901791 -14.627220 6.887739  0.958382 0.283796 -0.031063  0.621094 0.250000
36  2.124979 -15.039676 7.348789  0.929949 0.275247 -0.243791  0.621094 0.015625
scope.bmp
36  1.901791 -14.627220 6.887739  0.958382 0.283796 -0.031063  0.621094 0.250000
36  2.070615 -14.540707 7.293342  0.909454 0.079759 -0.408083  0.578125 0.250000
36  2.124979 -15.039676 7.348789  0.929949 0.275247 -0.243791  0.621094 0.015625
scope.bmp
36  2.070615 -14.540707 7.293342  0.374635 -0.044339 -0.926111  0.578125 0.250000
36  2.465585 -14.499031 7.479520  0.023831 0.044495 -0.998725  0.531250 0.250000
36  2.124979 -15.039676 7.348789  0.201981 0.089155 -0.975323  0.621094 0.015625
scope.bmp
36  2.124979 -15.039676 7.348789  0.201981 0.089155 -0.975323  0.621094 0.015625
36  2.465585 -14.499031 7.479520  0.023831 0.044495 -0.998725  0.531250 0.250000
36  2.834705 -15.031504 7.366724  -0.157214 0.087640 -0.983668  0.531250 0.015625
scope.bmp
36  2.465585 -14.499031 7.479520  0.023831 0.044495 -0.998725  0.531250 0.250000
36  2.890299 -14.531268 7.314055  -0.326040 -0.047076 -0.944183  0.488281 0.250000
36  2.834705 -15.031504 7.366724  -0.157214 0.087640 -0.983668  0.531250 0.015625
scope.bmp
36  2.890299 -14.531268 7.314055  -0.888802 0.062747 -0.453975  0.488281 0.250000
36  3.071341 -14.613752 6.917293  -0.961497 0.262836 -0.080250  0.445313 0.250000
36  2.834705 -15.031504 7.366724  -0.921698 0.255707 -0.291695  0.531250 0.015625
scope.bmp
36  2.834705 -15.031504 7.366724  -0.921698 0.255707 -0.291695  0.531250 0.015625
36  3.071341 -14.613752 6.917293  -0.961497 0.262836 -0.080250  0.445313 0.250000
36  2.843943 -15.177846 6.671958  -0.930354 0.347100 0.118166  0.445313 0.015625
scope.bmp
36  3.071341 -14.613752 6.917293  -0.961497 0.262836 -0.080250  0.445313 0.250000
36  2.912784 -14.702210 6.502161  -0.909199 0.240956 0.339555  0.398438 0.250000
36  2.843943 -15.177846 6.671958  -0.930354 0.347100 0.118166  0.445313 0.015625
scope.bmp
36  2.716573 -17.108953 7.841745  0.510896 0.024185 0.859302  0.332031 0.718750
36  2.957320 -17.188688 7.456281  0.989027 -0.145060 0.027975  0.332031 0.500000
36  2.903140 -16.605675 7.751172  0.639064 0.032015 0.768487  0.316406 0.734375
scope.bmp
36  2.903140 -16.605675 7.751172  0.639064 0.032015 0.768487  0.316406 0.734375
36  2.957320 -17.188688 7.456281  0.989027 -0.145060 0.027975  0.332031 0.500000
36  3.084181 -16.688160 7.354409  0.989031 -0.145037 0.027984  0.316406 0.500000
scope.bmp
36  2.957320 -17.188688 7.456281  0.989027 -0.145060 0.027975  0.332031 0.500000
36  2.738245 -17.273718 7.059196  0.493419 -0.344863 -0.798503  0.332031 0.281250
36  3.084181 -16.688160 7.354409  0.989031 -0.145037 0.027984  0.316406 0.500000
scope.bmp
36  2.154209 -15.185788 6.654529  -0.006057 0.978495 -0.206184  0.003906 0.187500
36  2.124979 -15.039676 7.348789  -0.006057 0.978494 -0.206186  0.121094 0.187500
36  2.843943 -15.177846 6.671958  -0.006057 0.978494 -0.206185  0.007813 0.843750
scope.bmp
36  2.843943 -15.177846 6.671958  -0.006057 0.978494 -0.206185  0.007813 0.843750
36  2.124979 -15.039676 7.348789  -0.006057 0.978494 -0.206186  0.121094 0.187500
36  2.834705 -15.031504 7.366724  -0.006056 0.978494 -0.206187  0.121094 0.843750
scope.bmp
36  2.912784 -14.702210 6.502161  -0.375541 0.344345 0.860462  0.398438 0.250000
36  2.497551 -14.742057 6.325260  -0.027728 0.455238 0.889938  0.355469 0.250000
36  2.843943 -15.177846 6.671958  -0.206325 0.484295 0.850228  0.445313 0.015625
scope.bmp
36  2.843943 -15.177846 6.671958  -0.206325 0.484295 0.850228  0.445313 0.015625
36  2.497551 -14.742057 6.325260  -0.027728 0.455238 0.889938  0.355469 0.250000
36  2.154209 -15.185788 6.654529  0.151828 0.488574 0.859211  0.355469 0.015625
scope.bmp
36  2.047671 -17.199162 7.433294  -0.979176 -0.176401 0.100489  0.332031 0.500000
36  2.266746 -17.114134 7.830378  -0.396740 0.031424 0.917393  0.332031 0.718750
36  2.083456 -16.615114 7.730458  -0.770944 -0.003731 0.636892  0.316406 0.734375
scope.bmp
36  2.083456 -16.615114 7.730458  -0.770944 -0.003731 0.636892  0.316406 0.734375
36  2.266746 -17.114134 7.830378  -0.396740 0.031424 0.917393  0.332031 0.718750
36  2.478425 -16.573439 7.916636  -0.088901 0.087627 0.992178  0.316406 0.812500
scope.bmp
36  2.509030 -22.727148 9.509596  0.035285 0.363950 0.930750  0.828125 0.984375
36  3.145831 -22.773443 9.271181  0.731465 0.309553 0.607565  0.828125 0.750000
36  2.744434 -21.610025 8.790204  0.344268 0.375789 0.860385  0.726563 0.718750
scope.bmp
36  2.744434 -21.610025 8.790204  0.344268 0.375789 0.860385  0.726563 0.718750
36  3.145831 -22.773443 9.271181  0.731465 0.309553 0.607565  0.828125 0.750000
36  2.985182 -21.689760 8.404740  0.965722 0.251445 0.064477  0.726563 0.500000
scope.bmp
36  2.093100 -14.711649 6.481447  0.323600 0.352684 0.878007  0.667969 0.250000
36  2.154209 -15.185788 6.654529  0.151828 0.488574 0.859211  0.710938 0.015625
36  2.497551 -14.742057 6.325260  -0.027728 0.455238 0.889938  0.710938 0.250000
scope.bmp
36  2.478425 -16.573439 7.916636  -0.088901 0.087627 0.992178  0.316406 0.812500
36  2.716573 -17.108953 7.841745  0.510896 0.024185 0.859302  0.332031 0.718750
36  2.903140 -16.605675 7.751172  0.639064 0.032015 0.768487  0.316406 0.734375
scope_clamps.bmp
36  2.740361 -18.438231 7.110203  0.006131 -0.978756 0.204938  0.140625 0.250000
36  3.009478 -18.362411 7.510612  0.006097 -0.978762 0.204908  0.140625 0.453125
36  2.270603 -18.453426 7.100393  0.006108 -0.978766 0.204891  0.140625 0.250000
scope_clamps.bmp
36  2.270603 -18.453426 7.100393  0.006108 -0.978766 0.204891  0.140625 0.250000
36  3.009478 -18.362411 7.510612  0.006097 -0.978762 0.204908  0.140625 0.453125
36  1.999867 -18.374037 7.485100  0.006090 -0.978749 0.204972  0.140625 0.453125
scope_clamps.bmp
36  3.009478 -18.362411 7.510612  0.006097 -0.978762 0.204908  0.140625 0.453125
36  2.998100 -18.275911 7.921451  0.006091 -0.978750 0.204965  0.140625 0.625000
36  1.999867 -18.374037 7.485100  0.006090 -0.978749 0.204972  0.140625 0.453125
scope_clamps.bmp
36  1.999867 -18.374037 7.485100  0.006090 -0.978749 0.204972  0.140625 0.453125
36  2.998100 -18.275911 7.921451  0.006091 -0.978750 0.204965  0.140625 0.625000
36  1.988489 -18.287537 7.895938  0.006087 -0.978730 0.205063  0.140625 0.625000
scope_clamps.bmp
36  2.998100 -18.275911 7.921451  0.006091 -0.978750 0.204965  0.140625 0.625000
36  2.689547 -18.213459 8.226892  0.006056 -0.978495 0.206180  0.140625 0.812500
36  1.988489 -18.287537 7.895938  0.006087 -0.978730 0.205063  0.140625 0.625000
scope_clamps.bmp
36  1.988489 -18.287537 7.895938  0.006087 -0.978730 0.205063  0.140625 0.625000
36  2.689547 -18.213459 8.226892  0.006056 -0.978495 0.206180  0.140625 0.812500
36  2.279705 -18.218178 8.216536  0.006056 -0.978495 0.206182  0.140625 0.812500
scope_clamps.bmp
36  2.685670 -17.587223 8.094933  -0.006057 0.978496 -0.206178  0.671875 0.781250
36  2.994224 -17.649675 7.789491  -0.006057 0.978494 -0.206185  0.593750 0.640625
36  1.984613 -17.661301 7.763978  -0.006056 0.978494 -0.206184  0.828125 0.640625
scope_clamps.bmp
36  1.984613 -17.661301 7.763978  -0.006056 0.978494 -0.206184  0.828125 0.640625
36  2.994224 -17.649675 7.789491  -0.006057 0.978494 -0.206185  0.593750 0.640625
36  1.995991 -17.747801 7.353140  -0.006057 0.978496 -0.206175  0.828125 0.437500
scope_clamps.bmp
36  2.994224 -17.649675 7.789491  -0.006057 0.978494 -0.206185  0.593750 0.640625
36  3.005601 -17.736176 7.378653  -0.006056 0.978487 -0.206217  0.593750 0.437500
36  1.995991 -17.747801 7.353140  -0.006057 0.978496 -0.206175  0.828125 0.437500
scope_clamps.bmp
36  1.995991 -17.747801 7.353140  -0.006057 0.978496 -0.206175  0.828125 0.437500
36  3.005601 -17.736176 7.378653  -0.006056 0.978487 -0.206217  0.593750 0.437500
36  2.267058 -17.839035 6.960713  -0.006057 0.978490 -0.206205  0.750000 0.296875
scope_clamps.bmp
36  3.005601 -17.736176 7.378653  -0.006056 0.978487 -0.206217  0.593750 0.437500
36  2.746873 -17.833509 6.972837  -0.006057 0.978488 -0.206216  0.656250 0.296875
36  2.267058 -17.839035 6.960713  -0.006057 0.978490 -0.206205  0.750000 0.296875
scope_clamps.bmp
36  3.017603 -21.426661 8.585372  0.006058 -0.978494 0.206185  0.968750 0.625000
36  2.019641 -21.526848 8.139239  0.006057 -0.978494 0.206188  0.968750 0.453125
36  3.029252 -21.515221 8.164752  0.006092 -0.978759 0.204921  0.968750 0.453125
scope_clamps.bmp
36  3.029252 -21.515221 8.164752  0.006092 -0.978759 0.204921  0.968750 0.453125
36  2.019641 -21.526848 8.139239  0.006057 -0.978494 0.206188  0.968750 0.453125
36  2.770192 -21.600712 7.766657  0.006089 -0.978741 0.205009  0.968750 0.250000
scope_clamps.bmp
36  2.019641 -21.526848 8.139239  0.006057 -0.978494 0.206188  0.968750 0.453125
36  2.290377 -21.606236 7.754532  0.006055 -0.978492 0.206195  0.968750 0.250000
36  2.770192 -21.600712 7.766657  0.006089 -0.978741 0.205009  0.968750 0.250000
scope_clamps.bmp
36  2.770192 -21.600712 7.766657  0.006089 -0.978741 0.205009  0.968750 0.250000
36  2.290377 -21.606236 7.754532  0.006055 -0.978492 0.206195  0.968750 0.250000
36  2.778319 -21.662497 7.473201  0.006093 -0.978770 0.204872  0.968750 0.015625
scope_clamps.bmp
36  2.290377 -21.606236 7.754532  0.006055 -0.978492 0.206195  0.968750 0.250000
36  2.298504 -21.668022 7.461076  0.006085 -0.978704 0.205186  0.968750 0.015625
36  2.778319 -21.662497 7.473201  0.006093 -0.978770 0.204872  0.968750 0.015625
scope_clamps.bmp
36  2.705173 -20.737972 8.758854  -0.006058 0.978496 -0.206175  0.671875 0.781250
36  3.013727 -20.800425 8.453413  -0.006058 0.978494 -0.206185  0.593750 0.640625
36  2.004116 -20.812050 8.427900  -0.006057 0.978495 -0.206182  0.828125 0.640625
scope_clamps.bmp
36  2.004116 -20.812050 8.427900  -0.006057 0.978495 -0.206182  0.828125 0.640625
36  3.013727 -20.800425 8.453413  -0.006058 0.978494 -0.206185  0.593750 0.640625
36  2.015765 -20.900612 8.007279  -0.006058 0.978494 -0.206185  0.828125 0.437500
scope_clamps.bmp
36  3.013727 -20.800425 8.453413  -0.006058 0.978494 -0.206185  0.593750 0.640625
36  3.025376 -20.888985 8.032792  -0.006058 0.978493 -0.206192  0.593750 0.437500
36  2.015765 -20.900612 8.007279  -0.006058 0.978494 -0.206185  0.828125 0.437500
scope_clamps.bmp
36  2.015765 -20.900612 8.007279  -0.006058 0.978494 -0.206185  0.828125 0.437500
36  3.025376 -20.888985 8.032792  -0.006058 0.978493 -0.206192  0.593750 0.437500
36  2.286500 -20.980000 7.622572  -0.006058 0.978494 -0.206186  0.750000 0.296875
scope_clamps.bmp
36  3.025376 -20.888985 8.032792  -0.006058 0.978493 -0.206192  0.593750 0.437500
36  2.756320 -20.974590 7.634445  -0.006055 0.978492 -0.206196  0.671875 0.296875
36  2.286500 -20.980000 7.622572  -0.006058 0.978494 -0.206186  0.750000 0.296875
scope_clamps.bmp
36  2.778319 -21.662497 7.473201  0.999615 0.011512 0.025260  0.968750 0.015625
36  2.755000 -17.895296 6.679382  0.999614 0.011501 0.025274  0.000000 0.015625
36  2.756320 -20.974590 7.634445  0.999615 0.011508 0.025252  0.828125 0.250000
scope_clamps.bmp
36  2.756320 -20.974590 7.634445  0.999615 0.011508 0.025252  0.828125 0.250000
36  2.755000 -17.895296 6.679382  0.999614 0.011501 0.025274  0.000000 0.015625
36  2.740361 -18.438231 7.110203  0.999615 0.011509 0.025260  0.140625 0.250000
scope_clamps.bmp
36  2.755000 -17.895296 6.679382  0.999614 0.011501 0.025274  0.000000 0.015625
36  2.746873 -17.833509 6.972837  0.999615 0.011491 0.025265  0.000000 0.250000
36  2.740361 -18.438231 7.110203  0.999615 0.011509 0.025260  0.140625 0.250000
scope_clamps.bmp
36  2.275185 -17.900822 6.667257  -0.999615 -0.011511 -0.025260  0.000000 0.015625
36  2.298504 -21.668022 7.461076  -0.999615 -0.011511 -0.025261  0.968750 0.015625
36  2.270603 -18.453426 7.100393  -0.999615 -0.011511 -0.025260  0.140625 0.250000
scope_clamps.bmp
36  2.270603 -18.453426 7.100393  -0.999615 -0.011511 -0.025260  0.140625 0.250000
36  2.298504 -21.668022 7.461076  -0.999615 -0.011511 -0.025261  0.968750 0.015625
36  2.286500 -20.980000 7.622572  -0.999615 -0.011511 -0.025263  0.828125 0.250000
scope_clamps.bmp
36  2.298504 -21.668022 7.461076  -0.999615 -0.011511 -0.025261  0.968750 0.015625
36  2.290377 -21.606236 7.754532  -0.999615 -0.011511 -0.025260  0.968750 0.250000
36  2.286500 -20.980000 7.622572  -0.999615 -0.011511 -0.025263  0.828125 0.250000
scope_clamps.bmp
36  2.299208 -21.368929 8.880457  0.006060 -0.978496 0.206175  0.968750 0.812500
36  2.007992 -21.438286 8.559859  0.006087 -0.978721 0.205105  0.968750 0.625000
36  2.709050 -21.364208 8.890814  0.006091 -0.978751 0.204964  0.968750 0.812500
scope_clamps.bmp
36  2.709050 -21.364208 8.890814  0.006091 -0.978751 0.204964  0.968750 0.812500
36  2.007992 -21.438286 8.559859  0.006087 -0.978721 0.205105  0.968750 0.625000
36  3.017603 -21.426661 8.585372  0.006058 -0.978494 0.206185  0.968750 0.625000
scope_clamps.bmp
36  2.007992 -21.438286 8.559859  0.006087 -0.978721 0.205105  0.968750 0.625000
36  2.019641 -21.526848 8.139239  0.006057 -0.978494 0.206188  0.968750 0.453125
36  3.017603 -21.426661 8.585372  0.006058 -0.978494 0.206185  0.968750 0.625000
scope_clamps.bmp
36  2.275185 -17.900822 6.667257  0.027100 -0.207549 -0.977849  0.000000 0.015625
36  2.755000 -17.895296 6.679382  0.027100 -0.207502 -0.977859  0.000000 0.015625
36  2.298504 -21.668022 7.461076  0.027100 -0.207502 -0.977859  0.968750 0.015625
scope_clamps.bmp
36  2.298504 -21.668022 7.461076  0.027100 -0.207502 -0.977859  0.968750 0.015625
36  2.755000 -17.895296 6.679382  0.027100 -0.207502 -0.977859  0.000000 0.015625
36  2.778319 -21.662497 7.473201  0.027100 -0.207549 -0.977849  0.968750 0.015625
scope_clamps.bmp
36  2.998100 -18.275911 7.921451  0.999615 0.011509 0.025261  0.140625 0.625000
36  3.009478 -18.362411 7.510612  0.999615 0.011510 0.025260  0.140625 0.453125
36  2.994224 -17.649675 7.789491  0.999615 0.011511 0.025259  0.000000 0.625000
scope_clamps.bmp
36  2.994224 -17.649675 7.789491  0.999615 0.011511 0.025259  0.000000 0.625000
36  3.009478 -18.362411 7.510612  0.999615 0.011510 0.025260  0.140625 0.453125
36  3.005601 -17.736176 7.378653  0.999615 0.011512 0.025257  0.000000 0.453125
scope_clamps.bmp
36  2.689547 -18.213459 8.226892  0.680778 0.155068 0.715887  0.140625 0.812500
36  2.998100 -18.275911 7.921451  0.680779 0.155065 0.715887  0.140625 0.625000
36  2.685670 -17.587223 8.094933  0.680779 0.155063 0.715888  0.000000 0.812500
scope_clamps.bmp
36  2.685670 -17.587223 8.094933  0.680779 0.155063 0.715888  0.000000 0.812500
36  2.998100 -18.275911 7.921451  0.680779 0.155065 0.715887  0.140625 0.625000
36  2.994224 -17.649675 7.789491  0.680779 0.155065 0.715887  0.000000 0.625000
scope_clamps.bmp
36  2.279705 -18.218178 8.216536  -0.027091 0.205955 0.978186  0.140625 0.812500
36  2.689547 -18.213459 8.226892  -0.027091 0.205955 0.978186  0.140625 0.984375
36  2.275828 -17.591942 8.084576  -0.027091 0.205955 0.978186  0.000000 0.812500
scope_clamps.bmp
36  2.275828 -17.591942 8.084576  -0.027091 0.205955 0.978186  0.000000 0.812500
36  2.689547 -18.213459 8.226892  -0.027091 0.205955 0.978186  0.140625 0.984375
36  2.685670 -17.587223 8.094933  -0.027091 0.205955 0.978186  0.000000 0.984375
scope_clamps.bmp
36  1.988489 -18.287537 7.895938  -0.719449 0.138942 0.680506  0.140625 0.625000
36  2.279705 -18.218178 8.216536  -0.719450 0.138943 0.680505  0.140625 0.812500
36  1.984613 -17.661301 7.763978  -0.719451 0.138941 0.680504  0.000000 0.625000
scope_clamps.bmp
36  1.984613 -17.661301 7.763978  -0.719451 0.138941 0.680504  0.000000 0.625000
36  2.279705 -18.218178 8.216536  -0.719450 0.138943 0.680505  0.140625 0.812500
36  2.275828 -17.591942 8.084576  -0.719452 0.138938 0.680503  0.000000 0.812500
scope_clamps.bmp
36  1.999867 -18.374037 7.485100  -0.999615 -0.011510 -0.025260  0.140625 0.453125
36  1.988489 -18.287537 7.895938  -0.999615 -0.011510 -0.025260  0.140625 0.625000
36  1.995991 -17.747801 7.353140  -0.999615 -0.011510 -0.025261  0.000000 0.453125
scope_clamps.bmp
36  1.995991 -17.747801 7.353140  -0.999615 -0.011510 -0.025261  0.000000 0.453125
36  1.988489 -18.287537 7.895938  -0.999615 -0.011510 -0.025260  0.140625 0.625000
36  1.984613 -17.661301 7.763978  -0.999615 -0.011510 -0.025261  0.000000 0.625000
scope_clamps.bmp
36  2.267058 -17.839035 6.960713  -0.803488 -0.130729 -0.580790  0.000000 0.250000
36  2.270603 -18.453426 7.100393  -0.803512 -0.130721 -0.580759  0.140625 0.250000
36  1.995991 -17.747801 7.353140  -0.803488 -0.130728 -0.580790  0.000000 0.453125
scope_clamps.bmp
36  1.995991 -17.747801 7.353140  -0.803488 -0.130728 -0.580790  0.000000 0.453125
36  2.270603 -18.453426 7.100393  -0.803512 -0.130721 -0.580759  0.140625 0.250000
36  1.999867 -18.374037 7.485100  -0.803495 -0.130724 -0.580781  0.140625 0.453125
scope_clamps.bmp
36  2.746873 -17.833509 6.972837  0.817906 -0.127965 -0.560940  0.000000 0.250000
36  3.005601 -17.736176 7.378653  0.817910 -0.127922 -0.560946  0.000000 0.453125
36  2.740361 -18.438231 7.110203  0.817916 -0.127949 -0.560930  0.140625 0.250000
scope_clamps.bmp
36  2.740361 -18.438231 7.110203  0.817916 -0.127949 -0.560930  0.140625 0.250000
36  3.005601 -17.736176 7.378653  0.817910 -0.127922 -0.560946  0.000000 0.453125
36  3.009478 -18.362411 7.510612  0.817914 -0.127942 -0.560934  0.140625 0.453125
scope_clamps.bmp
36  3.025376 -20.888985 8.032792  0.999615 0.011511 0.025261  0.828125 0.453125
36  3.013727 -20.800425 8.453413  0.999615 0.011510 0.025261  0.828125 0.625000
36  3.029252 -21.515221 8.164752  0.999615 0.011510 0.025261  0.968750 0.453125
scope_clamps.bmp
36  3.029252 -21.515221 8.164752  0.999615 0.011510 0.025261  0.968750 0.453125
36  3.013727 -20.800425 8.453413  0.999615 0.011510 0.025261  0.828125 0.625000
36  3.017603 -21.426661 8.585372  0.999615 0.011509 0.025261  0.968750 0.625000
scope_clamps.bmp
36  3.013727 -20.800425 8.453413  0.680782 0.155064 0.715885  0.828125 0.625000
36  2.705173 -20.737972 8.758854  0.680780 0.155063 0.715887  0.828125 0.812500
36  3.017603 -21.426661 8.585372  0.680779 0.155065 0.715887  0.968750 0.625000
scope_clamps.bmp
36  3.017603 -21.426661 8.585372  0.680779 0.155065 0.715887  0.968750 0.625000
36  2.705173 -20.737972 8.758854  0.680780 0.155063 0.715887  0.828125 0.812500
36  2.709050 -21.364208 8.890814  0.680777 0.155068 0.715889  0.968750 0.812500
scope_clamps.bmp
36  2.705173 -20.737972 8.758854  -0.027087 0.205955 0.978186  0.828125 0.984375
36  2.295331 -20.742693 8.748498  -0.027089 0.205955 0.978187  0.828125 0.812500
36  2.709050 -21.364208 8.890814  -0.027090 0.205954 0.978187  0.968750 0.984375
scope_clamps.bmp
36  2.709050 -21.364208 8.890814  -0.027090 0.205954 0.978187  0.968750 0.984375
36  2.295331 -20.742693 8.748498  -0.027089 0.205955 0.978187  0.828125 0.812500
36  2.299208 -21.368929 8.880457  -0.027091 0.205954 0.978187  0.968750 0.812500
scope_clamps.bmp
36  2.295331 -20.742693 8.748498  -0.719454 0.138938 0.680502  0.828125 0.812500
36  2.004116 -20.812050 8.427900  -0.719453 0.138940 0.680502  0.828125 0.625000
36  2.299208 -21.368929 8.880457  -0.719452 0.138942 0.680503  0.968750 0.812500
scope_clamps.bmp
36  2.299208 -21.368929 8.880457  -0.719452 0.138942 0.680503  0.968750 0.812500
36  2.004116 -20.812050 8.427900  -0.719453 0.138940 0.680502  0.828125 0.625000
36  2.007992 -21.438286 8.559859  -0.719451 0.138941 0.680504  0.968750 0.625000
scope_clamps.bmp
36  2.004116 -20.812050 8.427900  -0.999615 -0.011509 -0.025260  0.828125 0.625000
36  2.015765 -20.900612 8.007279  -0.999615 -0.011510 -0.025261  0.828125 0.453125
36  2.007992 -21.438286 8.559859  -0.999615 -0.011510 -0.025261  0.968750 0.625000
scope_clamps.bmp
36  2.007992 -21.438286 8.559859  -0.999615 -0.011510 -0.025261  0.968750 0.625000
36  2.015765 -20.900612 8.007279  -0.999615 -0.011510 -0.025261  0.828125 0.453125
36  2.019641 -21.526848 8.139239  -0.999615 -0.011510 -0.025261  0.968750 0.453125
scope_clamps.bmp
36  2.019641 -21.526848 8.139239  -0.803495 -0.130723 -0.580781  0.968750 0.453125
36  2.015765 -20.900612 8.007279  -0.803497 -0.130720 -0.580780  0.828125 0.453125
36  2.290377 -21.606236 7.754532  -0.803497 -0.130723 -0.580780  0.968750 0.250000
scope_clamps.bmp
36  2.290377 -21.606236 7.754532  -0.803497 -0.130723 -0.580780  0.968750 0.250000
36  2.015765 -20.900612 8.007279  -0.803497 -0.130720 -0.580780  0.828125 0.453125
36  2.286500 -20.980000 7.622572  -0.803499 -0.130722 -0.580777  0.828125 0.250000
scope_clamps.bmp
36  3.029252 -21.515221 8.164752  0.817909 -0.127949 -0.560940  0.968750 0.453125
36  2.770192 -21.600712 7.766657  0.817893 -0.127969 -0.560960  0.968750 0.250000
36  3.025376 -20.888985 8.032792  0.817908 -0.127947 -0.560942  0.828125 0.453125
scope_clamps.bmp
36  3.025376 -20.888985 8.032792  0.817908 -0.127947 -0.560942  0.828125 0.453125
36  2.770192 -21.600712 7.766657  0.817893 -0.127969 -0.560960  0.968750 0.250000
36  2.756320 -20.974590 7.634445  0.817894 -0.127968 -0.560958  0.828125 0.250000
scope_clamps.bmp
36  2.755000 -17.895296 6.679382  -0.006058 0.978490 -0.206205  0.187500 0.359375
36  2.275185 -17.900822 6.667257  -0.006058 0.978493 -0.206193  0.546875 0.359375
36  2.746873 -17.833509 6.972837  -0.006057 0.978488 -0.206216  0.187500 0.578125
scope_clamps.bmp
36  2.746873 -17.833509 6.972837  -0.006057 0.978488 -0.206216  0.187500 0.578125
36  2.275185 -17.900822 6.667257  -0.006058 0.978493 -0.206193  0.546875 0.359375
36  2.267058 -17.839035 6.960713  -0.006057 0.978490 -0.206205  0.546875 0.578125
scope_clamps.bmp
36  2.778319 -21.662497 7.473201  0.999615 0.011512 0.025260  0.968750 0.015625
36  2.756320 -20.974590 7.634445  0.999615 0.011508 0.025252  0.828125 0.250000
36  2.770192 -21.600712 7.766657  0.999615 0.011505 0.025260  0.968750 0.250000
scope_clamps.bmp
36  2.275185 -17.900822 6.667257  -0.999615 -0.011511 -0.025260  0.000000 0.015625
36  2.270603 -18.453426 7.100393  -0.999615 -0.011511 -0.025260  0.140625 0.250000
36  2.267058 -17.839035 6.960713  -0.999615 -0.011511 -0.025261  0.000000 0.250000
scope_clamps.bmp
36  2.685670 -17.587223 8.094933  -0.006057 0.978496 -0.206178  0.671875 0.781250
36  1.984613 -17.661301 7.763978  -0.006056 0.978494 -0.206184  0.828125 0.640625
36  2.275828 -17.591942 8.084576  -0.006056 0.978492 -0.206196  0.750000 0.781250
scope_clamps.bmp
36  2.705173 -20.737972 8.758854  -0.006058 0.978496 -0.206175  0.671875 0.781250
36  2.004116 -20.812050 8.427900  -0.006057 0.978495 -0.206182  0.828125 0.640625
36  2.295331 -20.742693 8.748498  -0.006060 0.978495 -0.206181  0.750000 0.781250
buttstock.bmp
36  3.156882 -18.681387 4.198041  0.991592 0.044436 0.121537  0.984375 0.445313
36  3.151402 -17.837824 4.030502  0.773393 0.490057 -0.402128  0.925781 0.453125
36  2.968823 -18.000189 5.787318  0.991590 0.044436 0.121553  0.953125 0.765625
buttstock.bmp
36  2.968823 -18.000189 5.787318  0.991590 0.044436 0.121553  0.953125 0.765625
36  3.151402 -17.837824 4.030502  0.773393 0.490057 -0.402128  0.925781 0.453125
36  3.072331 -17.422939 4.595232  0.961032 0.170034 -0.217960  0.898438 0.562500
buttstock.bmp
36  3.151402 -17.837824 4.030502  0.773393 0.490057 -0.402128  0.925781 0.453125
36  2.248094 -17.352659 4.322479  -0.313350 0.264762 -0.911983  0.886719 0.531250
36  3.072331 -17.422939 4.595232  0.961032 0.170034 -0.217960  0.898438 0.562500
buttstock.bmp
36  3.072331 -17.422939 4.595232  0.961032 0.170034 -0.217960  0.898438 0.562500
36  2.248094 -17.352659 4.322479  -0.313350 0.264762 -0.911983  0.886719 0.531250
36  3.124947 -16.191406 4.327170  0.726142 -0.493334 -0.478895  0.789063 0.562500
buttstock.bmp
36  2.248094 -17.352659 4.322479  -0.313350 0.264762 -0.911983  0.886719 0.531250
36  2.242369 -16.386009 4.108572  -0.529325 -0.590342 -0.609354  0.808594 0.523438
36  3.124947 -16.191406 4.327170  0.726142 -0.493334 -0.478895  0.789063 0.562500
buttstock.bmp
36  3.124947 -16.191406 4.327170  0.726142 -0.493334 -0.478895  0.789063 0.562500
36  2.242369 -16.386009 4.108572  -0.529325 -0.590342 -0.609354  0.808594 0.523438
36  2.301353 -15.780780 1.498588  -0.390401 -0.780625 -0.488069  0.730469 0.023438
buttstock.bmp
36  2.242369 -16.386009 4.108572  -0.529325 -0.590342 -0.609354  0.808594 0.523438
36  2.165317 -16.202456 4.302921  -0.950126 -0.189253 -0.247877  0.789063 0.562500
36  2.301353 -15.780780 1.498588  -0.390401 -0.780625 -0.488069  0.730469 0.023438
buttstock.bmp
36  2.301353 -15.780780 1.498588  -0.390401 -0.780625 -0.488069  0.730469 0.023438
36  2.165317 -16.202456 4.302921  -0.950126 -0.189253 -0.247877  0.789063 0.562500
36  2.198552 -15.489930 1.475395  -0.601715 -0.182780 -0.777516  0.699219 0.039063
buttstock.bmp
36  2.165317 -16.202456 4.302921  -0.950126 -0.189253 -0.247877  0.789063 0.562500
36  1.999283 -16.088139 5.674804  -0.993254 -0.028805 -0.112327  0.800781 0.843750
36  2.198552 -15.489930 1.475395  -0.601715 -0.182780 -0.777516  0.699219 0.039063
buttstock.bmp
36  2.198552 -15.489930 1.475395  -0.601715 -0.182780 -0.777516  0.699219 0.039063
36  1.999283 -16.088139 5.674804  -0.993254 -0.028805 -0.112327  0.800781 0.843750
36  2.213103 -14.860891 1.404694  -0.871710 0.096406 -0.480446  0.656250 0.062500
buttstock.bmp
36  1.999283 -16.088139 5.674804  -0.993254 -0.028805 -0.112327  0.800781 0.843750
36  2.128093 -15.557321 5.086128  -0.940764 0.258126 0.219851  0.742188 0.710938
36  2.213103 -14.860891 1.404694  -0.871710 0.096406 -0.480446  0.656250 0.062500
buttstock.bmp
36  2.213103 -14.860891 1.404694  -0.871710 0.096406 -0.480446  0.656250 0.062500
36  2.128093 -15.557321 5.086128  -0.940764 0.258126 0.219851  0.742188 0.710938
36  2.178192 -14.726021 2.724766  -0.942669 0.297983 0.150270  0.675781 0.296875
buttstock.bmp
36  2.128093 -15.557321 5.086128  -0.940764 0.258126 0.219851  0.742188 0.710938
36  2.139034 -15.239545 4.508375  -0.951090 0.171756 -0.256762  0.707031 0.617188
36  2.178192 -14.726021 2.724766  -0.942669 0.297983 0.150270  0.675781 0.296875
buttstock.bmp
36  2.178192 -14.726021 2.724766  -0.942669 0.297983 0.150270  0.675781 0.296875
36  2.139034 -15.239545 4.508375  -0.951090 0.171756 -0.256762  0.707031 0.617188
36  2.409458 -14.904775 4.343149  -0.302682 0.770343 -0.561208  0.683594 0.570313
buttstock.bmp
36  2.139034 -15.239545 4.508375  -0.951090 0.171756 -0.256762  0.707031 0.617188
36  2.123955 -12.887041 4.033090  -0.916545 -0.264325 -0.300129  0.535156 0.617188
36  2.409458 -14.904775 4.343149  -0.302682 0.770343 -0.561208  0.683594 0.570313
buttstock.bmp
36  2.409458 -14.904775 4.343149  -0.302682 0.770343 -0.561208  0.683594 0.570313
36  2.123955 -12.887041 4.033090  -0.916545 -0.264325 -0.300129  0.535156 0.617188
36  2.398374 -13.114131 3.965827  0.040210 -0.710493 -0.702554  0.562500 0.570313
buttstock.bmp
36  2.123955 -12.887041 4.033090  -0.916545 -0.264325 -0.300129  0.535156 0.617188
36  2.427586 -12.953916 2.736812  -0.210622 -0.827270 0.520829  0.535156 0.367188
36  2.398374 -13.114131 3.965827  0.040210 -0.710493 -0.702554  0.562500 0.570313
buttstock.bmp
36  2.398374 -13.114131 3.965827  0.040210 -0.710493 -0.702554  0.562500 0.570313
36  2.427586 -12.953916 2.736812  -0.210622 -0.827270 0.520829  0.535156 0.367188
36  3.027644 -12.660152 2.609795  0.864858 -0.468214 0.181097  0.496094 0.343750
buttstock.bmp
36  2.427586 -12.953916 2.736812  -0.210622 -0.827270 0.520829  0.535156 0.367188
36  3.050316 -13.736983 2.203321  0.804968 0.058723 0.590405  0.578125 0.210938
36  3.027644 -12.660152 2.609795  0.864858 -0.468214 0.181097  0.496094 0.343750
buttstock.bmp
36  3.027644 -12.660152 2.609795  0.864858 -0.468214 0.181097  0.496094 0.343750
36  3.050316 -13.736983 2.203321  0.804968 0.058723 0.590405  0.578125 0.210938
36  3.099691 -13.043313 1.516819  0.753922 0.117195 -0.646426  0.523438 0.125000
buttstock.bmp
36  3.050316 -13.736983 2.203321  0.804968 0.058723 0.590405  0.578125 0.210938
36  3.104686 -13.808599 1.667863  0.466995 -0.019457 -0.884046  0.582031 0.109375
36  3.099691 -13.043313 1.516819  0.753922 0.117195 -0.646426  0.523438 0.125000
buttstock.bmp
36  3.099691 -13.043313 1.516819  0.753922 0.117195 -0.646426  0.523438 0.125000
36  3.104686 -13.808599 1.667863  0.466995 -0.019457 -0.884046  0.582031 0.109375
36  2.190042 -13.053788 1.493832  -0.699621 -0.022040 -0.714174  0.523438 0.125000
buttstock.bmp
36  3.104686 -13.808599 1.667863  0.466995 -0.019457 -0.884046  0.582031 0.109375
36  2.195037 -13.819073 1.644876  -0.822730 -0.001844 -0.568430  0.582031 0.109375
36  2.190042 -13.053788 1.493832  -0.699621 -0.022040 -0.714174  0.523438 0.125000
buttstock.bmp
36  2.190042 -13.053788 1.493832  -0.699621 -0.022040 -0.714174  0.523438 0.125000
36  2.195037 -13.819073 1.644876  -0.822730 -0.001844 -0.568430  0.582031 0.109375
36  2.181463 -13.753176 2.151999  -0.928477 0.083965 0.361774  0.578125 0.210938
buttstock.bmp
36  2.195037 -13.819073 1.644876  -0.822730 -0.001844 -0.568430  0.582031 0.109375
36  2.178192 -14.726021 2.724766  -0.942669 0.297983 0.150270  0.675781 0.296875
36  2.181463 -13.753176 2.151999  -0.928477 0.083965 0.361774  0.578125 0.210938
buttstock.bmp
36  2.181463 -13.753176 2.151999  -0.928477 0.083965 0.361774  0.578125 0.210938
36  2.178192 -14.726021 2.724766  -0.942669 0.297983 0.150270  0.675781 0.296875
36  2.442032 -14.537007 2.886514  -0.203973 0.690870 0.693609  0.656250 0.335938
buttstock.bmp
36  2.178192 -14.726021 2.724766  -0.942669 0.297983 0.150270  0.675781 0.296875
36  2.409458 -14.904775 4.343149  -0.302682 0.770343 -0.561208  0.683594 0.570313
36  2.442032 -14.537007 2.886514  -0.203973 0.690870 0.693609  0.656250 0.335938
buttstock.bmp
36  2.442032 -14.537007 2.886514  -0.203973 0.690870 0.693609  0.656250 0.335938
36  2.409458 -14.904775 4.343149  -0.302682 0.770343 -0.561208  0.683594 0.570313
36  3.037861 -14.716122 2.746490  0.817114 0.477445 0.323065  0.675781 0.296875
buttstock.bmp
36  2.409458 -14.904775 4.343149  -0.302682 0.770343 -0.561208  0.683594 0.570313
36  2.938665 -15.220551 4.526521  0.867637 0.141528 -0.476629  0.707031 0.617188
36  3.037861 -14.716122 2.746490  0.817114 0.477445 0.323065  0.675781 0.296875
buttstock.bmp
36  3.037861 -14.716122 2.746490  0.817114 0.477445 0.323065  0.675781 0.296875
36  2.938665 -15.220551 4.526521  0.867637 0.141528 -0.476629  0.707031 0.617188
36  2.908334 -15.552462 5.086267  0.917214 0.251164 0.309251  0.742188 0.710938
buttstock.bmp
36  2.938665 -15.220551 4.526521  0.867637 0.141528 -0.476629  0.707031 0.617188
36  2.953696 -12.887272 4.056118  0.971890 -0.192352 -0.135759  0.535156 0.617188
36  2.908334 -15.552462 5.086267  0.917214 0.251164 0.309251  0.742188 0.710938
buttstock.bmp
36  2.908334 -15.552462 5.086267  0.917214 0.251164 0.309251  0.742188 0.710938
36  2.953696 -12.887272 4.056118  0.971890 -0.192352 -0.135759  0.535156 0.617188
36  2.982682 -6.568391 3.196756  0.864403 0.273234 0.422079  0.035156 0.710938
buttstock.bmp
36  2.953696 -12.887272 4.056118  0.971890 -0.192352 -0.135759  0.535156 0.617188
36  3.064132 -10.218072 1.636598  0.767158 -0.529799 -0.361639  0.285156 0.289063
36  2.982682 -6.568391 3.196756  0.864403 0.273234 0.422079  0.035156 0.710938
buttstock.bmp
36  2.982682 -6.568391 3.196756  0.864403 0.273234 0.422079  0.035156 0.710938
36  3.064132 -10.218072 1.636598  0.767158 -0.529799 -0.361639  0.285156 0.289063
36  3.086476 -9.865772 0.591856  0.621939 -0.418408 -0.661911  0.234375 0.093750
buttstock.bmp
36  3.064132 -10.218072 1.636598  0.767158 -0.529799 -0.361639  0.285156 0.289063
36  2.176826 -9.876246 0.568869  -0.580343 -0.645497 -0.496524  0.234375 0.093750
36  3.086476 -9.865772 0.591856  0.621939 -0.418408 -0.661911  0.234375 0.093750
buttstock.bmp
36  3.086476 -9.865772 0.591856  0.621939 -0.418408 -0.661911  0.234375 0.093750
36  2.176826 -9.876246 0.568869  -0.580343 -0.645497 -0.496524  0.234375 0.093750
36  2.160791 -6.910377 -0.148037  -0.423522 -0.215002 -0.880002  0.007813 0.093750
buttstock.bmp
36  2.176826 -9.876246 0.568869  -0.580343 -0.645497 -0.496524  0.234375 0.093750
36  2.073033 -6.578866 3.173769  -0.891894 0.260619 0.369599  0.035156 0.710938
36  2.160791 -6.910377 -0.148037  -0.423522 -0.215002 -0.880002  0.007813 0.093750
buttstock.bmp
36  2.409458 -14.904775 4.343149  -0.302682 0.770343 -0.561208  0.683594 0.570313
36  2.398374 -13.114131 3.965827  0.040210 -0.710493 -0.702554  0.562500 0.570313
36  2.938665 -15.220551 4.526521  0.867637 0.141528 -0.476629  0.707031 0.617188
buttstock.bmp
36  2.938665 -15.220551 4.526521  0.867637 0.141528 -0.476629  0.707031 0.617188
36  2.398374 -13.114131 3.965827  0.040210 -0.710493 -0.702554  0.562500 0.570313
36  2.953696 -12.887272 4.056118  0.971890 -0.192352 -0.135759  0.535156 0.617188
buttstock.bmp
36  2.398374 -13.114131 3.965827  0.040210 -0.710493 -0.702554  0.562500 0.570313
36  3.027644 -12.660152 2.609795  0.864858 -0.468214 0.181097  0.496094 0.343750
36  2.953696 -12.887272 4.056118  0.971890 -0.192352 -0.135759  0.535156 0.617188
buttstock.bmp
36  2.953696 -12.887272 4.056118  0.971890 -0.192352 -0.135759  0.535156 0.617188
36  3.027644 -12.660152 2.609795  0.864858 -0.468214 0.181097  0.496094 0.343750
36  3.071018 -11.622472 2.004042  0.753410 -0.042276 -0.656190  0.417969 0.289063
buttstock.bmp
36  3.027644 -12.660152 2.609795  0.864858 -0.468214 0.181097  0.496094 0.343750
36  3.099691 -13.043313 1.516819  0.753922 0.117195 -0.646426  0.523438 0.125000
36  3.071018 -11.622472 2.004042  0.753410 -0.042276 -0.656190  0.417969 0.289063
buttstock.bmp
36  3.071018 -11.622472 2.004042  0.753410 -0.042276 -0.656190  0.417969 0.289063
36  3.099691 -13.043313 1.516819  0.753922 0.117195 -0.646426  0.523438 0.125000
36  2.161369 -11.632946 1.981055  -0.704871 0.088445 -0.703800  0.417969 0.289063
buttstock.bmp
36  3.099691 -13.043313 1.516819  0.753922 0.117195 -0.646426  0.523438 0.125000
36  2.190042 -13.053788 1.493832  -0.699621 -0.022040 -0.714174  0.523438 0.125000
36  2.161369 -11.632946 1.981055  -0.704871 0.088445 -0.703800  0.417969 0.289063
buttstock.bmp
36  2.161369 -11.632946 1.981055  -0.704871 0.088445 -0.703800  0.417969 0.289063
36  2.190042 -13.053788 1.493832  -0.699621 -0.022040 -0.714174  0.523438 0.125000
36  2.157980 -12.670166 2.587819  -0.940273 -0.255819 0.224596  0.496094 0.343750
buttstock.bmp
36  2.190042 -13.053788 1.493832  -0.699621 -0.022040 -0.714174  0.523438 0.125000
36  2.181463 -13.753176 2.151999  -0.928477 0.083965 0.361774  0.578125 0.210938
36  2.157980 -12.670166 2.587819  -0.940273 -0.255819 0.224596  0.496094 0.343750
buttstock.bmp
36  2.157980 -12.670166 2.587819  -0.940273 -0.255819 0.224596  0.496094 0.343750
36  2.181463 -13.753176 2.151999  -0.928477 0.083965 0.361774  0.578125 0.210938
36  2.444408 -13.753170 2.435301  -0.337070 -0.009399 0.941433  0.589844 0.257813
buttstock.bmp
36  2.181463 -13.753176 2.151999  -0.928477 0.083965 0.361774  0.578125 0.210938
36  2.442032 -14.537007 2.886514  -0.203973 0.690870 0.693609  0.656250 0.335938
36  2.444408 -13.753170 2.435301  -0.337070 -0.009399 0.941433  0.589844 0.257813
buttstock.bmp
36  2.444408 -13.753170 2.435301  -0.337070 -0.009399 0.941433  0.589844 0.257813
36  2.442032 -14.537007 2.886514  -0.203973 0.690870 0.693609  0.656250 0.335938
36  3.050316 -13.736983 2.203321  0.804968 0.058723 0.590405  0.578125 0.210938
buttstock.bmp
36  2.442032 -14.537007 2.886514  -0.203973 0.690870 0.693609  0.656250 0.335938
36  3.037861 -14.716122 2.746490  0.817114 0.477445 0.323065  0.675781 0.296875
36  3.050316 -13.736983 2.203321  0.804968 0.058723 0.590405  0.578125 0.210938
buttstock.bmp
36  3.050316 -13.736983 2.203321  0.804968 0.058723 0.590405  0.578125 0.210938
36  3.037861 -14.716122 2.746490  0.817114 0.477445 0.323065  0.675781 0.296875
36  3.188231 -15.488319 1.502464  0.913256 -0.103158 -0.394109  0.699219 0.039063
buttstock.bmp
36  3.037861 -14.716122 2.746490  0.817114 0.477445 0.323065  0.675781 0.296875
36  2.908334 -15.552462 5.086267  0.917214 0.251164 0.309251  0.742188 0.710938
36  3.188231 -15.488319 1.502464  0.913256 -0.103158 -0.394109  0.699219 0.039063
buttstock.bmp
36  3.188231 -15.488319 1.502464  0.913256 -0.103158 -0.394109  0.699219 0.039063
36  2.908334 -15.552462 5.086267  0.917214 0.251164 0.309251  0.742188 0.710938
36  3.124947 -16.191406 4.327170  0.726142 -0.493334 -0.478895  0.789063 0.562500
buttstock.bmp
36  2.908334 -15.552462 5.086267  0.917214 0.251164 0.309251  0.742188 0.710938
36  3.072331 -17.422939 4.595232  0.961032 0.170034 -0.217960  0.898438 0.562500
36  3.124947 -16.191406 4.327170  0.726142 -0.493334 -0.478895  0.789063 0.562500
buttstock.bmp
39  1.160216 -16.380478 5.362421  0.485154 0.494022 0.721503  0.582031 0.476563
39  0.950849 -16.638851 5.451914  0.092579 -0.295072 0.950979  0.585938 0.468750
39  1.192891 -16.605700 5.359631  0.685939 -0.223246 0.692567  0.578125 0.460938
buttstock.bmp
39  1.192891 -16.605700 5.359631  0.685939 -0.223246 0.692567  0.578125 0.460938
39  0.950849 -16.638851 5.451914  0.092579 -0.295072 0.950979  0.585938 0.468750
39  1.056623 -16.784466 5.291265  0.247653 -0.873172 0.419808  0.589844 0.453125
buttstock.bmp
39  0.950849 -16.638851 5.451914  0.092579 -0.295072 0.950979  0.585938 0.468750
39  0.743368 -16.659803 5.358573  -0.489859 -0.487239 0.722936  0.609375 0.453125
39  1.056623 -16.784466 5.291265  0.247653 -0.873172 0.419808  0.589844 0.453125
buttstock.bmp
39  1.056623 -16.784466 5.291265  0.247653 -0.873172 0.419808  0.589844 0.453125
39  0.743368 -16.659803 5.358573  -0.489859 -0.487239 0.722936  0.609375 0.453125
39  0.848932 -16.813143 5.209768  -0.352231 -0.934061 0.058845  0.601563 0.437500
buttstock.bmp
39  0.743368 -16.659803 5.358573  -0.489859 -0.487239 0.722936  0.609375 0.453125
39  0.668906 -16.674620 5.144948  -0.887297 -0.458873 0.046265  0.609375 0.437500
39  0.848932 -16.813143 5.209768  -0.352231 -0.934061 0.058845  0.601563 0.437500
buttstock.bmp
39  0.848932 -16.813143 5.209768  -0.352231 -0.934061 0.058845  0.601563 0.437500
39  0.668906 -16.674620 5.144948  -0.887297 -0.458873 0.046265  0.609375 0.437500
39  0.773982 -16.665735 4.941526  -0.603705 -0.491166 -0.627930  0.609375 0.414063
buttstock.bmp
39  0.668906 -16.674620 5.144948  -0.887297 -0.458873 0.046265  0.609375 0.437500
39  0.636230 -16.449400 5.147738  -0.963973 0.212684 -0.159758  0.621094 0.437500
39  0.773982 -16.665735 4.941526  -0.603705 -0.491166 -0.627930  0.609375 0.414063
buttstock.bmp
39  0.773982 -16.665735 4.941526  -0.603705 -0.491166 -0.627930  0.609375 0.414063
39  0.636230 -16.449400 5.147738  -0.963973 0.212684 -0.159758  0.621094 0.437500
39  0.751243 -16.430614 4.942508  -0.604878 0.331468 -0.724052  0.625000 0.414063
buttstock.bmp
39  0.636230 -16.449400 5.147738  -0.963973 0.212684 -0.159758  0.621094 0.437500
39  0.782765 -16.272577 5.206573  -0.475327 0.869890 0.131741  0.632813 0.437500
39  0.751243 -16.430614 4.942508  -0.604878 0.331468 -0.724052  0.625000 0.414063
buttstock.bmp
39  0.751243 -16.430614 4.942508  -0.604878 0.331468 -0.724052  0.625000 0.414063
39  0.782765 -16.272577 5.206573  -0.475327 0.869890 0.131741  0.632813 0.437500
39  0.877575 -16.261747 5.012682  -0.267421 0.844765 -0.463528  0.636719 0.421875
buttstock.bmp
39  0.782765 -16.272577 5.206573  -0.475327 0.869890 0.131741  0.632813 0.437500
39  1.085266 -16.233070 5.094180  0.240396 0.960544 -0.139876  0.632813 0.437500
39  0.877575 -16.261747 5.012682  -0.267421 0.844765 -0.463528  0.636719 0.421875
buttstock.bmp
39  0.877575 -16.261747 5.012682  -0.267421 0.844765 -0.463528  0.636719 0.421875
39  1.085266 -16.233070 5.094180  0.240396 0.960544 -0.139876  0.632813 0.437500
39  0.983350 -16.407362 4.852033  0.063186 0.418838 -0.905860  0.632813 0.406250
buttstock.bmp
39  1.085266 -16.233070 5.094180  0.240396 0.960544 -0.139876  0.632813 0.437500
39  1.191041 -16.378685 4.933531  0.675948 0.432021 -0.597036  0.621094 0.437500
39  0.983350 -16.407362 4.852033  0.063186 0.418838 -0.905860  0.632813 0.406250
buttstock.bmp
39  0.983350 -16.407362 4.852033  0.063186 0.418838 -0.905860  0.632813 0.406250
39  1.191041 -16.378685 4.933531  0.675948 0.432021 -0.597036  0.621094 0.437500
39  1.213720 -16.604021 4.930488  0.633858 -0.253878 -0.730595  0.613281 0.429688
buttstock.bmp
39  1.191041 -16.378685 4.933531  0.675948 0.432021 -0.597036  0.621094 0.437500
39  1.297968 -16.596815 5.156210  0.948565 -0.315961 0.019799  0.609375 0.453125
39  1.213720 -16.604021 4.930488  0.633858 -0.253878 -0.730595  0.613281 0.429688
buttstock.bmp
39  1.213720 -16.604021 4.930488  0.633858 -0.253878 -0.730595  0.613281 0.429688
39  1.297968 -16.596815 5.156210  0.948565 -0.315961 0.019799  0.609375 0.453125
39  1.151433 -16.773636 5.097374  0.488625 -0.832262 -0.261887  0.601563 0.437500
buttstock.bmp
39  1.297968 -16.596815 5.156210  0.948565 -0.315961 0.019799  0.609375 0.453125
39  1.056623 -16.784466 5.291265  0.247653 -0.873172 0.419808  0.597656 0.468750
39  1.151433 -16.773636 5.097374  0.488625 -0.832262 -0.261887  0.601563 0.437500
buttstock.bmp
36  2.161369 -11.632946 1.981055  -0.704871 0.088445 -0.703800  0.417969 0.289063
36  2.123955 -12.887041 4.033090  -0.916545 -0.264325 -0.300129  0.535156 0.617188
36  2.154483 -10.228546 1.613611  -0.727222 -0.372517 -0.576524  0.285156 0.289063
buttstock.bmp
36  2.154483 -10.228546 1.613611  -0.727222 -0.372517 -0.576524  0.285156 0.289063
36  2.123955 -12.887041 4.033090  -0.916545 -0.264325 -0.300129  0.535156 0.617188
36  2.073033 -6.578866 3.173769  -0.891894 0.260619 0.369599  0.035156 0.710938
buttstock.bmp
36  2.123955 -12.887041 4.033090  -0.916545 -0.264325 -0.300129  0.535156 0.617188
36  2.128093 -15.557321 5.086128  -0.940764 0.258126 0.219851  0.742188 0.710938
36  2.073033 -6.578866 3.173769  -0.891894 0.260619 0.369599  0.035156 0.710938
buttstock.bmp
36  2.073033 -6.578866 3.173769  -0.891894 0.260619 0.369599  0.035156 0.710938
36  2.128093 -15.557321 5.086128  -0.940764 0.258126 0.219851  0.742188 0.710938
36  2.533865 -15.353817 5.166972  -0.005231 0.376401 0.926442  0.718750 0.796875
buttstock.bmp
36  2.128093 -15.557321 5.086128  -0.940764 0.258126 0.219851  0.742188 0.710938
36  2.529875 -15.668490 5.468244  0.016667 0.815187 0.578958  0.742188 0.843750
36  2.533865 -15.353817 5.166972  -0.005231 0.376401 0.926442  0.718750 0.796875
buttstock.bmp
36  2.533865 -15.353817 5.166972  -0.005231 0.376401 0.926442  0.718750 0.796875
36  2.529875 -15.668490 5.468244  0.016667 0.815187 0.578958  0.742188 0.843750
36  2.908334 -15.552462 5.086267  0.917214 0.251164 0.309251  0.742188 0.710938
buttstock.bmp
36  2.529875 -15.668490 5.468244  0.016667 0.815187 0.578958  0.742188 0.843750
36  2.939360 -15.772952 5.542470  0.926512 0.313095 0.208679  0.777344 0.843750
36  2.908334 -15.552462 5.086267  0.917214 0.251164 0.309251  0.742188 0.710938
buttstock.bmp
36  2.908334 -15.552462 5.086267  0.917214 0.251164 0.309251  0.742188 0.710938
36  2.939360 -15.772952 5.542470  0.926512 0.313095 0.208679  0.777344 0.843750
36  3.072331 -17.422939 4.595232  0.961032 0.170034 -0.217960  0.898438 0.562500
buttstock.bmp
36  2.939360 -15.772952 5.542470  0.926512 0.313095 0.208679  0.777344 0.843750
36  2.968823 -18.000189 5.787318  0.991590 0.044436 0.121553  0.953125 0.765625
36  3.072331 -17.422939 4.595232  0.961032 0.170034 -0.217960  0.898438 0.562500
buttstock.bmp
39  1.297968 -16.596815 5.156210  0.948565 -0.315961 0.019799  0.609375 0.453125
39  1.275228 -16.361692 5.157191  0.869103 0.471145 0.150605  0.621094 0.453125
39  1.192891 -16.605700 5.359631  0.685939 -0.223246 0.692567  0.628906 0.468750
buttstock.bmp
39  1.192891 -16.605700 5.359631  0.685939 -0.223246 0.692567  0.628906 0.468750
39  1.275228 -16.361692 5.157191  0.869103 0.471145 0.150605  0.621094 0.453125
39  1.160216 -16.380478 5.362421  0.485154 0.494022 0.721503  0.632813 0.468750
buttstock.bmp
39  1.275228 -16.361692 5.157191  0.869103 0.471145 0.150605  0.621094 0.453125
39  1.085266 -16.233070 5.094180  0.240396 0.960544 -0.139876  0.632813 0.437500
39  1.160216 -16.380478 5.362421  0.485154 0.494022 0.721503  0.632813 0.468750
buttstock.bmp
39  1.160216 -16.380478 5.362421  0.485154 0.494022 0.721503  0.632813 0.468750
39  1.085266 -16.233070 5.094180  0.240396 0.960544 -0.139876  0.632813 0.437500
39  0.980460 -16.244015 5.287819  0.045034 0.890611 0.452531  0.640625 0.453125
buttstock.bmp
39  1.085266 -16.233070 5.094180  0.240396 0.960544 -0.139876  0.632813 0.437500
39  0.782765 -16.272577 5.206573  -0.475327 0.869890 0.131741  0.632813 0.437500
39  0.980460 -16.244015 5.287819  0.045034 0.890611 0.452531  0.640625 0.453125
buttstock.bmp
39  0.980460 -16.244015 5.287819  0.045034 0.890611 0.452531  0.640625 0.453125
39  0.782765 -16.272577 5.206573  -0.475327 0.869890 0.131741  0.632813 0.437500
39  0.918113 -16.403845 5.452643  -0.170602 0.393485 0.903363  0.601563 0.468750
buttstock.bmp
39  0.782765 -16.272577 5.206573  -0.475327 0.869890 0.131741  0.632813 0.437500
39  0.720688 -16.434467 5.361616  -0.768872 0.237279 0.593746  0.621094 0.453125
39  0.918113 -16.403845 5.452643  -0.170602 0.393485 0.903363  0.601563 0.468750
buttstock.bmp
39  0.918113 -16.403845 5.452643  -0.170602 0.393485 0.903363  0.601563 0.468750
39  0.720688 -16.434467 5.361616  -0.768872 0.237279 0.593746  0.621094 0.453125
39  0.743368 -16.659803 5.358573  -0.489859 -0.487239 0.722936  0.609375 0.453125
buttstock.bmp
39  0.720688 -16.434467 5.361616  -0.768872 0.237279 0.593746  0.621094 0.453125
39  0.668906 -16.674620 5.144948  -0.887297 -0.458873 0.046265  0.609375 0.437500
39  0.743368 -16.659803 5.358573  -0.489859 -0.487239 0.722936  0.609375 0.453125
buttstock.bmp
36  2.042728 -17.434795 4.569214  -0.975849 0.087721 -0.200061  0.898438 0.562500
36  2.051826 -17.850485 4.002717  -0.842595 0.348316 -0.410742  0.925781 0.453125
36  2.009193 -18.011238 5.763069  -0.999592 -0.011493 -0.026156  0.949219 0.765625
buttstock.bmp
36  2.042728 -17.434795 4.569214  -0.975849 0.087721 -0.200061  0.898438 0.562500
36  2.248094 -17.352659 4.322479  -0.313350 0.264762 -0.911983  0.886719 0.531250
36  2.051826 -17.850485 4.002717  -0.842595 0.348316 -0.410742  0.925781 0.453125
buttstock.bmp
36  2.042728 -17.434795 4.569214  -0.975849 0.087721 -0.200061  0.898438 0.562500
36  2.165317 -16.202456 4.302921  -0.950126 -0.189253 -0.247877  0.789063 0.562500
36  2.248094 -17.352659 4.322479  -0.313350 0.264762 -0.911983  0.886719 0.531250
buttstock.bmp
36  2.042728 -17.434795 4.569214  -0.975849 0.087721 -0.200061  0.898438 0.562500
36  1.999283 -16.088139 5.674804  -0.993254 -0.028805 -0.112327  0.800781 0.843750
36  2.165317 -16.202456 4.302921  -0.950126 -0.189253 -0.247877  0.789063 0.562500
buttstock.bmp
36  2.042728 -17.434795 4.569214  -0.975849 0.087721 -0.200061  0.898438 0.562500
36  2.016437 -16.899239 5.365573  -0.891075 -0.447635 0.074888  0.867188 0.750000
36  1.999283 -16.088139 5.674804  -0.993254 -0.028805 -0.112327  0.800781 0.843750
buttstock.bmp
36  2.042728 -17.434795 4.569214  -0.975849 0.087721 -0.200061  0.898438 0.562500
36  2.020100 -17.449255 5.471256  -0.999615 -0.011523 -0.025259  0.917969 0.750000
36  2.016437 -16.899239 5.365573  -0.891075 -0.447635 0.074888  0.867188 0.750000
buttstock.bmp
36  2.042728 -17.434795 4.569214  -0.975849 0.087721 -0.200061  0.898438 0.562500
36  2.009193 -18.011238 5.763069  -0.999592 -0.011493 -0.026156  0.949219 0.765625
36  2.020100 -17.449255 5.471256  -0.999615 -0.011523 -0.025259  0.917969 0.750000
buttstock.bmp
36  2.195037 -13.819073 1.644876  -0.822730 -0.001844 -0.568430  0.582031 0.109375
36  3.104686 -13.808599 1.667863  0.466995 -0.019457 -0.884046  0.582031 0.109375
36  2.213103 -14.860891 1.404694  -0.871710 0.096406 -0.480446  0.656250 0.062500
buttstock.bmp
36  2.213103 -14.860891 1.404694  -0.871710 0.096406 -0.480446  0.656250 0.062500
36  3.104686 -13.808599 1.667863  0.466995 -0.019457 -0.884046  0.582031 0.109375
36  2.198552 -15.489930 1.475395  -0.601715 -0.182780 -0.777516  0.699219 0.039063
buttstock.bmp
36  3.104686 -13.808599 1.667863  0.466995 -0.019457 -0.884046  0.582031 0.109375
36  3.188231 -15.488319 1.502464  0.913256 -0.103158 -0.394109  0.699219 0.039063
36  2.198552 -15.489930 1.475395  -0.601715 -0.182780 -0.777516  0.699219 0.039063
buttstock.bmp
36  2.198552 -15.489930 1.475395  -0.601715 -0.182780 -0.777516  0.699219 0.039063
36  3.188231 -15.488319 1.502464  0.913256 -0.103158 -0.394109  0.699219 0.039063
36  2.301353 -15.780780 1.498588  -0.390401 -0.780625 -0.488069  0.730469 0.023438
buttstock.bmp
36  3.188231 -15.488319 1.502464  0.913256 -0.103158 -0.394109  0.699219 0.039063
36  3.124947 -16.191406 4.327170  0.726142 -0.493334 -0.478895  0.789063 0.562500
36  2.301353 -15.780780 1.498588  -0.390401 -0.780625 -0.488069  0.730469 0.023438
buttstock.bmp
39  0.983350 -16.407362 4.852033  0.063186 0.418838 -0.905860  0.632813 0.406250
39  1.016025 -16.632584 4.849243  0.031886 -0.409377 -0.911808  0.585938 0.398438
39  0.751243 -16.430614 4.942508  -0.604878 0.331468 -0.724052  0.625000 0.414063
buttstock.bmp
39  0.751243 -16.430614 4.942508  -0.604878 0.331468 -0.724052  0.625000 0.414063
39  1.016025 -16.632584 4.849243  0.031886 -0.409377 -0.911808  0.585938 0.398438
39  0.773982 -16.665735 4.941526  -0.603705 -0.491166 -0.627930  0.609375 0.414063
buttstock.bmp
39  1.016025 -16.632584 4.849243  0.031886 -0.409377 -0.911808  0.585938 0.398438
39  0.953738 -16.802198 5.016129  -0.021197 -0.929026 -0.369406  0.593750 0.421875
39  0.773982 -16.665735 4.941526  -0.603705 -0.491166 -0.627930  0.609375 0.414063
buttstock.bmp
39  0.773982 -16.665735 4.941526  -0.603705 -0.491166 -0.627930  0.609375 0.414063
39  0.953738 -16.802198 5.016129  -0.021197 -0.929026 -0.369406  0.593750 0.421875
39  0.848932 -16.813143 5.209768  -0.352231 -0.934061 0.058845  0.601563 0.437500
buttstock.bmp
39  0.953738 -16.802198 5.016129  -0.021197 -0.929026 -0.369406  0.593750 0.421875
39  1.056623 -16.784466 5.291265  0.247653 -0.873172 0.419808  0.589844 0.453125
39  0.848932 -16.813143 5.209768  -0.352231 -0.934061 0.058845  0.601563 0.437500
buttstock.bmp
36  2.529875 -15.668490 5.468244  -0.005237 0.376369 0.926455  0.210938 0.640625
36  2.523444 -16.786669 5.836394  0.008986 0.253138 0.967389  0.218750 0.492188
36  2.939360 -15.772952 5.542470  0.008922 0.253089 0.967402  0.144531 0.625000
buttstock.bmp
36  2.939360 -15.772952 5.542470  0.008922 0.253089 0.967402  0.144531 0.625000
36  2.523444 -16.786669 5.836394  0.008986 0.253138 0.967389  0.218750 0.492188
36  2.910505 -17.946703 6.091355  0.008947 0.215812 0.976394  0.152344 0.335938
buttstock.bmp
36  2.523444 -16.786669 5.836394  0.008986 0.253138 0.967389  0.218750 0.492188
36  2.526896 -17.344410 5.953920  -0.027099 0.205939 0.978189  0.218750 0.414063
36  2.910505 -17.946703 6.091355  0.008947 0.215812 0.976394  0.152344 0.335938
buttstock.bmp
36  2.910505 -17.946703 6.091355  0.008947 0.215812 0.976394  0.152344 0.335938
36  2.526896 -17.344410 5.953920  -0.027099 0.205939 0.978189  0.218750 0.414063
36  2.001127 -17.959236 6.058587  -0.027097 0.205941 0.978189  0.292969 0.335938
buttstock.bmp
36  2.526896 -17.344410 5.953920  -0.027099 0.205939 0.978189  0.218750 0.414063
36  2.007097 -17.350397 5.940785  -0.027089 0.205937 0.978190  0.292969 0.421875
36  2.001127 -17.959236 6.058587  -0.027097 0.205941 0.978189  0.292969 0.335938
buttstock.bmp
36  2.154483 -10.228546 1.613611  -0.727222 -0.372517 -0.576524  0.285156 0.289063
36  3.071018 -11.622472 2.004042  0.753410 -0.042276 -0.656190  0.417969 0.289063
36  2.161369 -11.632946 1.981055  -0.704871 0.088445 -0.703800  0.417969 0.289063
buttstock.bmp
36  2.154483 -10.228546 1.613611  -0.727222 -0.372517 -0.576524  0.285156 0.289063
36  3.064132 -10.218072 1.636598  0.767158 -0.529799 -0.361639  0.285156 0.289063
36  3.071018 -11.622472 2.004042  0.753410 -0.042276 -0.656190  0.417969 0.289063
buttstock.bmp
36  2.154483 -10.228546 1.613611  -0.727222 -0.372517 -0.576524  0.285156 0.289063
36  2.176826 -9.876246 0.568869  -0.580343 -0.645497 -0.496524  0.234375 0.093750
36  3.064132 -10.218072 1.636598  0.767158 -0.529799 -0.361639  0.285156 0.289063
buttstock.bmp
36  2.154483 -10.228546 1.613611  -0.727222 -0.372517 -0.576524  0.285156 0.289063
36  2.073033 -6.578866 3.173769  -0.891894 0.260619 0.369599  0.035156 0.710938
36  2.176826 -9.876246 0.568869  -0.580343 -0.645497 -0.496524  0.234375 0.093750
buttstock.bmp
36  2.161369 -11.632946 1.981055  -0.704871 0.088445 -0.703800  0.417969 0.289063
36  2.157980 -12.670166 2.587819  -0.940273 -0.255819 0.224596  0.496094 0.343750
36  2.123955 -12.887041 4.033090  -0.916545 -0.264325 -0.300129  0.535156 0.617188
buttstock.bmp
36  2.123955 -12.887041 4.033090  -0.916545 -0.264325 -0.300129  0.535156 0.617188
36  2.157980 -12.670166 2.587819  -0.940273 -0.255819 0.224596  0.496094 0.343750
36  2.427586 -12.953916 2.736812  -0.210622 -0.827270 0.520829  0.535156 0.367188
buttstock.bmp
36  2.157980 -12.670166 2.587819  -0.940273 -0.255819 0.224596  0.496094 0.343750
36  2.444408 -13.753170 2.435301  -0.337070 -0.009399 0.941433  0.589844 0.257813
36  2.427586 -12.953916 2.736812  -0.210622 -0.827270 0.520829  0.535156 0.367188
buttstock.bmp
36  2.427586 -12.953916 2.736812  -0.210622 -0.827270 0.520829  0.535156 0.367188
36  2.444408 -13.753170 2.435301  -0.337070 -0.009399 0.941433  0.589844 0.257813
36  3.050316 -13.736983 2.203321  0.804968 0.058723 0.590405  0.578125 0.210938
buttstock.bmp
36  2.533865 -15.353817 5.166972  -0.005231 0.376401 0.926442  0.718750 0.796875
36  2.479595 -6.586512 3.319538  -0.044620 0.567492 0.822169  0.039063 0.796875
36  2.073033 -6.578866 3.173769  -0.891894 0.260619 0.369599  0.035156 0.710938
buttstock.bmp
36  2.073033 -6.578866 3.173769  -0.891894 0.260619 0.369599  0.035156 0.710938
36  2.479595 -6.586512 3.319538  -0.044620 0.567492 0.822169  0.039063 0.796875
36  2.982682 -6.568391 3.196756  0.864403 0.273234 0.422079  0.035156 0.710938
buttstock.bmp
36  2.479595 -6.586512 3.319538  -0.044620 0.567492 0.822169  0.039063 0.796875
36  2.533865 -15.353817 5.166972  -0.005231 0.376401 0.926442  0.718750 0.796875
36  2.982682 -6.568391 3.196756  0.864403 0.273234 0.422079  0.035156 0.710938
buttstock.bmp
36  2.982682 -6.568391 3.196756  0.864403 0.273234 0.422079  0.035156 0.710938
36  2.533865 -15.353817 5.166972  -0.005231 0.376401 0.926442  0.718750 0.796875
36  2.908334 -15.552462 5.086267  0.917214 0.251164 0.309251  0.742188 0.710938
buttstock.bmp
40  2.435606 -17.024500 3.482527  -0.999615 -0.011512 -0.025260  0.328125 0.890625
40  2.423167 -16.724789 3.838222  -0.999615 -0.011509 -0.025260  0.386719 0.914063
40  2.423884 -16.590372 3.748603  -0.999615 -0.011509 -0.025260  0.375000 0.921875
buttstock.bmp
40  2.423884 -16.590372 3.748603  -0.999615 -0.011509 -0.025260  0.375000 0.921875
40  2.423167 -16.724789 3.838222  -0.999615 -0.011509 -0.025260  0.386719 0.914063
40  2.404835 -16.557446 4.487422  -0.999615 -0.011509 -0.025260  0.480469 0.929688
buttstock.bmp
40  2.423167 -16.724789 3.838222  -0.999615 -0.011509 -0.025260  0.386719 0.914063
40  2.406652 -16.850994 4.549278  -0.999615 -0.011509 -0.025260  0.484375 0.898438
40  2.404835 -16.557446 4.487422  -0.999615 -0.011509 -0.025260  0.480469 0.929688
buttstock.bmp
40  2.736465 -16.837410 4.555552  0.999630 0.011180 0.024790  0.484375 0.898438
40  2.753101 -16.730776 3.848620  0.999615 0.011513 0.025259  0.386719 0.914063
40  2.734708 -16.553646 4.495758  0.999630 0.011179 0.024790  0.480469 0.929688
buttstock.bmp
40  2.734708 -16.553646 4.495758  0.999630 0.011179 0.024790  0.480469 0.929688
40  2.753101 -16.730776 3.848620  0.999615 0.011513 0.025259  0.386719 0.914063
40  2.753757 -16.586575 3.756939  0.999628 0.011236 0.024868  0.375000 0.921875
buttstock.bmp
40  2.753101 -16.730776 3.848620  0.999615 0.011513 0.025259  0.386719 0.914063
40  2.765480 -17.020700 3.490863  0.999615 0.011514 0.025258  0.328125 0.890625
40  2.753757 -16.586575 3.756939  0.999628 0.011236 0.024868  0.375000 0.921875
buttstock.bmp
36  1.999662 -15.773987 5.516664  -0.025621 0.446831 0.894251  0.292969 0.632813
36  1.999283 -16.088139 5.674804  0.011005 0.320846 0.947068  0.292969 0.585938
36  2.529875 -15.668490 5.468244  -0.005237 0.376369 0.926455  0.210938 0.640625
buttstock.bmp
36  2.529875 -15.668490 5.468244  -0.005237 0.376369 0.926455  0.210938 0.640625
36  1.999283 -16.088139 5.674804  0.011005 0.320846 0.947068  0.292969 0.585938
36  2.523444 -16.786669 5.836394  0.008986 0.253138 0.967389  0.218750 0.492188
buttstock.bmp
36  1.999283 -16.088139 5.674804  0.010696 0.320203 0.947289  0.292969 0.585938
36  2.003976 -16.804499 5.815539  -0.027089 0.205956 0.978186  0.292969 0.492188
36  2.523444 -16.786669 5.836394  0.008951 0.253059 0.967409  0.218750 0.492188
magazine.bmp
41  2.166461 -18.024591 3.900298  -0.888467 0.105356 0.446684  0.234375 0.343750
41  2.157468 -20.408552 5.342501  -0.999615 -0.011510 -0.025260  0.984375 0.671875
41  2.141538 -17.835114 4.800230  -0.999615 -0.011511 -0.025260  0.234375 0.671875
buttstock.bmp
36  2.160791 -6.910377 -0.148037  -0.008943 0.994994 -0.099535  0.007813 0.093750
36  2.073033 -6.578866 3.173769  -0.008897 0.994821 -0.101252  0.035156 0.710938
36  3.070441 -6.899902 -0.125050  -0.008897 0.994821 -0.101251  0.007813 0.093750
buttstock.bmp
36  3.070441 -6.899902 -0.125050  -0.008897 0.994821 -0.101251  0.007813 0.093750
36  2.073033 -6.578866 3.173769  -0.008897 0.994821 -0.101252  0.035156 0.710938
36  2.982682 -6.568391 3.196756  -0.008943 0.994994 -0.099535  0.035156 0.710938
buttstock.bmp
36  2.057306 -18.694048 4.170255  0.027090 -0.205928 -0.978192  0.984375 0.445313
36  2.051826 -17.850485 4.002717  0.027090 -0.205929 -0.978192  0.925781 0.453125
36  3.156882 -18.681387 4.198041  0.027090 -0.205929 -0.978192  0.984375 0.445313
buttstock.bmp
36  3.156882 -18.681387 4.198041  0.027090 -0.205929 -0.978192  0.984375 0.445313
36  2.051826 -17.850485 4.002717  0.027090 -0.205929 -0.978192  0.925781 0.453125
36  3.151402 -17.837824 4.030502  0.027089 -0.205929 -0.978192  0.925781 0.453125
buttstock.bmp
36  2.001127 -17.959236 6.058587  0.006056 -0.978498 0.206167  0.957031 0.843750
36  2.009193 -18.011238 5.763069  0.006056 -0.978500 0.206156  0.953125 0.765625
36  2.910505 -17.946703 6.091355  0.006054 -0.978491 0.206202  0.957031 0.843750
buttstock.bmp
36  2.910505 -17.946703 6.091355  0.006054 -0.978491 0.206202  0.957031 0.843750
36  2.009193 -18.011238 5.763069  0.006056 -0.978500 0.206156  0.953125 0.765625
36  2.968823 -18.000189 5.787318  0.006057 -0.978497 0.206170  0.953125 0.765625
buttstock.bmp
36  2.982682 -6.568391 3.196756  0.864403 0.273234 0.422079  0.035156 0.710938
36  3.086476 -9.865772 0.591856  0.621939 -0.418408 -0.661911  0.234375 0.093750
36  3.070441 -6.899902 -0.125050  0.726151 -0.156703 -0.669440  0.007813 0.093750
buttstock.bmp
36  3.070441 -6.899902 -0.125050  0.726151 -0.156703 -0.669440  0.007813 0.093750
36  3.086476 -9.865772 0.591856  0.621939 -0.418408 -0.661911  0.234375 0.093750
36  2.160791 -6.910377 -0.148037  -0.423522 -0.215002 -0.880002  0.007813 0.093750
buttstock.bmp
36  1.999283 -16.088139 5.674804  -0.993254 -0.028805 -0.112327  0.800781 0.843750
36  1.999662 -15.773987 5.516664  -0.831701 0.554063 0.035895  0.769531 0.843750
36  2.128093 -15.557321 5.086128  -0.940764 0.258126 0.219851  0.742188 0.710938
buttstock.bmp
36  2.128093 -15.557321 5.086128  -0.940764 0.258126 0.219851  0.742188 0.710938
36  1.999662 -15.773987 5.516664  -0.831701 0.554063 0.035895  0.769531 0.843750
36  2.529875 -15.668490 5.468244  0.016667 0.815187 0.578958  0.742188 0.843750
buttstock.bmp
40  2.435606 -17.024500 3.482527  0.015702 0.515877 -0.856519  0.328125 0.890625
40  2.423884 -16.590372 3.748603  0.015704 0.515879 -0.856517  0.375000 0.921875
40  2.765480 -17.020700 3.490863  0.015705 0.515878 -0.856518  0.328125 0.890625
buttstock.bmp
40  2.765480 -17.020700 3.490863  0.015705 0.515878 -0.856518  0.328125 0.890625
40  2.423884 -16.590372 3.748603  0.015704 0.515879 -0.856517  0.375000 0.921875
40  2.753757 -16.586575 3.756939  0.015704 0.515880 -0.856517  0.375000 0.921875
buttstock.bmp
40  2.753757 -16.586575 3.756939  -0.010508 0.999167 -0.039428  0.375000 0.921875
40  2.423884 -16.590372 3.748603  -0.010508 0.999167 -0.039428  0.375000 0.921875
40  2.734708 -16.553646 4.495758  -0.010508 0.999167 -0.039427  0.480469 0.929688
buttstock.bmp
40  2.734708 -16.553646 4.495758  -0.010508 0.999167 -0.039427  0.480469 0.929688
40  2.423884 -16.590372 3.748603  -0.010508 0.999167 -0.039428  0.375000 0.921875
40  2.404835 -16.557446 4.487422  -0.010508 0.999167 -0.039427  0.480469 0.929688
buttstock.bmp
40  2.734708 -16.553646 4.495758  -0.033365 0.205877 0.978009  0.480469 0.929688
40  2.404835 -16.557446 4.487422  -0.033369 0.205878 0.978009  0.480469 0.929688
40  2.736465 -16.837410 4.555552  -0.033368 0.205878 0.978009  0.484375 0.898438
buttstock.bmp
40  2.736465 -16.837410 4.555552  -0.033368 0.205878 0.978009  0.484375 0.898438
40  2.404835 -16.557446 4.487422  -0.033369 0.205878 0.978009  0.480469 0.929688
40  2.406652 -16.850994 4.549278  -0.033372 0.205878 0.978008  0.484375 0.898438
buttstock.bmp
40  2.736465 -16.837410 4.555552  0.017658 -0.985378 -0.169466  0.484375 0.898438
40  2.406652 -16.850994 4.549278  0.017642 -0.985382 -0.169441  0.484375 0.898438
40  2.753101 -16.730776 3.848620  0.017622 -0.985380 -0.169457  0.386719 0.914063
buttstock.bmp
40  2.753101 -16.730776 3.848620  0.017622 -0.985380 -0.169457  0.386719 0.914063
40  2.406652 -16.850994 4.549278  0.017642 -0.985382 -0.169441  0.484375 0.898438
40  2.423167 -16.724789 3.838222  0.017618 -0.985376 -0.169483  0.386719 0.914063
buttstock.bmp
40  2.753101 -16.730776 3.848620  -0.016559 -0.767511 0.640821  0.386719 0.914063
40  2.423167 -16.724789 3.838222  -0.016560 -0.767511 0.640821  0.386719 0.914063
40  2.765480 -17.020700 3.490863  -0.016561 -0.767514 0.640818  0.328125 0.890625
buttstock.bmp
40  2.765480 -17.020700 3.490863  -0.016561 -0.767514 0.640818  0.328125 0.890625
40  2.423167 -16.724789 3.838222  -0.016560 -0.767511 0.640821  0.386719 0.914063
40  2.435606 -17.024500 3.482527  -0.016568 -0.767514 0.640818  0.328125 0.890625
buttstock.bmp
39  0.983350 -16.407362 4.852033  0.063186 0.418838 -0.905860  0.632813 0.406250
39  1.213720 -16.604021 4.930488  0.633858 -0.253878 -0.730595  0.613281 0.429688
39  1.016025 -16.632584 4.849243  0.031886 -0.409377 -0.911808  0.609375 0.414063
buttstock.bmp
39  1.016025 -16.632584 4.849243  0.031886 -0.409377 -0.911808  0.609375 0.414063
39  1.213720 -16.604021 4.930488  0.633858 -0.253878 -0.730595  0.613281 0.429688
39  1.151433 -16.773636 5.097374  0.488625 -0.832262 -0.261887  0.601563 0.437500
buttstock.bmp
39  1.297968 -16.596815 5.156210  0.948565 -0.315961 0.019799  0.609375 0.453125
39  1.191041 -16.378685 4.933531  0.675948 0.432021 -0.597036  0.621094 0.437500
39  1.275228 -16.361692 5.157191  0.869103 0.471145 0.150605  0.621094 0.453125
buttstock.bmp
39  1.275228 -16.361692 5.157191  0.869103 0.471145 0.150605  0.621094 0.453125
39  1.191041 -16.378685 4.933531  0.675948 0.432021 -0.597036  0.621094 0.437500
39  1.085266 -16.233070 5.094180  0.240396 0.960544 -0.139876  0.632813 0.437500
buttstock.bmp
39  1.160216 -16.380478 5.362421  0.485154 0.494022 0.721503  0.582031 0.476563
39  0.918113 -16.403845 5.452643  -0.170602 0.393485 0.903363  0.601563 0.468750
39  0.950849 -16.638851 5.451914  0.092579 -0.295072 0.950979  0.585938 0.468750
buttstock.bmp
39  0.950849 -16.638851 5.451914  0.092579 -0.295072 0.950979  0.585938 0.468750
39  0.918113 -16.403845 5.452643  -0.170602 0.393485 0.903363  0.601563 0.468750
39  0.743368 -16.659803 5.358573  -0.489859 -0.487239 0.722936  0.609375 0.453125
buttstock.bmp
39  0.668906 -16.674620 5.144948  -0.887297 -0.458873 0.046265  0.609375 0.437500
39  0.720688 -16.434467 5.361616  -0.768872 0.237279 0.593746  0.621094 0.453125
39  0.636230 -16.449400 5.147738  -0.963973 0.212684 -0.159758  0.621094 0.437500
buttstock.bmp
39  0.636230 -16.449400 5.147738  -0.963973 0.212684 -0.159758  0.621094 0.437500
39  0.720688 -16.434467 5.361616  -0.768872 0.237279 0.593746  0.621094 0.453125
39  0.782765 -16.272577 5.206573  -0.475327 0.869890 0.131741  0.632813 0.437500
buttstock.bmp
39  1.016025 -16.632584 4.849243  0.031886 -0.409377 -0.911808  0.585938 0.398438
39  1.151433 -16.773636 5.097374  0.488625 -0.832262 -0.261887  0.585938 0.429688
39  0.953738 -16.802198 5.016129  -0.021197 -0.929026 -0.369406  0.593750 0.421875
buttstock.bmp
39  0.953738 -16.802198 5.016129  -0.021197 -0.929026 -0.369406  0.593750 0.421875
39  1.151433 -16.773636 5.097374  0.488625 -0.832262 -0.261887  0.585938 0.429688
39  1.056623 -16.784466 5.291265  0.247653 -0.873172 0.419808  0.589844 0.453125
buttstock.bmp
36  2.020100 -17.449255 5.471256  -0.999615 -0.011523 -0.025259  0.917969 0.750000
36  2.009193 -18.011238 5.763069  -0.999592 -0.011493 -0.026156  0.953125 0.765625
36  2.007097 -17.350397 5.940785  -0.999615 -0.011497 -0.025262  0.917969 0.843750
buttstock.bmp
36  2.007097 -17.350397 5.940785  -0.999615 -0.011497 -0.025262  0.917969 0.843750
36  2.009193 -18.011238 5.763069  -0.999592 -0.011493 -0.026156  0.953125 0.765625
36  2.001127 -17.959236 6.058587  -0.999615 -0.011489 -0.025263  0.957031 0.843750
buttstock.bmp
36  2.007097 -17.350397 5.940785  -0.006060 0.978496 -0.206179  0.683594 0.546875
36  2.526896 -17.344410 5.953920  -0.006049 0.978492 -0.206195  0.726563 0.546875
36  2.020100 -17.449255 5.471256  -0.006055 0.978494 -0.206188  0.675781 0.476563
buttstock.bmp
36  2.020100 -17.449255 5.471256  -0.006055 0.978494 -0.206188  0.675781 0.476563
36  2.526896 -17.344410 5.953920  -0.006049 0.978492 -0.206195  0.726563 0.546875
36  2.539568 -17.431425 5.492111  -0.006052 0.978492 -0.206196  0.718750 0.468750
buttstock.bmp
36  2.020100 -17.449255 5.471256  -0.027106 0.205966 0.978184  0.675781 0.476563
36  2.539568 -17.431425 5.492111  -0.027082 0.205960 0.978185  0.718750 0.468750
36  2.016437 -16.899239 5.365573  -0.027103 0.205942 0.978189  0.671875 0.429688
buttstock.bmp
36  2.016437 -16.899239 5.365573  -0.027103 0.205942 0.978189  0.671875 0.429688
36  2.539568 -17.431425 5.492111  -0.027082 0.205960 0.978185  0.718750 0.468750
36  2.536237 -16.893253 5.378708  -0.027090 0.205954 0.978186  0.714844 0.429688
buttstock.bmp
36  2.539568 -17.431425 5.492111  -0.999615 -0.011509 -0.025260  0.230469 0.367188
36  2.526896 -17.344410 5.953920  -0.999615 -0.011509 -0.025260  0.230469 0.468750
36  2.536237 -16.893253 5.378708  -0.890828 -0.448106 0.075007  0.179688 0.367188
buttstock.bmp
36  2.536237 -16.893253 5.378708  -0.890828 -0.448106 0.075007  0.179688 0.367188
36  2.526896 -17.344410 5.953920  -0.999615 -0.011509 -0.025260  0.230469 0.468750
36  2.523444 -16.786669 5.836394  -0.703113 -0.698303 0.134179  0.179688 0.468750
buttstock.bmp
36  2.128093 -15.557321 5.086128  -0.940764 0.258126 0.219851  0.742188 0.710938
36  2.123955 -12.887041 4.033090  -0.916545 -0.264325 -0.300129  0.535156 0.617188
36  2.139034 -15.239545 4.508375  -0.951090 0.171756 -0.256762  0.707031 0.617188
buttstock.bmp
36  2.953696 -12.887272 4.056118  0.971890 -0.192352 -0.135759  0.535156 0.617188
36  3.071018 -11.622472 2.004042  0.753410 -0.042276 -0.656190  0.417969 0.289063
36  3.064132 -10.218072 1.636598  0.767158 -0.529799 -0.361639  0.285156 0.289063
buttstock.bmp
36  3.104686 -13.808599 1.667863  0.466995 -0.019457 -0.884046  0.582031 0.109375
36  3.050316 -13.736983 2.203321  0.804968 0.058723 0.590405  0.578125 0.210938
36  3.188231 -15.488319 1.502464  0.913256 -0.103158 -0.394109  0.699219 0.039063
buttstock.bmp
36  2.968823 -18.000189 5.787318  0.991590 0.044436 0.121553  0.953125 0.765625
36  2.939360 -15.772952 5.542470  0.926512 0.313095 0.208679  0.777344 0.843750
36  2.910505 -17.946703 6.091355  0.980214 0.038302 0.194201  0.957031 0.843750
buttstock.bmp
36  2.195037 -13.819073 1.644876  -0.822730 -0.001844 -0.568430  0.582031 0.109375
36  2.213103 -14.860891 1.404694  -0.871710 0.096406 -0.480446  0.656250 0.062500
36  2.178192 -14.726021 2.724766  -0.942669 0.297983 0.150270  0.675781 0.296875
buttstock.bmp
36  2.248094 -17.352659 4.322479  -0.313350 0.264762 -0.911983  0.886719 0.531250
36  2.165317 -16.202456 4.302921  -0.950126 -0.189253 -0.247877  0.789063 0.562500
36  2.242369 -16.386009 4.108572  -0.529325 -0.590342 -0.609354  0.808594 0.523438
buttstock.bmp
36  2.051826 -17.850485 4.002717  -0.842595 0.348316 -0.410742  0.925781 0.453125
36  2.248094 -17.352659 4.322479  -0.313350 0.264762 -0.911983  0.886719 0.531250
36  3.151402 -17.837824 4.030502  0.773393 0.490057 -0.402128  0.925781 0.453125
buttstock.bmp
36  2.009193 -18.011238 5.763069  -0.999592 -0.011493 -0.026156  0.949219 0.765625
36  2.051826 -17.850485 4.002717  -0.842595 0.348316 -0.410742  0.925781 0.453125
36  2.057306 -18.694048 4.170255  -0.999560 -0.011258 -0.027451  0.980469 0.445313
buttstock.bmp
39  1.192891 -16.605700 5.359631  0.685939 -0.223246 0.692567  0.628906 0.468750
39  1.056623 -16.784466 5.291265  0.247653 -0.873172 0.419808  0.597656 0.468750
39  1.297968 -16.596815 5.156210  0.948565 -0.315961 0.019799  0.609375 0.453125
buttstock.bmp
39  0.751243 -16.430614 4.942508  -0.604878 0.331468 -0.724052  0.625000 0.414063
39  0.877575 -16.261747 5.012682  -0.267421 0.844765 -0.463528  0.636719 0.421875
39  0.983350 -16.407362 4.852033  0.063186 0.418838 -0.905860  0.632813 0.406250
buttstock.bmp
39  1.160216 -16.380478 5.362421  0.485154 0.494022 0.721503  0.632813 0.468750
39  0.980460 -16.244015 5.287819  0.045034 0.890611 0.452531  0.640625 0.453125
39  0.918113 -16.403845 5.452643  -0.170602 0.393485 0.903363  0.601563 0.468750
buttstock.bmp
36  2.523444 -16.786669 5.836394  -0.703113 -0.698303 0.134179  0.867188 0.843750
36  2.016437 -16.899239 5.365573  -0.890718 -0.448306 0.075120  0.867188 0.750000
36  2.536237 -16.893253 5.378708  -0.890828 -0.448106 0.075007  0.867188 0.750000
buttstock.bmp
36  2.003976 -16.804499 5.815539  -0.999615 -0.011511 -0.025259  0.867188 0.843750
36  1.999283 -16.088139 5.674804  -0.999615 -0.011511 -0.025259  0.867188 0.750000
36  2.016437 -16.899239 5.365573  -0.999615 -0.011511 -0.025259  0.800781 0.843750
barrel.bmp
36  2.918094 -22.194109 6.934730  0.973476 -0.041389 -0.225014  0.003906 0.500000
36  2.638445 -22.123074 7.280056  0.539013 0.176984 0.823494  0.003906 0.937500
36  3.011491 -37.282486 10.114130  0.959659 0.063783 0.273836  0.988281 0.500000
barrel.bmp
36  3.011491 -37.282486 10.114130  0.959659 0.063783 0.273836  0.988281 0.500000
36  2.638445 -22.123074 7.280056  0.539013 0.176984 0.823494  0.003906 0.937500
36  2.731843 -37.211449 10.459457  0.148859 0.202025 0.968002  0.988281 0.937500
barrel.bmp
36  2.638445 -22.123074 7.280056  0.539013 0.176984 0.823494  0.003906 0.937500
36  2.219149 -22.132027 7.249883  -0.583554 0.160851 0.795984  0.003906 0.812500
36  2.731843 -37.211449 10.459457  0.148859 0.202025 0.968002  0.988281 0.937500
barrel.bmp
36  2.731843 -37.211449 10.459457  0.148859 0.202025 0.968002  0.988281 0.937500
36  2.219149 -22.132027 7.249883  -0.583554 0.160851 0.795984  0.003906 0.812500
36  2.315797 -37.245117 10.311902  -0.931923 0.066284 0.356548  0.988281 0.812500
barrel.bmp
36  2.219149 -22.132027 7.249883  -0.583554 0.160851 0.795984  0.003906 0.812500
36  2.234319 -22.247362 6.702099  -0.910915 -0.090360 -0.402578  0.003906 0.187500
36  2.315797 -37.245117 10.311902  -0.931923 0.066284 0.356548  0.988281 0.812500
barrel.bmp
36  2.315797 -37.245117 10.311902  -0.931923 0.066284 0.356548  0.988281 0.812500
36  2.234319 -22.247362 6.702099  -0.910915 -0.090360 -0.402578  0.003906 0.187500
36  2.327717 -37.335739 9.881499  -0.613099 -0.166525 -0.772256  0.988281 0.187500
barrel.bmp
36  2.234319 -22.247362 6.702099  -0.910915 -0.090360 -0.402578  0.003906 0.187500
36  2.657950 -22.271360 6.575762  0.111568 -0.204242 -0.972542  0.003906 0.062500
36  2.327717 -37.335739 9.881499  -0.613099 -0.166525 -0.772256  0.988281 0.187500
barrel.bmp
36  2.327717 -37.335739 9.881499  -0.613099 -0.166525 -0.772256  0.988281 0.187500
36  2.657950 -22.271360 6.575762  0.111568 -0.204242 -0.972542  0.003906 0.062500
36  2.751348 -37.359737 9.755162  0.525240 -0.172636 -0.833258  0.988281 0.062500
barrel.bmp
36  2.657950 -22.271360 6.575762  0.111568 -0.204242 -0.972542  0.003906 0.062500
36  2.918094 -22.194109 6.934730  0.973476 -0.041389 -0.225014  0.003906 0.500000
36  2.751348 -37.359737 9.755162  0.525240 -0.172636 -0.833258  0.988281 0.062500
barrel.bmp
36  2.751348 -37.359737 9.755162  0.525240 -0.172636 -0.833258  0.988281 0.062500
36  2.918094 -22.194109 6.934730  0.973476 -0.041389 -0.225014  0.003906 0.500000
36  3.011491 -37.282486 10.114130  0.959659 0.063783 0.273836  0.988281 0.500000
ejector_port.bmp
36  2.159743 -20.598526 6.526667  -0.999549 -0.012082 -0.027488  0.726563 0.156250
36  2.160871 -22.490641 7.344221  -0.929189 0.070202 0.362876  0.984375 0.437500
36  2.148637 -20.514084 6.927723  -0.929194 0.070201 0.362864  0.726563 0.437500
ejector_port.bmp
36  2.148637 -20.514084 6.927723  -0.929194 0.070201 0.362864  0.726563 0.437500
36  2.160871 -22.490641 7.344221  -0.929189 0.070202 0.362876  0.984375 0.437500
36  2.362592 -20.466242 7.148481  -0.708466 0.140731 0.691571  0.726563 0.625000
ejector_port.bmp
36  2.160871 -22.490641 7.344221  -0.929189 0.070202 0.362876  0.984375 0.437500
36  2.423182 -22.429867 7.624933  -0.468772 0.179345 0.864921  0.984375 0.781250
36  2.362592 -20.466242 7.148481  -0.708466 0.140731 0.691571  0.726563 0.625000
ejector_port.bmp
36  2.362592 -20.466242 7.148481  -0.708466 0.140731 0.691571  0.726563 0.625000
36  2.423182 -22.429867 7.624933  -0.468772 0.179345 0.864921  0.984375 0.781250
36  2.346602 -17.883018 6.604148  -0.708501 0.140717 0.691538  0.367188 0.625000
ejector_port.bmp
36  2.423182 -22.429867 7.624933  -0.468772 0.179345 0.864921  0.984375 0.781250
36  2.390899 -17.214495 6.525958  -0.572871 0.164051 0.803060  0.273438 0.781250
36  2.346602 -17.883018 6.604148  -0.708501 0.140717 0.691538  0.367188 0.625000
ejector_port.bmp
36  2.346602 -17.883018 6.604148  -0.708501 0.140717 0.691538  0.367188 0.625000
36  2.390899 -17.214495 6.525958  -0.572871 0.164051 0.803060  0.273438 0.781250
36  2.132646 -17.930861 6.383390  -0.929187 0.070206 0.362880  0.367188 0.437500
ejector_port.bmp
36  2.390899 -17.214495 6.525958  -0.572871 0.164051 0.803060  0.273438 0.781250
36  2.128588 -17.275269 6.245245  -0.929190 0.070202 0.362874  0.273438 0.437500
36  2.132646 -17.930861 6.383390  -0.929187 0.070206 0.362880  0.367188 0.437500
ejector_port.bmp
36  2.132646 -17.930861 6.383390  -0.929187 0.070206 0.362880  0.367188 0.437500
36  2.128588 -17.275269 6.245245  -0.929190 0.070202 0.362874  0.273438 0.437500
36  2.145174 -17.410686 5.650613  -0.999549 -0.012082 -0.027489  0.273438 0.031250
ejector_port.bmp
36  2.674909 -17.394800 5.661939  0.029801 -0.204454 -0.978422  0.273438 0.031250
36  2.177396 -22.616274 6.747527  0.029778 -0.204454 -0.978423  0.984375 0.031250
36  2.145174 -17.410686 5.650613  0.029761 -0.204466 -0.978421  0.273438 0.031250
ejector_port.bmp
36  2.674909 -17.394800 5.661939  0.029801 -0.204454 -0.978422  0.273438 0.031250
36  2.986813 -22.604891 6.777770  0.029801 -0.204468 -0.978419  0.984375 0.031250
36  2.177396 -22.616274 6.747527  0.029778 -0.204454 -0.978423  0.984375 0.031250
ejector_port.bmp
36  2.674909 -17.394800 5.661939  0.029801 -0.204454 -0.978422  0.273438 0.031250
36  2.951078 -16.831778 5.561267  0.029793 -0.204435 -0.978427  0.078125 0.031250
36  2.986813 -22.604891 6.777770  0.029801 -0.204468 -0.978419  0.984375 0.031250
ejector_port.bmp
36  2.674909 -17.394800 5.661939  0.029801 -0.204454 -0.978422  0.273438 0.031250
36  2.671185 -16.834999 5.554194  0.029777 -0.204440 -0.978426  0.078125 0.031250
36  2.951078 -16.831778 5.561267  0.029793 -0.204435 -0.978427  0.078125 0.031250
ejector_port.bmp
36  2.132646 -17.930861 6.383390  -0.929187 0.070206 0.362880  0.367188 0.437500
36  2.145174 -17.410686 5.650613  -0.999549 -0.012082 -0.027489  0.273438 0.031250
36  2.143753 -18.015301 5.982334  -0.999549 -0.012082 -0.027489  0.367188 0.156250
ejector_port.bmp
36  2.143753 -18.015301 5.982334  -0.999549 -0.012082 -0.027489  0.367188 0.156250
36  2.145174 -17.410686 5.650613  -0.999549 -0.012082 -0.027489  0.273438 0.031250
36  2.159743 -20.598526 6.526667  -0.999549 -0.012082 -0.027488  0.726563 0.156250
ejector_port.bmp
36  2.145174 -17.410686 5.650613  -0.999549 -0.012082 -0.027489  0.273438 0.031250
36  2.177396 -22.616274 6.747527  -0.999549 -0.012082 -0.027488  0.984375 0.031250
36  2.159743 -20.598526 6.526667  -0.999549 -0.012082 -0.027488  0.726563 0.156250
ejector_port.bmp
36  2.159743 -20.598526 6.526667  -0.999549 -0.012082 -0.027488  0.726563 0.156250
36  2.177396 -22.616274 6.747527  -0.999549 -0.012082 -0.027488  0.984375 0.031250
36  2.160871 -22.490641 7.344221  -0.929189 0.070202 0.362876  0.984375 0.437500
ejector_port.bmp
36  2.986813 -22.604891 6.777770  0.006056 -0.978494 0.206186  0.984375 0.031250
36  2.160871 -22.490641 7.344221  0.006056 -0.978495 0.206183  0.984375 0.437500
36  2.177396 -22.616274 6.747527  0.006057 -0.978494 0.206186  0.984375 0.031250
ejector_port.bmp
36  2.986813 -22.604891 6.777770  0.006056 -0.978494 0.206186  0.984375 0.031250
36  2.423182 -22.429867 7.624933  0.006055 -0.978494 0.206185  0.984375 0.781250
36  2.160871 -22.490641 7.344221  0.006056 -0.978495 0.206183  0.984375 0.437500
ejector_port.bmp
36  2.986813 -22.604891 6.777770  0.006056 -0.978494 0.206186  0.984375 0.031250
36  2.683082 -22.426874 7.631501  0.006055 -0.978493 0.206190  0.984375 0.781250
36  2.423182 -22.429867 7.624933  0.006055 -0.978494 0.206185  0.984375 0.781250
ejector_port.bmp
36  2.986813 -22.604891 6.777770  0.006056 -0.978494 0.206186  0.984375 0.031250
36  2.971101 -22.485437 7.345118  0.006057 -0.978493 0.206191  0.984375 0.437500
36  2.683082 -22.426874 7.631501  0.006055 -0.978493 0.206190  0.984375 0.781250
ejector_port.bmp
36  2.241045 -12.601285 4.415757  -0.999549 -0.012082 -0.027488  0.976563 0.031250
36  2.223516 -12.188284 4.921249  -0.905810 0.081870 0.415700  0.960938 0.437500
36  2.212578 -8.002364 3.446679  -0.999551 -0.012070 -0.027442  0.734375 0.031250
ejector_port.bmp
36  2.212578 -8.002364 3.446679  -0.999551 -0.012070 -0.027442  0.734375 0.031250
36  2.223516 -12.188284 4.921249  -0.905810 0.081870 0.415700  0.960938 0.437500
36  2.197168 -7.931835 4.024336  -0.468961 0.179322 0.864823  0.734375 0.437500
ejector_port.bmp
36  2.223516 -12.188284 4.921249  -0.905810 0.081870 0.415700  0.960938 0.437500
36  2.873265 -12.180801 4.937668  0.688338 0.153644 0.708932  0.960938 0.875000
36  2.197168 -7.931835 4.024336  -0.468961 0.179322 0.864823  0.734375 0.437500
ejector_port.bmp
36  2.197168 -7.931835 4.024336  -0.468961 0.179322 0.864823  0.734375 0.437500
36  2.873265 -12.180801 4.937668  0.688338 0.153644 0.708932  0.960938 0.875000
36  2.846918 -7.924353 4.040755  0.687668 0.153773 0.709554  0.734375 0.875000
ejector_port.bmp
36  2.951078 -16.831778 5.561267  0.999615 0.011511 0.025261  0.078125 0.031250
36  2.938616 -16.737038 6.011233  0.874207 0.110349 0.472847  0.078125 0.437500
36  2.971101 -22.485437 7.345118  0.959029 0.069159 0.274739  0.984375 0.437500
ejector_port.bmp
36  2.971101 -22.485437 7.345118  0.959029 0.069159 0.274739  0.984375 0.437500
36  2.938616 -16.737038 6.011233  0.874207 0.110349 0.472847  0.078125 0.437500
36  2.683082 -22.426874 7.631501  0.524020 0.183940 0.831607  0.984375 0.781250
ejector_port.bmp
36  2.938616 -16.737038 6.011233  0.874207 0.110349 0.472847  0.078125 0.437500
36  2.647346 -16.653759 6.414999  0.791201 0.130781 0.597409  0.078125 0.781250
36  2.683082 -22.426874 7.631501  0.524020 0.183940 0.831607  0.984375 0.781250
ejector_port.bmp
36  2.674909 -17.394800 5.661939  -0.013205 0.978034 -0.208025  0.000000 0.031250
36  2.145174 -17.410686 5.650613  -0.013202 0.978036 -0.208019  0.054688 0.031250
36  2.650799 -17.211502 6.532525  -0.013206 0.978033 -0.208033  0.000000 0.781250
ejector_port.bmp
36  2.650799 -17.211502 6.532525  -0.013206 0.978033 -0.208033  0.000000 0.781250
36  2.145174 -17.410686 5.650613  -0.013202 0.978036 -0.208019  0.054688 0.031250
36  2.390899 -17.214495 6.525958  -0.013220 0.978037 -0.208012  0.031250 0.781250
ejector_port.bmp
36  2.145174 -17.410686 5.650613  -0.013202 0.978036 -0.208019  0.054688 0.031250
36  2.128588 -17.275269 6.245245  -0.013180 0.978031 -0.208041  0.054688 0.437500
36  2.390899 -17.214495 6.525958  -0.013220 0.978037 -0.208012  0.031250 0.781250
ejector_port.bmp
36  2.951078 -16.831778 5.561267  -0.013189 0.978035 -0.208021  0.078125 0.031250
36  2.671185 -16.834999 5.554194  -0.013190 0.978035 -0.208021  0.078125 0.031250
36  2.938616 -16.737038 6.011233  -0.013190 0.978035 -0.208022  0.078125 0.437500
ejector_port.bmp
36  2.938616 -16.737038 6.011233  -0.013190 0.978035 -0.208022  0.078125 0.437500
36  2.671185 -16.834999 5.554194  -0.013190 0.978035 -0.208021  0.078125 0.031250
36  2.647346 -16.653759 6.414999  -0.013191 0.978035 -0.208022  0.078125 0.781250
ejector_port.bmp
36  2.362592 -20.466242 7.148481  -0.915646 -0.088886 -0.392035  0.726563 0.625000
36  2.346602 -17.883018 6.604148  -0.915646 -0.089044 -0.392000  0.367188 0.625000
36  2.599574 -20.593460 6.537781  -0.915646 -0.088891 -0.392034  0.726563 0.156250
ejector_port.bmp
36  2.599574 -20.593460 6.537781  -0.915646 -0.088891 -0.392034  0.726563 0.156250
36  2.346602 -17.883018 6.604148  -0.915646 -0.089044 -0.392000  0.367188 0.625000
36  2.583644 -18.020021 5.995510  -0.915646 -0.088892 -0.392034  0.367188 0.156250
ejector_port.bmp
36  2.346602 -17.883018 6.604148  0.006057 -0.978494 0.206187  0.367188 0.625000
36  2.132646 -17.930861 6.383390  0.006047 -0.978493 0.206191  0.367188 0.437500
36  2.583644 -18.020021 5.995510  0.006037 -0.978493 0.206192  0.367188 0.156250
ejector_port.bmp
36  2.583644 -18.020021 5.995510  0.006037 -0.978493 0.206192  0.367188 0.156250
36  2.132646 -17.930861 6.383390  0.006047 -0.978493 0.206191  0.367188 0.437500
36  2.143753 -18.015301 5.982334  0.006056 -0.978493 0.206190  0.367188 0.156250
ejector_port.bmp
36  2.362592 -20.466242 7.148481  -0.013195 0.978035 -0.208023  0.007813 0.656250
36  2.599574 -20.593460 6.537781  -0.013195 0.978035 -0.208023  0.007813 0.031250
36  2.148637 -20.514084 6.927723  -0.013149 0.978038 -0.208011  0.054688 0.437500
ejector_port.bmp
36  2.148637 -20.514084 6.927723  -0.013149 0.978038 -0.208011  0.054688 0.437500
36  2.599574 -20.593460 6.537781  -0.013195 0.978035 -0.208023  0.007813 0.031250
36  2.159743 -20.598526 6.526667  -0.013195 0.978035 -0.208023  0.054688 0.031250
ejector_port.bmp
36  2.143753 -18.015301 5.982334  -0.028011 0.206839 0.977974  0.367188 0.156250
36  2.159743 -20.598526 6.526667  -0.027874 0.206707 0.978006  0.726563 0.156250
36  2.583644 -18.020021 5.995510  -0.028147 0.206970 0.977942  0.367188 0.156250
ejector_port.bmp
36  2.583644 -18.020021 5.995510  -0.028147 0.206970 0.977942  0.367188 0.156250
36  2.159743 -20.598526 6.526667  -0.027874 0.206707 0.978006  0.726563 0.156250
36  2.599574 -20.593460 6.537781  -0.027089 0.205954 0.978187  0.726563 0.156250
ejector_port.bmp
36  2.390899 -17.214495 6.525958  -0.572871 0.164051 0.803060  0.273438 0.781250
36  2.423182 -22.429867 7.624933  -0.468772 0.179345 0.864921  0.984375 0.781250
36  2.650799 -17.211502 6.532525  -0.028111 0.206935 0.977951  0.273438 0.968750
ejector_port.bmp
36  2.650799 -17.211502 6.532525  -0.027911 0.206742 0.977997  0.273438 0.968750
36  2.423182 -22.429867 7.624933  -0.468112 0.179416 0.865264  0.984375 0.781250
36  2.683082 -22.426874 7.631501  0.523383 0.183964 0.832002  0.984375 0.968750
ejector_port.bmp
36  2.650799 -17.211502 6.532525  -0.999549 -0.012081 -0.027488  0.273438 0.781250
36  2.647346 -16.653759 6.414999  -0.999549 -0.012082 -0.027488  0.078125 0.781250
36  2.674909 -17.394800 5.661939  -0.999549 -0.012082 -0.027488  0.273438 0.031250
ejector_port.bmp
36  2.674909 -17.394800 5.661939  -0.999548 -0.012093 -0.027534  0.273438 0.031250
36  2.647346 -16.653759 6.414999  -0.999549 -0.012081 -0.027488  0.078125 0.781250
36  2.671185 -16.834999 5.554194  -0.999548 -0.012093 -0.027534  0.078125 0.031250
ejector_port.bmp
36  2.846918 -7.924353 4.040755  0.687668 0.153773 0.709554  0.734375 0.437500
36  2.873265 -12.180801 4.937668  0.688338 0.153644 0.708932  0.960938 0.437500
36  2.862327 -7.994883 3.463098  0.999644 0.011283 0.024181  0.734375 0.031250
ejector_port.bmp
36  2.862327 -7.994883 3.463098  0.999644 0.011283 0.024181  0.734375 0.031250
36  2.873265 -12.180801 4.937668  0.688338 0.153644 0.708932  0.960938 0.437500
36  2.890795 -12.593803 4.432176  0.999653 0.011214 0.023854  0.976563 0.031250
ejector_port.bmp
36  2.890795 -12.593803 4.432176  0.029720 -0.204488 -0.978418  0.976563 0.031250
36  2.241045 -12.601285 4.415757  0.029720 -0.204488 -0.978418  0.976563 0.031250
36  2.862327 -7.994883 3.463098  0.029762 -0.204465 -0.978421  0.734375 0.031250
ejector_port.bmp
36  2.862327 -7.994883 3.463098  0.029762 -0.204465 -0.978421  0.734375 0.031250
36  2.241045 -12.601285 4.415757  0.029720 -0.204488 -0.978418  0.976563 0.031250
36  2.212578 -8.002364 3.446679  0.029762 -0.204465 -0.978421  0.734375 0.031250
ejector_port.bmp
36  2.873265 -12.180801 4.937668  -0.007065 -0.774495 0.632540  0.960938 0.437500
36  2.223516 -12.188284 4.921249  -0.007066 -0.774495 0.632540  0.960938 0.437500
36  2.890795 -12.593803 4.432176  -0.007066 -0.774495 0.632540  0.976563 0.031250
ejector_port.bmp
36  2.890795 -12.593803 4.432176  -0.007066 -0.774495 0.632540  0.976563 0.031250
36  2.223516 -12.188284 4.921249  -0.007066 -0.774495 0.632540  0.960938 0.437500
36  2.241045 -12.601285 4.415757  -0.007066 -0.774495 0.632540  0.976563 0.031250
ejector_port.bmp
36  2.862327 -7.994883 3.463098  -0.008503 0.993203 -0.116083  0.734375 0.031250
36  2.212578 -8.002364 3.446679  -0.008502 0.993198 -0.116131  0.734375 0.031250
36  2.846918 -7.924353 4.040755  -0.008502 0.993198 -0.116131  0.734375 0.437500
ejector_port.bmp
36  2.846918 -7.924353 4.040755  -0.008502 0.993198 -0.116131  0.734375 0.437500
36  2.212578 -8.002364 3.446679  -0.008502 0.993198 -0.116131  0.734375 0.031250
36  2.197168 -7.931835 4.024336  -0.008502 0.993198 -0.116130  0.734375 0.437500
ejector_port.bmp
36  2.986813 -22.604891 6.777770  0.999643 0.011293 0.024228  0.984375 0.031250
36  2.951078 -16.831778 5.561267  0.999615 0.011511 0.025261  0.078125 0.031250
36  2.971101 -22.485437 7.345118  0.959029 0.069159 0.274739  0.984375 0.437500
base.bmp
36  2.099501 -28.012941 6.746870  0.027089 -0.205954 -0.978187  0.988281 0.234375
36  2.066612 -22.699720 5.627275  0.027500 -0.286668 -0.957635  0.441406 0.234375
36  3.199077 -28.000280 6.774656  0.027089 -0.205954 -0.978187  0.988281 0.234375
base.bmp
36  3.199077 -28.000280 6.774656  0.027089 -0.205954 -0.978187  0.988281 0.234375
36  2.066612 -22.699720 5.627275  0.027500 -0.286668 -0.957635  0.441406 0.234375
36  3.166188 -22.687059 5.655061  0.027720 -0.365706 -0.930317  0.441406 0.234375
base.bmp
36  2.066612 -22.699720 5.627275  0.027500 -0.286668 -0.957635  0.441406 0.234375
36  2.068307 -20.679878 4.639785  0.027720 -0.365682 -0.930327  0.250000 0.046875
36  3.166188 -22.687059 5.655061  0.027720 -0.365706 -0.930317  0.441406 0.234375
base.bmp
36  3.166188 -22.687059 5.655061  0.027720 -0.365706 -0.930317  0.441406 0.234375
36  2.068307 -20.679878 4.639785  0.027720 -0.365682 -0.930327  0.250000 0.046875
36  3.167883 -20.667217 4.667572  0.027501 -0.286664 -0.957636  0.250000 0.046875
base.bmp
36  2.068307 -20.679878 4.639785  0.027720 -0.365682 -0.930327  0.250000 0.046875
36  2.062432 -19.730740 4.439784  0.027090 -0.205954 -0.978187  0.164063 0.046875
36  3.167883 -20.667217 4.667572  0.027501 -0.286664 -0.957636  0.250000 0.046875
base.bmp
36  3.167883 -20.667217 4.667572  0.027501 -0.286664 -0.957636  0.250000 0.046875
36  2.062432 -19.730740 4.439784  0.027090 -0.205954 -0.978187  0.164063 0.046875
36  3.162008 -19.718079 4.467570  0.027090 -0.205956 -0.978186  0.164063 0.046875
base.bmp
36  2.986146 -20.798681 6.377013  0.991590 0.044430 0.121556  0.296875 0.562500
36  3.150091 -18.918816 4.574979  0.991591 0.044443 0.121545  0.085938 0.125000
36  2.968823 -18.000189 5.787318  0.991590 0.044436 0.121553  0.039063 0.562500
base.bmp
36  2.986146 -20.798681 6.377013  0.991590 0.044430 0.121556  0.296875 0.562500
36  3.152816 -19.359137 4.667763  0.994396 0.006311 0.105531  0.132813 0.125000
36  3.150091 -18.918816 4.574979  0.991591 0.044443 0.121545  0.085938 0.125000
base.bmp
36  2.986146 -20.798681 6.377013  0.991590 0.044430 0.121556  0.296875 0.562500
36  3.162008 -19.718079 4.467570  0.994394 0.006327 0.105547  0.164063 0.046875
36  3.152816 -19.359137 4.667763  0.994396 0.006311 0.105531  0.132813 0.125000
base.bmp
36  2.986146 -20.798681 6.377013  0.991590 0.044430 0.121556  0.296875 0.562500
36  3.167883 -20.667217 4.667572  0.991592 0.044414 0.121541  0.250000 0.046875
36  3.162008 -19.718079 4.467570  0.994394 0.006327 0.105547  0.164063 0.046875
base.bmp
36  2.986146 -20.798681 6.377013  0.991590 0.044430 0.121556  0.296875 0.562500
36  3.166188 -22.687059 5.655061  0.985735 0.037306 0.164116  0.441406 0.234375
36  3.167883 -20.667217 4.667572  0.991592 0.044414 0.121541  0.250000 0.046875
base.bmp
36  2.986146 -20.798681 6.377013  0.991590 0.044430 0.121556  0.296875 0.562500
36  2.938516 -20.731689 6.647832  0.985765 0.037194 0.163961  0.296875 0.671875
36  3.166188 -22.687059 5.655061  0.985735 0.037306 0.164116  0.441406 0.234375
base.bmp
36  2.026516 -20.809731 6.352763  -0.999537 -0.011160 -0.028307  0.296875 0.562500
36  2.068307 -20.679878 4.639785  -0.999534 -0.011149 -0.028402  0.250000 0.078125
36  2.066612 -22.699720 5.627275  -0.999533 -0.011158 -0.028461  0.441406 0.250000
base.bmp
36  2.026516 -20.809731 6.352763  -0.999537 -0.011160 -0.028307  0.296875 0.562500
36  2.062432 -19.730740 4.439784  -0.999534 -0.011149 -0.028402  0.160156 0.078125
36  2.068307 -20.679878 4.639785  -0.999534 -0.011149 -0.028402  0.250000 0.078125
base.bmp
36  2.026516 -20.809731 6.352763  -0.999537 -0.011160 -0.028307  0.296875 0.562500
36  2.053240 -19.371799 4.639977  -0.999534 -0.011153 -0.028403  0.125000 0.156250
36  2.062432 -19.730740 4.439784  -0.999534 -0.011149 -0.028402  0.160156 0.078125
base.bmp
36  2.026516 -20.809731 6.352763  -0.999537 -0.011160 -0.028307  0.296875 0.562500
36  2.050514 -18.931477 4.547193  -0.999534 -0.011145 -0.028403  0.078125 0.156250
36  2.053240 -19.371799 4.639977  -0.999534 -0.011153 -0.028403  0.125000 0.156250
base.bmp
36  2.026516 -20.809731 6.352763  -0.999537 -0.011160 -0.028307  0.296875 0.562500
36  2.009193 -18.011238 5.763069  -0.999592 -0.011493 -0.026156  0.027344 0.562500
36  2.050514 -18.931477 4.547193  -0.999534 -0.011145 -0.028403  0.078125 0.156250
base.bmp
39  2.813726 -16.792439 5.832310  0.872283 -0.095456 -0.479594  0.570313 0.109375
39  2.472277 -20.677191 6.466986  -0.269704 -0.199952 -0.941955  0.894531 0.015625
39  2.448203 -16.829649 5.666453  -0.269672 -0.199928 -0.941969  0.570313 0.015625
base.bmp
39  2.448203 -16.829649 5.666453  -0.269672 -0.199928 -0.941969  0.570313 0.015625
39  2.472277 -20.677191 6.466986  -0.269704 -0.199952 -0.941955  0.894531 0.015625
39  2.208539 -16.758154 6.012791  -0.981501 -0.045559 -0.185956  0.570313 0.109375
base.bmp
39  2.472277 -20.677191 6.466986  -0.269704 -0.199952 -0.941955  0.894531 0.015625
39  2.232613 -20.605694 6.813323  -0.947312 0.061033 0.314443  0.894531 0.109375
39  2.208539 -16.758154 6.012791  -0.981501 -0.045559 -0.185956  0.570313 0.109375
base.bmp
39  2.208539 -16.758154 6.012791  -0.981501 -0.045559 -0.185956  0.570313 0.109375
39  2.232613 -20.605694 6.813323  -0.947312 0.061033 0.314443  0.894531 0.109375
39  2.431949 -16.706078 6.253366  -0.464746 0.179929 0.866970  0.570313 0.203125
base.bmp
39  2.232613 -20.605694 6.813323  -0.947312 0.061033 0.314443  0.894531 0.109375
39  2.445425 -20.539829 7.071147  -0.088951 0.206033 0.974494  0.894531 0.218750
39  2.431949 -16.706078 6.253366  -0.464746 0.179929 0.866970  0.570313 0.203125
base.bmp
36  2.886488 -17.959692 4.672428  -0.020731 0.935325 0.353182  0.757813 0.765625
36  2.912257 -17.493570 3.440248  -0.025059 0.765689 0.642723  0.617188 0.765625
36  2.276723 -17.966713 4.657019  -0.021341 0.935359 0.353056  0.757813 0.859375
base.bmp
36  2.276723 -17.966713 4.657019  -0.021341 0.935359 0.353056  0.757813 0.859375
36  2.912257 -17.493570 3.440248  -0.025059 0.765689 0.642723  0.617188 0.765625
36  2.302492 -17.500591 3.424839  -0.027707 0.469376 0.882564  0.617188 0.859375
base.bmp
36  2.912257 -17.493570 3.440248  -0.025059 0.765689 0.642723  0.617188 0.765625
36  2.899191 -15.799750 3.185487  -0.027481 0.469706 0.882395  0.472656 0.765625
36  2.302492 -17.500591 3.424839  -0.027707 0.469376 0.882564  0.617188 0.859375
base.bmp
36  2.302492 -17.500591 3.424839  -0.027707 0.469376 0.882564  0.617188 0.859375
36  2.899191 -15.799750 3.185487  -0.027481 0.469706 0.882395  0.472656 0.765625
36  2.289426 -15.806772 3.170079  -0.025646 0.765461 0.642972  0.472656 0.859375
base.bmp
36  2.294117 -15.730543 2.949699  -0.999534 -0.011149 -0.028401  0.093750 0.265625
36  2.308580 -17.733362 3.290003  -0.999534 -0.011149 -0.028403  0.265625 0.265625
36  2.289426 -15.806772 3.170079  -0.999545 -0.011190 -0.028020  0.105469 0.296875
base.bmp
36  2.289426 -15.806772 3.170079  -0.999545 -0.011190 -0.028020  0.105469 0.296875
36  2.308580 -17.733362 3.290003  -0.999534 -0.011149 -0.028403  0.265625 0.265625
36  2.302492 -17.500591 3.424839  -0.999534 -0.011148 -0.028404  0.246094 0.281250
base.bmp
36  2.308580 -17.733362 3.290003  -0.999534 -0.011149 -0.028403  0.265625 0.265625
36  2.276723 -17.966713 4.657019  -0.999534 -0.011149 -0.028402  0.300781 0.453125
36  2.302492 -17.500591 3.424839  -0.999534 -0.011148 -0.028404  0.246094 0.281250
base.bmp
36  2.886488 -17.959692 4.672428  0.999622 0.011771 0.024858  0.300781 0.453125
36  2.918345 -17.726341 3.305412  0.999615 0.011510 0.025261  0.265625 0.265625
36  2.912257 -17.493570 3.440248  0.999615 0.011510 0.025262  0.246094 0.281250
base.bmp
36  2.912257 -17.493570 3.440248  0.999615 0.011510 0.025262  0.246094 0.281250
36  2.918345 -17.726341 3.305412  0.999615 0.011510 0.025261  0.265625 0.265625
36  2.899191 -15.799750 3.185487  0.999615 0.011511 0.025261  0.105469 0.296875
base.bmp
36  2.918345 -17.726341 3.305412  0.999615 0.011510 0.025261  0.265625 0.265625
36  2.904153 -15.725582 2.955326  0.999615 0.011511 0.025261  0.093750 0.265625
36  2.899191 -15.799750 3.185487  0.999615 0.011511 0.025261  0.105469 0.296875
base.bmp
36  2.026516 -20.809731 6.352763  -0.999537 -0.011160 -0.028307  0.296875 0.562500
36  2.066612 -22.699720 5.627275  -0.999533 -0.011158 -0.028461  0.441406 0.234375
36  2.018870 -20.742279 6.624593  -0.999534 -0.011149 -0.028399  0.296875 0.671875
base.bmp
36  2.018870 -20.742279 6.624593  -0.999534 -0.011149 -0.028399  0.296875 0.671875
36  2.066612 -22.699720 5.627275  -0.999533 -0.011158 -0.028461  0.441406 0.234375
36  2.050160 -27.620693 8.124805  -0.999534 -0.011152 -0.028408  0.976563 0.671875
base.bmp
36  2.066612 -22.699720 5.627275  -0.999533 -0.011158 -0.028461  0.441406 0.234375
36  2.099501 -28.012941 6.746870  -0.999532 -0.011191 -0.028480  0.988281 0.234375
36  2.050160 -27.620693 8.124805  -0.999534 -0.011152 -0.028408  0.976563 0.671875
base.bmp
39  2.232613 -20.605694 6.813323  0.003555 -0.977771 0.209644  0.894531 0.109375
39  2.472277 -20.677191 6.466986  0.003563 -0.977769 0.209654  0.894531 0.015625
39  2.445425 -20.539829 7.071147  0.003556 -0.977767 0.209662  0.894531 0.218750
base.bmp
39  2.445425 -20.539829 7.071147  0.003556 -0.977767 0.209662  0.894531 0.218750
39  2.472277 -20.677191 6.466986  0.003563 -0.977769 0.209654  0.894531 0.015625
39  2.798601 -20.570299 6.964667  0.003542 -0.977769 0.209655  0.894531 0.203125
base.bmp
39  2.472277 -20.677191 6.466986  0.003563 -0.977769 0.209654  0.894531 0.015625
39  2.837529 -20.637918 6.642623  0.003566 -0.977773 0.209638  0.894531 0.109375
39  2.798601 -20.570299 6.964667  0.003542 -0.977769 0.209655  0.894531 0.203125
base.bmp
39  2.472277 -20.677191 6.466986  -0.269704 -0.199952 -0.941955  0.894531 0.015625
39  2.813726 -16.792439 5.832310  0.872283 -0.095456 -0.479594  0.570313 0.109375
39  2.837529 -20.637918 6.642623  0.872273 -0.095459 -0.479612  0.894531 0.109375
base.bmp
39  2.837529 -20.637918 6.642623  0.872273 -0.095459 -0.479612  0.894531 0.109375
39  2.813726 -16.792439 5.832310  0.872283 -0.095456 -0.479594  0.570313 0.109375
39  2.798601 -20.570299 6.964667  0.875356 0.104871 0.471968  0.894531 0.203125
base.bmp
39  2.813726 -16.792439 5.832310  0.872283 -0.095456 -0.479594  0.570313 0.109375
39  2.774797 -16.724819 6.154353  0.589757 0.171029 0.789262  0.570313 0.203125
39  2.798601 -20.570299 6.964667  0.875356 0.104871 0.471968  0.894531 0.203125
base.bmp
39  2.448203 -16.829649 5.666453  -0.006055 0.978492 -0.206194  0.570313 0.015625
39  2.208539 -16.758154 6.012791  -0.006056 0.978494 -0.206186  0.570313 0.109375
39  2.813726 -16.792439 5.832310  -0.006056 0.978494 -0.206188  0.570313 0.109375
base.bmp
39  2.813726 -16.792439 5.832310  -0.006056 0.978494 -0.206188  0.570313 0.109375
39  2.208539 -16.758154 6.012791  -0.006056 0.978494 -0.206186  0.570313 0.109375
39  2.774797 -16.724819 6.154353  -0.006057 0.978495 -0.206182  0.570313 0.203125
base.bmp
39  2.208539 -16.758154 6.012791  -0.006056 0.978494 -0.206186  0.570313 0.109375
39  2.431949 -16.706078 6.253366  -0.006057 0.978496 -0.206177  0.570313 0.203125
39  2.774797 -16.724819 6.154353  -0.006057 0.978495 -0.206182  0.570313 0.203125
base.bmp
36  2.050514 -18.931477 4.547193  0.023438 -0.837532 -0.545886  0.085938 0.125000
36  2.057306 -18.694048 4.170255  0.023439 -0.837532 -0.545886  0.066406 0.031250
36  3.150091 -18.918816 4.574979  0.023438 -0.837532 -0.545886  0.085938 0.125000
base.bmp
36  3.150091 -18.918816 4.574979  0.023438 -0.837532 -0.545886  0.085938 0.125000
36  2.057306 -18.694048 4.170255  0.023439 -0.837532 -0.545886  0.066406 0.031250
36  3.156882 -18.681387 4.198041  0.023437 -0.837532 -0.545886  0.066406 0.031250
base.bmp
36  2.053240 -19.371799 4.639977  0.027091 -0.205955 -0.978186  0.132813 0.125000
36  2.050514 -18.931477 4.547193  0.027091 -0.205955 -0.978186  0.085938 0.125000
36  3.152816 -19.359137 4.667763  0.027090 -0.205956 -0.978186  0.132813 0.125000
base.bmp
36  3.152816 -19.359137 4.667763  0.027090 -0.205956 -0.978186  0.132813 0.125000
36  2.050514 -18.931477 4.547193  0.027091 -0.205955 -0.978186  0.085938 0.125000
36  3.150091 -18.918816 4.574979  0.027090 -0.205956 -0.978186  0.085938 0.125000
base.bmp
36  2.062432 -19.730740 4.439784  0.016628 0.480391 -0.876897  0.164063 0.046875
36  2.053240 -19.371799 4.639977  0.016626 0.480431 -0.876875  0.132813 0.125000
36  3.162008 -19.718079 4.467570  0.016627 0.480426 -0.876878  0.164063 0.046875
base.bmp
36  3.162008 -19.718079 4.467570  0.016627 0.480426 -0.876878  0.164063 0.046875
36  2.053240 -19.371799 4.639977  0.016626 0.480431 -0.876875  0.132813 0.125000
36  3.152816 -19.359137 4.667763  0.016626 0.480423 -0.876879  0.132813 0.125000
base.bmp
36  2.050160 -27.620693 8.124805  0.004223 -0.962304 0.271943  0.976563 0.671875
36  2.099501 -28.012941 6.746870  0.004198 -0.962201 0.272309  0.988281 0.234375
36  2.969805 -27.610104 8.148045  0.004209 -0.962305 0.271941  0.976563 0.671875
base.bmp
36  2.969805 -27.610104 8.148045  0.004209 -0.962305 0.271941  0.976563 0.671875
36  2.099501 -28.012941 6.746870  0.004198 -0.962201 0.272309  0.988281 0.234375
36  3.199077 -28.000280 6.774656  0.004206 -0.962279 0.272031  0.988281 0.234375
base.bmp
36  2.018870 -20.742279 6.624593  -0.027130 0.212337 0.976820  0.296875 0.687500
36  2.050160 -27.620693 8.124805  -0.027132 0.212899 0.976698  0.976563 0.687500
36  2.938516 -20.731689 6.647832  -0.027132 0.212899 0.976697  0.296875 0.984375
base.bmp
36  2.938516 -20.731689 6.647832  -0.027132 0.212899 0.976697  0.296875 0.984375
36  2.050160 -27.620693 8.124805  -0.027132 0.212899 0.976698  0.976563 0.687500
36  2.969805 -27.610104 8.148045  -0.027129 0.212337 0.976820  0.976563 0.984375
base.bmp
36  2.026516 -20.809731 6.352763  -0.005660 0.975380 -0.220459  0.238281 0.687500
36  2.018870 -20.742279 6.624593  -0.005659 0.975380 -0.220457  0.296875 0.687500
36  2.986146 -20.798681 6.377013  -0.005661 0.975382 -0.220448  0.238281 0.984375
base.bmp
36  2.986146 -20.798681 6.377013  -0.005661 0.975382 -0.220448  0.238281 0.984375
36  2.018870 -20.742279 6.624593  -0.005659 0.975380 -0.220457  0.296875 0.687500
36  2.938516 -20.731689 6.647832  -0.005662 0.975383 -0.220445  0.296875 0.984375
base.bmp
36  2.009193 -18.011238 5.763069  -0.027130 0.212235 0.976842  0.011719 0.687500
36  2.026516 -20.809731 6.352763  -0.027128 0.212236 0.976842  0.238281 0.687500
36  2.968823 -18.000189 5.787318  -0.027127 0.212189 0.976852  0.011719 0.984375
base.bmp
36  2.968823 -18.000189 5.787318  -0.027127 0.212189 0.976852  0.011719 0.984375
36  2.026516 -20.809731 6.352763  -0.027128 0.212236 0.976842  0.238281 0.687500
36  2.986146 -20.798681 6.377013  -0.027128 0.212236 0.976842  0.238281 0.984375
base.bmp
36  3.199077 -28.000280 6.774656  0.985741 0.037311 0.164083  0.988281 0.234375
36  3.166188 -22.687059 5.655061  0.985735 0.037306 0.164116  0.441406 0.234375
36  2.969805 -27.610104 8.148045  0.985742 0.037313 0.164076  0.976563 0.671875
base.bmp
36  2.969805 -27.610104 8.148045  0.985742 0.037313 0.164076  0.976563 0.671875
36  3.166188 -22.687059 5.655061  0.985735 0.037306 0.164116  0.441406 0.234375
36  2.938516 -20.731689 6.647832  0.985765 0.037194 0.163961  0.296875 0.671875
base.bmp
36  2.918345 -17.726341 3.305412  0.015516 -0.986233 -0.164632  0.265625 0.265625
36  2.886488 -17.959692 4.672428  0.015517 -0.986225 -0.164681  0.300781 0.453125
36  2.308580 -17.733362 3.290003  0.015517 -0.986225 -0.164680  0.265625 0.265625
base.bmp
36  2.308580 -17.733362 3.290003  0.015517 -0.986225 -0.164680  0.265625 0.265625
36  2.886488 -17.959692 4.672428  0.015517 -0.986225 -0.164681  0.300781 0.453125
36  2.276723 -17.966713 4.657019  0.015518 -0.986225 -0.164682  0.300781 0.453125
base.bmp
36  2.899191 -15.799750 3.185487  -0.027481 0.469706 0.882395  0.105469 0.296875
36  2.904153 -15.725582 2.955326  -0.017885 0.948979 0.314831  0.093750 0.265625
36  2.289426 -15.806772 3.170079  -0.025646 0.765461 0.642972  0.105469 0.296875
base.bmp
36  2.289426 -15.806772 3.170079  -0.025646 0.765461 0.642972  0.105469 0.296875
36  2.904153 -15.725582 2.955326  -0.017885 0.948979 0.314831  0.093750 0.265625
36  2.294117 -15.730543 2.949699  -0.021295 0.935354 0.353072  0.093750 0.265625
base.bmp
36  2.904153 -15.725582 2.955326  0.020741 -0.171945 -0.984888  0.093750 0.265625
36  2.918345 -17.726341 3.305412  0.020777 -0.171930 -0.984890  0.265625 0.265625
36  2.294117 -15.730543 2.949699  0.020771 -0.171944 -0.984888  0.093750 0.265625
base.bmp
36  2.294117 -15.730543 2.949699  0.020771 -0.171944 -0.984888  0.093750 0.265625
36  2.918345 -17.726341 3.305412  0.020777 -0.171930 -0.984890  0.265625 0.265625
36  2.308580 -17.733362 3.290003  0.020780 -0.171932 -0.984890  0.265625 0.265625
base.bmp
39  2.798601 -20.570299 6.964667  0.875356 0.104871 0.471968  0.894531 0.109375
39  2.774797 -16.724819 6.154353  0.589757 0.171029 0.789262  0.570313 0.109375
39  2.445425 -20.539829 7.071147  -0.088951 0.206033 0.974494  0.894531 0.203125
base.bmp
39  2.445425 -20.539829 7.071147  -0.088951 0.206033 0.974494  0.894531 0.203125
39  2.774797 -16.724819 6.154353  0.589757 0.171029 0.789262  0.570313 0.109375
39  2.431949 -16.706078 6.253366  -0.464746 0.179929 0.866970  0.570313 0.203125
base.bmp
36  2.968823 -18.000189 5.787318  0.991590 0.044436 0.121553  0.039063 0.562500
36  3.150091 -18.918816 4.574979  0.991591 0.044443 0.121545  0.085938 0.125000
36  3.156882 -18.681387 4.198041  0.991592 0.044436 0.121537  0.066406 0.031250
base.bmp
36  2.009193 -18.011238 5.763069  -0.999592 -0.011493 -0.026156  0.027344 0.562500
36  2.057306 -18.694048 4.170255  -0.999560 -0.011258 -0.027451  0.050781 0.062500
36  2.050514 -18.931477 4.547193  -0.999534 -0.011145 -0.028403  0.078125 0.156250
magazine.bmp
41  2.002688 -20.605145 4.408782  0.004481 -0.978522 0.206094  0.984375 0.386084
41  3.258084 -20.742483 3.730905  0.004289 -0.978503 0.206188  0.984375 0.171875
41  3.230716 -20.595131 4.430758  0.004492 -0.978507 0.206165  0.984375 0.386085
magazine.bmp
41  2.157468 -20.408552 5.342501  0.006056 -0.978494 0.206187  0.984375 0.671875
41  3.049753 -20.570511 4.547691  0.005420 -0.978509 0.206133  0.984375 0.421875
41  3.027133 -20.398539 5.364477  0.006056 -0.978494 0.206188  0.984375 0.671875
magazine.bmp
41  2.030056 -20.752497 3.708929  0.019432 -0.270169 -0.962617  0.984375 0.171875
41  2.014066 -18.214069 3.000366  0.019434 -0.270078 -0.962642  0.234375 0.015625
41  3.258084 -20.742483 3.730905  0.019432 -0.270124 -0.962630  0.984375 0.171875
magazine.bmp
41  3.258084 -20.742483 3.730905  0.019432 -0.270124 -0.962630  0.984375 0.171875
41  2.014066 -18.214069 3.000366  0.019434 -0.270078 -0.962642  0.234375 0.015625
41  3.242094 -18.204056 3.022342  0.019434 -0.270078 -0.962642  0.234375 0.015625
magazine.bmp
41  1.983912 -18.051718 3.771462  -0.004504 0.978530 -0.206053  0.234375 0.296775
41  3.036126 -18.014578 3.922274  -0.005422 0.978526 -0.206052  0.000000 0.343750
41  3.211939 -18.041704 3.793438  -0.004503 0.978515 -0.206128  0.000000 0.296775
magazine.bmp
41  3.211939 -18.041704 3.793438  0.882405 0.118733 0.455263  0.234375 0.296775
41  3.049753 -20.570511 4.547691  0.884715 0.116410 0.451362  0.984375 0.421875
41  3.230716 -20.595131 4.430758  0.874803 0.121833 0.468910  0.984375 0.386085
magazine.bmp
41  2.141538 -17.835114 4.800230  -0.027109 0.208815 0.977579  0.234375 0.671875
41  2.157468 -20.408552 5.342501  -0.027109 0.208955 0.977549  0.984375 0.671875
41  3.011203 -17.825100 4.822206  -0.027108 0.208862 0.977569  0.234375 0.984375
magazine.bmp
41  3.011203 -17.825100 4.822206  -0.027108 0.208862 0.977569  0.234375 0.984375
41  2.157468 -20.408552 5.342501  -0.027109 0.208955 0.977549  0.984375 0.671875
41  3.027133 -20.398539 5.364477  -0.027109 0.208955 0.977549  0.984375 0.984375
magazine.bmp
41  3.036126 -18.014578 3.922274  0.877496 0.119744 0.464395  0.234375 0.343750
41  3.027133 -20.398539 5.364477  0.999629 0.011100 0.024857  0.984375 0.671875
41  3.049753 -20.570511 4.547691  0.884715 0.116410 0.451362  0.984375 0.421875
magazine.bmp
36  2.756320 -20.974590 7.634445  -0.024760 0.202824 0.978902  0.984375 0.984375
36  2.740361 -18.438231 7.110203  -0.024879 0.202787 0.978907  0.273438 0.984375
36  2.286500 -20.980000 7.622572  -0.024705 0.202838 0.978901  0.984375 0.796875
magazine.bmp
36  2.286500 -20.980000 7.622572  -0.024705 0.202838 0.978901  0.984375 0.796875
36  2.740361 -18.438231 7.110203  -0.024879 0.202787 0.978907  0.273438 0.984375
36  2.270603 -18.453426 7.100393  -0.024732 0.202831 0.978901  0.273438 0.796875
bolt_handle.bmp
39  1.078238 -16.712646 5.194959  0.173589 -0.179861 -0.968255  0.687500 0.015625
39  1.508325 -16.998672 5.328430  0.285925 -0.146976 -0.946913  0.718750 0.234375
39  0.909116 -16.720783 5.161319  0.194369 -0.134067 -0.971724  0.281250 0.015625
bolt_handle.bmp
39  0.909116 -16.720783 5.161319  0.194369 -0.134067 -0.971724  0.281250 0.015625
39  1.508325 -16.998672 5.328430  0.285925 -0.146976 -0.946913  0.718750 0.234375
39  1.459673 -17.130571 5.334407  0.377822 -0.104128 -0.920004  0.187500 0.234375
bolt_handle.bmp
39  1.508325 -16.998672 5.328430  0.285925 -0.146976 -0.946913  0.718750 0.234375
39  1.961859 -17.020170 5.601091  0.473131 -0.096755 -0.875663  0.718750 0.593750
39  1.459673 -17.130571 5.334407  0.377822 -0.104128 -0.920004  0.187500 0.234375
bolt_handle.bmp
39  1.459673 -17.130571 5.334407  0.377822 -0.104128 -0.920004  0.187500 0.234375
39  1.961859 -17.020170 5.601091  0.473131 -0.096755 -0.875663  0.718750 0.593750
39  1.924380 -17.216841 5.590347  0.506128 -0.096516 -0.857041  0.187500 0.593750
bolt_handle.bmp
39  1.961859 -17.020170 5.601091  0.473131 -0.096755 -0.875663  0.718750 0.593750
39  2.334666 -16.878302 5.826898  0.533923 -0.118052 -0.837252  0.937500 0.984375
39  1.924380 -17.216841 5.590347  0.506128 -0.096516 -0.857041  0.187500 0.593750
bolt_handle.bmp
39  1.924380 -17.216841 5.590347  0.506128 -0.096516 -0.857041  0.187500 0.593750
39  2.334666 -16.878302 5.826898  0.533923 -0.118052 -0.837252  0.937500 0.984375
39  2.337270 -17.299055 5.915558  0.557966 -0.167801 -0.812722  0.000000 0.984375
bolt_handle.bmp
39  0.837247 -16.707170 5.228024  -0.155640 0.220628 0.962860  0.375000 0.015625
39  1.347819 -17.117422 5.400102  -0.386124 0.172511 0.906172  0.312500 0.250000
39  1.406467 -16.985407 5.394377  -0.270718 0.246476 0.930570  0.625000 0.250000
bolt_handle.bmp
39  1.406467 -16.985407 5.394377  -0.270718 0.246476 0.930570  0.625000 0.250000
39  1.347819 -17.117422 5.400102  -0.386124 0.172511 0.906172  0.312500 0.250000
39  1.849524 -17.012684 5.688411  -0.531006 0.153766 0.833299  0.625000 0.625000
bolt_handle.bmp
39  1.347819 -17.117422 5.400102  -0.386124 0.172511 0.906172  0.312500 0.250000
39  1.801988 -17.199686 5.675352  -0.580869 0.108642 0.806715  0.312500 0.625000
39  1.849524 -17.012684 5.688411  -0.531006 0.153766 0.833299  0.625000 0.625000
bolt_handle.bmp
39  1.849524 -17.012684 5.688411  -0.531006 0.153766 0.833299  0.625000 0.625000
39  1.801988 -17.199686 5.675352  -0.580869 0.108642 0.806715  0.312500 0.625000
39  2.327893 -16.826813 6.071445  -0.632441 0.130800 0.763485  0.843750 0.984375
bolt_handle.bmp
39  1.801988 -17.199686 5.675352  -0.580869 0.108642 0.806715  0.312500 0.625000
39  2.330498 -17.247566 6.160105  -0.632456 0.130813 0.763471  0.156250 0.984375
39  2.327893 -16.826813 6.071445  -0.632441 0.130800 0.763485  0.843750 0.984375
bolt_handle.bmp
39  2.334666 -16.878302 5.826898  -0.219380 0.953846 -0.205063  0.937500 0.984375
39  1.961859 -17.020170 5.601091  -0.078331 0.978879 -0.188839  0.718750 0.593750
39  2.327893 -16.826813 6.071445  -0.156979 0.953826 -0.256075  0.843750 0.984375
bolt_handle.bmp
39  2.327893 -16.826813 6.071445  -0.156979 0.953826 -0.256075  0.843750 0.984375
39  1.961859 -17.020170 5.601091  -0.078331 0.978879 -0.188839  0.718750 0.593750
39  1.849524 -17.012684 5.688411  0.027957 0.989653 -0.140730  0.625000 0.625000
bolt_handle.bmp
39  1.961859 -17.020170 5.601091  -0.078331 0.978879 -0.188839  0.718750 0.593750
39  1.508325 -16.998672 5.328430  0.088314 0.994516 -0.056027  0.718750 0.234375
39  1.849524 -17.012684 5.688411  0.027957 0.989653 -0.140730  0.625000 0.625000
bolt_handle.bmp
39  1.849524 -17.012684 5.688411  0.027957 0.989653 -0.140730  0.625000 0.625000
39  1.508325 -16.998672 5.328430  0.088314 0.994516 -0.056027  0.718750 0.234375
39  1.406467 -16.985407 5.394377  0.088333 0.994514 -0.056035  0.625000 0.250000
bolt_handle.bmp
39  1.459673 -17.130571 5.334407  -0.133068 -0.990503 -0.034580  0.187500 0.234375
39  1.924380 -17.216841 5.590347  -0.194332 -0.978805 0.064627  0.187500 0.593750
39  1.801988 -17.199686 5.675352  -0.133080 -0.990503 -0.034534  0.312500 0.625000
bolt_handle.bmp
39  1.801988 -17.199686 5.675352  -0.133080 -0.990503 -0.034534  0.312500 0.625000
39  1.924380 -17.216841 5.590347  -0.194332 -0.978805 0.064627  0.187500 0.593750
39  2.330498 -17.247566 6.160105  -0.220429 -0.969185 0.109965  0.156250 0.984375
bolt_handle.bmp
39  1.924380 -17.216841 5.590347  -0.194332 -0.978805 0.064627  0.187500 0.593750
39  2.337270 -17.299055 5.915558  -0.326134 -0.925518 0.192492  0.000000 0.984375
39  2.330498 -17.247566 6.160105  -0.220429 -0.969185 0.109965  0.156250 0.984375
bolt_handle.bmp
39  2.334666 -16.878302 5.826898  0.999811 0.009731 0.016821  0.937500 0.984375
39  2.327893 -16.826813 6.071445  0.999810 0.009743 0.016866  0.843750 0.984375
39  2.337270 -17.299055 5.915558  0.999810 0.009743 0.016865  0.000000 0.984375
bolt_handle.bmp
39  2.337270 -17.299055 5.915558  0.999810 0.009743 0.016865  0.000000 0.984375
39  2.327893 -16.826813 6.071445  0.999810 0.009743 0.016866  0.843750 0.984375
39  2.330498 -17.247566 6.160105  0.999810 0.009743 0.016863  0.156250 0.984375
bolt_handle.bmp
39  1.406467 -16.985407 5.394377  0.380569 0.820816 0.425943  0.625000 0.250000
39  1.508325 -16.998672 5.328430  0.380547 0.820817 0.425961  0.718750 0.234375
39  0.986647 -16.701326 5.251377  0.380557 0.820805 0.425975  0.593750 0.015625
bolt_handle.bmp
39  0.986647 -16.701326 5.251377  0.380557 0.820805 0.425975  0.593750 0.015625
39  1.508325 -16.998672 5.328430  0.380547 0.820817 0.425961  0.718750 0.234375
39  1.078238 -16.712646 5.194959  0.380559 0.820793 0.425997  0.687500 0.015625
bolt_handle.bmp
39  1.078238 -16.712646 5.194959  -0.006066 0.978494 -0.206184  0.687500 0.015625
39  0.909116 -16.720783 5.161319  -0.006051 0.978486 -0.206222  0.281250 0.015625
39  0.986647 -16.701326 5.251377  -0.006059 0.978491 -0.206200  0.593750 0.015625
bolt_handle.bmp
39  0.986647 -16.701326 5.251377  -0.006059 0.978491 -0.206200  0.593750 0.015625
39  0.909116 -16.720783 5.161319  -0.006051 0.978486 -0.206222  0.281250 0.015625
39  0.837247 -16.707170 5.228024  -0.006044 0.978483 -0.206239  0.375000 0.015625
bolt_handle.bmp
39  0.837247 -16.707170 5.228024  -0.474232 -0.793700 -0.380978  0.375000 0.015625
39  0.909116 -16.720783 5.161319  -0.435591 -0.784447 -0.441479  0.281250 0.015625
39  1.347819 -17.117422 5.400102  -0.435592 -0.784440 -0.441491  0.312500 0.250000
bolt_handle.bmp
39  1.347819 -17.117422 5.400102  -0.435592 -0.784440 -0.441491  0.312500 0.250000
39  0.909116 -16.720783 5.161319  -0.435591 -0.784447 -0.441479  0.281250 0.015625
39  1.459673 -17.130571 5.334407  -0.394763 -0.770994 -0.499730  0.187500 0.234375
bolt_handle.bmp
39  0.837247 -16.707170 5.228024  -0.155640 0.220628 0.962860  0.375000 0.015625
39  1.406467 -16.985407 5.394377  -0.270718 0.246476 0.930570  0.625000 0.250000
39  0.986647 -16.701326 5.251377  -0.125412 0.281068 0.951458  0.593750 0.015625
bolt_handle.bmp
39  1.347819 -17.117422 5.400102  -0.133088 -0.990501 -0.034571  0.312500 0.250000
39  1.459673 -17.130571 5.334407  -0.133068 -0.990503 -0.034580  0.187500 0.234375
39  1.801988 -17.199686 5.675352  -0.133080 -0.990503 -0.034534  0.312500 0.625000
newparts.bmp
36  2.150166 -20.075104 7.458942  -0.450637 -0.186737 -0.872958  0.765625 0.046875
36  1.955092 -20.038158 7.639999  -0.955571 -0.066429 -0.287177  0.710938 0.046875
36  1.949519 -19.137945 7.450307  -0.830038 -0.119908 -0.544664  0.710938 0.210938
newparts.bmp
36  1.949519 -19.137945 7.450307  -0.830038 -0.119908 -0.544664  0.710938 0.210938
36  1.955092 -20.038158 7.639999  -0.955571 -0.066429 -0.287177  0.710938 0.046875
36  1.928660 -18.979361 8.203510  -0.970629 0.043839 0.236555  0.515625 0.210938
newparts.bmp
36  1.955092 -20.038158 7.639999  -0.955571 -0.066429 -0.287177  0.710938 0.046875
36  1.934232 -19.879574 8.393203  -0.861397 0.099621 0.498066  0.515625 0.046875
36  1.928660 -18.979361 8.203510  -0.970629 0.043839 0.236555  0.515625 0.210938
newparts.bmp
36  1.928660 -18.979361 8.203510  -0.970629 0.043839 0.236555  0.515625 0.210938
36  1.934232 -19.879574 8.393203  -0.861397 0.099621 0.498066  0.515625 0.046875
36  2.113440 -18.938042 8.394165  -0.502401 0.175301 0.846678  0.460938 0.210938
newparts.bmp
36  1.934232 -19.879574 8.393203  -0.861397 0.099621 0.498066  0.515625 0.046875
36  2.119012 -19.838255 8.583858  -0.266447 0.197158 0.943470  0.460938 0.046875
36  2.113440 -18.938042 8.394165  -0.502401 0.175301 0.846678  0.460938 0.210938
newparts.bmp
36  2.113440 -18.938042 8.394165  -0.502401 0.175301 0.846678  0.460938 0.210938
36  2.119012 -19.838255 8.583858  -0.266447 0.197158 0.943470  0.460938 0.046875
36  2.873147 -18.929293 8.413363  0.216090 0.202599 0.955122  0.265625 0.210938
newparts.bmp
36  2.119012 -19.838255 8.583858  -0.266447 0.197158 0.943470  0.460938 0.046875
36  2.878719 -19.829508 8.603055  0.458488 0.185957 0.869027  0.265625 0.046875
36  2.873147 -18.929293 8.413363  0.216090 0.202599 0.955122  0.265625 0.210938
newparts.bmp
36  2.873147 -18.929293 8.413363  0.216090 0.202599 0.955122  0.265625 0.210938
36  2.878719 -19.829508 8.603055  0.458488 0.185957 0.869027  0.265625 0.046875
36  3.068221 -18.966238 8.232307  0.835434 0.118267 0.536715  0.195313 0.210938
newparts.bmp
36  2.878719 -19.829508 8.603055  0.458488 0.185957 0.869027  0.265625 0.046875
36  3.073793 -19.866453 8.421999  0.956813 0.065599 0.283207  0.195313 0.046875
36  3.068221 -18.966238 8.232307  0.835434 0.118267 0.536715  0.195313 0.210938
newparts.bmp
36  1.574669 -19.962095 8.012145  0.011046 -0.999768 0.018501  0.882813 0.992188
36  1.584112 -19.819424 7.573447  0.027580 -0.515667 -0.856345  0.617188 0.992188
36  1.953969 -19.815165 7.582794  0.024457 -0.795724 -0.605165  0.617188 0.859375
newparts.bmp
36  1.953969 -19.815165 7.582794  0.024457 -0.795724 -0.605165  0.617188 0.859375
36  1.584112 -19.819424 7.573447  0.027580 -0.515667 -0.856345  0.617188 0.992188
36  1.951183 -19.365057 7.487948  0.023604 0.126571 -0.991677  0.398438 0.859375
newparts.bmp
36  1.584112 -19.819424 7.573447  0.027580 -0.515667 -0.856345  0.617188 0.992188
36  1.581326 -19.369316 7.478601  0.016536 0.484110 -0.874851  0.398438 0.992188
36  1.951183 -19.365057 7.487948  0.023604 0.126571 -0.991677  0.398438 0.859375
newparts.bmp
36  1.951183 -19.365057 7.487948  0.023604 0.126571 -0.991677  0.398438 0.859375
36  1.581326 -19.369316 7.478601  0.016536 0.484110 -0.874851  0.398438 0.992188
36  1.938954 -19.057623 7.831800  -0.000852 0.922283 -0.386515  0.156250 0.859375
newparts.bmp
36  1.581326 -19.369316 7.478601  0.016536 0.484110 -0.874851  0.398438 0.992188
36  1.569097 -19.061882 7.822453  -0.011044 0.999768 -0.018502  0.156250 0.992188
36  1.938954 -19.057623 7.831800  -0.000852 0.922283 -0.386515  0.156250 0.859375
newparts.bmp
36  1.569097 -19.061882 7.822453  -0.011044 0.999768 -0.018502  0.156250 0.992188
36  1.559654 -19.204554 8.261151  -0.027578 0.515666 0.856346  0.398438 0.992188
36  1.929511 -19.200294 8.270497  -0.024454 0.795725 0.605165  0.398438 0.859375
newparts.bmp
36  1.929511 -19.200294 8.270497  -0.024454 0.795725 0.605165  0.398438 0.859375
36  1.559654 -19.204554 8.261151  -0.027578 0.515666 0.856346  0.398438 0.992188
36  1.932297 -19.650402 8.365343  -0.023601 -0.126571 0.991677  0.625000 0.859375
newparts.bmp
36  1.559654 -19.204554 8.261151  -0.027578 0.515666 0.856346  0.398438 0.992188
36  1.562440 -19.654661 8.355997  -0.016533 -0.484111 0.874851  0.625000 0.992188
36  1.932297 -19.650402 8.365343  -0.023601 -0.126571 0.991677  0.625000 0.859375
newparts.bmp
36  1.932297 -19.650402 8.365343  -0.023601 -0.126571 0.991677  0.625000 0.859375
36  1.562440 -19.654661 8.355997  -0.016533 -0.484111 0.874851  0.625000 0.992188
36  1.944527 -19.957836 8.021491  0.000854 -0.922283 0.386514  0.882813 0.859375
newparts.bmp
36  1.562440 -19.654661 8.355997  -0.016533 -0.484111 0.874851  0.625000 0.992188
36  1.574669 -19.962095 8.012145  0.011046 -0.999768 0.018501  0.882813 0.992188
36  1.944527 -19.957836 8.021491  0.000854 -0.922283 0.386514  0.882813 0.859375
newparts.bmp
36  3.073793 -19.866453 8.421999  0.956813 0.065599 0.283207  0.000000 0.007813
36  3.094652 -20.025038 7.668795  0.861564 -0.099560 -0.497790  0.000000 0.007813
36  3.089080 -19.124823 7.479103  0.970669 -0.043805 -0.236397  0.000000 0.007813
newparts.bmp
36  3.089080 -19.124823 7.479103  0.970669 -0.043805 -0.236397  0.000000 0.007813
36  3.094652 -20.025038 7.668795  0.861564 -0.099560 -0.497790  0.000000 0.007813
36  2.904300 -19.166142 7.288448  0.502542 -0.175283 -0.846597  0.000000 0.007813
newparts.bmp
36  3.094652 -20.025038 7.668795  0.861564 -0.099560 -0.497790  0.000000 0.007813
36  2.909873 -20.066355 7.478140  0.266556 -0.197150 -0.943440  0.000000 0.007813
36  2.904300 -19.166142 7.288448  0.502542 -0.175283 -0.846597  0.000000 0.007813
newparts.bmp
36  2.904300 -19.166142 7.288448  0.502542 -0.175283 -0.846597  0.000000 0.007813
36  2.909873 -20.066355 7.478140  0.266556 -0.197150 -0.943440  0.000000 0.007813
36  2.144593 -19.174889 7.269251  -0.211781 -0.202769 -0.956051  0.000000 0.007813
newparts.bmp
36  2.909873 -20.066355 7.478140  0.266556 -0.197150 -0.943440  0.000000 0.007813
36  2.150166 -20.075104 7.458942  -0.450637 -0.186737 -0.872958  0.000000 0.007813
36  2.144593 -19.174889 7.269251  -0.211781 -0.202769 -0.956051  0.000000 0.007813
newparts.bmp
36  2.144593 -19.174889 7.269251  -0.006056 0.978493 -0.206189  0.445313 0.539063
36  1.949519 -19.137945 7.450307  -0.006057 0.978494 -0.206188  0.515625 0.484375
36  2.904300 -19.166142 7.288448  -0.006057 0.978495 -0.206181  0.273438 0.539063
newparts.bmp
36  2.904300 -19.166142 7.288448  -0.006057 0.978495 -0.206181  0.273438 0.539063
36  1.949519 -19.137945 7.450307  -0.006057 0.978494 -0.206188  0.515625 0.484375
36  3.089080 -19.124823 7.479103  -0.006057 0.978494 -0.206185  0.203125 0.484375
newparts.bmp
36  1.949519 -19.137945 7.450307  -0.006057 0.978494 -0.206188  0.515625 0.484375
36  1.928660 -18.979361 8.203510  -0.006058 0.978493 -0.206191  0.515625 0.265625
36  3.089080 -19.124823 7.479103  -0.006057 0.978494 -0.206185  0.203125 0.484375
newparts.bmp
36  3.089080 -19.124823 7.479103  -0.006057 0.978494 -0.206185  0.203125 0.484375
36  1.928660 -18.979361 8.203510  -0.006058 0.978493 -0.206191  0.515625 0.265625
36  3.068221 -18.966238 8.232307  -0.006057 0.978494 -0.206187  0.203125 0.265625
newparts.bmp
36  1.928660 -18.979361 8.203510  -0.006058 0.978493 -0.206191  0.515625 0.265625
36  2.873147 -18.929293 8.413363  -0.006057 0.978494 -0.206186  0.265625 0.218750
36  3.068221 -18.966238 8.232307  -0.006057 0.978494 -0.206187  0.203125 0.265625
newparts.bmp
36  2.488842 -19.757679 8.955385  -0.166467 -0.965812 0.198737  0.882813 0.992188
36  2.097600 -19.537115 8.898110  -0.938639 -0.341825 0.045972  0.617188 0.992188
36  2.107623 -19.613317 8.536181  -0.734240 -0.668139 0.120340  0.617188 0.859375
newparts.bmp
36  2.107623 -19.613317 8.536181  -0.734240 -0.668139 0.120340  0.617188 0.859375
36  2.097600 -19.537115 8.898110  -0.938639 -0.341825 0.045972  0.617188 0.992188
36  2.104837 -19.163210 8.441336  -0.942736 0.320162 -0.093514  0.398438 0.859375
newparts.bmp
36  2.097600 -19.537115 8.898110  -0.938639 -0.341825 0.045972  0.617188 0.992188
36  2.094813 -19.087008 8.803265  -0.742407 0.651135 -0.157654  0.398438 0.992188
36  2.104837 -19.163210 8.441336  -0.942736 0.320162 -0.093514  0.398438 0.859375
newparts.bmp
36  2.104837 -19.163210 8.441336  -0.942736 0.320162 -0.093514  0.398438 0.859375
36  2.094813 -19.087008 8.803265  -0.742407 0.651135 -0.157654  0.398438 0.992188
36  2.493293 -18.933668 8.403765  -0.178400 0.961840 -0.207452  0.156250 0.859375
newparts.bmp
36  2.094813 -19.087008 8.803265  -0.742407 0.651135 -0.157654  0.398438 0.992188
36  2.483270 -18.857464 8.765693  0.166452 0.965814 -0.198738  0.156250 0.992188
36  2.493293 -18.933668 8.403765  -0.178400 0.961840 -0.207452  0.156250 0.859375
newparts.bmp
36  2.483270 -18.857464 8.765693  0.166452 0.965814 -0.198738  0.156250 0.992188
36  2.884509 -19.077913 8.823220  0.938648 0.341800 -0.045967  0.398438 0.992188
36  2.894532 -19.154118 8.461291  0.734277 0.668100 -0.120330  0.398438 0.859375
newparts.bmp
36  2.894532 -19.154118 8.461291  0.734277 0.668100 -0.120330  0.398438 0.859375
36  2.884509 -19.077913 8.823220  0.938648 0.341800 -0.045967  0.398438 0.992188
36  2.897318 -19.604223 8.556137  0.942746 -0.320136 0.093508  0.625000 0.859375
newparts.bmp
36  2.884509 -19.077913 8.823220  0.938648 0.341800 -0.045967  0.398438 0.992188
36  2.887295 -19.528021 8.918066  0.742442 -0.651098 0.157645  0.625000 0.992188
36  2.897318 -19.604223 8.556137  0.942746 -0.320136 0.093508  0.625000 0.859375
newparts.bmp
36  2.897318 -19.604223 8.556137  0.942746 -0.320136 0.093508  0.625000 0.859375
36  2.887295 -19.528021 8.918066  0.742442 -0.651098 0.157645  0.625000 0.992188
36  2.498866 -19.833881 8.593456  0.178389 -0.961843 0.207452  0.882813 0.859375
newparts.bmp
36  2.887295 -19.528021 8.918066  0.742442 -0.651098 0.157645  0.625000 0.992188
36  2.488842 -19.757679 8.955385  -0.166467 -0.965812 0.198737  0.882813 0.992188
36  2.498866 -19.833881 8.593456  0.178389 -0.961843 0.207452  0.882813 0.859375
newparts.bmp
36  1.584112 -19.819424 7.573447  -0.999615 -0.011510 -0.025260  0.734375 0.859375
36  1.574669 -19.962095 8.012145  -0.999615 -0.011510 -0.025260  0.812500 0.718750
36  1.569097 -19.061882 7.822453  -0.999615 -0.011510 -0.025260  0.500000 0.718750
newparts.bmp
36  1.569097 -19.061882 7.822453  -0.999615 -0.011510 -0.025260  0.500000 0.718750
36  1.574669 -19.962095 8.012145  -0.999615 -0.011510 -0.025260  0.812500 0.718750
36  1.559654 -19.204554 8.261151  -0.999615 -0.011510 -0.025260  0.578125 0.585938
newparts.bmp
36  1.574669 -19.962095 8.012145  -0.999615 -0.011510 -0.025260  0.812500 0.718750
36  1.562440 -19.654661 8.355997  -0.999615 -0.011510 -0.025260  0.734375 0.585938
36  1.559654 -19.204554 8.261151  -0.999615 -0.011510 -0.025260  0.578125 0.585938
newparts.bmp
36  2.097600 -19.537115 8.898110  -0.027088 0.205955 0.978187  0.734375 0.859375
36  2.488842 -19.757679 8.955385  -0.027090 0.205955 0.978186  0.812500 0.718750
36  2.483270 -18.857464 8.765693  -0.027093 0.205955 0.978186  0.500000 0.718750
newparts.bmp
36  2.483270 -18.857464 8.765693  -0.027093 0.205955 0.978186  0.500000 0.718750
36  2.488842 -19.757679 8.955385  -0.027090 0.205955 0.978186  0.812500 0.718750
36  2.884509 -19.077913 8.823220  -0.027095 0.205955 0.978186  0.578125 0.585938
newparts.bmp
36  2.488842 -19.757679 8.955385  -0.027090 0.205955 0.978186  0.812500 0.718750
36  2.887295 -19.528021 8.918066  -0.027089 0.205955 0.978186  0.734375 0.585938
36  2.884509 -19.077913 8.823220  -0.027095 0.205955 0.978186  0.578125 0.585938
newparts.bmp
36  1.953969 -19.815165 7.582794  0.024457 -0.795724 -0.605165  0.617188 0.859375
36  1.944527 -19.957836 8.021491  0.000854 -0.922283 0.386514  0.882813 0.859375
36  1.574669 -19.962095 8.012145  0.011046 -0.999768 0.018501  0.882813 0.992188
newparts.bmp
36  1.929511 -19.200294 8.270497  -0.024454 0.795725 0.605165  0.398438 0.859375
36  1.938954 -19.057623 7.831800  -0.000852 0.922283 -0.386515  0.156250 0.859375
36  1.569097 -19.061882 7.822453  -0.011044 0.999768 -0.018502  0.156250 0.992188
newparts.bmp
36  1.581326 -19.369316 7.478601  -0.999615 -0.011510 -0.025260  0.578125 0.859375
36  1.584112 -19.819424 7.573447  -0.999615 -0.011510 -0.025260  0.734375 0.859375
36  1.569097 -19.061882 7.822453  -0.999615 -0.011510 -0.025260  0.500000 0.718750
newparts.bmp
36  3.089080 -19.124823 7.479103  0.970669 -0.043805 -0.236397  0.000000 0.007813
36  3.068221 -18.966238 8.232307  0.835434 0.118267 0.536715  0.000000 0.007813
36  3.073793 -19.866453 8.421999  0.956813 0.065599 0.283207  0.000000 0.007813
newparts.bmp
36  1.949519 -19.137945 7.450307  -0.830038 -0.119908 -0.544664  0.710938 0.210938
36  2.144593 -19.174889 7.269251  -0.211781 -0.202769 -0.956051  0.765625 0.210938
36  2.150166 -20.075104 7.458942  -0.450637 -0.186737 -0.872958  0.765625 0.046875
newparts.bmp
36  2.873147 -18.929293 8.413363  -0.006057 0.978494 -0.206186  0.265625 0.218750
36  1.928660 -18.979361 8.203510  -0.006058 0.978493 -0.206191  0.515625 0.265625
36  2.113440 -18.938042 8.394165  -0.006058 0.978491 -0.206202  0.453125 0.218750
newparts.bmp
36  2.107623 -19.613317 8.536181  -0.734240 -0.668139 0.120340  0.617188 0.859375
36  2.498866 -19.833881 8.593456  0.178389 -0.961843 0.207452  0.882813 0.859375
36  2.488842 -19.757679 8.955385  -0.166467 -0.965812 0.198737  0.882813 0.992188
newparts.bmp
36  2.894532 -19.154118 8.461291  0.734277 0.668100 -0.120330  0.398438 0.859375
36  2.493293 -18.933668 8.403765  -0.178400 0.961840 -0.207452  0.156250 0.859375
36  2.483270 -18.857464 8.765693  0.166452 0.965814 -0.198738  0.156250 0.992188
newparts.bmp
36  2.094813 -19.087008 8.803265  -0.027090 0.205955 0.978186  0.578125 0.859375
36  2.097600 -19.537115 8.898110  -0.027088 0.205955 0.978187  0.734375 0.859375
36  2.483270 -18.857464 8.765693  -0.027093 0.205955 0.978186  0.500000 0.718750
magazine.bmp
41  2.166461 -18.024591 3.900298  -0.005424 0.978540 -0.205985  0.234375 0.343750
41  3.011203 -17.825100 4.822206  -0.006057 0.978494 -0.206185  0.000000 0.671875
41  3.036126 -18.014578 3.922274  -0.005422 0.978526 -0.206052  0.000000 0.343750
magazine.bmp
41  1.983912 -18.051718 3.771462  -0.900224 0.098473 0.424146  0.234375 0.296775
41  2.180088 -20.580524 4.525715  -0.896961 0.101291 0.430350  0.984375 0.421875
41  2.166461 -18.024591 3.900298  -0.888467 0.105356 0.446684  0.234375 0.343750
magazine.bmp
41  2.014066 -18.214069 3.000366  -0.999232 -0.016247 -0.035655  0.234375 0.015625
41  2.002688 -20.605145 4.408782  -0.890331 0.103331 0.443434  0.984375 0.386084
41  1.983912 -18.051718 3.771462  -0.900224 0.098473 0.424146  0.234375 0.296775
magazine.bmp
41  3.242094 -18.204056 3.022342  0.999232 0.016247 0.035655  0.234375 0.015625
41  3.230716 -20.595131 4.430758  0.874803 0.121833 0.468910  0.984375 0.386085
41  3.258084 -20.742483 3.730905  0.999232 0.016247 0.035655  0.984375 0.171875
magazine.bmp
41  2.014066 -18.214069 3.000366  -0.004289 0.978503 -0.206187  0.234375 0.015625
41  3.211939 -18.041704 3.793438  -0.004503 0.978515 -0.206128  0.000000 0.296775
41  3.242094 -18.204056 3.022342  -0.004289 0.978503 -0.206187  0.000000 0.015625
magazine.bmp
41  2.180088 -20.580524 4.525715  0.005410 -0.978519 0.206084  0.984375 0.421875
41  3.230716 -20.595131 4.430758  0.004492 -0.978507 0.206165  0.984375 0.386085
41  3.049753 -20.570511 4.547691  0.005420 -0.978509 0.206133  0.984375 0.421875
magazine.bmp
41  2.166461 -18.024591 3.900298  -0.888467 0.105356 0.446684  0.234375 0.343750
41  2.180088 -20.580524 4.525715  -0.896961 0.101291 0.430350  0.984375 0.421875
41  2.157468 -20.408552 5.342501  -0.999615 -0.011510 -0.025260  0.984375 0.671875
magazine.bmp
41  2.002688 -20.605145 4.408782  0.004481 -0.978522 0.206094  0.984375 0.386084
41  2.030056 -20.752497 3.708929  0.004289 -0.978502 0.206191  0.984375 0.171875
41  3.258084 -20.742483 3.730905  0.004289 -0.978503 0.206188  0.984375 0.171875
magazine.bmp
41  2.157468 -20.408552 5.342501  0.006056 -0.978494 0.206187  0.984375 0.671875
41  2.180088 -20.580524 4.525715  0.005410 -0.978519 0.206084  0.984375 0.421875
41  3.049753 -20.570511 4.547691  0.005420 -0.978509 0.206133  0.984375 0.421875
magazine.bmp
41  1.983912 -18.051718 3.771462  -0.004504 0.978530 -0.206053  0.234375 0.296775
41  2.166461 -18.024591 3.900298  -0.005424 0.978540 -0.205985  0.234375 0.343750
41  3.036126 -18.014578 3.922274  -0.005422 0.978526 -0.206052  0.000000 0.343750
magazine.bmp
41  3.211939 -18.041704 3.793438  0.882405 0.118733 0.455263  0.234375 0.296775
41  3.036126 -18.014578 3.922274  0.877496 0.119744 0.464395  0.234375 0.343750
41  3.049753 -20.570511 4.547691  0.884715 0.116410 0.451362  0.984375 0.421875
magazine.bmp
41  3.036126 -18.014578 3.922274  0.877496 0.119744 0.464395  0.234375 0.343750
41  3.011203 -17.825100 4.822206  0.999615 0.011511 0.025260  0.234375 0.671875
41  3.027133 -20.398539 5.364477  0.999629 0.011100 0.024857  0.984375 0.671875
magazine.bmp
41  2.166461 -18.024591 3.900298  -0.005424 0.978540 -0.205985  0.234375 0.343750
41  2.141538 -17.835114 4.800230  -0.006057 0.978494 -0.206186  0.234375 0.671875
41  3.011203 -17.825100 4.822206  -0.006057 0.978494 -0.206185  0.000000 0.671875
magazine.bmp
41  1.983912 -18.051718 3.771462  -0.900224 0.098473 0.424146  0.234375 0.296775
41  2.002688 -20.605145 4.408782  -0.890331 0.103331 0.443434  0.984375 0.386084
41  2.180088 -20.580524 4.525715  -0.896961 0.101291 0.430350  0.984375 0.421875
magazine.bmp
41  2.014066 -18.214069 3.000366  -0.999232 -0.016247 -0.035655  0.234375 0.015625
41  2.030056 -20.752497 3.708929  -0.999232 -0.016247 -0.035655  0.984375 0.171875
41  2.002688 -20.605145 4.408782  -0.890331 0.103331 0.443434  0.984375 0.386084
magazine.bmp
41  3.242094 -18.204056 3.022342  0.999232 0.016247 0.035655  0.234375 0.015625
41  3.211939 -18.041704 3.793438  0.882405 0.118733 0.455263  0.234375 0.296775
41  3.230716 -20.595131 4.430758  0.874803 0.121833 0.468910  0.984375 0.386085
magazine.bmp
41  2.014066 -18.214069 3.000366  -0.004289 0.978503 -0.206187  0.234375 0.015625
41  1.983912 -18.051718 3.771462  -0.004504 0.978530 -0.206053  0.234375 0.296775
41  3.211939 -18.041704 3.793438  -0.004503 0.978515 -0.206128  0.000000 0.296775
magazine.bmp
41  2.180088 -20.580524 4.525715  0.005410 -0.978519 0.206084  0.984375 0.421875
41  2.002688 -20.605145 4.408782  0.004481 -0.978522 0.206094  0.984375 0.386084
41  3.230716 -20.595131 4.430758  0.004492 -0.978507 0.206165  0.984375 0.386085
end
