version 1
nodes
  0 "Bip01" -1
  1 "Bip01 Pelvis" 0
  2 "Bip01 Spine" 1
  3 "Bip01 Spine1" 2
  4 "Bip01 Spine2" 3
  5 "Bip01 Spine3" 4
  6 "Bip01 Neck" 5
  7 "Bip01 R Clavicle" 6
  8 "Bip01 R UpperArm" 7
  9 "Bip01 R Forearm" 8
 10 "Bip01 R Hand" 9
 11 "Bip01 R Finger0" 10
 12 "Bip01 R Finger01" 11
 13 "Bip01 R Finger02" 12
 14 "Bip01 R Finger1" 10
 15 "Bip01 R Finger11" 14
 16 "Bip01 R Finger12" 15
 17 "Bip01 R Finger2" 10
 18 "Bip01 R Finger21" 17
 19 "Bip01 R Finger22" 18
 20 "Bip01 R Finger3" 10
 21 "Bip01 R Finger31" 20
 22 "Bip01 R Finger32" 21
 23 "Bip01 R Finger4" 10
 24 "Bip01 R Finger41" 23
 25 "Bip01 R Finger42" 24
 26 "Bip01 L Clavicle" 6
 27 "Bip01 L UpperArm" 26
 28 "Bip01 L Forearm" 27
 29 "Bip01 L Hand" 28
 30 "Bip01 L Finger0" 29
 31 "Bip01 L Finger01" 30
 32 "Bip01 L Finger02" 31
 33 "Bip01 L Finger1" 29
 34 "Bip01 L Finger11" 33
 35 "Bip01 L Finger12" 34
 36 "Bip01 L Finger2" 29
 37 "Bip01 L Finger21" 36
 38 "Bip01 L Finger22" 37
 39 "Bip01 L Finger3" 29
 40 "Bip01 L Finger31" 39
 41 "Bip01 L Finger32" 40
 42 "Bip01 L Finger4" 29
 43 "Bip01 L Finger41" 42
 44 "Bip01 L Finger42" 43
 45 "STOCK" 29
 46 "Dummy22" 45
 47 "CHARGE" 46
 48 "Dummy23" 45
 49 "Object01" 48
 50 "Dummy24" 45
 51 "CLIP" 50
end
skeleton
time 0
  0 -0.031793 0.000000 33.147358 0.000000 0.000000 -1.570795
  1 0.000000 0.000000 0.000000 -1.570795 -1.570451 0.000000
  2 3.435066 -0.003090 0.000005 -0.000004 -0.000001 0.000796
  3 3.883118 -0.003092 0.000000 0.000000 0.000000 0.000000
  4 3.883117 -0.003092 0.000000 0.000000 0.000000 0.000000
  5 3.883116 -0.003092 0.000000 0.000000 0.000000 0.000000
  6 3.883120 -0.001784 0.000000 0.000000 0.000000 0.000000
  7 -0.000004 0.001787 -1.045454 -0.695541 1.379444 2.454301
  8 3.883117 0.000000 0.000002 -1.347193 -2.689377 0.719303
  9 8.961035 0.000002 0.000000 0.000000 0.000000 -1.176839
 10 8.961038 -0.000002 0.000000 2.418909 0.115043 0.597113
 11 0.642858 0.500635 1.160048 1.571868 -0.733038 -0.000717
 12 1.164115 0.000000 -0.000002 0.000000 0.000000 -0.034907
 13 0.947482 0.000000 0.000001 0.000000 0.000000 -0.226893
 14 2.889327 -0.168188 1.032869 -0.106542 -0.127289 0.704862
 15 1.200776 0.000000 0.000000 0.000000 0.000000 0.654499
 16 0.740586 0.000001 0.000001 0.000000 0.000000 0.654499
 17 2.985632 -0.166488 0.361957 0.000445 -0.000660 0.977384
 18 1.223181 0.000000 -0.000001 0.000000 0.000000 0.916298
 19 0.950415 -0.000001 0.000002 0.000000 0.000000 0.916298
 20 2.848551 -0.167757 -0.254627 0.132162 0.067596 1.095365
 21 1.263507 0.000000 0.000000 0.000000 0.000000 1.047198
 22 0.753026 0.000002 -0.000001 0.000000 0.000000 1.047198
 23 2.575171 -0.170754 -0.868192 0.265009 0.089104 1.251180
 24 1.008119 0.000000 0.000000 0.000000 0.000000 1.204277
 25 0.643754 0.000003 0.000001 0.000000 0.000000 1.204277
 26 -0.000004 0.001781 1.045454 -0.000014 -1.370796 3.140810
 27 3.883118 0.000000 -0.000001 -0.792893 0.055812 -0.115204
 28 8.961037 0.000001 -0.000002 0.000000 0.000000 -2.519424
 29 8.961035 0.000001 -0.000001 -2.726367 0.817988 1.191803
 30 0.642856 0.500634 -1.160048 -0.795558 0.133543 0.433722
 31 1.164114 0.000002 0.000001 0.000000 0.000000 -0.218166
 32 0.947481 0.000001 0.000001 0.000000 0.000000 -0.357792
 33 2.889327 -0.168190 -1.032868 -0.016841 0.164958 -0.097452
 34 1.200779 0.000000 -0.000001 0.000000 0.000000 0.671952
 35 0.740581 0.000000 -0.000002 0.000000 0.000000 1.117011
 36 2.985631 -0.166489 -0.361957 -0.000429 -0.069142 1.003594
 37 1.223181 0.000000 -0.000002 0.000000 0.000000 1.457350
 38 0.950414 0.000000 -0.000001 0.000000 0.000000 1.256637
 39 2.848550 -0.167756 0.254627 -0.130074 -0.070537 1.272059
 40 1.263506 0.000000 0.000000 0.000000 0.000000 1.151917
 41 0.753028 0.000000 -0.000001 0.000000 0.000000 1.413717
 42 2.575171 -0.170755 0.868194 -0.233617 -0.049932 1.255402
 43 1.008117 0.000000 -0.000001 0.000000 0.000000 0.881391
 44 0.643753 0.000000 -0.000001 0.000000 0.000000 1.474803
 45 2.216102 0.436244 -0.089646 -0.051017 0.020266 -1.534516
 46 -0.002093 -3.871861 4.477149 1.570796 0.000000 1.570796
 47 -0.544868 0.004793 -0.010477 -1.570796 -1.570796 0.000000
 48 -0.002091 -2.053352 1.699483 1.570796 0.000000 1.570796
 49 3.214010 -1.699480 0.002092 -1.570796 -1.570796 0.000000
 50 -0.002090 4.186654 0.241228 1.570796 0.000000 1.570796
 51 0.001758 -0.328108 -0.275527 -1.570796 -1.570796 0.000000
end
triangles
v_famas.bmp
 45 6.270443 -6.485271 54.186203 0.812098 0.492599 0.312799 0.355469 0.101563
 45 6.265475 -5.749980 54.980572 0.977799 -0.190400 -0.087500 0.425781 0.164063
 45 6.263391 -6.472185 53.666222 0.876950 0.462974 0.128893 0.308594 0.101563
v_famas.bmp
 45 6.263391 -6.472185 53.666222 0.876950 0.462974 0.128893 0.308594 0.101563
 45 6.265475 -5.749980 54.980572 0.977799 -0.190400 -0.087500 0.425781 0.164063
 45 6.269875 -5.435170 54.172440 0.959841 -0.275512 -0.052902 0.351563 0.191406
v_famas.bmp
 45 6.265475 -5.749980 54.980572 0.977799 -0.190400 -0.087500 0.425781 0.164063
 45 6.439356 -5.165427 54.235008 0.486109 -0.839316 -0.243405 0.359375 0.218750
 45 6.269875 -5.435170 54.172440 0.959841 -0.275512 -0.052902 0.351563 0.191406
v_famas.bmp
 45 6.269875 -5.435170 54.172440 0.959841 -0.275512 -0.052902 0.351563 0.191406
 45 6.439356 -5.165427 54.235008 0.486109 -0.839316 -0.243405 0.359375 0.218750
 45 6.446258 -5.028117 53.005825 0.413514 -0.849129 0.328611 0.250000 0.230469
v_famas.bmp
 45 6.439356 -5.165427 54.235008 0.486109 -0.839316 -0.243405 0.359375 0.218750
 45 6.779350 -5.165217 54.236942 -0.479712 -0.860121 -0.173404 0.359375 0.218750
 45 6.446258 -5.028117 53.005825 0.413514 -0.849129 0.328611 0.250000 0.230469
v_famas.bmp
 45 6.446258 -5.028117 53.005825 0.413514 -0.849129 0.328611 0.250000 0.230469
 45 6.779350 -5.165217 54.236942 -0.479712 -0.860121 -0.173404 0.359375 0.218750
 45 6.786252 -5.027907 53.007755 -0.343998 -0.766396 0.542497 0.250000 0.230469
v_famas.bmp
 45 6.779350 -5.165217 54.236942 -0.479712 -0.860121 -0.173404 0.359375 0.218750
 45 6.976772 -5.307428 52.947174 -0.659273 -0.516979 0.545978 0.242188 0.199219
 45 6.786252 -5.027907 53.007755 -0.343998 -0.766396 0.542497 0.250000 0.230469
v_famas.bmp
 45 6.786252 -5.027907 53.007755 -0.343998 -0.766396 0.542497 0.250000 0.230469
 45 6.976772 -5.307428 52.947174 -0.659273 -0.516979 0.545978 0.242188 0.199219
 45 6.617295 -5.317115 52.855072 -0.042099 -0.309791 0.949872 0.234375 0.199219
v_famas.bmp
 45 6.976772 -5.307428 52.947174 -0.659273 -0.516979 0.545978 0.242188 0.199219
 45 6.978454 -6.146224 52.742191 -0.210999 -0.153899 0.965295 0.226563 0.128906
 45 6.617295 -5.317115 52.855072 -0.042099 -0.309791 0.949872 0.234375 0.199219
v_famas.bmp
 45 6.617295 -5.317115 52.855072 -0.042099 -0.309791 0.949872 0.234375 0.199219
 45 6.978454 -6.146224 52.742191 -0.210999 -0.153899 0.965295 0.226563 0.128906
 45 6.618805 -6.066031 52.670620 0.040500 -0.140101 0.989309 0.218750 0.136719
v_famas.bmp
 45 6.978454 -6.146224 52.742191 -0.210999 -0.153899 0.965295 0.226563 0.128906
 45 6.618930 -6.346086 52.678959 0.219803 0.408905 0.885711 0.214844 0.101563
 45 6.618805 -6.066031 52.670620 0.040500 -0.140101 0.989309 0.218750 0.136719
v_famas.bmp
 45 6.618805 -6.066031 52.670620 0.040500 -0.140101 0.989309 0.218750 0.136719
 45 6.618930 -6.346086 52.678959 0.219803 0.408905 0.885711 0.214844 0.101563
 45 6.268465 -6.146662 52.738155 0.703998 0.451999 0.547799 0.226563 0.128906
v_famas.bmp
 45 6.618930 -6.346086 52.678959 0.219803 0.408905 0.885711 0.214844 0.101563
 45 6.615730 -6.319416 53.239117 0.517314 0.838023 0.173505 0.265625 0.101563
 45 6.268465 -6.146662 52.738155 0.703998 0.451999 0.547799 0.226563 0.128906
v_famas.bmp
 45 6.268465 -6.146662 52.738155 0.703998 0.451999 0.547799 0.226563 0.128906
 45 6.615730 -6.319416 53.239117 0.517314 0.838023 0.173505 0.265625 0.101563
 45 6.265265 -6.119992 53.298313 0.876985 0.426993 0.220396 0.277344 0.132813
v_famas.bmp
 45 6.615730 -6.319416 53.239117 0.517314 0.838023 0.173505 0.265625 0.101563
 45 6.613856 -6.671609 53.607025 0.508202 0.742603 0.436202 0.296875 0.074219
 45 6.265265 -6.119992 53.298313 0.876985 0.426993 0.220396 0.277344 0.132813
v_famas.bmp
 45 6.265265 -6.119992 53.298313 0.876985 0.426993 0.220396 0.277344 0.132813
 45 6.613856 -6.671609 53.607025 0.508202 0.742603 0.436202 0.296875 0.074219
 45 6.263391 -6.472185 53.666222 0.876950 0.462974 0.128893 0.308594 0.101563
v_famas.bmp
 45 6.613856 -6.671609 53.607025 0.508202 0.742603 0.436202 0.296875 0.074219
 45 6.610909 -6.684701 54.126949 0.513901 0.822801 0.242700 0.343750 0.074219
 45 6.263391 -6.472185 53.666222 0.876950 0.462974 0.128893 0.308594 0.101563
v_famas.bmp
 45 6.263391 -6.472185 53.666222 0.876950 0.462974 0.128893 0.308594 0.101563
 45 6.610909 -6.684701 54.126949 0.513901 0.822801 0.242700 0.343750 0.074219
 45 6.270443 -6.485271 54.186203 0.812098 0.492599 0.312799 0.355469 0.101563
v_famas.bmp
 45 6.610909 -6.684701 54.126949 0.513901 0.822801 0.242700 0.343750 0.074219
 45 6.609355 -7.006538 54.435036 0.508202 0.742603 0.436202 0.371094 0.042969
 45 6.270443 -6.485271 54.186203 0.812098 0.492599 0.312799 0.355469 0.101563
v_famas.bmp
 45 6.270443 -6.485271 54.186203 0.812098 0.492599 0.312799 0.355469 0.101563
 45 6.609355 -7.006538 54.435036 0.508202 0.742603 0.436202 0.371094 0.042969
 45 6.268890 -6.807108 54.494289 0.820994 0.555396 0.132299 0.382813 0.074219
v_famas.bmp
 45 6.609355 -7.006538 54.435036 0.508202 0.742603 0.436202 0.371094 0.042969
 45 6.606667 -6.979333 54.905197 0.517314 0.838023 0.173505 0.417969 0.046875
 45 6.268890 -6.807108 54.494289 0.820994 0.555396 0.132299 0.382813 0.074219
v_famas.bmp
 45 6.268890 -6.807108 54.494289 0.820994 0.555396 0.132299 0.382813 0.074219
 45 6.606667 -6.979333 54.905197 0.517314 0.838023 0.173505 0.417969 0.046875
 45 6.266201 -6.779903 54.964451 0.876985 0.426993 0.220396 0.425781 0.074219
v_famas.bmp
 45 6.606667 -6.979333 54.905197 0.517314 0.838023 0.173505 0.417969 0.046875
 45 6.604823 -7.291468 55.263344 0.508202 0.742603 0.436202 0.449219 0.019531
 45 6.266201 -6.779903 54.964451 0.876985 0.426993 0.220396 0.425781 0.074219
v_famas.bmp
 45 6.266201 -6.779903 54.964451 0.876985 0.426993 0.220396 0.425781 0.074219
 45 6.604823 -7.291468 55.263344 0.508202 0.742603 0.436202 0.449219 0.019531
 45 6.264358 -7.092038 55.322598 0.815513 0.548709 0.184003 0.457031 0.050781
v_famas.bmp
 45 6.604823 -7.291468 55.263344 0.508202 0.742603 0.436202 0.449219 0.019531
 45 6.599890 -7.396698 56.142719 0.511188 0.853080 0.104598 0.527344 0.011719
 45 6.264358 -7.092038 55.322598 0.815513 0.548709 0.184003 0.457031 0.050781
v_famas.bmp
 45 6.264358 -7.092038 55.322598 0.815513 0.548709 0.184003 0.457031 0.050781
 45 6.599890 -7.396698 56.142719 0.511188 0.853080 0.104598 0.527344 0.011719
 45 6.269765 -7.196905 56.142033 0.945709 0.322303 0.041900 0.531250 0.039063
v_famas.bmp
 45 6.282012 -14.860074 58.336617 0.941313 -0.241703 -0.235603 0.070313 0.757813
 45 6.266041 -14.856323 59.386585 0.507029 -0.859250 0.067904 0.070313 0.859375
 45 6.371971 -14.800020 58.337486 0.248296 -0.968684 -0.000500 0.085938 0.757813
v_famas.bmp
 45 6.371971 -14.800020 58.337486 0.248296 -0.968684 -0.000500 0.085938 0.757813
 45 6.266041 -14.856323 59.386585 0.507029 -0.859250 0.067904 0.070313 0.859375
 45 6.366348 -14.805906 59.327450 0.273611 -0.950039 0.150206 0.085938 0.855469
v_famas.bmp
 45 6.266041 -14.856323 59.386585 0.507029 -0.859250 0.067904 0.070313 0.859375
 45 6.264405 -14.787990 59.666992 0.591597 -0.730196 0.341798 0.078125 0.886719
 45 6.366348 -14.805906 59.327450 0.273611 -0.950039 0.150206 0.085938 0.855469
v_famas.bmp
 45 6.366348 -14.805906 59.327450 0.273611 -0.950039 0.150206 0.085938 0.855469
 45 6.264405 -14.787990 59.666992 0.591597 -0.730196 0.341798 0.078125 0.886719
 45 6.364712 -14.737572 59.607857 0.325588 -0.749673 0.576179 0.093750 0.878906
v_famas.bmp
 45 6.264405 -14.787990 59.666992 0.591597 -0.730196 0.341798 0.078125 0.886719
 45 6.262993 -14.539302 59.888470 0.607885 -0.350291 0.712582 0.097656 0.906250
 45 6.364712 -14.737572 59.607857 0.325588 -0.749673 0.576179 0.093750 0.878906
v_famas.bmp
 45 6.364712 -14.737572 59.607857 0.325588 -0.749673 0.576179 0.093750 0.878906
 45 6.262993 -14.539302 59.888470 0.607885 -0.350291 0.712582 0.097656 0.906250
 45 6.363300 -14.488884 59.829334 0.299408 -0.210905 0.930524 0.117188 0.898438
v_famas.bmp
 45 6.262993 -14.539302 59.888470 0.607885 -0.350291 0.712582 0.097656 0.906250
 45 6.257751 -5.859039 59.870045 0.532879 0.070297 0.843266 0.800781 0.902344
 45 6.363300 -14.488884 59.829334 0.299408 -0.210905 0.930524 0.117188 0.898438
v_famas.bmp
 45 6.363300 -14.488884 59.829334 0.299408 -0.210905 0.930524 0.117188 0.898438
 45 6.257751 -5.859039 59.870045 0.532879 0.070297 0.843266 0.800781 0.902344
 45 6.358117 -5.898620 59.810379 0.284692 0.160595 0.945071 0.792969 0.894531
v_famas.bmp
 45 6.257751 -5.859039 59.870045 0.532879 0.070297 0.843266 0.800781 0.902344
 45 6.258079 -5.488451 59.772247 0.581277 0.357286 0.731071 0.828125 0.894531
 45 6.358117 -5.898620 59.810379 0.284692 0.160595 0.945071 0.792969 0.894531
v_famas.bmp
 45 6.358117 -5.898620 59.810379 0.284692 0.160595 0.945071 0.792969 0.894531
 45 6.258079 -5.488451 59.772247 0.581277 0.357286 0.731071 0.828125 0.894531
 45 6.358444 -5.528032 59.712578 0.320819 0.601234 0.731842 0.820313 0.886719
v_famas.bmp
 45 6.258079 -5.488451 59.772247 0.581277 0.357286 0.731071 0.828125 0.894531
 45 6.259419 -5.276909 59.513504 0.585275 0.731269 0.350285 0.847656 0.867188
 45 6.358444 -5.528032 59.712578 0.320819 0.601234 0.731842 0.820313 0.886719
v_famas.bmp
 45 6.358444 -5.528032 59.712578 0.320819 0.601234 0.731842 0.820313 0.886719
 45 6.259419 -5.276909 59.513504 0.585275 0.731269 0.350285 0.847656 0.867188
 45 6.359797 -5.336490 59.453716 0.351014 0.904636 0.241710 0.835938 0.859375
v_famas.bmp
 45 6.259419 -5.276909 59.513504 0.585275 0.731269 0.350285 0.847656 0.867188
 45 6.264873 -5.271202 58.553535 0.487708 0.862014 -0.138102 0.847656 0.781250
 45 6.359797 -5.336490 59.453716 0.351014 0.904636 0.241710 0.835938 0.859375
v_famas.bmp
 45 6.359797 -5.336490 59.453716 0.351014 0.904636 0.241710 0.835938 0.859375
 45 6.264873 -5.271202 58.553535 0.487708 0.862014 -0.138102 0.847656 0.781250
 45 6.364910 -5.331139 58.553749 0.216799 0.935796 -0.277999 0.835938 0.777344
v_famas.bmp
 45 6.264873 -5.271202 58.553535 0.487708 0.862014 -0.138102 0.847656 0.781250
 45 6.265903 -5.370189 58.382946 0.465978 0.775063 -0.426780 0.839844 0.757813
 45 6.364910 -5.331139 58.553749 0.216799 0.935796 -0.277999 0.835938 0.777344
v_famas.bmp
 45 6.364910 -5.331139 58.553749 0.216799 0.935796 -0.277999 0.835938 0.777344
 45 6.265903 -5.370189 58.382946 0.465978 0.775063 -0.426780 0.839844 0.757813
 45 6.365940 -5.430127 58.383160 0.250385 0.840851 -0.479872 0.828125 0.757813
v_famas.bmp
 45 6.054926 -2.719135 56.507446 -0.000100 -0.991357 0.131194 0.667969 0.105469
 45 6.053572 -2.820620 56.756844 0.031801 -0.784816 -0.618913 0.652344 0.136719
 45 7.144909 -2.718463 56.513641 0.001400 -0.989822 -0.142303 0.667969 0.105469
v_famas.bmp
 45 7.144909 -2.718463 56.513641 0.001400 -0.989822 -0.142303 0.667969 0.105469
 45 6.053572 -2.820620 56.756844 0.031801 -0.784816 -0.618913 0.652344 0.136719
 45 7.143554 -2.819948 56.763039 0.004900 -0.599305 -0.800506 0.652344 0.136719
v_famas.bmp
 45 6.053572 -2.820620 56.756844 0.031801 -0.784816 -0.618913 0.652344 0.136719
 45 6.053109 -3.071269 56.865356 0.005700 -0.131205 -0.991339 0.617188 0.152344
 45 7.143554 -2.819948 56.763039 0.004900 -0.599305 -0.800506 0.652344 0.136719
v_famas.bmp
 45 7.143554 -2.819948 56.763039 0.004900 -0.599305 -0.800506 0.652344 0.136719
 45 6.053109 -3.071269 56.865356 0.005700 -0.131205 -0.991339 0.617188 0.152344
 45 7.143092 -3.070598 56.871552 0.005500 0.154399 -0.987993 0.617188 0.152344
v_famas.bmp
 45 6.053109 -3.071269 56.865356 0.005700 -0.131205 -0.991339 0.617188 0.152344
 45 6.053896 -3.320611 56.753872 0.004800 0.620386 -0.784282 0.585938 0.136719
 45 7.143092 -3.070598 56.871552 0.005500 0.154399 -0.987993 0.617188 0.152344
v_famas.bmp
 45 7.143092 -3.070598 56.871552 0.005500 0.154399 -0.987993 0.617188 0.152344
 45 6.053896 -3.320611 56.753872 0.004800 0.620386 -0.784282 0.585938 0.136719
 45 7.143879 -3.319939 56.760067 0.004700 0.796679 -0.604384 0.585938 0.136719
v_famas.bmp
 45 6.053896 -3.320611 56.753872 0.004800 0.620386 -0.784282 0.585938 0.136719
 45 6.055388 -3.429122 56.503227 0.000100 0.991357 -0.131194 0.570313 0.105469
 45 7.143879 -3.319939 56.760067 0.004700 0.796679 -0.604384 0.585938 0.136719
v_famas.bmp
 45 7.143879 -3.319939 56.760067 0.004700 0.796679 -0.604384 0.585938 0.136719
 45 6.055388 -3.429122 56.503227 0.000100 0.991357 -0.131194 0.570313 0.105469
 45 7.145370 -3.428451 56.509422 -0.001400 0.989822 0.142303 0.570313 0.105469
v_famas.bmp
 45 6.055388 -3.429122 56.503227 0.000100 0.991357 -0.131194 0.570313 0.105469
 45 6.056736 -3.317638 56.253891 -0.003900 0.793784 0.608188 0.585938 0.070313
 45 7.145370 -3.428451 56.509422 -0.001400 0.989822 0.142303 0.570313 0.105469
v_famas.bmp
 45 7.145370 -3.428451 56.509422 -0.001400 0.989822 0.142303 0.570313 0.105469
 45 6.056736 -3.317638 56.253891 -0.003900 0.793784 0.608188 0.585938 0.070313
 45 7.146719 -3.316967 56.260086 -0.004800 0.598504 0.801105 0.585938 0.070313
v_famas.bmp
 45 6.056736 -3.317638 56.253891 -0.003900 0.793784 0.608188 0.585938 0.070313
 45 6.057142 -3.067048 56.155380 -0.005700 0.119195 0.992855 0.617188 0.058594
 45 7.146719 -3.316967 56.260086 -0.004800 0.598504 0.801105 0.585938 0.070313
v_famas.bmp
 45 7.146719 -3.316967 56.260086 -0.004800 0.598504 0.801105 0.585938 0.070313
 45 6.057142 -3.067048 56.155380 -0.005700 0.119195 0.992855 0.617188 0.058594
 45 7.147124 -3.066376 56.161575 -0.028800 -0.153602 0.987713 0.617188 0.058594
v_famas.bmp
 45 6.057142 -3.067048 56.155380 -0.005700 0.119195 0.992855 0.617188 0.058594
 45 6.056412 -2.817647 56.256863 -0.004500 -0.597190 0.802087 0.652344 0.070313
 45 7.147124 -3.066376 56.161575 -0.028800 -0.153602 0.987713 0.617188 0.058594
v_famas.bmp
 45 7.147124 -3.066376 56.161575 -0.028800 -0.153602 0.987713 0.617188 0.058594
 45 6.056412 -2.817647 56.256863 -0.004500 -0.597190 0.802087 0.652344 0.070313
 45 7.146394 -2.816975 56.263058 -0.002900 -0.800512 0.599309 0.652344 0.070313
v_famas.bmp
 45 6.056412 -2.817647 56.256863 -0.004500 -0.597190 0.802087 0.652344 0.070313
 45 6.054926 -2.719135 56.507446 -0.000100 -0.991357 0.131194 0.667969 0.105469
 45 7.146394 -2.816975 56.263058 -0.002900 -0.800512 0.599309 0.652344 0.070313
v_famas.bmp
 45 7.146394 -2.816975 56.263058 -0.002900 -0.800512 0.599309 0.652344 0.070313
 45 6.054926 -2.719135 56.507446 -0.000100 -0.991357 0.131194 0.667969 0.105469
 45 7.144909 -2.718463 56.513641 0.001400 -0.989822 -0.142303 0.667969 0.105469
v_famas.bmp
 45 6.811964 -14.799749 58.339985 -0.330799 -0.943696 -0.003100 0.085938 0.757813
 45 6.806341 -14.805635 59.329952 -0.272798 -0.956192 0.106199 0.085938 0.855469
 45 6.906031 -14.855928 59.390221 -0.508106 -0.859010 0.062701 0.070313 0.859375
v_famas.bmp
 45 6.906031 -14.855928 59.390221 -0.508106 -0.859010 0.062701 0.070313 0.859375
 45 6.806341 -14.805635 59.329952 -0.272798 -0.956192 0.106199 0.085938 0.855469
 45 6.904395 -14.787595 59.670628 -0.592283 -0.732379 0.335890 0.078125 0.886719
v_famas.bmp
 45 6.806341 -14.805635 59.329952 -0.272798 -0.956192 0.106199 0.085938 0.855469
 45 6.804705 -14.737301 59.610359 -0.330794 -0.813284 0.478691 0.093750 0.878906
 45 6.904395 -14.787595 59.670628 -0.592283 -0.732379 0.335890 0.078125 0.886719
v_famas.bmp
 45 6.904395 -14.787595 59.670628 -0.592283 -0.732379 0.335890 0.078125 0.886719
 45 6.804705 -14.737301 59.610359 -0.330794 -0.813284 0.478691 0.093750 0.878906
 45 6.902983 -14.538907 59.892105 -0.613312 -0.351907 0.707114 0.097656 0.906250
v_famas.bmp
 45 6.804705 -14.737301 59.610359 -0.330794 -0.813284 0.478691 0.093750 0.878906
 45 6.803293 -14.488613 59.831837 -0.310406 -0.333407 0.890218 0.117188 0.898438
 45 6.902983 -14.538907 59.892105 -0.613312 -0.351907 0.707114 0.097656 0.906250
v_famas.bmp
 45 6.902983 -14.538907 59.892105 -0.613312 -0.351907 0.707114 0.097656 0.906250
 45 6.803293 -14.488613 59.831837 -0.310406 -0.333407 0.890218 0.117188 0.898438
 45 6.897741 -5.858645 59.873684 -0.540288 0.069798 0.838581 0.800781 0.902344
v_famas.bmp
 45 6.803293 -14.488613 59.831837 -0.310406 -0.333407 0.890218 0.117188 0.898438
 45 6.798110 -5.898349 59.812878 -0.294489 0.116996 0.948466 0.792969 0.894531
 45 6.897741 -5.858645 59.873684 -0.540288 0.069798 0.838581 0.800781 0.902344
v_famas.bmp
 45 6.897741 -5.858645 59.873684 -0.540288 0.069798 0.838581 0.800781 0.902344
 45 6.798110 -5.898349 59.812878 -0.294489 0.116996 0.948466 0.792969 0.894531
 45 6.898069 -5.488057 59.775883 -0.587704 0.357303 0.725905 0.828125 0.894531
v_famas.bmp
 45 6.798110 -5.898349 59.812878 -0.294489 0.116996 0.948466 0.792969 0.894531
 45 6.798437 -5.527761 59.715080 -0.330398 0.504498 0.797696 0.820313 0.886719
 45 6.898069 -5.488057 59.775883 -0.587704 0.357303 0.725905 0.828125 0.894531
v_famas.bmp
 45 6.898069 -5.488057 59.775883 -0.587704 0.357303 0.725905 0.828125 0.894531
 45 6.798437 -5.527761 59.715080 -0.330398 0.504498 0.797696 0.820313 0.886719
 45 6.899409 -5.276515 59.517139 -0.587882 0.731977 0.344389 0.847656 0.867188
v_famas.bmp
 45 6.798437 -5.527761 59.715080 -0.330398 0.504498 0.797696 0.820313 0.886719
 45 6.799790 -5.336219 59.456219 -0.254202 0.929508 0.267202 0.835938 0.859375
 45 6.899409 -5.276515 59.517139 -0.587882 0.731977 0.344389 0.847656 0.867188
v_famas.bmp
 45 6.899409 -5.276515 59.517139 -0.587882 0.731977 0.344389 0.847656 0.867188
 45 6.799790 -5.336219 59.456219 -0.254202 0.929508 0.267202 0.835938 0.859375
 45 6.904862 -5.270807 58.557175 -0.484928 0.862650 -0.143808 0.847656 0.781250
v_famas.bmp
 45 6.799790 -5.336219 59.456219 -0.254202 0.929508 0.267202 0.835938 0.859375
 45 6.804903 -5.330868 58.556248 -0.298693 0.910080 -0.287293 0.835938 0.777344
 45 6.904862 -5.270807 58.557175 -0.484928 0.862650 -0.143808 0.847656 0.781250
v_famas.bmp
 45 6.904862 -5.270807 58.557175 -0.484928 0.862650 -0.143808 0.847656 0.781250
 45 6.804903 -5.330868 58.556248 -0.298693 0.910080 -0.287293 0.835938 0.777344
 45 6.905892 -5.369795 58.386585 -0.459888 0.775480 -0.432589 0.839844 0.757813
v_famas.bmp
 45 6.804903 -5.330868 58.556248 -0.298693 0.910080 -0.287293 0.835938 0.777344
 45 6.805933 -5.429855 58.385658 -0.161800 0.856002 -0.491001 0.828125 0.757813
 45 6.905892 -5.369795 58.386585 -0.459888 0.775480 -0.432589 0.839844 0.757813
v_famas.bmp
 45 6.900122 -16.422239 57.080799 -0.387895 -0.005400 0.921688 0.019531 0.078125
 45 6.600865 -16.421652 56.949097 -0.142399 -0.005600 0.989793 0.007813 0.078125
 45 6.899485 -15.442257 57.086620 -0.387895 -0.005400 0.921688 0.019531 0.003906
v_famas.bmp
 45 6.899485 -15.442257 57.086620 -0.387895 -0.005400 0.921688 0.019531 0.003906
 45 6.600865 -16.421652 56.949097 -0.142399 -0.005600 0.989793 0.007813 0.078125
 45 6.600228 -15.441669 56.954922 0.131107 -0.005500 0.991353 0.007813 0.003906
v_famas.bmp
 45 6.600865 -16.421652 56.949097 -0.142399 -0.005600 0.989793 0.007813 0.078125
 45 6.300131 -16.422609 57.077389 0.599195 -0.004100 0.800593 0.003906 0.078125
 45 6.600228 -15.441669 56.954922 0.131107 -0.005500 0.991353 0.007813 0.003906
v_famas.bmp
 45 6.600228 -15.441669 56.954922 0.131107 -0.005500 0.991353 0.007813 0.003906
 45 6.300131 -16.422609 57.077389 0.599195 -0.004100 0.800593 0.003906 0.078125
 45 6.299495 -15.442626 57.083210 0.793701 -0.002900 0.608301 0.003906 0.003906
v_famas.bmp
 45 6.300131 -16.422609 57.077389 0.599195 -0.004100 0.800593 0.003906 0.078125
 45 6.168423 -16.414473 57.376698 0.986262 0.022899 0.163594 0.019531 0.078125
 45 6.299495 -15.442626 57.083210 0.793701 -0.002900 0.608301 0.003906 0.003906
v_famas.bmp
 45 6.299495 -15.442626 57.083210 0.793701 -0.002900 0.608301 0.003906 0.003906
 45 6.168423 -16.414473 57.376698 0.986262 0.022899 0.163594 0.019531 0.078125
 45 6.167793 -15.444489 57.382462 0.986965 0.003500 -0.160894 0.019531 0.003906
v_famas.bmp
 45 6.168423 -16.414473 57.376698 0.986262 0.022899 0.163594 0.019531 0.078125
 45 6.296660 -16.416237 57.687428 0.800593 0.003900 -0.599195 0.039063 0.078125
 45 6.167793 -15.444489 57.382462 0.986965 0.003500 -0.160894 0.019531 0.003906
v_famas.bmp
 45 6.167793 -15.444489 57.382462 0.986965 0.003500 -0.160894 0.019531 0.003906
 45 6.296660 -16.416237 57.687428 0.800593 0.003900 -0.599195 0.039063 0.078125
 45 6.296030 -15.446253 57.693192 0.608296 0.004800 -0.793695 0.039063 0.003906
v_famas.bmp
 45 6.296660 -16.416237 57.687428 0.800593 0.003900 -0.599195 0.039063 0.078125
 45 6.595917 -16.416824 57.819126 0.142399 0.005600 -0.989793 0.050781 0.078125
 45 6.296030 -15.446253 57.693192 0.608296 0.004800 -0.793695 0.039063 0.003906
v_famas.bmp
 45 6.296030 -15.446253 57.693192 0.608296 0.004800 -0.793695 0.039063 0.003906
 45 6.595917 -16.416824 57.819126 0.142399 0.005600 -0.989793 0.050781 0.078125
 45 6.595287 -15.446841 57.824890 -0.131107 0.005500 -0.991353 0.050781 0.003906
v_famas.bmp
 45 6.595917 -16.416824 57.819126 0.142399 0.005600 -0.989793 0.050781 0.078125
 45 6.896650 -16.415867 57.690838 -0.599195 0.004100 -0.800593 0.050781 0.078125
 45 6.595287 -15.446841 57.824890 -0.131107 0.005500 -0.991353 0.050781 0.003906
v_famas.bmp
 45 6.595287 -15.446841 57.824890 -0.131107 0.005500 -0.991353 0.050781 0.003906
 45 6.896650 -16.415867 57.690838 -0.599195 0.004100 -0.800593 0.050781 0.078125
 45 6.896020 -15.445883 57.696602 -0.793701 0.002900 -0.608301 0.050781 0.003906
v_famas.bmp
 45 6.896650 -16.415867 57.690838 -0.599195 0.004100 -0.800593 0.050781 0.078125
 45 7.018416 -16.423950 57.381470 -0.921700 0.001600 -0.387900 0.039063 0.078125
 45 6.896020 -15.445883 57.696602 -0.793701 0.002900 -0.608301 0.050781 0.003906
v_famas.bmp
 45 6.896020 -15.445883 57.696602 -0.793701 0.002900 -0.608301 0.050781 0.003906
 45 7.018416 -16.423950 57.381470 -0.921700 0.001600 -0.387900 0.039063 0.078125
 45 7.017779 -15.443966 57.387291 -0.921700 0.001600 -0.387900 0.039063 0.003906
v_famas.bmp
 45 6.770990 -18.893049 57.195377 -0.387895 -0.005400 0.921688 0.011719 0.085938
 45 6.601448 -18.892677 57.114414 -0.142399 -0.005600 0.989793 0.000000 0.085938
 45 6.769385 -16.423092 57.210056 -0.387895 -0.005400 0.921688 0.011719 0.207031
v_famas.bmp
 45 6.769385 -16.423092 57.210056 -0.387895 -0.005400 0.921688 0.011719 0.207031
 45 6.601448 -18.892677 57.114414 -0.142399 -0.005600 0.989793 0.000000 0.085938
 45 6.599843 -16.422722 57.129089 0.131107 -0.005500 0.991353 0.000000 0.207031
v_famas.bmp
 45 6.601448 -18.892677 57.114414 -0.142399 -0.005600 0.989793 0.000000 0.085938
 45 6.420996 -18.893265 57.193390 0.599195 -0.004100 0.800593 0.000000 0.085938
 45 6.599843 -16.422722 57.129089 0.131107 -0.005500 0.991353 0.000000 0.207031
v_famas.bmp
 45 6.599843 -16.422722 57.129089 0.131107 -0.005500 0.991353 0.000000 0.207031
 45 6.420996 -18.893265 57.193390 0.599195 -0.004100 0.800593 0.000000 0.085938
 45 6.419391 -16.423307 57.208065 0.793701 -0.002900 0.608301 0.000000 0.207031
v_famas.bmp
 45 6.420996 -18.893265 57.193390 0.599195 -0.004100 0.800593 0.000000 0.085938
 45 6.350031 -18.894318 57.362984 0.986262 0.022899 0.163594 0.011719 0.085938
 45 6.419391 -16.423307 57.208065 0.793701 -0.002900 0.608301 0.000000 0.207031
v_famas.bmp
 45 6.419391 -16.423307 57.208065 0.793701 -0.002900 0.608301 0.000000 0.207031
 45 6.350031 -18.894318 57.362984 0.986262 0.022899 0.163594 0.011719 0.085938
 45 6.348427 -16.424362 57.377663 0.986965 0.003500 -0.160894 0.011719 0.207031
v_famas.bmp
 45 6.350031 -18.894318 57.362984 0.986262 0.022899 0.163594 0.011719 0.085938
 45 6.419008 -18.895346 57.543377 0.800593 0.003900 -0.599195 0.031250 0.085938
 45 6.348427 -16.424362 57.377663 0.986965 0.003500 -0.160894 0.011719 0.207031
v_famas.bmp
 45 6.348427 -16.424362 57.377663 0.986965 0.003500 -0.160894 0.011719 0.207031
 45 6.419008 -18.895346 57.543377 0.800593 0.003900 -0.599195 0.031250 0.085938
 45 6.417403 -16.425388 57.558052 0.608296 0.004800 -0.793695 0.031250 0.207031
v_famas.bmp
 45 6.419008 -18.895346 57.543377 0.800593 0.003900 -0.599195 0.031250 0.085938
 45 6.598551 -18.895710 57.624397 0.142399 0.005600 -0.989793 0.050781 0.085938
 45 6.417403 -16.425388 57.558052 0.608296 0.004800 -0.793695 0.031250 0.207031
v_famas.bmp
 45 6.417403 -16.425388 57.558052 0.608296 0.004800 -0.793695 0.031250 0.207031
 45 6.598551 -18.895710 57.624397 0.142399 0.005600 -0.989793 0.050781 0.085938
 45 6.597003 -16.425695 57.629074 -0.131107 0.005500 -0.991353 0.050781 0.207031
v_famas.bmp
 45 6.598551 -18.895710 57.624397 0.142399 0.005600 -0.989793 0.050781 0.085938
 45 6.769002 -18.895128 57.545368 -0.599195 0.004100 -0.800593 0.046875 0.085938
 45 6.597003 -16.425695 57.629074 -0.131107 0.005500 -0.991353 0.050781 0.207031
v_famas.bmp
 45 6.597003 -16.425695 57.629074 -0.131107 0.005500 -0.991353 0.050781 0.207031
 45 6.769002 -18.895128 57.545368 -0.599195 0.004100 -0.800593 0.046875 0.085938
 45 6.767397 -16.425173 57.560043 -0.793701 0.002900 -0.608301 0.046875 0.207031
v_famas.bmp
 45 6.769002 -18.895128 57.545368 -0.599195 0.004100 -0.800593 0.046875 0.085938
 45 6.840024 -18.894016 57.365772 -0.921700 0.001600 -0.387900 0.027344 0.085938
 45 6.767397 -16.425173 57.560043 -0.793701 0.002900 -0.608301 0.046875 0.207031
v_famas.bmp
 45 6.767397 -16.425173 57.560043 -0.793701 0.002900 -0.608301 0.046875 0.207031
 45 6.840024 -18.894016 57.365772 -0.921700 0.001600 -0.387900 0.027344 0.085938
 45 6.838419 -16.424061 57.380447 -0.921700 0.001600 -0.387900 0.027344 0.207031
v_famas.bmp
 45 6.842439 -20.512560 57.116154 -0.387895 -0.005400 0.921688 0.062500 0.105469
 45 6.603011 -20.512114 57.014793 -0.142399 -0.005600 0.989793 0.062500 0.085938
 45 6.841387 -18.892590 57.125778 -0.387895 -0.005400 0.921688 0.191406 0.105469
v_famas.bmp
 45 6.841387 -18.892590 57.125778 -0.387895 -0.005400 0.921688 0.191406 0.105469
 45 6.603011 -20.512114 57.014793 -0.142399 -0.005600 0.989793 0.062500 0.085938
 45 6.601959 -18.892143 57.024418 0.131107 -0.005500 0.991353 0.191406 0.085938
v_famas.bmp
 45 6.603011 -20.512114 57.014793 -0.142399 -0.005600 0.989793 0.062500 0.085938
 45 6.362447 -20.512856 57.113426 0.599195 -0.004100 0.800593 0.062500 0.105469
 45 6.601959 -18.892143 57.024418 0.131107 -0.005500 0.991353 0.191406 0.085938
v_famas.bmp
 45 6.601959 -18.892143 57.024418 0.131107 -0.005500 0.991353 0.191406 0.085938
 45 6.362447 -20.512856 57.113426 0.599195 -0.004100 0.800593 0.062500 0.105469
 45 6.361394 -18.892885 57.123051 0.793701 -0.002900 0.608301 0.191406 0.105469
v_famas.bmp
 45 6.362447 -20.512856 57.113426 0.599195 -0.004100 0.800593 0.062500 0.105469
 45 6.251029 -20.514410 57.362793 0.986262 0.022899 0.163594 0.062500 0.128906
 45 6.361394 -18.892885 57.123051 0.793701 -0.002900 0.608301 0.191406 0.105469
v_famas.bmp
 45 6.361394 -18.892885 57.123051 0.793701 -0.002900 0.608301 0.191406 0.105469
 45 6.251029 -20.514410 57.362793 0.986262 0.022899 0.163594 0.062500 0.128906
 45 6.250033 -18.894379 57.362415 0.986965 0.003500 -0.160894 0.191406 0.128906
v_famas.bmp
 45 6.251029 -20.514410 57.362793 0.986262 0.022899 0.163594 0.062500 0.128906
 45 6.359664 -20.515770 57.603409 0.800593 0.003900 -0.599195 0.062500 0.152344
 45 6.250033 -18.894379 57.362415 0.986965 0.003500 -0.160894 0.191406 0.128906
v_famas.bmp
 45 6.250033 -18.894379 57.362415 0.986965 0.003500 -0.160894 0.191406 0.128906
 45 6.359664 -20.515770 57.603409 0.800593 0.003900 -0.599195 0.062500 0.152344
 45 6.358611 -18.895798 57.613033 0.608296 0.004800 -0.793695 0.191406 0.152344
v_famas.bmp
 45 6.359664 -20.515770 57.603409 0.800593 0.003900 -0.599195 0.062500 0.152344
 45 6.599092 -20.516216 57.704769 0.142399 0.005600 -0.989793 0.062500 0.171875
 45 6.358611 -18.895798 57.613033 0.608296 0.004800 -0.793695 0.191406 0.152344
v_famas.bmp
 45 6.358611 -18.895798 57.613033 0.608296 0.004800 -0.793695 0.191406 0.152344
 45 6.599092 -20.516216 57.704769 0.142399 0.005600 -0.989793 0.062500 0.171875
 45 6.598040 -18.896244 57.714394 -0.131107 0.005500 -0.991353 0.191406 0.171875
v_famas.bmp
 45 6.599092 -20.516216 57.704769 0.142399 0.005600 -0.989793 0.062500 0.171875
 45 6.839656 -20.515474 57.606136 -0.599195 0.004100 -0.800593 0.062500 0.152344
 45 6.598040 -18.896244 57.714394 -0.131107 0.005500 -0.991353 0.191406 0.171875
v_famas.bmp
 45 6.598040 -18.896244 57.714394 -0.131107 0.005500 -0.991353 0.191406 0.171875
 45 6.839656 -20.515474 57.606136 -0.599195 0.004100 -0.800593 0.062500 0.152344
 45 6.838603 -18.895502 57.615761 -0.793701 0.002900 -0.608301 0.191406 0.152344
v_famas.bmp
 45 6.839656 -20.515474 57.606136 -0.599195 0.004100 -0.800593 0.062500 0.152344
 45 6.941018 -20.513985 57.366714 -0.921700 0.001600 -0.387900 0.062500 0.128906
 45 6.838603 -18.895502 57.615761 -0.793701 0.002900 -0.608301 0.191406 0.152344
v_famas.bmp
 45 6.838603 -18.895502 57.615761 -0.793701 0.002900 -0.608301 0.191406 0.152344
 45 6.941018 -20.513985 57.366714 -0.921700 0.001600 -0.387900 0.062500 0.128906
 45 6.940022 -18.893955 57.366341 -0.921700 0.001600 -0.387900 0.191406 0.128906
v_famas.bmp
 45 6.364910 -5.331139 58.553749 0.216799 0.935796 -0.277999 0.835938 0.777344
 45 6.799790 -5.336219 59.456219 -0.254202 0.929508 0.267202 0.824219 0.851563
 45 6.359797 -5.336490 59.453716 0.351014 0.904636 0.241710 0.835938 0.859375
v_famas.bmp
 45 6.359797 -5.336490 59.453716 0.351014 0.904636 0.241710 0.835938 0.859375
 45 6.799790 -5.336219 59.456219 -0.254202 0.929508 0.267202 0.824219 0.851563
 45 6.358444 -5.528032 59.712578 0.320819 0.601234 0.731842 0.820313 0.886719
v_famas.bmp
 45 6.799790 -5.336219 59.456219 -0.254202 0.929508 0.267202 0.824219 0.851563
 45 6.798437 -5.527761 59.715080 -0.330398 0.504498 0.797696 0.812500 0.867188
 45 6.358444 -5.528032 59.712578 0.320819 0.601234 0.731842 0.820313 0.886719
v_famas.bmp
 45 6.358444 -5.528032 59.712578 0.320819 0.601234 0.731842 0.820313 0.886719
 45 6.798437 -5.527761 59.715080 -0.330398 0.504498 0.797696 0.812500 0.867188
 45 6.358117 -5.898620 59.810379 0.284692 0.160595 0.945071 0.792969 0.894531
v_famas.bmp
 45 6.798437 -5.527761 59.715080 -0.330398 0.504498 0.797696 0.812500 0.867188
 45 6.798110 -5.898349 59.812878 -0.294489 0.116996 0.948466 0.789063 0.878906
 45 6.358117 -5.898620 59.810379 0.284692 0.160595 0.945071 0.792969 0.894531
v_famas.bmp
 45 6.358117 -5.898620 59.810379 0.284692 0.160595 0.945071 0.792969 0.894531
 45 6.798110 -5.898349 59.812878 -0.294489 0.116996 0.948466 0.789063 0.878906
 45 6.363300 -14.488884 59.829334 0.299408 -0.210905 0.930524 0.117188 0.898438
v_famas.bmp
 45 6.798110 -5.898349 59.812878 -0.294489 0.116996 0.948466 0.789063 0.878906
 45 6.803293 -14.488613 59.831837 -0.310406 -0.333407 0.890218 0.136719 0.878906
 45 6.363300 -14.488884 59.829334 0.299408 -0.210905 0.930524 0.117188 0.898438
v_famas.bmp
 45 6.363300 -14.488884 59.829334 0.299408 -0.210905 0.930524 0.117188 0.898438
 45 6.803293 -14.488613 59.831837 -0.310406 -0.333407 0.890218 0.136719 0.878906
 45 6.364712 -14.737572 59.607857 0.325588 -0.749673 0.576179 0.093750 0.878906
v_famas.bmp
 45 6.803293 -14.488613 59.831837 -0.310406 -0.333407 0.890218 0.136719 0.878906
 45 6.804705 -14.737301 59.610359 -0.330794 -0.813284 0.478691 0.125000 0.867188
 45 6.364712 -14.737572 59.607857 0.325588 -0.749673 0.576179 0.093750 0.878906
v_famas.bmp
 45 6.364712 -14.737572 59.607857 0.325588 -0.749673 0.576179 0.093750 0.878906
 45 6.804705 -14.737301 59.610359 -0.330794 -0.813284 0.478691 0.125000 0.867188
 45 6.366348 -14.805906 59.327450 0.273611 -0.950039 0.150206 0.085938 0.855469
v_famas.bmp
 45 6.804705 -14.737301 59.610359 -0.330794 -0.813284 0.478691 0.125000 0.867188
 45 6.806341 -14.805635 59.329952 -0.272798 -0.956192 0.106199 0.117188 0.851563
 45 6.366348 -14.805906 59.327450 0.273611 -0.950039 0.150206 0.085938 0.855469
v_famas.bmp
 45 6.366348 -14.805906 59.327450 0.273611 -0.950039 0.150206 0.085938 0.855469
 45 6.806341 -14.805635 59.329952 -0.272798 -0.956192 0.106199 0.117188 0.851563
 45 6.371971 -14.800020 58.337486 0.248296 -0.968684 -0.000500 0.085938 0.757813
v_famas.bmp
 45 6.806341 -14.805635 59.329952 -0.272798 -0.956192 0.106199 0.117188 0.851563
 45 6.811964 -14.799749 58.339985 -0.330799 -0.943696 -0.003100 0.121094 0.757813
 45 6.371971 -14.800020 58.337486 0.248296 -0.968684 -0.000500 0.085938 0.757813
v_famas.bmp
 45 6.351943 -15.811186 60.211422 0.037799 0.667790 -0.743389 0.000000 0.953125
 45 6.350664 -15.592379 60.412724 0.044702 0.478717 -0.876831 0.023438 0.992188
 45 6.262001 -15.811182 60.200912 0.037799 0.667790 -0.743389 0.003906 0.933594
v_famas.bmp
 45 6.262001 -15.811182 60.200912 0.037799 0.667790 -0.743389 0.003906 0.933594
 45 6.350664 -15.592379 60.412724 0.044702 0.478717 -0.876831 0.023438 0.992188
 45 6.260722 -15.592375 60.402210 0.049302 0.250608 -0.966832 0.023438 0.957031
v_famas.bmp
 45 6.350664 -15.592379 60.412724 0.044702 0.478717 -0.876831 0.023438 0.992188
 45 6.343120 -5.293453 60.623917 0.051000 0.013700 -0.998605 0.839844 0.996094
 45 6.260722 -15.592375 60.402210 0.049302 0.250608 -0.966832 0.023438 0.957031
v_famas.bmp
 45 6.260722 -15.592375 60.402210 0.049302 0.250608 -0.966832 0.023438 0.957031
 45 6.343120 -5.293453 60.623917 0.051000 0.013700 -0.998605 0.839844 0.996094
 45 6.253121 -5.293509 60.623405 0.051000 0.013700 -0.998605 0.839844 0.964844
v_famas.bmp
 45 6.343120 -5.293453 60.623917 0.051000 0.013700 -0.998605 0.839844 0.996094
 45 6.342615 -4.603525 60.638016 0.050402 -0.161205 -0.985633 0.890625 0.996094
 45 6.253121 -5.293509 60.623405 0.051000 0.013700 -0.998605 0.839844 0.964844
v_famas.bmp
 45 6.253121 -5.293509 60.623405 0.051000 0.013700 -0.998605 0.839844 0.964844
 45 6.342615 -4.603525 60.638016 0.050402 -0.161205 -0.985633 0.890625 0.996094
 45 6.252673 -4.603520 60.627506 0.048200 -0.332700 -0.941800 0.898438 0.968750
v_famas.bmp
 45 6.342615 -4.603525 60.638016 0.050402 -0.161205 -0.985633 0.890625 0.996094
 45 6.343072 -4.432933 60.539032 0.039097 -0.646456 -0.761949 0.937500 0.992188
 45 6.252673 -4.603520 60.627506 0.048200 -0.332700 -0.941800 0.898438 0.968750
v_famas.bmp
 45 6.252673 -4.603520 60.627506 0.048200 -0.332700 -0.941800 0.898438 0.968750
 45 6.343072 -4.432933 60.539032 0.039097 -0.646456 -0.761949 0.937500 0.992188
 45 6.253074 -4.432989 60.538521 0.031801 -0.784816 -0.618913 0.914063 0.960938
v_famas.bmp
 45 6.343072 -4.432933 60.539032 0.039097 -0.646456 -0.761949 0.937500 0.992188
 45 6.344143 -4.331746 60.339630 0.019700 -0.924115 -0.381606 0.964844 0.964844
 45 6.253074 -4.432989 60.538521 0.031801 -0.784816 -0.618913 0.914063 0.960938
v_famas.bmp
 45 6.253074 -4.432989 60.538521 0.031801 -0.784816 -0.618913 0.914063 0.960938
 45 6.344143 -4.331746 60.339630 0.019700 -0.924115 -0.381606 0.964844 0.964844
 45 6.254145 -4.331801 60.339119 0.015600 -0.953211 -0.301903 0.933594 0.941406
v_famas.bmp
 45 6.344143 -4.331746 60.339630 0.019700 -0.924115 -0.381606 0.964844 0.964844
 45 6.347908 -4.177706 59.660545 -0.250904 -0.951914 -0.175803 0.976563 0.902344
 45 6.254145 -4.331801 60.339119 0.015600 -0.953211 -0.301903 0.933594 0.941406
v_famas.bmp
 45 6.254145 -4.331801 60.339119 0.015600 -0.953211 -0.301903 0.933594 0.941406
 45 6.347908 -4.177706 59.660545 -0.250904 -0.951914 -0.175803 0.976563 0.902344
 45 6.257967 -4.177701 59.650036 0.001700 -0.981589 -0.190998 0.945313 0.878906
v_famas.bmp
 45 6.347908 -4.177706 59.660545 -0.250904 -0.951914 -0.175803 0.976563 0.902344
 45 6.274993 -3.970208 58.391323 -0.267907 -0.834720 -0.481112 0.945313 0.757813
 45 6.257967 -4.177701 59.650036 0.001700 -0.981589 -0.190998 0.945313 0.878906
v_famas.bmp
 45 6.894983 -3.969826 58.394848 0.372898 -0.854894 -0.360698 0.945313 0.757813
 45 6.807901 -4.177422 59.663158 0.253908 -0.951630 -0.173006 0.976563 0.902344
 45 6.897956 -4.177307 59.653671 0.001700 -0.981589 -0.190998 0.945313 0.878906
v_famas.bmp
 45 6.897956 -4.177307 59.653671 0.001700 -0.981589 -0.190998 0.945313 0.878906
 45 6.807901 -4.177422 59.663158 0.253908 -0.951630 -0.173006 0.976563 0.902344
 45 6.894135 -4.331407 60.342758 0.015600 -0.953211 -0.301903 0.933594 0.941406
v_famas.bmp
 45 6.807901 -4.177422 59.663158 0.253908 -0.951630 -0.173006 0.976563 0.902344
 45 6.804136 -4.331462 60.342247 0.019700 -0.924115 -0.381606 0.964844 0.964844
 45 6.894135 -4.331407 60.342758 0.015600 -0.953211 -0.301903 0.933594 0.941406
v_famas.bmp
 45 6.894135 -4.331407 60.342758 0.015600 -0.953211 -0.301903 0.933594 0.941406
 45 6.804136 -4.331462 60.342247 0.019700 -0.924115 -0.381606 0.964844 0.964844
 45 6.893063 -4.432594 60.542156 -0.023800 -0.784883 -0.619187 0.914063 0.960938
v_famas.bmp
 45 6.804136 -4.331462 60.342247 0.019700 -0.924115 -0.381606 0.964844 0.964844
 45 6.803065 -4.432650 60.541645 -0.029601 -0.646519 -0.762323 0.937500 0.992188
 45 6.893063 -4.432594 60.542156 -0.023800 -0.784883 -0.619187 0.914063 0.960938
v_famas.bmp
 45 6.893063 -4.432594 60.542156 -0.023800 -0.784883 -0.619187 0.914063 0.960938
 45 6.803065 -4.432650 60.541645 -0.029601 -0.646519 -0.762323 0.937500 0.992188
 45 6.892663 -4.603127 60.631145 -0.037000 -0.332702 -0.942306 0.898438 0.968750
v_famas.bmp
 45 6.803065 -4.432650 60.541645 -0.029601 -0.646519 -0.762323 0.937500 0.992188
 45 6.802607 -4.603241 60.640633 -0.039001 -0.161305 -0.986134 0.890625 0.996094
 45 6.892663 -4.603127 60.631145 -0.037000 -0.332702 -0.942306 0.898438 0.968750
v_famas.bmp
 45 6.892663 -4.603127 60.631145 -0.037000 -0.332702 -0.942306 0.898438 0.968750
 45 6.802607 -4.603241 60.640633 -0.039001 -0.161305 -0.986134 0.890625 0.996094
 45 6.893111 -5.293114 60.627045 -0.050003 -0.000100 -0.998749 0.839844 0.964844
v_famas.bmp
 45 6.802607 -4.603241 60.640633 -0.039001 -0.161305 -0.986134 0.890625 0.996094
 45 6.803112 -5.293169 60.626534 -0.050003 -0.000100 -0.998749 0.839844 0.996094
 45 6.893111 -5.293114 60.627045 -0.050003 -0.000100 -0.998749 0.839844 0.964844
v_famas.bmp
 45 6.893111 -5.293114 60.627045 -0.050003 -0.000100 -0.998749 0.839844 0.964844
 45 6.803112 -5.293169 60.626534 -0.050003 -0.000100 -0.998749 0.839844 0.996094
 45 6.900712 -15.591981 60.405849 -0.038602 0.250511 -0.967344 0.023438 0.957031
v_famas.bmp
 45 6.803112 -5.293169 60.626534 -0.050003 -0.000100 -0.998749 0.839844 0.996094
 45 6.810656 -15.592095 60.415337 -0.035301 0.478610 -0.877318 0.023438 0.992188
 45 6.900712 -15.591981 60.405849 -0.038602 0.250511 -0.967344 0.023438 0.957031
v_famas.bmp
 45 6.900712 -15.591981 60.405849 -0.038602 0.250511 -0.967344 0.023438 0.957031
 45 6.810656 -15.592095 60.415337 -0.035301 0.478610 -0.877318 0.023438 0.992188
 45 6.901990 -15.810788 60.204548 -0.000700 0.666979 -0.745076 0.003906 0.933594
v_famas.bmp
 45 6.810656 -15.592095 60.415337 -0.035301 0.478610 -0.877318 0.023438 0.992188
 45 6.811935 -15.810903 60.214039 -0.000700 0.666979 -0.745076 0.000000 0.953125
 45 6.901990 -15.810788 60.204548 -0.000700 0.666979 -0.745076 0.003906 0.933594
v_famas.bmp
 45 6.954050 -5.071494 58.678642 0.006200 0.392221 -0.919850 0.910156 0.515625
 45 6.953395 -4.852033 58.769947 0.005500 0.154399 -0.987993 0.945313 0.531250
 45 6.204062 -5.071956 58.674377 0.006200 0.392221 -0.919850 0.910156 0.515625
v_famas.bmp
 45 6.204062 -5.071956 58.674377 0.006200 0.392221 -0.919850 0.910156 0.515625
 45 6.953395 -4.852033 58.769947 0.005500 0.154399 -0.987993 0.945313 0.531250
 45 6.203408 -4.852495 58.765682 0.005700 -0.131205 -0.991339 0.945313 0.531250
v_famas.bmp
 45 6.953395 -4.852033 58.769947 0.005500 0.154399 -0.987993 0.945313 0.531250
 45 6.953757 -4.621501 58.681316 0.004900 -0.599305 -0.800506 0.980469 0.515625
 45 6.203408 -4.852495 58.765682 0.005700 -0.131205 -0.991339 0.945313 0.531250
v_famas.bmp
 45 6.203408 -4.852495 58.765682 0.005700 -0.131205 -0.991339 0.945313 0.531250
 45 6.953757 -4.621501 58.681316 0.004900 -0.599305 -0.800506 0.980469 0.515625
 45 6.203769 -4.621964 58.677052 0.031801 -0.784816 -0.618913 0.980469 0.515625
v_famas.bmp
 45 6.953757 -4.621501 58.681316 0.004900 -0.599305 -0.800506 0.980469 0.515625
 45 6.955005 -4.530136 58.451859 0.001400 -0.989822 -0.142303 0.992188 0.480469
 45 6.203769 -4.621964 58.677052 0.031801 -0.784816 -0.618913 0.980469 0.515625
v_famas.bmp
 45 6.203769 -4.621964 58.677052 0.031801 -0.784816 -0.618913 0.980469 0.515625
 45 6.955005 -4.530136 58.451859 0.001400 -0.989822 -0.142303 0.992188 0.480469
 45 6.205018 -4.530598 58.447594 -0.000100 -0.991357 0.131194 0.992188 0.480469
v_famas.bmp
 45 6.955005 -4.530136 58.451859 0.001400 -0.989822 -0.142303 0.992188 0.480469
 45 6.956370 -4.618767 58.221333 -0.002900 -0.800512 0.599309 0.980469 0.445313
 45 6.205018 -4.530598 58.447594 -0.000100 -0.991357 0.131194 0.992188 0.480469
v_famas.bmp
 45 6.205018 -4.530598 58.447594 -0.000100 -0.991357 0.131194 0.992188 0.480469
 45 6.956370 -4.618767 58.221333 -0.002900 -0.800512 0.599309 0.980469 0.445313
 45 6.206382 -4.619229 58.217068 -0.004500 -0.597190 0.802087 0.980469 0.445313
v_famas.bmp
 45 6.956370 -4.618767 58.221333 -0.002900 -0.800512 0.599309 0.980469 0.445313
 45 6.957031 -4.848228 58.129967 -0.028800 -0.153602 0.987713 0.945313 0.429688
 45 6.206382 -4.619229 58.217068 -0.004500 -0.597190 0.802087 0.980469 0.445313
v_famas.bmp
 45 6.206382 -4.619229 58.217068 -0.004500 -0.597190 0.802087 0.980469 0.445313
 45 6.957031 -4.848228 58.129967 -0.028800 -0.153602 0.987713 0.945313 0.429688
 45 6.207043 -4.848690 58.125706 -0.005700 0.119195 0.992855 0.945313 0.429688
v_famas.bmp
 45 6.957031 -4.848228 58.129967 -0.028800 -0.153602 0.987713 0.945313 0.429688
 45 6.956606 -5.068818 58.228657 -0.005500 0.370092 0.928979 0.910156 0.445313
 45 6.207043 -4.848690 58.125706 -0.005700 0.119195 0.992855 0.945313 0.429688
v_famas.bmp
 45 6.207043 -4.848690 58.125706 -0.005700 0.119195 0.992855 0.945313 0.429688
 45 6.956606 -5.068818 58.228657 -0.005500 0.370092 0.928979 0.910156 0.445313
 45 6.206675 -5.069221 58.214394 -0.005500 0.370092 0.928979 0.910156 0.445313
v_famas.bmp
 45 6.023392 -8.054291 57.355576 0.999903 0.000400 0.013900 0.617188 0.671875
 45 6.027557 -15.865104 57.469166 0.999903 0.000400 0.013900 0.000000 0.683594
 45 6.022483 -8.055243 57.515572 0.994309 -0.059301 -0.088501 0.617188 0.683594
v_famas.bmp
 45 6.023392 -8.054291 57.355576 0.999903 0.000400 0.013900 0.617188 0.671875
 45 6.039267 -15.523082 57.131256 0.999903 0.000400 0.013900 0.023438 0.652344
 45 6.027557 -15.865104 57.469166 0.999903 0.000400 0.013900 0.000000 0.683594
v_famas.bmp
 45 6.023392 -8.054291 57.355576 0.999903 0.000400 0.013900 0.617188 0.671875
 45 6.039807 -15.742662 57.059952 0.999903 0.000400 0.013900 0.007813 0.648438
 45 6.039267 -15.523082 57.131256 0.999903 0.000400 0.013900 0.023438 0.652344
v_famas.bmp
 45 6.023392 -8.054291 57.355576 0.999903 0.000400 0.013900 0.617188 0.671875
 45 6.030342 -12.890222 56.656841 0.999903 0.000400 0.013900 0.234375 0.609375
 45 6.039807 -15.742662 57.059952 0.999903 0.000400 0.013900 0.007813 0.648438
v_famas.bmp
 45 6.023392 -8.054291 57.355576 0.999903 0.000400 0.013900 0.617188 0.671875
 45 6.029601 -11.750242 56.663616 0.999903 0.000400 0.013900 0.324219 0.609375
 45 6.030342 -12.890222 56.656841 0.999903 0.000400 0.013900 0.234375 0.609375
v_famas.bmp
 45 6.023392 -8.054291 57.355576 0.999903 0.000400 0.013900 0.617188 0.671875
 45 6.030153 -11.549532 56.544807 0.999903 0.000400 0.013900 0.339844 0.597656
 45 6.029601 -11.750242 56.663616 0.999903 0.000400 0.013900 0.324219 0.609375
v_famas.bmp
 45 6.023392 -8.054291 57.355576 0.999903 0.000400 0.013900 0.617188 0.671875
 45 6.029321 -10.619786 56.590332 0.999903 0.000400 0.013900 0.414063 0.601563
 45 6.030153 -11.549532 56.544807 0.999903 0.000400 0.013900 0.339844 0.597656
v_famas.bmp
 45 6.023392 -8.054291 57.355576 0.999903 0.000400 0.013900 0.617188 0.671875
 45 6.039866 -10.409071 56.471642 0.999903 0.000400 0.013900 0.429688 0.589844
 45 6.029321 -10.619786 56.590332 0.999903 0.000400 0.013900 0.414063 0.601563
v_famas.bmp
 45 6.023392 -8.054291 57.355576 0.999903 0.000400 0.013900 0.617188 0.671875
 45 6.040321 -8.047031 56.135674 0.999903 0.000400 0.013900 0.617188 0.558594
 45 6.039866 -10.409071 56.471642 0.999903 0.000400 0.013900 0.429688 0.589844
v_famas.bmp
 45 6.258079 -5.488451 59.772247 0.999903 0.000400 0.013900 0.828125 0.894531
 45 6.257751 -5.859039 59.870045 0.999903 0.000400 0.013900 0.800781 0.902344
 45 6.253121 -5.293509 60.623405 0.999903 0.000400 0.013900 0.839844 0.964844
v_famas.bmp
 45 6.253121 -5.293509 60.623405 0.999903 0.000400 0.013900 0.839844 0.964844
 45 6.257751 -5.859039 59.870045 0.999903 0.000400 0.013900 0.800781 0.902344
 45 6.260722 -15.592375 60.402210 0.999903 0.000400 0.013900 0.023438 0.957031
v_famas.bmp
 45 6.257751 -5.859039 59.870045 0.999903 0.000400 0.013900 0.800781 0.902344
 45 6.262993 -14.539302 59.888470 0.999903 0.000400 0.013900 0.097656 0.906250
 45 6.260722 -15.592375 60.402210 0.999903 0.000400 0.013900 0.023438 0.957031
v_famas.bmp
 45 6.260722 -15.592375 60.402210 0.999903 0.000400 0.013900 0.023438 0.957031
 45 6.262993 -14.539302 59.888470 0.999903 0.000400 0.013900 0.097656 0.906250
 45 6.262001 -15.811182 60.200912 0.999903 0.000400 0.013900 0.003906 0.933594
v_famas.bmp
 45 6.262993 -14.539302 59.888470 0.999903 0.000400 0.013900 0.097656 0.906250
 45 6.264405 -14.787990 59.666992 0.999903 0.000400 0.013900 0.078125 0.886719
 45 6.262001 -15.811182 60.200912 0.999903 0.000400 0.013900 0.003906 0.933594
v_famas.bmp
 45 6.262001 -15.811182 60.200912 0.999903 0.000400 0.013900 0.003906 0.933594
 45 6.264405 -14.787990 59.666992 0.999903 0.000400 0.013900 0.078125 0.886719
 45 6.263403 -15.869754 59.960564 0.999903 0.000400 0.013900 0.000000 0.910156
v_famas.bmp
 45 6.264405 -14.787990 59.666992 0.999903 0.000400 0.013900 0.078125 0.886719
 45 6.266041 -14.856323 59.386585 0.999903 0.000400 0.013900 0.070313 0.859375
 45 6.263403 -15.869754 59.960564 0.999903 0.000400 0.013900 0.000000 0.910156
v_famas.bmp
 45 6.263403 -15.869754 59.960564 0.999903 0.000400 0.013900 0.000000 0.910156
 45 6.266041 -14.856323 59.386585 0.999903 0.000400 0.013900 0.070313 0.859375
 45 6.282668 -15.870057 58.330616 0.999903 0.000400 0.013900 0.000000 0.757813
v_famas.bmp
 45 6.266041 -14.856323 59.386585 0.999903 0.000400 0.013900 0.070313 0.859375
 45 6.282012 -14.860074 58.336617 0.999903 0.000400 0.013900 0.070313 0.757813
 45 6.282668 -15.870057 58.330616 0.999903 0.000400 0.013900 0.000000 0.757813
v_famas.bmp
 45 6.270727 -6.315315 55.877270 0.964134 -0.262809 0.037101 0.503906 0.105469
 45 6.266201 -6.779903 54.964451 0.876985 0.426993 0.220396 0.425781 0.074219
 45 6.264358 -7.092038 55.322598 0.815513 0.548709 0.184003 0.457031 0.050781
v_famas.bmp
 45 6.270727 -6.315315 55.877270 0.964134 -0.262809 0.037101 0.503906 0.105469
 45 6.265475 -5.749980 54.980572 0.977799 -0.190400 -0.087500 0.425781 0.164063
 45 6.266201 -6.779903 54.964451 0.876985 0.426993 0.220396 0.425781 0.074219
v_famas.bmp
 45 6.270727 -6.315315 55.877270 0.964134 -0.262809 0.037101 0.503906 0.105469
 45 6.435013 -5.480178 55.033142 0.584810 -0.725212 -0.363406 0.433594 0.191406
 45 6.265475 -5.749980 54.980572 0.977799 -0.190400 -0.087500 0.425781 0.164063
v_famas.bmp
 45 6.270727 -6.315315 55.877270 0.964134 -0.262809 0.037101 0.503906 0.105469
 45 6.429496 -6.086350 56.069542 0.288692 -0.289592 -0.912575 0.519531 0.125000
 45 6.435013 -5.480178 55.033142 0.584810 -0.725212 -0.363406 0.433594 0.191406
v_famas.bmp
 45 6.270727 -6.315315 55.877270 0.964134 -0.262809 0.037101 0.503906 0.105469
 45 6.940716 -6.314902 55.881081 -0.626786 0.144997 -0.765582 0.503906 0.105469
 45 6.429496 -6.086350 56.069542 0.288692 -0.289592 -0.912575 0.519531 0.125000
v_famas.bmp
 45 6.270727 -6.315315 55.877270 0.964134 -0.262809 0.037101 0.503906 0.105469
 45 6.936201 -5.489079 56.585987 -0.005200 -0.374418 0.927245 0.562500 0.164063
 45 6.940716 -6.314902 55.881081 -0.626786 0.144997 -0.765582 0.503906 0.105469
v_famas.bmp
 45 6.270727 -6.315315 55.877270 0.964134 -0.262809 0.037101 0.503906 0.105469
 45 6.266212 -5.489491 56.582180 0.250488 -0.190691 0.949154 0.562500 0.164063
 45 6.936201 -5.489079 56.585987 -0.005200 -0.374418 0.927245 0.562500 0.164063
v_famas.bmp
 45 6.270727 -6.315315 55.877270 0.964134 -0.262809 0.037101 0.503906 0.105469
 45 6.269765 -7.196905 56.142033 0.945709 0.322303 0.041900 0.531250 0.039063
 45 6.266212 -5.489491 56.582180 0.250488 -0.190691 0.949154 0.562500 0.164063
v_famas.bmp
 45 6.270727 -6.315315 55.877270 0.964134 -0.262809 0.037101 0.503906 0.105469
 45 6.264358 -7.092038 55.322598 0.815513 0.548709 0.184003 0.457031 0.050781
 45 6.269765 -7.196905 56.142033 0.945709 0.322303 0.041900 0.531250 0.039063
v_famas.bmp
 45 6.474545 -7.121729 55.293613 0.999903 0.000400 0.013900 0.839844 0.949219
 45 6.477156 -8.429863 54.975842 0.999903 0.000400 0.013900 0.910156 0.945313
 45 6.476822 -8.440220 55.035778 0.999903 0.000400 0.013900 0.910156 0.960938
v_famas.bmp
 45 6.476822 -8.440220 55.035778 0.999903 0.000400 0.013900 0.910156 0.960938
 45 6.477156 -8.429863 54.975842 0.999903 0.000400 0.013900 0.910156 0.945313
 45 6.476817 -8.870509 55.083221 0.999903 0.000400 0.013900 0.929688 0.945313
v_famas.bmp
 45 6.477156 -8.429863 54.975842 0.999903 0.000400 0.013900 0.910156 0.945313
 45 6.477128 -8.910212 55.032986 0.999903 0.000400 0.013900 0.921875 0.937500
 45 6.476817 -8.870509 55.083221 0.999903 0.000400 0.013900 0.929688 0.945313
v_famas.bmp
 45 6.476817 -8.870509 55.083221 0.999903 0.000400 0.013900 0.929688 0.945313
 45 6.477128 -8.910212 55.032986 0.999903 0.000400 0.013900 0.921875 0.937500
 45 6.475193 -9.082349 55.391964 0.999903 0.000400 0.013900 0.937500 0.921875
v_famas.bmp
 45 6.477128 -8.910212 55.032986 0.999903 0.000400 0.013900 0.921875 0.937500
 45 6.475352 -9.152228 55.371548 0.999903 0.000400 0.013900 0.929688 0.914063
 45 6.475193 -9.082349 55.391964 0.999903 0.000400 0.013900 0.937500 0.921875
v_famas.bmp
 45 6.475193 -9.082349 55.391964 0.999903 0.000400 0.013900 0.937500 0.921875
 45 6.475352 -9.152228 55.371548 0.999903 0.000400 0.013900 0.929688 0.914063
 45 6.472890 -9.124785 55.801712 0.999903 0.000400 0.013900 0.945313 0.875000
v_famas.bmp
 45 6.475352 -9.152228 55.371548 0.999903 0.000400 0.013900 0.929688 0.914063
 45 6.472879 -9.194843 55.811298 0.999903 0.000400 0.013900 0.937500 0.871094
 45 6.472890 -9.124785 55.801712 0.999903 0.000400 0.013900 0.945313 0.875000
v_famas.bmp
 45 6.472890 -9.124785 55.801712 0.999903 0.000400 0.013900 0.945313 0.875000
 45 6.472879 -9.194843 55.811298 0.999903 0.000400 0.013900 0.937500 0.871094
 45 6.470944 -9.016749 56.132355 0.999903 0.000400 0.013900 0.953125 0.800781
v_famas.bmp
 45 6.472879 -9.194843 55.811298 0.999903 0.000400 0.013900 0.937500 0.871094
 45 6.470990 -9.086748 56.131939 0.999903 0.000400 0.013900 0.945313 0.796875
 45 6.470944 -9.016749 56.132355 0.999903 0.000400 0.013900 0.953125 0.800781
v_famas.bmp
 45 6.724149 -7.131991 55.364975 0.005400 0.239307 -0.970929 0.839844 0.960938
 45 6.476822 -8.440220 55.035778 0.005600 0.066903 -0.997744 0.910156 0.992188
 45 6.726818 -8.440065 55.037201 0.005600 0.066903 -0.997744 0.910156 0.960938
v_famas.bmp
 45 6.726818 -8.440065 55.037201 0.005600 0.066903 -0.997744 0.910156 0.960938
 45 6.476822 -8.440220 55.035778 0.005600 0.066903 -0.997744 0.910156 0.992188
 45 6.726813 -8.870356 55.084644 0.005500 -0.376001 -0.926603 0.929688 0.945313
v_famas.bmp
 45 6.476822 -8.440220 55.035778 0.005600 0.066903 -0.997744 0.910156 0.992188
 45 6.476817 -8.870509 55.083221 0.004800 -0.635216 -0.772320 0.953125 0.968750
 45 6.726813 -8.870356 55.084644 0.005500 -0.376001 -0.926603 0.929688 0.945313
v_famas.bmp
 45 6.726813 -8.870356 55.084644 0.005500 -0.376001 -0.926603 0.929688 0.945313
 45 6.476817 -8.870509 55.083221 0.004800 -0.635216 -0.772320 0.953125 0.968750
 45 6.725189 -9.082194 55.393387 0.003000 -0.906819 -0.421509 0.937500 0.921875
v_famas.bmp
 45 6.476817 -8.870509 55.083221 0.004800 -0.635216 -0.772320 0.953125 0.968750
 45 6.475193 -9.082349 55.391964 0.002100 -0.966278 -0.257494 0.968750 0.945313
 45 6.725189 -9.082194 55.393387 0.003000 -0.906819 -0.421509 0.937500 0.921875
v_famas.bmp
 45 6.725189 -9.082194 55.393387 0.003000 -0.906819 -0.421509 0.937500 0.921875
 45 6.475193 -9.082349 55.391964 0.002100 -0.966278 -0.257494 0.968750 0.945313
 45 6.722886 -9.124632 55.803135 0.000300 -0.998125 0.061202 0.945313 0.875000
v_famas.bmp
 45 6.475193 -9.082349 55.391964 0.002100 -0.966278 -0.257494 0.968750 0.945313
 45 6.472890 -9.124785 55.801712 -0.000400 -0.982813 0.184602 0.976563 0.890625
 45 6.722886 -9.124632 55.803135 0.000300 -0.998125 0.061202 0.945313 0.875000
v_famas.bmp
 45 6.722886 -9.124632 55.803135 0.000300 -0.998125 0.061202 0.945313 0.875000
 45 6.472890 -9.124785 55.801712 -0.000400 -0.982813 0.184602 0.976563 0.890625
 45 6.720940 -9.016596 56.133778 -0.001200 -0.948422 0.317007 0.953125 0.800781
v_famas.bmp
 45 6.472890 -9.124785 55.801712 -0.000400 -0.982813 0.184602 0.976563 0.890625
 45 6.470944 -9.016749 56.132355 -0.001200 -0.948422 0.317007 0.984375 0.800781
 45 6.720940 -9.016596 56.133778 -0.001200 -0.948422 0.317007 0.953125 0.800781
v_famas.bmp
 45 6.814112 -4.551173 58.610939 0.999903 0.000400 0.013900 0.796875 0.871094
 45 6.809113 -4.556405 59.490910 0.999903 0.000400 0.013900 0.773438 0.871094
 45 6.807901 -4.177422 59.663158 0.999903 0.000400 0.013900 0.792969 0.839844
v_famas.bmp
 45 6.807901 -4.177422 59.663158 0.999903 0.000400 0.013900 0.792969 0.839844
 45 6.809113 -4.556405 59.490910 0.999903 0.000400 0.013900 0.773438 0.871094
 45 6.804136 -4.331462 60.342247 0.999903 0.000400 0.013900 0.750000 0.839844
v_famas.bmp
 45 6.809113 -4.556405 59.490910 0.999903 0.000400 0.013900 0.773438 0.871094
 45 6.807216 -4.698483 59.840065 0.999903 0.000400 0.013900 0.746094 0.871094
 45 6.804136 -4.331462 60.342247 0.999903 0.000400 0.013900 0.750000 0.839844
v_famas.bmp
 45 6.804136 -4.331462 60.342247 0.999903 0.000400 0.013900 0.750000 0.839844
 45 6.807216 -4.698483 59.840065 0.999903 0.000400 0.013900 0.746094 0.871094
 45 6.803065 -4.432650 60.541645 0.999903 0.000400 0.013900 0.722656 0.839844
v_famas.bmp
 45 6.807216 -4.698483 59.840065 0.999903 0.000400 0.013900 0.746094 0.871094
 45 6.805934 -5.000024 60.098274 0.999903 0.000400 0.013900 0.707031 0.871094
 45 6.803065 -4.432650 60.541645 0.999903 0.000400 0.013900 0.722656 0.839844
v_famas.bmp
 45 6.803065 -4.432650 60.541645 0.999903 0.000400 0.013900 0.722656 0.839844
 45 6.805934 -5.000024 60.098274 0.999903 0.000400 0.013900 0.707031 0.871094
 45 6.802607 -4.603241 60.640633 0.999903 0.000400 0.013900 0.691406 0.839844
v_famas.bmp
 45 6.805934 -5.000024 60.098274 0.999903 0.000400 0.013900 0.707031 0.871094
 45 6.806396 -5.710011 60.094055 0.999903 0.000400 0.013900 0.675781 0.871094
 45 6.802607 -4.603241 60.640633 0.999903 0.000400 0.013900 0.691406 0.839844
v_famas.bmp
 45 6.802607 -4.603241 60.640633 0.999903 0.000400 0.013900 0.691406 0.839844
 45 6.806396 -5.710011 60.094055 0.999903 0.000400 0.013900 0.675781 0.871094
 45 6.803112 -5.293169 60.626534 0.999903 0.000400 0.013900 0.656250 0.839844
v_famas.bmp
 45 6.806396 -5.710011 60.094055 0.999903 0.000400 0.013900 0.675781 0.871094
 45 6.810656 -15.592095 60.415337 0.999903 0.000400 0.013900 0.316406 0.839844
 45 6.803112 -5.293169 60.626534 0.999903 0.000400 0.013900 0.656250 0.839844
v_famas.bmp
 45 6.700621 -12.729854 58.351662 -0.931325 -0.311608 -0.188505 0.867188 0.597656
 45 6.650524 -12.579887 58.352268 -0.736425 -0.638321 -0.224107 0.906250 0.582031
 45 6.669877 -12.720645 58.481544 -0.931325 -0.311608 -0.188505 0.875000 0.582031
v_famas.bmp
 45 6.669877 -12.720645 58.481544 -0.931325 -0.311608 -0.188505 0.875000 0.582031
 45 6.650524 -12.579887 58.352268 -0.736425 -0.638321 -0.224107 0.906250 0.582031
 45 6.629799 -12.600672 58.482029 -0.362116 -0.904939 -0.223510 0.894531 0.574219
v_famas.bmp
 45 6.650524 -12.579887 58.352268 -0.736425 -0.638321 -0.224107 0.906250 0.582031
 45 6.500527 -12.579980 58.351414 0.381501 -0.898002 -0.219201 0.906250 0.539063
 45 6.629799 -12.600672 58.482029 -0.362116 -0.904939 -0.223510 0.894531 0.574219
v_famas.bmp
 45 6.629799 -12.600672 58.482029 -0.362116 -0.904939 -0.223510 0.894531 0.574219
 45 6.500527 -12.579980 58.351414 0.381501 -0.898002 -0.219201 0.906250 0.539063
 45 6.519801 -12.600739 58.481403 0.750778 -0.624381 -0.215594 0.894531 0.546875
v_famas.bmp
 45 6.500527 -12.579980 58.351414 0.381501 -0.898002 -0.219201 0.906250 0.539063
 45 6.450625 -12.730008 58.350239 0.973912 0.085001 -0.210403 0.875000 0.527344
 45 6.519801 -12.600739 58.481403 0.750778 -0.624381 -0.215594 0.894531 0.546875
v_famas.bmp
 45 6.519801 -12.600739 58.481403 0.750778 -0.624381 -0.215594 0.894531 0.546875
 45 6.450625 -12.730008 58.350239 0.973912 0.085001 -0.210403 0.875000 0.527344
 45 6.479879 -12.720762 58.480465 0.827809 0.520706 -0.208802 0.875000 0.539063
v_famas.bmp
 45 6.450625 -12.730008 58.350239 0.973912 0.085001 -0.210403 0.875000 0.527344
 45 6.580681 -12.819925 58.350445 0.571571 0.801959 -0.173691 0.851563 0.558594
 45 6.479879 -12.720762 58.480465 0.827809 0.520706 -0.208802 0.875000 0.539063
v_famas.bmp
 45 6.479879 -12.720762 58.480465 0.827809 0.520706 -0.208802 0.875000 0.539063
 45 6.580681 -12.819925 58.350445 0.571571 0.801959 -0.173691 0.851563 0.558594
 45 6.579924 -12.790699 58.480618 0.571571 0.801959 -0.173691 0.863281 0.558594
v_famas.bmp
 45 6.700322 -12.269862 58.354393 -0.931325 -0.311608 -0.188505 0.867188 0.597656
 45 6.650226 -12.119895 58.355000 -0.736425 -0.638321 -0.224107 0.906250 0.582031
 45 6.669578 -12.260653 58.484276 -0.931325 -0.311608 -0.188505 0.875000 0.582031
v_famas.bmp
 45 6.669578 -12.260653 58.484276 -0.931325 -0.311608 -0.188505 0.875000 0.582031
 45 6.650226 -12.119895 58.355000 -0.736425 -0.638321 -0.224107 0.906250 0.582031
 45 6.629500 -12.140680 58.484764 -0.362116 -0.904939 -0.223510 0.894531 0.574219
v_famas.bmp
 45 6.650226 -12.119895 58.355000 -0.736425 -0.638321 -0.224107 0.906250 0.582031
 45 6.500228 -12.119987 58.354149 0.381501 -0.898002 -0.219201 0.906250 0.539063
 45 6.629500 -12.140680 58.484764 -0.362116 -0.904939 -0.223510 0.894531 0.574219
v_famas.bmp
 45 6.629500 -12.140680 58.484764 -0.362116 -0.904939 -0.223510 0.894531 0.574219
 45 6.500228 -12.119987 58.354149 0.381501 -0.898002 -0.219201 0.906250 0.539063
 45 6.519502 -12.140748 58.484138 0.750778 -0.624381 -0.215594 0.894531 0.546875
v_famas.bmp
 45 6.500228 -12.119987 58.354149 0.381501 -0.898002 -0.219201 0.906250 0.539063
 45 6.450326 -12.270016 58.352974 0.973912 0.085001 -0.210403 0.875000 0.527344
 45 6.519502 -12.140748 58.484138 0.750778 -0.624381 -0.215594 0.894531 0.546875
v_famas.bmp
 45 6.519502 -12.140748 58.484138 0.750778 -0.624381 -0.215594 0.894531 0.546875
 45 6.450326 -12.270016 58.352974 0.973912 0.085001 -0.210403 0.875000 0.527344
 45 6.479581 -12.260770 58.483196 0.827809 0.520706 -0.208802 0.875000 0.539063
v_famas.bmp
 45 6.450326 -12.270016 58.352974 0.973912 0.085001 -0.210403 0.875000 0.527344
 45 6.580382 -12.359934 58.353176 0.571571 0.801959 -0.173691 0.851563 0.558594
 45 6.479581 -12.260770 58.483196 0.827809 0.520706 -0.208802 0.875000 0.539063
v_famas.bmp
 45 6.479581 -12.260770 58.483196 0.827809 0.520706 -0.208802 0.875000 0.539063
 45 6.580382 -12.359934 58.353176 0.571571 0.801959 -0.173691 0.851563 0.558594
 45 6.579625 -12.330708 58.483349 0.571571 0.801959 -0.173691 0.863281 0.558594
v_famas.bmp
 45 6.055154 -3.069129 56.505367 0.999903 0.000400 0.013900 0.617188 0.105469
 45 6.053572 -2.820620 56.756844 0.999903 0.000400 0.013900 0.652344 0.136719
 45 6.054926 -2.719135 56.507446 0.999903 0.000400 0.013900 0.667969 0.105469
v_famas.bmp
 45 6.055154 -3.069129 56.505367 0.999903 0.000400 0.013900 0.617188 0.105469
 45 6.053109 -3.071269 56.865356 0.999903 0.000400 0.013900 0.617188 0.152344
 45 6.053572 -2.820620 56.756844 0.999903 0.000400 0.013900 0.652344 0.136719
v_famas.bmp
 45 6.055154 -3.069129 56.505367 0.999903 0.000400 0.013900 0.617188 0.105469
 45 6.053896 -3.320611 56.753872 0.999903 0.000400 0.013900 0.585938 0.136719
 45 6.053109 -3.071269 56.865356 0.999903 0.000400 0.013900 0.617188 0.152344
v_famas.bmp
 45 6.055154 -3.069129 56.505367 0.999903 0.000400 0.013900 0.617188 0.105469
 45 6.055388 -3.429122 56.503227 0.999903 0.000400 0.013900 0.570313 0.105469
 45 6.053896 -3.320611 56.753872 0.999903 0.000400 0.013900 0.585938 0.136719
v_famas.bmp
 45 6.055154 -3.069129 56.505367 0.999903 0.000400 0.013900 0.617188 0.105469
 45 6.056736 -3.317638 56.253891 0.999903 0.000400 0.013900 0.585938 0.070313
 45 6.055388 -3.429122 56.503227 0.999903 0.000400 0.013900 0.570313 0.105469
v_famas.bmp
 45 6.055154 -3.069129 56.505367 0.999903 0.000400 0.013900 0.617188 0.105469
 45 6.057142 -3.067048 56.155380 0.999903 0.000400 0.013900 0.617188 0.058594
 45 6.056736 -3.317638 56.253891 0.999903 0.000400 0.013900 0.585938 0.070313
v_famas.bmp
 45 6.055154 -3.069129 56.505367 0.999903 0.000400 0.013900 0.617188 0.105469
 45 6.056412 -2.817647 56.256863 0.999903 0.000400 0.013900 0.652344 0.070313
 45 6.057142 -3.067048 56.155380 0.999903 0.000400 0.013900 0.617188 0.058594
v_famas.bmp
 45 6.055154 -3.069129 56.505367 0.999903 0.000400 0.013900 0.617188 0.105469
 45 6.054926 -2.719135 56.507446 0.999903 0.000400 0.013900 0.667969 0.105469
 45 6.056412 -2.817647 56.256863 0.999903 0.000400 0.013900 0.652344 0.070313
v_famas.bmp
 45 6.265903 -5.370189 58.382946 0.999903 0.000400 0.013900 0.839844 0.757813
 45 6.264873 -5.271202 58.553535 0.999903 0.000400 0.013900 0.847656 0.781250
 45 6.274993 -3.970208 58.391323 0.999903 0.000400 0.013900 0.945313 0.757813
v_famas.bmp
 45 6.274993 -3.970208 58.391323 0.999903 0.000400 0.013900 0.945313 0.757813
 45 6.264873 -5.271202 58.553535 0.999903 0.000400 0.013900 0.847656 0.781250
 45 6.257967 -4.177701 59.650036 0.999903 0.000400 0.013900 0.945313 0.878906
v_famas.bmp
 45 6.264873 -5.271202 58.553535 0.999903 0.000400 0.013900 0.847656 0.781250
 45 6.259419 -5.276909 59.513504 0.999903 0.000400 0.013900 0.847656 0.867188
 45 6.257967 -4.177701 59.650036 0.999903 0.000400 0.013900 0.945313 0.878906
v_famas.bmp
 45 6.257967 -4.177701 59.650036 0.999903 0.000400 0.013900 0.945313 0.878906
 45 6.259419 -5.276909 59.513504 0.999903 0.000400 0.013900 0.847656 0.867188
 45 6.254145 -4.331801 60.339119 0.999903 0.000400 0.013900 0.933594 0.941406
v_famas.bmp
 45 6.259419 -5.276909 59.513504 0.999903 0.000400 0.013900 0.847656 0.867188
 45 6.253121 -5.293509 60.623405 0.999903 0.000400 0.013900 0.839844 0.964844
 45 6.254145 -4.331801 60.339119 0.999903 0.000400 0.013900 0.933594 0.941406
v_famas.bmp
 45 6.254145 -4.331801 60.339119 0.999903 0.000400 0.013900 0.933594 0.941406
 45 6.253121 -5.293509 60.623405 0.999903 0.000400 0.013900 0.839844 0.964844
 45 6.253074 -4.432989 60.538521 0.999903 0.000400 0.013900 0.914063 0.960938
v_famas.bmp
 45 6.253121 -5.293509 60.623405 0.999903 0.000400 0.013900 0.839844 0.964844
 45 6.252673 -4.603520 60.627506 0.999903 0.000400 0.013900 0.898438 0.968750
 45 6.253074 -4.432989 60.538521 0.999903 0.000400 0.013900 0.914063 0.960938
v_famas.bmp
 45 6.775008 -5.479969 55.035072 -0.408415 -0.823330 -0.394114 0.433594 0.191406
 45 6.429496 -6.086350 56.069542 0.288692 -0.289592 -0.912575 0.519531 0.125000
 45 6.769490 -6.086141 56.071472 -0.621112 -0.408708 -0.668713 0.519531 0.125000
v_famas.bmp
 45 6.775008 -5.479969 55.035072 -0.408415 -0.823330 -0.394114 0.433594 0.191406
 45 6.435013 -5.480178 55.033142 0.584810 -0.725212 -0.363406 0.433594 0.191406
 45 6.429496 -6.086350 56.069542 0.288692 -0.289592 -0.912575 0.519531 0.125000
v_famas.bmp
 45 6.775008 -5.479969 55.035072 -0.408415 -0.823330 -0.394114 0.433594 0.191406
 45 6.439356 -5.165427 54.235008 0.486109 -0.839316 -0.243405 0.359375 0.218750
 45 6.435013 -5.480178 55.033142 0.584810 -0.725212 -0.363406 0.433594 0.191406
v_famas.bmp
 45 6.775008 -5.479969 55.035072 -0.408415 -0.823330 -0.394114 0.433594 0.191406
 45 6.779350 -5.165217 54.236942 -0.479712 -0.860121 -0.173404 0.359375 0.218750
 45 6.439356 -5.165427 54.235008 0.486109 -0.839316 -0.243405 0.359375 0.218750
v_famas.bmp
 45 6.775008 -5.479969 55.035072 -0.408415 -0.823330 -0.394114 0.433594 0.191406
 45 6.959864 -5.434745 54.176361 -0.844712 -0.511707 -0.156902 0.351563 0.191406
 45 6.779350 -5.165217 54.236942 -0.479712 -0.860121 -0.173404 0.359375 0.218750
v_famas.bmp
 45 6.775008 -5.479969 55.035072 -0.408415 -0.823330 -0.394114 0.433594 0.191406
 45 6.955464 -5.749556 54.984493 -0.851674 -0.460386 -0.250392 0.425781 0.164063
 45 6.959864 -5.434745 54.176361 -0.844712 -0.511707 -0.156902 0.351563 0.191406
v_famas.bmp
 45 6.775008 -5.479969 55.035072 -0.408415 -0.823330 -0.394114 0.433594 0.191406
 45 6.769490 -6.086141 56.071472 -0.621112 -0.408708 -0.668713 0.519531 0.125000
 45 6.955464 -5.749556 54.984493 -0.851674 -0.460386 -0.250392 0.425781 0.164063
v_famas.bmp
 45 6.164325 4.584686 57.581528 0.999903 0.000400 0.013900 0.707031 0.417969
 45 6.168104 0.255773 57.385807 0.999903 0.000400 0.013900 0.355469 0.402344
 45 6.167138 0.254763 57.555801 0.999903 0.000400 0.013900 0.355469 0.417969
v_famas.bmp
 45 6.164325 4.584686 57.581528 0.999903 0.000400 0.013900 0.707031 0.417969
 45 6.182189 -1.220924 56.827087 0.999903 0.000400 0.013900 0.234375 0.359375
 45 6.168104 0.255773 57.385807 0.999903 0.000400 0.013900 0.355469 0.402344
v_famas.bmp
 45 6.164325 4.584686 57.581528 0.999903 0.000400 0.013900 0.707031 0.417969
 45 6.183156 -1.309971 56.666557 0.999903 0.000400 0.013900 0.230469 0.339844
 45 6.182189 -1.220924 56.827087 0.999903 0.000400 0.013900 0.234375 0.359375
v_famas.bmp
 45 6.164325 4.584686 57.581528 0.999903 0.000400 0.013900 0.707031 0.417969
 45 6.184097 -1.008788 56.468346 0.999903 0.000400 0.013900 0.253906 0.324219
 45 6.183156 -1.309971 56.666557 0.999903 0.000400 0.013900 0.230469 0.339844
v_famas.bmp
 45 6.164325 4.584686 57.581528 0.999903 0.000400 0.013900 0.707031 0.417969
 45 6.175314 -0.607255 56.210674 0.999903 0.000400 0.013900 0.285156 0.300781
 45 6.184097 -1.008788 56.468346 0.999903 0.000400 0.013900 0.253906 0.324219
v_famas.bmp
 45 6.164325 4.584686 57.581528 0.999903 0.000400 0.013900 0.707031 0.417969
 45 6.176035 2.045254 55.796436 0.999903 0.000400 0.013900 0.500000 0.261719
 45 6.175314 -0.607255 56.210674 0.999903 0.000400 0.013900 0.285156 0.300781
v_famas.bmp
 45 6.164325 4.584686 57.581528 0.999903 0.000400 0.013900 0.707031 0.417969
 45 6.177771 4.448660 55.230717 0.999903 0.000400 0.013900 0.695313 0.210938
 45 6.176035 2.045254 55.796436 0.999903 0.000400 0.013900 0.500000 0.261719
v_famas.bmp
 45 6.806396 -5.710011 60.094055 0.999903 0.000400 0.013900 0.675781 0.871094
 45 6.812128 -14.619912 60.051113 0.999903 0.000400 0.013900 0.316406 0.871094
 45 6.810656 -15.592095 60.415337 0.999903 0.000400 0.013900 0.316406 0.839844
v_famas.bmp
 45 6.810656 -15.592095 60.415337 0.999903 0.000400 0.013900 0.316406 0.839844
 45 6.812128 -14.619912 60.051113 0.999903 0.000400 0.013900 0.316406 0.871094
 45 6.811935 -15.810903 60.214039 0.999903 0.000400 0.013900 0.300781 0.839844
v_famas.bmp
 45 6.812128 -14.619912 60.051113 0.999903 0.000400 0.013900 0.316406 0.871094
 45 6.813530 -15.028716 59.848686 0.999903 0.000400 0.013900 0.304688 0.871094
 45 6.811935 -15.810903 60.214039 0.999903 0.000400 0.013900 0.300781 0.839844
v_famas.bmp
 45 6.811935 -15.810903 60.214039 0.999903 0.000400 0.013900 0.300781 0.839844
 45 6.813530 -15.028716 59.848686 0.999903 0.000400 0.013900 0.304688 0.871094
 45 6.813337 -15.869474 59.973690 0.999903 0.000400 0.013900 0.281250 0.839844
v_famas.bmp
 45 6.813530 -15.028716 59.848686 0.999903 0.000400 0.013900 0.304688 0.871094
 45 6.814958 -15.127288 59.608097 0.999903 0.000400 0.013900 0.265625 0.871094
 45 6.813337 -15.869474 59.973690 0.999903 0.000400 0.013900 0.281250 0.839844
v_famas.bmp
 45 6.813337 -15.869474 59.973690 0.999903 0.000400 0.013900 0.281250 0.839844
 45 6.814958 -15.127288 59.608097 0.999903 0.000400 0.013900 0.265625 0.871094
 45 6.822614 -15.799726 58.334103 0.999903 0.000400 0.013900 0.265625 0.839844
v_famas.bmp
 45 6.814958 -15.127288 59.608097 0.999903 0.000400 0.013900 0.265625 0.871094
 45 6.820802 -15.111164 58.578194 0.999903 0.000400 0.013900 0.253906 0.859375
 45 6.822614 -15.799726 58.334103 0.999903 0.000400 0.013900 0.265625 0.839844
v_famas.bmp
 47 6.718816 -10.131051 59.695316 0.003300 -0.873004 -0.487702 0.152344 0.960938
 47 6.721103 -9.888499 59.266758 0.001900 -0.972306 -0.233702 0.078125 0.960938
 47 6.471107 -9.888653 59.265335 0.002700 -0.930888 -0.365295 0.078125 1.000000
v_famas.bmp
 47 6.471107 -9.888653 59.265335 0.002700 -0.930888 -0.365295 0.078125 1.000000
 47 6.721103 -9.888499 59.266758 0.001900 -0.972306 -0.233702 0.078125 0.960938
 47 6.473359 -9.856275 58.865528 0.000800 -0.999308 -0.037200 0.050781 1.000000
v_famas.bmp
 47 6.721103 -9.888499 59.266758 0.001900 -0.972306 -0.233702 0.078125 0.960938
 47 6.723355 -9.856120 58.866947 0.000800 -0.999308 -0.037200 0.050781 0.960938
 47 6.473359 -9.856275 58.865528 0.000800 -0.999308 -0.037200 0.050781 1.000000
v_famas.bmp
 47 6.473359 -9.856275 58.865528 0.000800 -0.999308 -0.037200 0.050781 1.000000
 47 6.723355 -9.856120 58.866947 0.000800 -0.999308 -0.037200 0.050781 0.960938
 47 6.475234 -9.854313 58.535538 -0.000100 -0.992056 0.125794 0.019531 1.000000
v_famas.bmp
 47 6.723355 -9.856120 58.866947 0.000800 -0.999308 -0.037200 0.050781 0.960938
 47 6.725229 -9.854158 58.536961 -0.000900 -0.966329 0.257308 0.019531 0.960938
 47 6.475234 -9.854313 58.535538 -0.000100 -0.992056 0.125794 0.019531 1.000000
v_famas.bmp
 47 6.475234 -9.854313 58.535538 -0.000100 -0.992056 0.125794 0.019531 1.000000
 47 6.725229 -9.854158 58.536961 -0.000900 -0.966329 0.257308 0.019531 0.960938
 47 6.475884 -9.893658 58.425304 -0.001600 -0.924167 0.381986 0.000000 1.000000
v_famas.bmp
 47 6.725229 -9.854158 58.536961 -0.000900 -0.966329 0.257308 0.019531 0.960938
 47 6.725880 -9.893504 58.426727 -0.001600 -0.924167 0.381986 0.000000 0.960938
 47 6.475884 -9.893658 58.425304 -0.001600 -0.924167 0.381986 0.000000 1.000000
v_famas.bmp
 45 6.216613 -2.607195 56.199020 0.999903 0.000400 0.013900 0.125000 0.300781
 45 6.241026 -3.363067 55.504642 0.999903 0.000400 0.013900 0.062500 0.238281
 45 6.230781 -3.954175 57.371132 0.999903 0.000400 0.013900 0.015625 0.402344
v_famas.bmp
 45 6.216613 -2.607195 56.199020 0.999903 0.000400 0.013900 0.125000 0.300781
 45 6.244848 -3.208967 54.815556 0.999903 0.000400 0.013900 0.074219 0.179688
 45 6.241026 -3.363067 55.504642 0.999903 0.000400 0.013900 0.062500 0.238281
v_famas.bmp
 45 6.216613 -2.607195 56.199020 0.999903 0.000400 0.013900 0.125000 0.300781
 45 6.244291 -2.439041 54.830132 0.999903 0.000400 0.013900 0.136719 0.179688
 45 6.244848 -3.208967 54.815556 0.999903 0.000400 0.013900 0.074219 0.179688
v_famas.bmp
 45 6.216613 -2.607195 56.199020 0.999903 0.000400 0.013900 0.125000 0.300781
 45 6.238057 -1.154712 55.787762 0.999903 0.000400 0.013900 0.242188 0.261719
 45 6.244291 -2.439041 54.830132 0.999903 0.000400 0.013900 0.136719 0.179688
v_famas.bmp
 45 6.216613 -2.607195 56.199020 0.999903 0.000400 0.013900 0.125000 0.300781
 45 6.237652 -0.444665 55.781982 0.999903 0.000400 0.013900 0.296875 0.261719
 45 6.238057 -1.154712 55.787762 0.999903 0.000400 0.013900 0.242188 0.261719
v_famas.bmp
 45 6.216613 -2.607195 56.199020 0.999903 0.000400 0.013900 0.125000 0.300781
 45 6.235573 -1.007211 56.208641 0.999903 0.000400 0.013900 0.253906 0.300781
 45 6.237652 -0.444665 55.781982 0.999903 0.000400 0.013900 0.296875 0.261719
v_famas.bmp
 45 6.814112 -4.551173 58.610939 0.000600 -1.000000 -0.000100 0.699219 0.894531
 45 6.349121 -4.556688 59.488293 0.001700 -0.981589 -0.190998 0.699219 0.859375
 45 6.809113 -4.556405 59.490910 0.001700 -0.981589 -0.190998 0.699219 0.894531
v_famas.bmp
 45 6.809113 -4.556405 59.490910 0.001700 -0.981589 -0.190998 0.699219 0.894531
 45 6.349121 -4.556688 59.488293 0.001700 -0.981589 -0.190998 0.699219 0.859375
 45 6.807216 -4.698483 59.840065 0.003500 -0.853795 -0.520597 0.695313 0.894531
v_famas.bmp
 45 6.349121 -4.556688 59.488293 0.001700 -0.981589 -0.190998 0.699219 0.859375
 45 6.347224 -4.698767 59.837452 0.004200 -0.754771 -0.655975 0.695313 0.859375
 45 6.807216 -4.698483 59.840065 0.003500 -0.853795 -0.520597 0.695313 0.894531
v_famas.bmp
 45 6.807216 -4.698483 59.840065 0.003500 -0.853795 -0.520597 0.695313 0.894531
 45 6.347224 -4.698767 59.837452 0.004200 -0.754771 -0.655975 0.695313 0.859375
 45 6.805934 -5.000024 60.098274 0.005600 -0.336312 -0.941734 0.683594 0.894531
v_famas.bmp
 45 6.347224 -4.698767 59.837452 0.004200 -0.754771 -0.655975 0.695313 0.859375
 45 6.345942 -5.000307 60.095657 0.005600 -0.336312 -0.941734 0.683594 0.859375
 45 6.805934 -5.000024 60.098274 0.005600 -0.336312 -0.941734 0.683594 0.894531
v_famas.bmp
 45 6.805934 -5.000024 60.098274 0.005600 -0.336312 -0.941734 0.683594 0.894531
 45 6.345942 -5.000307 60.095657 0.005600 -0.336312 -0.941734 0.683594 0.859375
 45 6.346403 -5.710294 60.091438 0.005700 0.004700 -0.999973 0.656250 0.859375
v_famas.bmp
 45 6.266783 -5.307866 52.943138 0.748933 -0.291213 0.595226 0.242188 0.199219
 45 6.265265 -6.119992 53.298313 0.876985 0.426993 0.220396 0.277344 0.132813
 45 6.269875 -5.435170 54.172440 0.959841 -0.275512 -0.052902 0.351563 0.191406
v_famas.bmp
 45 6.266783 -5.307866 52.943138 0.748933 -0.291213 0.595226 0.242188 0.199219
 45 6.268465 -6.146662 52.738155 0.703998 0.451999 0.547799 0.226563 0.128906
 45 6.265265 -6.119992 53.298313 0.876985 0.426993 0.220396 0.277344 0.132813
v_famas.bmp
 45 6.266783 -5.307866 52.943138 0.748933 -0.291213 0.595226 0.242188 0.199219
 45 6.618805 -6.066031 52.670620 0.040500 -0.140101 0.989309 0.218750 0.136719
 45 6.268465 -6.146662 52.738155 0.703998 0.451999 0.547799 0.226563 0.128906
v_famas.bmp
 45 6.266783 -5.307866 52.943138 0.748933 -0.291213 0.595226 0.242188 0.199219
 45 6.617295 -5.317115 52.855072 -0.042099 -0.309791 0.949872 0.234375 0.199219
 45 6.618805 -6.066031 52.670620 0.040500 -0.140101 0.989309 0.218750 0.136719
v_famas.bmp
 45 6.266783 -5.307866 52.943138 0.748933 -0.291213 0.595226 0.242188 0.199219
 45 6.446258 -5.028117 53.005825 0.413514 -0.849129 0.328611 0.250000 0.230469
 45 6.617295 -5.317115 52.855072 -0.042099 -0.309791 0.949872 0.234375 0.199219
v_famas.bmp
 45 6.266783 -5.307866 52.943138 0.748933 -0.291213 0.595226 0.242188 0.199219
 45 6.269875 -5.435170 54.172440 0.959841 -0.275512 -0.052902 0.351563 0.191406
 45 6.446258 -5.028117 53.005825 0.413514 -0.849129 0.328611 0.250000 0.230469
v_famas.bmp
 45 6.598040 -18.896244 57.714394 0.000600 -1.000000 -0.000100 0.191406 0.171875
 45 6.250033 -18.894379 57.362415 0.000600 -1.000000 -0.000100 0.191406 0.128906
 45 6.358611 -18.895798 57.613033 0.000600 -1.000000 -0.000100 0.191406 0.152344
v_famas.bmp
 45 6.598040 -18.896244 57.714394 0.000600 -1.000000 -0.000100 0.191406 0.171875
 45 6.361394 -18.892885 57.123051 0.000600 -1.000000 -0.000100 0.191406 0.105469
 45 6.250033 -18.894379 57.362415 0.000600 -1.000000 -0.000100 0.191406 0.128906
v_famas.bmp
 45 6.598040 -18.896244 57.714394 0.000600 -1.000000 -0.000100 0.191406 0.171875
 45 6.601959 -18.892143 57.024418 0.000600 -1.000000 -0.000100 0.191406 0.085938
 45 6.361394 -18.892885 57.123051 0.000600 -1.000000 -0.000100 0.191406 0.105469
v_famas.bmp
 45 6.598040 -18.896244 57.714394 0.000600 -1.000000 -0.000100 0.191406 0.171875
 45 6.841387 -18.892590 57.125778 0.000600 -1.000000 -0.000100 0.191406 0.105469
 45 6.601959 -18.892143 57.024418 0.000600 -1.000000 -0.000100 0.191406 0.085938
v_famas.bmp
 45 6.598040 -18.896244 57.714394 0.000600 -1.000000 -0.000100 0.191406 0.171875
 45 6.940022 -18.893955 57.366341 0.000600 -1.000000 -0.000100 0.191406 0.128906
 45 6.841387 -18.892590 57.125778 0.000600 -1.000000 -0.000100 0.191406 0.105469
v_famas.bmp
 45 6.598040 -18.896244 57.714394 0.000600 -1.000000 -0.000100 0.191406 0.171875
 45 6.838603 -18.895502 57.615761 0.000600 -1.000000 -0.000100 0.191406 0.152344
 45 6.940022 -18.893955 57.366341 0.000600 -1.000000 -0.000100 0.191406 0.128906
v_famas.bmp
 45 6.110970 -4.154186 57.359261 0.999903 0.000400 0.013900 0.847656 0.164063
 45 6.118227 -3.075881 55.965668 0.999903 0.000400 0.013900 0.988281 0.253906
 45 6.117414 -3.487004 56.153225 0.999903 0.000400 0.013900 0.968750 0.218750
v_famas.bmp
 45 6.110970 -4.154186 57.359261 0.999903 0.000400 0.013900 0.847656 0.164063
 45 6.116615 -2.607257 56.198452 0.999903 0.000400 0.013900 0.964844 0.292969
 45 6.118227 -3.075881 55.965668 0.999903 0.000400 0.013900 0.988281 0.253906
v_famas.bmp
 45 6.110970 -4.154186 57.359261 0.999903 0.000400 0.013900 0.847656 0.164063
 45 6.112190 -1.220968 56.826691 0.999903 0.000400 0.013900 0.902344 0.402344
 45 6.116615 -2.607257 56.198452 0.999903 0.000400 0.013900 0.964844 0.292969
v_famas.bmp
 45 6.110970 -4.154186 57.359261 0.999903 0.000400 0.013900 0.847656 0.164063
 45 6.108105 0.255736 57.385464 0.999903 0.000400 0.013900 0.847656 0.523438
 45 6.112190 -1.220968 56.826691 0.999903 0.000400 0.013900 0.902344 0.402344
v_famas.bmp
 45 6.110970 -4.154186 57.359261 0.999903 0.000400 0.013900 0.847656 0.164063
 45 6.107139 0.254726 57.555458 0.999903 0.000400 0.013900 0.832031 0.523438
 45 6.108105 0.255736 57.385464 0.999903 0.000400 0.013900 0.847656 0.523438
v_famas.bmp
 45 6.110970 -4.154186 57.359261 0.999903 0.000400 0.013900 0.847656 0.164063
 45 6.110004 -4.155196 57.529255 0.999903 0.000400 0.013900 0.832031 0.164063
 45 6.107139 0.254726 57.555458 0.999903 0.000400 0.013900 0.832031 0.523438
v_famas.bmp
 45 6.603608 -13.206655 56.118198 -0.005700 -0.007000 0.999959 0.207031 0.558594
 45 6.603939 -13.716645 56.115170 -0.005700 -0.007000 0.999959 0.167969 0.558594
 45 6.043664 -13.717288 56.161983 0.092199 -0.010200 0.995688 0.167969 0.566406
v_famas.bmp
 45 6.603608 -13.206655 56.118198 -0.005700 -0.007000 0.999959 0.207031 0.558594
 45 7.173645 -13.716592 56.168407 -0.077100 -0.006500 0.997002 0.167969 0.566406
 45 6.603939 -13.716645 56.115170 -0.005700 -0.007000 0.999959 0.167969 0.558594
v_famas.bmp
 45 6.603608 -13.206655 56.118198 -0.005700 -0.007000 0.999959 0.207031 0.558594
 45 7.173315 -13.206600 56.171436 -0.077100 -0.006500 0.997002 0.207031 0.566406
 45 7.173645 -13.716592 56.168407 -0.077100 -0.006500 0.997002 0.167969 0.566406
v_famas.bmp
 45 6.603608 -13.206655 56.118198 -0.005700 -0.007000 0.999959 0.207031 0.558594
 45 6.603463 -12.896601 56.110043 -0.005700 -0.007000 0.999959 0.234375 0.558594
 45 7.173315 -13.206600 56.171436 -0.077100 -0.006500 0.997002 0.207031 0.566406
v_famas.bmp
 45 6.603608 -13.206655 56.118198 -0.005700 -0.007000 0.999959 0.207031 0.558594
 45 6.043333 -13.207296 56.165012 0.092199 -0.010200 0.995688 0.207031 0.566406
 45 6.603463 -12.896601 56.110043 -0.005700 -0.007000 0.999959 0.234375 0.558594
v_famas.bmp
 45 6.603608 -13.206655 56.118198 -0.005700 -0.007000 0.999959 0.207031 0.558594
 45 6.043664 -13.717288 56.161983 0.092199 -0.010200 0.995688 0.167969 0.566406
 45 6.043333 -13.207296 56.165012 0.092199 -0.010200 0.995688 0.207031 0.566406
v_famas.bmp
 45 6.602867 -12.066675 56.124973 -0.005700 -0.007000 0.999959 0.296875 0.558594
 45 6.603205 -12.586665 56.121883 -0.005700 -0.007000 0.999959 0.257813 0.558594
 45 6.042930 -12.587308 56.168697 0.092199 -0.010200 0.995688 0.257813 0.566406
v_famas.bmp
 45 6.602867 -12.066675 56.124973 -0.005700 -0.007000 0.999959 0.296875 0.558594
 45 7.172912 -12.586612 56.175121 -0.077100 -0.006500 0.997002 0.257813 0.566406
 45 6.603205 -12.586665 56.121883 -0.005700 -0.007000 0.999959 0.257813 0.558594
v_famas.bmp
 45 6.602867 -12.066675 56.124973 -0.005700 -0.007000 0.999959 0.296875 0.558594
 45 7.162574 -12.066628 56.178154 -0.077100 -0.006500 0.997002 0.296875 0.566406
 45 7.172912 -12.586612 56.175121 -0.077100 -0.006500 0.997002 0.257813 0.566406
v_famas.bmp
 45 6.602867 -12.066675 56.124973 -0.005700 -0.007000 0.999959 0.296875 0.558594
 45 6.602665 -11.756680 56.126816 -0.005700 -0.007000 0.999959 0.324219 0.558594
 45 7.162574 -12.066628 56.178154 -0.077100 -0.006500 0.997002 0.296875 0.566406
v_famas.bmp
 45 6.602867 -12.066675 56.124973 -0.005700 -0.007000 0.999959 0.296875 0.558594
 45 6.042592 -12.067317 56.171787 0.092199 -0.010200 0.995688 0.296875 0.566406
 45 6.602665 -11.756680 56.126816 -0.005700 -0.007000 0.999959 0.324219 0.558594
v_famas.bmp
 45 6.602867 -12.066675 56.124973 -0.005700 -0.007000 0.999959 0.296875 0.558594
 45 6.042930 -12.587308 56.168697 0.092199 -0.010200 0.995688 0.257813 0.566406
 45 6.042592 -12.067317 56.171787 0.092199 -0.010200 0.995688 0.296875 0.566406
v_famas.bmp
 45 6.602464 -11.446686 56.128654 -0.005700 -0.007000 0.999959 0.347656 0.558594
 45 6.041858 -10.937337 56.178501 0.092199 -0.010200 0.995688 0.386719 0.566406
 45 6.602133 -10.936695 56.131687 -0.005700 -0.007000 0.999959 0.386719 0.558594
v_famas.bmp
 45 6.602464 -11.446686 56.128654 -0.005700 -0.007000 0.999959 0.347656 0.558594
 45 6.042189 -11.447329 56.175472 0.092199 -0.010200 0.995688 0.347656 0.566406
 45 6.041858 -10.937337 56.178501 0.092199 -0.010200 0.995688 0.386719 0.566406
v_famas.bmp
 45 6.602464 -11.446686 56.128654 -0.005700 -0.007000 0.999959 0.347656 0.558594
 45 6.602665 -11.756680 56.126816 -0.005700 -0.007000 0.999959 0.324219 0.558594
 45 6.042189 -11.447329 56.175472 0.092199 -0.010200 0.995688 0.347656 0.566406
v_famas.bmp
 45 6.602464 -11.446686 56.128654 -0.005700 -0.007000 0.999959 0.347656 0.558594
 45 7.162171 -11.446638 56.181839 -0.077100 -0.006500 0.997002 0.347656 0.566406
 45 6.602665 -11.756680 56.126816 -0.005700 -0.007000 0.999959 0.324219 0.558594
v_famas.bmp
 45 6.602464 -11.446686 56.128654 -0.005700 -0.007000 0.999959 0.347656 0.558594
 45 7.161840 -10.936647 56.184868 -0.077100 -0.006500 0.997002 0.386719 0.566406
 45 7.162171 -11.446638 56.181839 -0.077100 -0.006500 0.997002 0.347656 0.566406
v_famas.bmp
 45 6.602464 -11.446686 56.128654 -0.005700 -0.007000 0.999959 0.347656 0.558594
 45 6.602133 -10.936695 56.131687 -0.005700 -0.007000 0.999959 0.386719 0.558594
 45 7.161840 -10.936647 56.184868 -0.077100 -0.006500 0.997002 0.386719 0.566406
v_famas.bmp
 45 6.203408 -4.852495 58.765682 0.999903 0.000400 0.013900 0.945313 0.531250
 45 6.205433 -5.170587 58.443790 0.999903 0.000400 0.013900 0.894531 0.480469
 45 6.204062 -5.071956 58.674377 0.999903 0.000400 0.013900 0.910156 0.515625
v_famas.bmp
 45 6.203408 -4.852495 58.765682 0.999903 0.000400 0.013900 0.945313 0.531250
 45 6.206675 -5.069221 58.214394 0.999903 0.000400 0.013900 0.910156 0.445313
 45 6.205433 -5.170587 58.443790 0.999903 0.000400 0.013900 0.894531 0.480469
v_famas.bmp
 45 6.203408 -4.852495 58.765682 0.999903 0.000400 0.013900 0.945313 0.531250
 45 6.207043 -4.848690 58.125706 0.999903 0.000400 0.013900 0.945313 0.429688
 45 6.206675 -5.069221 58.214394 0.999903 0.000400 0.013900 0.910156 0.445313
v_famas.bmp
 45 6.203408 -4.852495 58.765682 0.999903 0.000400 0.013900 0.945313 0.531250
 45 6.206382 -4.619229 58.217068 0.999903 0.000400 0.013900 0.980469 0.445313
 45 6.207043 -4.848690 58.125706 0.999903 0.000400 0.013900 0.945313 0.429688
v_famas.bmp
 45 6.203408 -4.852495 58.765682 0.999903 0.000400 0.013900 0.945313 0.531250
 45 6.205018 -4.530598 58.447594 0.999903 0.000400 0.013900 0.992188 0.480469
 45 6.206382 -4.619229 58.217068 0.999903 0.000400 0.013900 0.980469 0.445313
v_famas.bmp
 45 6.203408 -4.852495 58.765682 0.999903 0.000400 0.013900 0.945313 0.531250
 45 6.203769 -4.621964 58.677052 0.999903 0.000400 0.013900 0.980469 0.515625
 45 6.205018 -4.530598 58.447594 0.999903 0.000400 0.013900 0.992188 0.480469
v_famas.bmp
 47 6.468821 -10.131205 59.693897 0.999984 0.000600 0.005700 0.656250 0.031250
 47 6.471107 -9.888653 59.265335 0.999984 0.000600 0.005700 0.617188 0.011719
 47 6.471217 -10.058650 59.264324 0.999984 0.000600 0.005700 0.617188 0.023438
v_famas.bmp
 47 6.471217 -10.058650 59.264324 0.999984 0.000600 0.005700 0.617188 0.023438
 47 6.471107 -9.888653 59.265335 0.999984 0.000600 0.005700 0.617188 0.011719
 47 6.473515 -10.096271 58.864101 0.999984 0.000600 0.005700 0.582031 0.027344
v_famas.bmp
 47 6.471107 -9.888653 59.265335 0.999984 0.000600 0.005700 0.617188 0.011719
 47 6.473359 -9.856275 58.865528 0.999984 0.000600 0.005700 0.582031 0.011719
 47 6.473515 -10.096271 58.864101 0.999984 0.000600 0.005700 0.582031 0.027344
v_famas.bmp
 47 6.473515 -10.096271 58.864101 0.999984 0.000600 0.005700 0.582031 0.027344
 47 6.473359 -9.856275 58.865528 0.999984 0.000600 0.005700 0.582031 0.011719
 47 6.475578 -10.384304 58.532391 0.999984 0.000600 0.005700 0.554688 0.050781
v_famas.bmp
 47 6.473359 -9.856275 58.865528 0.999984 0.000600 0.005700 0.582031 0.011719
 47 6.475234 -9.854313 58.535538 0.999984 0.000600 0.005700 0.554688 0.011719
 47 6.475578 -10.384304 58.532391 0.999984 0.000600 0.005700 0.554688 0.050781
v_famas.bmp
 47 6.475578 -10.384304 58.532391 0.999984 0.000600 0.005700 0.554688 0.050781
 47 6.475234 -9.854313 58.535538 0.999984 0.000600 0.005700 0.554688 0.011719
 47 6.475884 -9.893658 58.425304 0.999984 0.000600 0.005700 0.542969 0.011719
v_famas.bmp
 49 6.649038 -8.268796 56.387821 -0.001100 0.996355 0.085296 0.601563 0.562500
 49 6.572358 -8.215338 55.797684 -0.000600 0.999930 -0.011800 0.605469 0.531250
 49 6.652356 -8.215289 55.798138 -0.000600 0.999930 -0.011800 0.605469 0.531250
v_famas.bmp
 49 6.652356 -8.215289 55.798138 -0.000600 0.999930 -0.011800 0.605469 0.531250
 49 6.572358 -8.215338 55.797684 -0.000600 0.999930 -0.011800 0.605469 0.531250
 49 6.654894 -8.272672 55.357796 0.000300 0.985889 -0.167398 0.601563 0.488281
v_famas.bmp
 49 6.572358 -8.215338 55.797684 -0.000600 0.999930 -0.011800 0.605469 0.531250
 49 6.574896 -8.272721 55.357342 0.000700 0.974197 -0.225699 0.601563 0.488281
 49 6.654894 -8.272672 55.357796 0.000300 0.985889 -0.167398 0.601563 0.488281
v_famas.bmp
 49 6.654894 -8.272672 55.357796 0.000300 0.985889 -0.167398 0.601563 0.488281
 49 6.574896 -8.272721 55.357342 0.000700 0.974197 -0.225699 0.601563 0.488281
 49 6.656240 -8.331304 55.127449 -0.001100 0.996355 0.085296 0.593750 0.468750
v_famas.bmp
 49 6.574896 -8.272721 55.357342 0.000700 0.974197 -0.225699 0.601563 0.488281
 49 6.576241 -8.331352 55.126995 -0.005300 0.465909 0.884817 0.593750 0.468750
 49 6.656240 -8.331304 55.127449 -0.001100 0.996355 0.085296 0.593750 0.468750
v_famas.bmp
 49 6.656240 -8.331304 55.127449 -0.001100 0.996355 0.085296 0.593750 0.468750
 49 6.576241 -8.331352 55.126995 -0.005300 0.465909 0.884817 0.593750 0.468750
 49 6.604817 -8.152704 55.358227 -0.003100 -0.776101 0.630601 0.609375 0.488281
v_famas.bmp
 45 6.149502 -6.877044 56.153252 -0.005700 -0.297410 0.954733 0.710938 0.562500
 45 6.266212 -5.489491 56.582180 0.250488 -0.190691 0.949154 0.820313 0.597656
 45 6.936201 -5.489079 56.585987 -0.005200 -0.374418 0.927245 0.820313 0.601563
v_famas.bmp
 45 6.936201 -5.489079 56.585987 -0.005200 -0.374418 0.927245 0.820313 0.601563
 45 6.266212 -5.489491 56.582180 0.250488 -0.190691 0.949154 0.820313 0.597656
 45 6.956119 -4.488490 56.492046 -0.005700 0.235797 0.971786 0.902344 0.589844
v_famas.bmp
 45 6.266212 -5.489491 56.582180 0.250488 -0.190691 0.949154 0.820313 0.597656
 45 6.236130 -4.488933 56.487953 -0.005500 0.370092 0.928979 0.902344 0.589844
 45 6.956119 -4.488490 56.492046 -0.005700 0.235797 0.971786 0.902344 0.589844
v_famas.bmp
 45 6.956119 -4.488490 56.492046 -0.005700 0.235797 0.971786 0.902344 0.589844
 45 6.236130 -4.488933 56.487953 -0.005500 0.370092 0.928979 0.902344 0.589844
 45 6.957761 -3.866360 56.135742 -0.004800 0.598504 0.801105 0.949219 0.558594
v_famas.bmp
 45 6.236130 -4.488933 56.487953 -0.005500 0.370092 0.928979 0.902344 0.589844
 45 6.237772 -3.866804 56.131649 -0.004400 0.694490 0.719489 0.949219 0.558594
 45 6.957761 -3.866360 56.135742 -0.004800 0.598504 0.801105 0.949219 0.558594
v_famas.bmp
 45 6.031530 -14.019726 56.570129 0.999903 0.000400 0.013900 0.144531 0.601563
 45 6.031223 -13.109445 56.525539 0.999903 0.000400 0.013900 0.214844 0.597656
 45 6.032075 -13.809016 56.451382 0.999903 0.000400 0.013900 0.160156 0.589844
v_famas.bmp
 45 6.031530 -14.019726 56.570129 0.999903 0.000400 0.013900 0.144531 0.601563
 45 6.030342 -12.890222 56.656841 0.999903 0.000400 0.013900 0.234375 0.609375
 45 6.031223 -13.109445 56.525539 0.999903 0.000400 0.013900 0.214844 0.597656
v_famas.bmp
 45 6.031530 -14.019726 56.570129 0.999903 0.000400 0.013900 0.144531 0.601563
 45 6.039807 -15.742662 57.059952 0.999903 0.000400 0.013900 0.007813 0.648438
 45 6.030342 -12.890222 56.656841 0.999903 0.000400 0.013900 0.234375 0.609375
v_famas.bmp
 45 6.031530 -14.019726 56.570129 0.999903 0.000400 0.013900 0.144531 0.601563
 45 6.045065 -15.436960 56.101765 0.999903 0.000400 0.013900 0.031250 0.558594
 45 6.039807 -15.742662 57.059952 0.999903 0.000400 0.013900 0.007813 0.648438
v_famas.bmp
 45 6.031530 -14.019726 56.570129 0.999903 0.000400 0.013900 0.144531 0.601563
 45 6.032418 -14.248950 56.438766 0.999903 0.000400 0.013900 0.125000 0.589844
 45 6.045065 -15.436960 56.101765 0.999903 0.000400 0.013900 0.031250 0.558594
v_famas.bmp
 45 6.805934 -5.000024 60.098274 0.005600 -0.336312 -0.941734 0.683594 0.894531
 45 6.346403 -5.710294 60.091438 0.005700 0.004700 -0.999973 0.656250 0.859375
 45 6.806396 -5.710011 60.094055 0.005700 0.004700 -0.999973 0.656250 0.894531
v_famas.bmp
 45 6.806396 -5.710011 60.094055 0.005700 0.004700 -0.999973 0.656250 0.894531
 45 6.346403 -5.710294 60.091438 0.005700 0.004700 -0.999973 0.656250 0.859375
 45 6.812128 -14.619912 60.051113 0.005500 0.154399 -0.987993 0.316406 0.894531
v_famas.bmp
 45 6.346403 -5.710294 60.091438 0.005700 0.004700 -0.999973 0.656250 0.859375
 45 6.352135 -14.620196 60.048500 0.005200 0.304590 -0.952469 0.316406 0.859375
 45 6.812128 -14.619912 60.051113 0.005500 0.154399 -0.987993 0.316406 0.894531
v_famas.bmp
 45 6.812128 -14.619912 60.051113 0.005500 0.154399 -0.987993 0.316406 0.894531
 45 6.352135 -14.620196 60.048500 0.005200 0.304590 -0.952469 0.316406 0.859375
 45 6.813530 -15.028716 59.848686 0.004800 0.444286 -0.895872 0.304688 0.894531
v_famas.bmp
 45 6.352135 -14.620196 60.048500 0.005200 0.304590 -0.952469 0.316406 0.859375
 45 6.353538 -15.028999 59.846069 0.004800 0.444286 -0.895872 0.304688 0.859375
 45 6.813530 -15.028716 59.848686 0.004800 0.444286 -0.895872 0.304688 0.894531
v_famas.bmp
 45 6.168104 0.255773 57.385807 -0.005200 -0.374418 0.927245 0.234375 0.515625
 45 6.182189 -1.220924 56.827087 -0.003400 -0.737996 0.674796 0.156250 0.515625
 45 6.112190 -1.220968 56.826691 -0.005700 -0.557066 0.830449 0.160156 0.535156
v_famas.bmp
 45 6.112190 -1.220968 56.826691 -0.005700 -0.557066 0.830449 0.160156 0.535156
 45 6.182189 -1.220924 56.827087 -0.003400 -0.737996 0.674796 0.156250 0.515625
 45 6.113158 -1.310014 56.666161 -0.001200 -0.948422 0.317007 0.132813 0.535156
v_famas.bmp
 45 6.182189 -1.220924 56.827087 -0.003400 -0.737996 0.674796 0.156250 0.515625
 45 6.183156 -1.309971 56.666557 -0.000400 -0.982813 0.184602 0.132813 0.515625
 45 6.113158 -1.310014 56.666161 -0.001200 -0.948422 0.317007 0.132813 0.535156
v_famas.bmp
 45 6.113158 -1.310014 56.666161 -0.001200 -0.948422 0.317007 0.132813 0.535156
 45 6.183156 -1.309971 56.666557 -0.000400 -0.982813 0.184602 0.132813 0.515625
 45 6.114237 -1.308885 56.476166 0.000600 -1.000000 -0.000100 0.101563 0.535156
v_famas.bmp
 45 6.183156 -1.309971 56.666557 -0.000400 -0.982813 0.184602 0.132813 0.515625
 45 6.174293 -1.308788 56.466507 0.000600 -1.000000 -0.000100 0.101563 0.515625
 45 6.114237 -1.308885 56.476166 0.000600 -1.000000 -0.000100 0.101563 0.535156
v_famas.bmp
 45 6.601988 -10.626640 56.123528 -0.005700 -0.007000 0.999959 0.414063 0.558594
 45 6.041796 -10.316991 56.122189 -0.005700 -0.007000 0.999959 0.437500 0.558594
 45 7.161777 -10.316301 56.128551 -0.005700 -0.007000 0.999959 0.437500 0.558594
v_famas.bmp
 45 7.161777 -10.316301 56.128551 -0.005700 -0.007000 0.999959 0.437500 0.558594
 45 6.041796 -10.316991 56.122189 -0.005700 -0.007000 0.999959 0.437500 0.558594
 45 7.160303 -8.046342 56.142040 -0.005700 -0.007000 0.999959 0.617188 0.558594
v_famas.bmp
 45 6.041796 -10.316991 56.122189 -0.005700 -0.007000 0.999959 0.437500 0.558594
 45 6.040321 -8.047031 56.135674 -0.005700 -0.007000 0.999959 0.617188 0.558594
 45 7.160303 -8.046342 56.142040 -0.005700 -0.007000 0.999959 0.617188 0.558594
v_famas.bmp
 45 7.160303 -8.046342 56.142040 -0.005700 -0.007000 0.999959 0.617188 0.558594
 45 6.040321 -8.047031 56.135674 -0.005700 -0.007000 0.999959 0.617188 0.558594
 45 7.049488 -6.876489 56.158367 -0.005700 -0.007000 0.999959 0.710938 0.562500
v_famas.bmp
 45 6.040321 -8.047031 56.135674 -0.005700 -0.007000 0.999959 0.617188 0.558594
 45 6.149502 -6.877044 56.153252 -0.005700 -0.007000 0.999959 0.710938 0.562500
 45 7.049488 -6.876489 56.158367 -0.005700 -0.007000 0.999959 0.710938 0.562500
v_famas.bmp
 49 6.576241 -8.331352 55.126995 0.926681 -0.358493 0.112897 0.593750 0.468750
 49 6.574896 -8.272721 55.357342 0.946082 -0.312494 0.085298 0.601563 0.488281
 49 6.604817 -8.152704 55.358227 0.926681 -0.358493 0.112897 0.609375 0.488281
v_famas.bmp
 49 6.604817 -8.152704 55.358227 0.926681 -0.358493 0.112897 0.609375 0.488281
 49 6.574896 -8.272721 55.357342 0.946082 -0.312494 0.085298 0.601563 0.488281
 49 6.602227 -8.015324 55.799042 0.962914 -0.265304 0.049100 0.621094 0.531250
v_famas.bmp
 49 6.574896 -8.272721 55.357342 0.946082 -0.312494 0.085298 0.601563 0.488281
 49 6.572358 -8.215338 55.797684 0.978672 -0.205294 0.007400 0.605469 0.531250
 49 6.602227 -8.015324 55.799042 0.962914 -0.265304 0.049100 0.621094 0.531250
v_famas.bmp
 49 6.602227 -8.015324 55.799042 0.962914 -0.265304 0.049100 0.621094 0.531250
 49 6.572358 -8.215338 55.797684 0.978672 -0.205294 0.007400 0.605469 0.531250
 49 6.598876 -8.018831 56.389023 0.978672 -0.205294 0.007400 0.621094 0.562500
v_famas.bmp
 49 6.572358 -8.215338 55.797684 0.978672 -0.205294 0.007400 0.605469 0.531250
 49 6.569039 -8.268846 56.387367 0.978672 -0.205294 0.007400 0.601563 0.562500
 49 6.598876 -8.018831 56.389023 0.978672 -0.205294 0.007400 0.621094 0.562500
v_famas.bmp
 45 6.912002 -14.859686 58.340199 0.005700 0.004700 -0.999973 0.132813 0.832031
 45 6.906685 -6.589773 58.379337 0.005700 0.004700 -0.999973 0.734375 0.828125
 45 6.282012 -14.860074 58.336617 0.005700 0.004700 -0.999973 0.132813 0.757813
v_famas.bmp
 45 6.282012 -14.860074 58.336617 0.005700 0.004700 -0.999973 0.132813 0.757813
 45 6.906685 -6.589773 58.379337 0.005700 0.004700 -0.999973 0.734375 0.828125
 45 6.266695 -6.590168 58.375698 0.005700 0.004700 -0.999973 0.734375 0.757813
v_famas.bmp
 45 6.906685 -6.589773 58.379337 0.005700 0.004700 -0.999973 0.734375 0.828125
 45 6.895880 -5.349802 58.386646 0.005700 0.004700 -0.999973 0.824219 0.828125
 45 6.266695 -6.590168 58.375698 0.005700 0.004700 -0.999973 0.734375 0.757813
v_famas.bmp
 45 6.266695 -6.590168 58.375698 0.005700 0.004700 -0.999973 0.734375 0.757813
 45 6.895880 -5.349802 58.386646 0.005700 0.004700 -0.999973 0.824219 0.828125
 45 6.265903 -5.370189 58.382946 0.005700 0.004700 -0.999973 0.828125 0.757813
v_famas.bmp
 45 6.149502 -6.877044 56.153252 0.995990 -0.087999 0.016100 0.710938 0.562500
 45 6.023392 -8.054291 57.355576 0.995990 -0.087999 0.016100 0.617188 0.671875
 45 6.266212 -5.489491 56.582180 0.995990 -0.087999 0.016100 0.820313 0.597656
v_famas.bmp
 45 6.266212 -5.489491 56.582180 0.995990 -0.087999 0.016100 0.820313 0.597656
 45 6.023392 -8.054291 57.355576 0.995990 -0.087999 0.016100 0.617188 0.671875
 45 6.172309 -6.304170 57.356827 0.995990 -0.087999 0.016100 0.757813 0.667969
v_famas.bmp
 45 6.023392 -8.054291 57.355576 0.995990 -0.087999 0.016100 0.617188 0.671875
 45 6.022483 -8.055243 57.515572 0.995990 -0.087999 0.016100 0.617188 0.683594
 45 6.172309 -6.304170 57.356827 0.995990 -0.087999 0.016100 0.757813 0.667969
v_famas.bmp
 45 6.172309 -6.304170 57.356827 0.995990 -0.087999 0.016100 0.757813 0.667969
 45 6.022483 -8.055243 57.515572 0.995990 -0.087999 0.016100 0.617188 0.683594
 45 6.181400 -6.305115 57.516880 0.995990 -0.087999 0.016100 0.757813 0.683594
v_famas.bmp
 45 6.282874 1.040898 58.221153 0.986965 0.003500 -0.160894 0.421875 0.476563
 45 6.167138 0.254763 57.555801 0.986965 0.003500 -0.160894 0.355469 0.417969
 45 6.263331 0.250841 58.226345 0.986965 0.003500 -0.160894 0.355469 0.476563
v_famas.bmp
 45 6.282874 1.040898 58.221153 0.986965 0.003500 -0.160894 0.421875 0.476563
 45 6.164325 4.584686 57.581528 0.986965 0.003500 -0.160894 0.707031 0.417969
 45 6.167138 0.254763 57.555801 0.986965 0.003500 -0.160894 0.355469 0.417969
v_famas.bmp
 45 6.282874 1.040898 58.221153 0.986965 0.003500 -0.160894 0.421875 0.476563
 45 6.357434 4.337441 58.821198 0.986965 0.003500 -0.160894 0.687500 0.527344
 45 6.164325 4.584686 57.581528 0.986965 0.003500 -0.160894 0.707031 0.417969
v_famas.bmp
 45 6.282874 1.040898 58.221153 0.986965 0.003500 -0.160894 0.421875 0.476563
 45 6.359189 1.637489 58.805153 0.986965 0.003500 -0.160894 0.468750 0.527344
 45 6.357434 4.337441 58.821198 0.986965 0.003500 -0.160894 0.687500 0.527344
v_famas.bmp
 45 6.727152 -8.429709 54.977261 -0.005600 -0.061001 0.998122 0.910156 0.945313
 45 6.474545 -7.121729 55.293613 -0.005400 -0.239307 0.970929 0.839844 0.949219
 45 6.724540 -7.121575 55.295036 -0.005400 -0.239307 0.970929 0.839844 0.949219
v_famas.bmp
 45 6.727152 -8.429709 54.977261 -0.005600 -0.061001 0.998122 0.910156 0.945313
 45 6.477156 -8.429863 54.975842 -0.005600 -0.061001 0.998122 0.910156 0.945313
 45 6.474545 -7.121729 55.293613 -0.005400 -0.239307 0.970929 0.839844 0.949219
v_famas.bmp
 45 6.727152 -8.429709 54.977261 -0.005600 -0.061001 0.998122 0.910156 0.945313
 45 6.477128 -8.910212 55.032986 -0.005700 0.119195 0.992855 0.921875 0.937500
 45 6.477156 -8.429863 54.975842 -0.005600 -0.061001 0.998122 0.910156 0.945313
v_famas.bmp
 45 6.727152 -8.429709 54.977261 -0.005600 -0.061001 0.998122 0.910156 0.945313
 45 6.727123 -8.910057 55.034409 -0.005700 0.119195 0.992855 0.921875 0.937500
 45 6.477128 -8.910212 55.032986 -0.005700 0.119195 0.992855 0.921875 0.937500
v_famas.bmp
 45 7.069989 -4.154605 57.534714 -0.000600 0.999984 0.005600 0.832031 0.164063
 45 6.110970 -4.154186 57.359261 -0.000600 0.999984 0.005600 0.847656 0.164063
 45 7.070784 -4.153772 57.394718 -0.000600 0.999984 0.005600 0.847656 0.164063
v_famas.bmp
 45 7.069989 -4.154605 57.534714 -0.000600 0.999984 0.005600 0.832031 0.164063
 45 6.110004 -4.155196 57.529255 -0.000600 0.999984 0.005600 0.832031 0.164063
 45 6.110970 -4.154186 57.359261 -0.000600 0.999984 0.005600 0.847656 0.164063
v_famas.bmp
 45 7.069989 -4.154605 57.534714 -0.000600 0.999984 0.005600 0.832031 0.164063
 45 6.215345 -4.160004 58.349854 -0.000600 0.999984 0.005600 0.750000 0.164063
 45 6.110004 -4.155196 57.529255 -0.000600 0.999984 0.005600 0.832031 0.164063
v_famas.bmp
 45 7.069989 -4.154605 57.534714 -0.000600 0.999984 0.005600 0.832031 0.164063
 45 6.965276 -4.159601 58.364117 -0.000600 0.999984 0.005600 0.750000 0.164063
 45 6.215345 -4.160004 58.349854 -0.000600 0.999984 0.005600 0.750000 0.164063
v_famas.bmp
 45 6.118227 -3.075881 55.965668 -0.005700 -0.297410 0.954733 0.722656 0.292969
 45 7.076600 -2.606665 56.203907 0.033801 -0.500608 0.865014 0.675781 0.707031
 45 7.078211 -3.075290 55.971123 -0.005700 0.119195 0.992855 0.722656 0.707031
v_famas.bmp
 45 6.118227 -3.075881 55.965668 -0.005700 -0.297410 0.954733 0.722656 0.292969
 45 6.996601 -2.606715 56.203453 0.033801 -0.500608 0.865014 0.675781 0.671875
 45 7.076600 -2.606665 56.203907 0.033801 -0.500608 0.865014 0.675781 0.707031
v_famas.bmp
 45 6.118227 -3.075881 55.965668 -0.005700 -0.297410 0.954733 0.722656 0.292969
 45 6.216613 -2.607195 56.199020 -0.005700 -0.297410 0.954733 0.675781 0.335938
 45 6.996601 -2.606715 56.203453 0.033801 -0.500608 0.865014 0.675781 0.671875
v_famas.bmp
 45 6.118227 -3.075881 55.965668 -0.005700 -0.297410 0.954733 0.722656 0.292969
 45 6.116615 -2.607257 56.198452 -0.028800 -0.153602 0.987713 0.675781 0.292969
 45 6.216613 -2.607195 56.199020 -0.005700 -0.297410 0.954733 0.675781 0.335938
v_famas.bmp
 45 6.212735 0.120099 58.345284 0.241497 -0.790890 -0.562293 0.757813 0.515625
 45 6.263331 0.250841 58.226345 0.208302 -0.593505 -0.777407 0.757813 0.523438
 45 6.107139 0.254726 57.555458 0.463196 -0.878592 -0.116299 0.832031 0.523438
v_famas.bmp
 45 6.212735 0.120099 58.345284 0.241497 -0.790890 -0.562293 0.757813 0.515625
 45 6.803549 0.251411 58.189415 0.049203 -0.823050 -0.565834 0.730469 0.523438
 45 6.263331 0.250841 58.226345 0.208302 -0.593505 -0.777407 0.757813 0.523438
v_famas.bmp
 45 6.212735 0.120099 58.345284 0.241497 -0.790890 -0.562293 0.757813 0.515625
 45 6.953320 0.251266 58.230267 0.049203 -0.823050 -0.565834 0.703125 0.523438
 45 6.803549 0.251411 58.189415 0.049203 -0.823050 -0.565834 0.730469 0.523438
v_famas.bmp
 45 6.212735 0.120099 58.345284 0.241497 -0.790890 -0.562293 0.757813 0.515625
 45 6.952666 0.120495 58.359489 0.005500 -0.706396 -0.707796 0.703125 0.515625
 45 6.953320 0.251266 58.230267 0.049203 -0.823050 -0.565834 0.703125 0.523438
v_famas.bmp
 45 6.214988 -3.960245 58.391041 0.948875 -0.015100 -0.315292 0.750000 0.183594
 45 6.110004 -4.155196 57.529255 0.992628 -0.004900 -0.121103 0.832031 0.164063
 45 6.215345 -4.160004 58.349854 0.992628 -0.004900 -0.121103 0.753906 0.164063
v_famas.bmp
 45 6.214988 -3.960245 58.391041 0.948875 -0.015100 -0.315292 0.750000 0.183594
 45 6.215140 -3.669894 58.332767 0.981331 -0.019801 -0.191306 0.753906 0.207031
 45 6.110004 -4.155196 57.529255 0.992628 -0.004900 -0.121103 0.832031 0.164063
v_famas.bmp
 45 6.214988 -3.960245 58.391041 0.948875 -0.015100 -0.315292 0.750000 0.183594
 45 6.274344 -3.670689 58.473103 0.865230 -0.021401 -0.500918 0.742188 0.207031
 45 6.215140 -3.669894 58.332767 0.981331 -0.019801 -0.191306 0.753906 0.207031
v_famas.bmp
 45 6.214988 -3.960245 58.391041 0.948875 -0.015100 -0.315292 0.750000 0.183594
 45 6.284487 -3.890679 58.471851 0.800593 0.003900 -0.599195 0.738281 0.187500
 45 6.274344 -3.670689 58.473103 0.865230 -0.021401 -0.500918 0.742188 0.207031
v_famas.bmp
 45 6.604197 -14.026581 56.103325 0.572085 -0.309692 0.759480 0.144531 0.558594
 45 6.032075 -13.809016 56.451382 0.554814 0.650316 0.518913 0.160156 0.589844
 45 6.043664 -13.717288 56.161983 0.479512 0.831021 0.281907 0.167969 0.566406
v_famas.bmp
 45 6.604197 -14.026581 56.103325 0.572085 -0.309692 0.759480 0.144531 0.558594
 45 6.031530 -14.019726 56.570129 0.630316 -0.005400 0.776320 0.144531 0.601563
 45 6.032075 -13.809016 56.451382 0.554814 0.650316 0.518913 0.160156 0.589844
v_famas.bmp
 45 6.604197 -14.026581 56.103325 0.572085 -0.309692 0.759480 0.144531 0.558594
 45 6.032418 -14.248950 56.438766 0.549688 -0.670485 0.498289 0.125000 0.589844
 45 6.031530 -14.019726 56.570129 0.630316 -0.005400 0.776320 0.144531 0.601563
v_famas.bmp
 45 6.604197 -14.026581 56.103325 0.572085 -0.309692 0.759480 0.144531 0.558594
 45 6.044407 -14.336920 56.098301 0.467187 -0.852276 0.235293 0.117188 0.558594
 45 6.032418 -14.248950 56.438766 0.549688 -0.670485 0.498289 0.125000 0.589844
v_famas.bmp
 45 6.603463 -12.896601 56.110043 0.623503 -0.305402 0.719704 0.234375 0.558594
 45 6.030887 -12.679512 56.538094 0.593118 0.652020 0.472314 0.250000 0.597656
 45 6.042930 -12.587308 56.168697 0.481913 0.847022 0.224306 0.257813 0.566406
v_famas.bmp
 45 6.603463 -12.896601 56.110043 0.623503 -0.305402 0.719704 0.234375 0.558594
 45 6.030342 -12.890222 56.656841 0.684601 -0.005100 0.728900 0.234375 0.609375
 45 6.030887 -12.679512 56.538094 0.593118 0.652020 0.472314 0.250000 0.597656
v_famas.bmp
 45 6.603463 -12.896601 56.110043 0.623503 -0.305402 0.719704 0.234375 0.558594
 45 6.031223 -13.109445 56.525539 0.590299 -0.653499 0.473799 0.214844 0.597656
 45 6.030342 -12.890222 56.656841 0.684601 -0.005100 0.728900 0.234375 0.609375
v_famas.bmp
 45 6.603463 -12.896601 56.110043 0.623503 -0.305402 0.719704 0.234375 0.558594
 45 6.043333 -13.207296 56.165012 0.467187 -0.852276 0.235293 0.207031 0.566406
 45 6.031223 -13.109445 56.525539 0.590299 -0.653499 0.473799 0.214844 0.597656
v_famas.bmp
 45 6.602665 -11.756680 56.126816 0.623503 -0.305402 0.719704 0.324219 0.558594
 45 6.030153 -11.549532 56.544807 0.593118 0.652020 0.472314 0.339844 0.597656
 45 6.042189 -11.447329 56.175472 0.481913 0.847022 0.224306 0.347656 0.566406
v_famas.bmp
 45 6.602665 -11.756680 56.126816 0.623503 -0.305402 0.719704 0.324219 0.558594
 45 6.029601 -11.750242 56.663616 0.684601 -0.005100 0.728900 0.324219 0.609375
 45 6.030153 -11.549532 56.544807 0.593118 0.652020 0.472314 0.339844 0.597656
v_famas.bmp
 45 6.602665 -11.756680 56.126816 0.623503 -0.305402 0.719704 0.324219 0.558594
 45 6.030489 -11.979465 56.532253 0.590299 -0.653499 0.473799 0.304688 0.597656
 45 6.029601 -11.750242 56.663616 0.684601 -0.005100 0.728900 0.324219 0.609375
v_famas.bmp
 45 6.602665 -11.756680 56.126816 0.623503 -0.305402 0.719704 0.324219 0.558594
 45 6.042592 -12.067317 56.171787 0.467187 -0.852276 0.235293 0.296875 0.566406
 45 6.030489 -11.979465 56.532253 0.590299 -0.653499 0.473799 0.304688 0.597656
v_famas.bmp
 45 6.601988 -10.626640 56.123528 0.572085 -0.309692 0.759480 0.414063 0.558594
 45 6.039866 -10.409071 56.471642 0.554814 0.650316 0.518913 0.429688 0.589844
 45 6.041796 -10.316991 56.122189 0.481913 0.847022 0.224306 0.437500 0.558594
v_famas.bmp
 45 6.601988 -10.626640 56.123528 0.572085 -0.309692 0.759480 0.414063 0.558594
 45 6.029321 -10.619786 56.590332 0.630316 -0.005400 0.776320 0.414063 0.601563
 45 6.039866 -10.409071 56.471642 0.554814 0.650316 0.518913 0.429688 0.589844
v_famas.bmp
 45 6.601988 -10.626640 56.123528 0.572085 -0.309692 0.759480 0.414063 0.558594
 45 6.030209 -10.849010 56.458969 0.549688 -0.670485 0.498289 0.394531 0.589844
 45 6.029321 -10.619786 56.590332 0.630316 -0.005400 0.776320 0.414063 0.601563
v_famas.bmp
 45 6.601988 -10.626640 56.123528 0.572085 -0.309692 0.759480 0.414063 0.558594
 45 6.041858 -10.937337 56.178501 0.485221 -0.825736 0.287612 0.386719 0.566406
 45 6.030209 -10.849010 56.458969 0.549688 -0.670485 0.498289 0.394531 0.589844
v_famas.bmp
 45 6.282668 -15.870057 58.330616 0.959438 0.002300 -0.281911 0.000000 0.757813
 45 6.282012 -14.860074 58.336617 0.941313 -0.241703 -0.235603 0.078125 0.757813
 45 6.027557 -15.865104 57.469166 0.959438 0.002300 -0.281911 0.000000 0.683594
v_famas.bmp
 45 6.027557 -15.865104 57.469166 0.959438 0.002300 -0.281911 0.000000 0.683594
 45 6.282012 -14.860074 58.336617 0.941313 -0.241703 -0.235603 0.078125 0.757813
 45 6.022483 -8.055243 57.515572 0.959438 0.002300 -0.281911 0.617188 0.683594
v_famas.bmp
 45 6.282012 -14.860074 58.336617 0.941313 -0.241703 -0.235603 0.078125 0.757813
 45 6.266695 -6.590168 58.375698 0.959438 0.002300 -0.281911 0.734375 0.757813
 45 6.022483 -8.055243 57.515572 0.959438 0.002300 -0.281911 0.617188 0.683594
v_famas.bmp
 45 6.266695 -6.590168 58.375698 0.999903 0.000400 0.013900 0.734375 0.757813
 45 6.265903 -5.370189 58.382946 0.999903 0.000400 0.013900 0.832031 0.757813
 45 6.259120 -5.947213 57.879459 0.999903 0.000400 0.013900 0.785156 0.714844
v_famas.bmp
 45 6.259120 -5.947213 57.879459 0.999903 0.000400 0.013900 0.785156 0.714844
 45 6.265903 -5.370189 58.382946 0.999903 0.000400 0.013900 0.832031 0.757813
 45 6.257833 -3.967247 57.891224 0.999903 0.000400 0.013900 0.945313 0.718750
v_famas.bmp
 45 6.265903 -5.370189 58.382946 0.999903 0.000400 0.013900 0.832031 0.757813
 45 6.274993 -3.970208 58.391323 0.999903 0.000400 0.013900 0.945313 0.757813
 45 6.257833 -3.967247 57.891224 0.999903 0.000400 0.013900 0.945313 0.718750
v_famas.bmp
 45 6.237772 -3.866804 56.131649 0.999903 0.000400 0.013900 0.949219 0.558594
 45 6.236130 -4.488933 56.487953 0.999903 0.000400 0.013900 0.902344 0.589844
 45 6.230781 -3.954175 57.371132 0.999903 0.000400 0.013900 0.945313 0.667969
v_famas.bmp
 45 6.230781 -3.954175 57.371132 0.999903 0.000400 0.013900 0.945313 0.667969
 45 6.236130 -4.488933 56.487953 0.999903 0.000400 0.013900 0.902344 0.589844
 45 6.251775 -5.484135 57.362156 0.999903 0.000400 0.013900 0.824219 0.667969
v_famas.bmp
 45 6.236130 -4.488933 56.487953 0.999903 0.000400 0.013900 0.902344 0.589844
 45 6.266212 -5.489491 56.582180 0.999903 0.000400 0.013900 0.820313 0.597656
 45 6.251775 -5.484135 57.362156 0.999903 0.000400 0.013900 0.824219 0.667969
v_famas.bmp
 45 6.237772 -3.866804 56.131649 -0.004400 0.694490 0.719489 0.019531 0.296875
 45 6.241026 -3.363067 55.504642 -0.002400 0.930099 0.367300 0.062500 0.238281
 45 6.961014 -3.362624 55.508732 -0.003200 0.863179 0.504888 0.062500 0.238281
v_famas.bmp
 45 6.961014 -3.362624 55.508732 -0.003200 0.863179 0.504888 0.062500 0.238281
 45 6.241026 -3.363067 55.504642 -0.002400 0.930099 0.367300 0.062500 0.238281
 45 6.964836 -3.208524 54.819649 -0.001600 0.974452 0.224589 0.074219 0.179688
v_famas.bmp
 45 6.241026 -3.363067 55.504642 -0.002400 0.930099 0.367300 0.062500 0.238281
 45 6.244848 -3.208967 54.815556 -0.001600 0.974452 0.224589 0.074219 0.179688
 45 6.964836 -3.208524 54.819649 -0.001600 0.974452 0.224589 0.074219 0.179688
v_famas.bmp
 45 6.029601 -11.750242 56.663616 0.999903 0.000400 0.013900 0.324219 0.609375
 45 6.030489 -11.979465 56.532253 0.999903 0.000400 0.013900 0.304688 0.597656
 45 6.030887 -12.679512 56.538094 0.999903 0.000400 0.013900 0.250000 0.597656
v_famas.bmp
 45 6.030887 -12.679512 56.538094 0.999903 0.000400 0.013900 0.250000 0.597656
 45 6.030489 -11.979465 56.532253 0.999903 0.000400 0.013900 0.304688 0.597656
 45 6.042930 -12.587308 56.168697 0.999903 0.000400 0.013900 0.257813 0.566406
v_famas.bmp
 45 6.030489 -11.979465 56.532253 0.999903 0.000400 0.013900 0.304688 0.597656
 45 6.042592 -12.067317 56.171787 0.999903 0.000400 0.013900 0.300781 0.566406
 45 6.042930 -12.587308 56.168697 0.999903 0.000400 0.013900 0.257813 0.566406
v_famas.bmp
 45 6.029321 -10.619786 56.590332 0.999903 0.000400 0.013900 0.414063 0.601563
 45 6.030209 -10.849010 56.458969 0.999903 0.000400 0.013900 0.394531 0.589844
 45 6.030153 -11.549532 56.544807 0.999903 0.000400 0.013900 0.339844 0.597656
v_famas.bmp
 45 6.030153 -11.549532 56.544807 0.999903 0.000400 0.013900 0.339844 0.597656
 45 6.030209 -10.849010 56.458969 0.999903 0.000400 0.013900 0.394531 0.589844
 45 6.042189 -11.447329 56.175472 0.999903 0.000400 0.013900 0.347656 0.566406
v_famas.bmp
 45 6.030209 -10.849010 56.458969 0.999903 0.000400 0.013900 0.394531 0.589844
 45 6.041858 -10.937337 56.178501 0.999903 0.000400 0.013900 0.390625 0.566406
 45 6.042189 -11.447329 56.175472 0.999903 0.000400 0.013900 0.347656 0.566406
v_famas.bmp
 45 6.906685 -6.589773 58.379337 -0.955869 0.000800 -0.293790 0.734375 0.757813
 45 6.912002 -14.859686 58.340199 -0.939713 -0.241103 -0.242503 0.078125 0.757813
 45 7.162464 -8.054540 57.522053 -0.955869 0.000800 -0.293790 0.617188 0.683594
v_famas.bmp
 45 7.162464 -8.054540 57.522053 -0.955869 0.000800 -0.293790 0.617188 0.683594
 45 6.912002 -14.859686 58.340199 -0.939713 -0.241103 -0.242503 0.078125 0.757813
 45 7.167539 -15.864402 57.475647 -0.955869 0.000800 -0.293790 0.000000 0.683594
v_famas.bmp
 45 6.912002 -14.859686 58.340199 -0.939713 -0.241103 -0.242503 0.078125 0.757813
 45 6.912658 -15.869669 58.334198 -0.955869 0.000800 -0.293790 0.000000 0.757813
 45 7.167539 -15.864402 57.475647 -0.955869 0.000800 -0.293790 0.000000 0.683594
v_famas.bmp
 45 6.799790 -5.336219 59.456219 -0.254202 0.929508 0.267202 0.824219 0.851563
 45 6.364910 -5.331139 58.553749 0.216799 0.935796 -0.277999 0.835938 0.777344
 45 6.804903 -5.330868 58.556248 -0.298693 0.910080 -0.287293 0.824219 0.777344
v_famas.bmp
 45 6.804903 -5.330868 58.556248 -0.298693 0.910080 -0.287293 0.824219 0.777344
 45 6.364910 -5.331139 58.553749 0.216799 0.935796 -0.277999 0.835938 0.777344
 45 6.805933 -5.429855 58.385658 -0.161800 0.856002 -0.491001 0.812500 0.757813
v_famas.bmp
 45 6.364910 -5.331139 58.553749 0.216799 0.935796 -0.277999 0.835938 0.777344
 45 6.365940 -5.430127 58.383160 0.250385 0.840851 -0.479872 0.828125 0.757813
 45 6.805933 -5.429855 58.385658 -0.161800 0.856002 -0.491001 0.812500 0.757813
v_famas.bmp
 45 6.479879 -12.720762 58.480465 0.005700 0.004700 -0.999973 0.875000 0.539063
 45 6.579924 -12.790699 58.480618 0.005700 0.004700 -0.999973 0.863281 0.558594
 45 6.519801 -12.600739 58.481403 0.005700 0.004700 -0.999973 0.894531 0.546875
v_famas.bmp
 45 6.519801 -12.600739 58.481403 0.005700 0.004700 -0.999973 0.894531 0.546875
 45 6.579924 -12.790699 58.480618 0.005700 0.004700 -0.999973 0.863281 0.558594
 45 6.629799 -12.600672 58.482029 0.005700 0.004700 -0.999973 0.894531 0.574219
v_famas.bmp
 45 6.579924 -12.790699 58.480618 0.005700 0.004700 -0.999973 0.863281 0.558594
 45 6.669877 -12.720645 58.481544 0.005700 0.004700 -0.999973 0.875000 0.582031
 45 6.629799 -12.600672 58.482029 0.005700 0.004700 -0.999973 0.894531 0.574219
v_famas.bmp
 45 6.479581 -12.260770 58.483196 0.005700 0.004700 -0.999973 0.875000 0.539063
 45 6.579625 -12.330708 58.483349 0.005700 0.004700 -0.999973 0.863281 0.558594
 45 6.519502 -12.140748 58.484138 0.005700 0.004700 -0.999973 0.894531 0.546875
v_famas.bmp
 45 6.519502 -12.140748 58.484138 0.005700 0.004700 -0.999973 0.894531 0.546875
 45 6.579625 -12.330708 58.483349 0.005700 0.004700 -0.999973 0.863281 0.558594
 45 6.629500 -12.140680 58.484764 0.005700 0.004700 -0.999973 0.894531 0.574219
v_famas.bmp
 45 6.579625 -12.330708 58.483349 0.005700 0.004700 -0.999973 0.863281 0.558594
 45 6.669578 -12.260653 58.484276 0.005700 0.004700 -0.999973 0.875000 0.582031
 45 6.629500 -12.140680 58.484764 0.005700 0.004700 -0.999973 0.894531 0.574219
v_famas.bmp
 45 6.110970 -4.154186 57.359261 -0.003200 0.863179 0.504888 0.847656 0.164063
 45 6.117414 -3.487004 56.153225 -0.004800 0.598504 0.801105 0.968750 0.218750
 45 7.077398 -3.486412 56.158680 -0.008899 0.767264 0.641270 0.968750 0.218750
v_famas.bmp
 45 7.077398 -3.486412 56.158680 -0.008899 0.767264 0.641270 0.968750 0.218750
 45 6.117414 -3.487004 56.153225 -0.004800 0.598504 0.801105 0.968750 0.218750
 45 7.078211 -3.075290 55.971123 -0.005700 0.119195 0.992855 0.988281 0.253906
v_famas.bmp
 45 6.117414 -3.487004 56.153225 -0.004800 0.598504 0.801105 0.968750 0.218750
 45 6.118227 -3.075881 55.965668 -0.005700 -0.297410 0.954733 0.988281 0.253906
 45 7.078211 -3.075290 55.971123 -0.005700 0.119195 0.992855 0.988281 0.253906
v_famas.bmp
 45 6.115632 -1.007226 56.197960 0.999903 0.000400 0.013900 0.964844 0.421875
 45 6.116615 -2.607257 56.198452 0.999903 0.000400 0.013900 0.964844 0.292969
 45 6.114237 -1.308885 56.476166 0.999903 0.000400 0.013900 0.937500 0.398438
v_famas.bmp
 45 6.114237 -1.308885 56.476166 0.999903 0.000400 0.013900 0.937500 0.398438
 45 6.116615 -2.607257 56.198452 0.999903 0.000400 0.013900 0.964844 0.292969
 45 6.113158 -1.310014 56.666161 0.999903 0.000400 0.013900 0.921875 0.398438
v_famas.bmp
 45 6.116615 -2.607257 56.198452 0.999903 0.000400 0.013900 0.964844 0.292969
 45 6.112190 -1.220968 56.826691 0.999903 0.000400 0.013900 0.902344 0.402344
 45 6.113158 -1.310014 56.666161 0.999903 0.000400 0.013900 0.921875 0.398438
v_famas.bmp
 45 6.965276 -4.159601 58.364117 -0.995678 -0.011200 -0.092198 0.000000 0.492188
 45 6.955128 -3.669437 58.336971 -0.670005 -0.019300 -0.742105 0.039063 0.488281
 45 6.954976 -3.959789 58.395248 -0.944410 -0.055201 -0.324103 0.015625 0.496094
v_famas.bmp
 45 6.954976 -3.959789 58.395248 -0.944410 -0.055201 -0.324103 0.015625 0.496094
 45 6.955128 -3.669437 58.336971 -0.670005 -0.019300 -0.742105 0.039063 0.488281
 45 6.894420 -3.890363 58.485317 -0.881267 -0.039299 -0.470982 0.019531 0.503906
v_famas.bmp
 45 6.955128 -3.669437 58.336971 -0.670005 -0.019300 -0.742105 0.039063 0.488281
 45 6.894277 -3.670366 58.486626 -0.921700 0.001600 -0.387900 0.039063 0.503906
 45 6.894420 -3.890363 58.485317 -0.881267 -0.039299 -0.470982 0.019531 0.503906
v_famas.bmp
 45 6.965276 -4.159601 58.364117 0.005500 0.154399 -0.987993 0.703125 0.164063
 45 6.954976 -3.959789 58.395248 0.004800 0.620386 -0.784282 0.703125 0.183594
 45 6.214988 -3.960245 58.391041 0.006200 0.392221 -0.919850 0.750000 0.183594
v_famas.bmp
 45 6.214988 -3.960245 58.391041 0.006200 0.392221 -0.919850 0.750000 0.183594
 45 6.954976 -3.959789 58.395248 0.004800 0.620386 -0.784282 0.703125 0.183594
 45 6.284487 -3.890679 58.471851 0.004700 0.796679 -0.604384 0.738281 0.187500
v_famas.bmp
 45 6.954976 -3.959789 58.395248 0.004800 0.620386 -0.784282 0.703125 0.183594
 45 6.894420 -3.890363 58.485317 0.004700 0.796679 -0.604384 0.703125 0.187500
 45 6.284487 -3.890679 58.471851 0.004700 0.796679 -0.604384 0.738281 0.187500
v_famas.bmp
 45 6.604197 -14.026581 56.103325 -0.005700 -0.007000 0.999959 0.144531 0.558594
 45 7.174389 -14.336224 56.104725 -0.005700 -0.007000 0.999959 0.117188 0.558594
 45 6.044407 -14.336920 56.098301 -0.005700 -0.007000 0.999959 0.117188 0.558594
v_famas.bmp
 45 6.044407 -14.336920 56.098301 -0.005700 -0.007000 0.999959 0.117188 0.558594
 45 7.174389 -14.336224 56.104725 -0.005700 -0.007000 0.999959 0.117188 0.558594
 45 6.045065 -15.436960 56.101765 -0.005700 -0.007000 0.999959 0.031250 0.558594
v_famas.bmp
 45 7.174389 -14.336224 56.104725 -0.005700 -0.007000 0.999959 0.117188 0.558594
 45 7.175047 -15.436264 56.108189 -0.005700 -0.007000 0.999959 0.031250 0.558594
 45 6.045065 -15.436960 56.101765 -0.005700 -0.007000 0.999959 0.031250 0.558594
v_famas.bmp
 45 6.958045 -1.154268 55.791855 -0.004500 -0.597190 0.802087 0.242188 0.261719
 45 6.964279 -2.438597 54.834225 -0.004500 -0.597190 0.802087 0.136719 0.179688
 45 6.238057 -1.154712 55.787762 -0.004500 -0.597190 0.802087 0.242188 0.261719
v_famas.bmp
 45 6.238057 -1.154712 55.787762 -0.004500 -0.597190 0.802087 0.242188 0.261719
 45 6.964279 -2.438597 54.834225 -0.004500 -0.597190 0.802087 0.136719 0.179688
 45 6.244291 -2.439041 54.830132 -0.004500 -0.597190 0.802087 0.136719 0.179688
v_famas.bmp
 45 6.266695 -6.590168 58.375698 0.986931 -0.089203 -0.134204 0.734375 0.757813
 45 6.259120 -5.947213 57.879459 0.986931 -0.089203 -0.134204 0.785156 0.714844
 45 6.022483 -8.055243 57.515572 0.994309 -0.059301 -0.088501 0.617188 0.683594
v_famas.bmp
 45 6.022483 -8.055243 57.515572 0.994309 -0.059301 -0.088501 0.617188 0.683594
 45 6.259120 -5.947213 57.879459 0.986931 -0.089203 -0.134204 0.785156 0.714844
 45 6.181400 -6.305115 57.516880 0.994309 -0.059301 -0.088501 0.757813 0.683594
v_famas.bmp
 45 6.180782 -3.954205 57.370850 0.999903 0.000400 0.013900 0.945313 0.667969
 45 6.172309 -6.304170 57.356827 0.999903 0.000400 0.013900 0.757813 0.667969
 45 6.179816 -3.955216 57.540844 0.999903 0.000400 0.013900 0.945313 0.683594
v_famas.bmp
 45 6.179816 -3.955216 57.540844 0.999903 0.000400 0.013900 0.945313 0.683594
 45 6.172309 -6.304170 57.356827 0.999903 0.000400 0.013900 0.757813 0.667969
 45 6.181400 -6.305115 57.516880 0.994309 -0.059301 -0.088501 0.757813 0.683594
v_famas.bmp
 45 6.179816 -3.955216 57.540844 0.975500 -0.000400 -0.220000 0.945313 0.683594
 45 6.181400 -6.305115 57.516880 0.975500 -0.000400 -0.220000 0.757813 0.683594
 45 6.257833 -3.967247 57.891224 0.975500 -0.000400 -0.220000 0.945313 0.718750
v_famas.bmp
 45 6.257833 -3.967247 57.891224 0.975500 -0.000400 -0.220000 0.945313 0.718750
 45 6.181400 -6.305115 57.516880 0.975500 -0.000400 -0.220000 0.757813 0.683594
 45 6.259120 -5.947213 57.879459 0.975500 -0.000400 -0.220000 0.785156 0.714844
v_famas.bmp
 45 6.172309 -6.304170 57.356827 -0.005700 -0.007000 0.999959 0.757813 0.667969
 45 6.180782 -3.954205 57.370850 -0.005700 -0.007000 0.999959 0.945313 0.667969
 45 6.251775 -5.484135 57.362156 -0.005700 -0.007000 0.999959 0.824219 0.667969
v_famas.bmp
 45 6.251775 -5.484135 57.362156 -0.005700 -0.007000 0.999959 0.824219 0.667969
 45 6.180782 -3.954205 57.370850 -0.005700 -0.007000 0.999959 0.945313 0.667969
 45 6.230781 -3.954175 57.371132 -0.005700 -0.007000 0.999959 0.945313 0.667969
v_famas.bmp
 45 6.964836 -3.208524 54.819649 -0.005700 -0.007000 0.999959 0.074219 0.179688
 45 6.244848 -3.208967 54.815556 -0.005700 -0.007000 0.999959 0.074219 0.179688
 45 6.964279 -2.438597 54.834225 -0.005700 -0.007000 0.999959 0.136719 0.179688
v_famas.bmp
 45 6.964279 -2.438597 54.834225 -0.005700 -0.007000 0.999959 0.136719 0.179688
 45 6.244848 -3.208967 54.815556 -0.005700 -0.007000 0.999959 0.074219 0.179688
 45 6.244291 -2.439041 54.830132 -0.005700 -0.007000 0.999959 0.136719 0.179688
v_famas.bmp
 45 6.958045 -1.154268 55.791855 -0.005700 -0.007000 0.999959 0.242188 0.261719
 45 6.238057 -1.154712 55.787762 -0.005700 -0.007000 0.999959 0.242188 0.261719
 45 6.967640 -0.444215 55.786133 -0.005700 -0.007000 0.999959 0.296875 0.261719
v_famas.bmp
 45 6.967640 -0.444215 55.786133 -0.005700 -0.007000 0.999959 0.296875 0.261719
 45 6.238057 -1.154712 55.787762 -0.005700 -0.007000 0.999959 0.242188 0.261719
 45 6.237652 -0.444665 55.781982 -0.005700 -0.007000 0.999959 0.296875 0.261719
v_famas.bmp
 45 6.043664 -13.717288 56.161983 0.999903 0.000400 0.013900 0.167969 0.566406
 45 6.032075 -13.809016 56.451382 0.999903 0.000400 0.013900 0.160156 0.589844
 45 6.043333 -13.207296 56.165012 0.999903 0.000400 0.013900 0.207031 0.566406
v_famas.bmp
 45 6.043333 -13.207296 56.165012 0.999903 0.000400 0.013900 0.207031 0.566406
 45 6.032075 -13.809016 56.451382 0.999903 0.000400 0.013900 0.160156 0.589844
 45 6.031223 -13.109445 56.525539 0.999903 0.000400 0.013900 0.214844 0.597656
v_famas.bmp
 45 6.906685 -6.589773 58.379337 -0.984834 -0.090203 -0.148205 0.734375 0.757813
 45 7.162464 -8.054540 57.522053 -0.984834 -0.090203 -0.148205 0.617188 0.683594
 45 6.919109 -5.946806 57.883213 -0.984834 -0.090203 -0.148205 0.785156 0.714844
v_famas.bmp
 45 6.919109 -5.946806 57.883213 -0.984834 -0.090203 -0.148205 0.785156 0.714844
 45 7.162464 -8.054540 57.522053 -0.984834 -0.090203 -0.148205 0.617188 0.683594
 45 7.001387 -6.304610 57.521542 -0.984834 -0.090203 -0.148205 0.757813 0.683594
v_famas.bmp
 45 6.894983 -3.969826 58.394848 0.372898 -0.854894 -0.360698 0.015625 0.496094
 45 6.274993 -3.970208 58.391323 -0.267907 -0.834720 -0.481112 0.015625 0.496094
 45 6.814029 -4.161001 58.583256 0.371707 -0.726614 -0.577811 0.000000 0.511719
v_famas.bmp
 45 6.814029 -4.161001 58.583256 0.371707 -0.726614 -0.577811 0.000000 0.511719
 45 6.274993 -3.970208 58.391323 -0.267907 -0.834720 -0.481112 0.015625 0.496094
 45 6.354036 -4.161285 58.580643 -0.565891 -0.688689 -0.453293 0.000000 0.511719
v_famas.bmp
 45 6.282668 -15.870057 58.330616 0.006300 -0.063398 -0.997968 0.000000 0.761719
 45 6.912658 -15.869669 58.334198 0.006300 -0.063398 -0.997968 0.000000 0.761719
 45 6.362621 -15.800009 58.331486 0.006300 -0.063398 -0.997968 0.003906 0.761719
v_famas.bmp
 45 6.362621 -15.800009 58.331486 0.006300 -0.063398 -0.997968 0.003906 0.761719
 45 6.912658 -15.869669 58.334198 0.006300 -0.063398 -0.997968 0.000000 0.761719
 45 6.822614 -15.799726 58.334103 0.006300 -0.063398 -0.997968 0.003906 0.761719
v_famas.bmp
 45 6.814029 -4.161001 58.583256 0.006300 -0.063398 -0.997968 0.929688 0.781250
 45 6.354036 -4.161285 58.580643 0.006300 -0.063398 -0.997968 0.929688 0.781250
 45 6.814112 -4.551173 58.610939 0.006300 -0.063398 -0.997968 0.898438 0.781250
v_famas.bmp
 45 6.814112 -4.551173 58.610939 0.006300 -0.063398 -0.997968 0.898438 0.781250
 45 6.354036 -4.161285 58.580643 0.006300 -0.063398 -0.997968 0.929688 0.781250
 45 6.354119 -4.551456 58.608322 0.006300 -0.063398 -0.997968 0.898438 0.781250
v_famas.bmp
 45 6.955464 -5.749556 54.984493 -0.851674 -0.460386 -0.250392 0.425781 0.164063
 45 6.769490 -6.086141 56.071472 -0.621112 -0.408708 -0.668713 0.519531 0.125000
 45 6.940716 -6.314902 55.881081 -0.626786 0.144997 -0.765582 0.503906 0.105469
v_famas.bmp
 45 6.940716 -6.314902 55.881081 -0.626786 0.144997 -0.765582 0.503906 0.105469
 45 6.769490 -6.086141 56.071472 -0.621112 -0.408708 -0.668713 0.519531 0.125000
 45 6.429496 -6.086350 56.069542 0.288692 -0.289592 -0.912575 0.519531 0.125000
v_famas.bmp
 45 6.266201 -6.779903 54.964451 0.876985 0.426993 0.220396 0.425781 0.074219
 45 6.265475 -5.749980 54.980572 0.977799 -0.190400 -0.087500 0.425781 0.164063
 45 6.268890 -6.807108 54.494289 0.820994 0.555396 0.132299 0.382813 0.074219
v_famas.bmp
 45 6.268890 -6.807108 54.494289 0.820994 0.555396 0.132299 0.382813 0.074219
 45 6.265475 -5.749980 54.980572 0.977799 -0.190400 -0.087500 0.425781 0.164063
 45 6.270443 -6.485271 54.186203 0.812098 0.492599 0.312799 0.355469 0.101563
v_famas.bmp
 45 6.994311 4.585197 57.586246 0.000300 -0.998125 0.061202 0.707031 0.417969
 45 7.007757 4.449172 55.235432 0.000300 -0.998125 0.061202 0.695313 0.210938
 45 6.164325 4.584686 57.581528 0.000300 -0.998125 0.061202 0.707031 0.417969
v_famas.bmp
 45 6.164325 4.584686 57.581528 0.000300 -0.998125 0.061202 0.707031 0.417969
 45 7.007757 4.449172 55.235432 0.000300 -0.998125 0.061202 0.695313 0.210938
 45 6.177771 4.448660 55.230717 0.000300 -0.998125 0.061202 0.695313 0.210938
v_famas.bmp
 45 6.282874 1.040898 58.221153 0.005700 0.004700 -0.999973 0.421875 0.476563
 45 6.263331 0.250841 58.226345 0.208302 -0.593505 -0.777407 0.355469 0.476563
 45 6.862852 1.061255 58.224567 0.005700 0.004700 -0.999973 0.421875 0.476563
v_famas.bmp
 45 6.862852 1.061255 58.224567 0.005700 0.004700 -0.999973 0.421875 0.476563
 45 6.263331 0.250841 58.226345 0.208302 -0.593505 -0.777407 0.355469 0.476563
 45 6.863384 0.241270 58.219696 0.005700 0.004700 -0.999973 0.355469 0.476563
v_famas.bmp
 45 6.779169 1.657748 58.807659 0.005700 0.004700 -0.999973 0.468750 0.527344
 45 6.767428 4.337694 58.823528 0.005700 0.004700 -0.999973 0.687500 0.527344
 45 6.359189 1.637489 58.805153 0.005700 0.004700 -0.999973 0.468750 0.527344
v_famas.bmp
 45 6.359189 1.637489 58.805153 0.005700 0.004700 -0.999973 0.468750 0.527344
 45 6.767428 4.337694 58.823528 0.005700 0.004700 -0.999973 0.687500 0.527344
 45 6.357434 4.337441 58.821198 0.005700 0.004700 -0.999973 0.687500 0.527344
v_famas.bmp
 45 6.994311 4.585197 57.586246 0.001700 -0.981589 -0.190998 0.707031 0.417969
 45 6.164325 4.584686 57.581528 0.001700 -0.981589 -0.190998 0.707031 0.417969
 45 6.767428 4.337694 58.823528 0.001700 -0.981589 -0.190998 0.687500 0.527344
v_famas.bmp
 45 6.767428 4.337694 58.823528 0.001700 -0.981589 -0.190998 0.687500 0.527344
 45 6.164325 4.584686 57.581528 0.001700 -0.981589 -0.190998 0.707031 0.417969
 45 6.357434 4.337441 58.821198 0.001700 -0.981589 -0.190998 0.687500 0.527344
v_famas.bmp
 45 6.282874 1.040898 58.221153 -0.016500 0.701489 -0.712489 0.421875 0.476563
 45 6.862852 1.061255 58.224567 -0.016500 0.701489 -0.712489 0.421875 0.476563
 45 6.359189 1.637489 58.805153 -0.016500 0.701489 -0.712489 0.468750 0.527344
v_famas.bmp
 45 6.359189 1.637489 58.805153 -0.016500 0.701489 -0.712489 0.468750 0.527344
 45 6.862852 1.061255 58.224567 -0.016500 0.701489 -0.712489 0.421875 0.476563
 45 6.779169 1.657748 58.807659 -0.016500 0.701489 -0.712489 0.468750 0.527344
v_famas.bmp
 45 6.351534 4.162516 54.599979 -0.005700 -0.007000 0.999959 0.671875 0.156250
 45 6.831527 4.162811 54.602707 -0.005700 -0.007000 0.999959 0.671875 0.156250
 45 6.352199 3.052475 54.603386 -0.005700 -0.007000 0.999959 0.582031 0.156250
v_famas.bmp
 45 6.352199 3.052475 54.603386 -0.005700 -0.007000 0.999959 0.582031 0.156250
 45 6.831527 4.162811 54.602707 -0.005700 -0.007000 0.999959 0.671875 0.156250
 45 6.832191 3.052771 54.606113 -0.005700 -0.007000 0.999959 0.582031 0.156250
v_famas.bmp
 45 6.177771 4.448660 55.230717 -0.001700 -0.917778 0.397090 0.695313 0.210938
 45 7.007757 4.449172 55.235432 -0.001700 -0.917778 0.397090 0.695313 0.210938
 45 6.351534 4.162516 54.599979 -0.001700 -0.917778 0.397090 0.671875 0.156250
v_famas.bmp
 45 6.351534 4.162516 54.599979 -0.001700 -0.917778 0.397090 0.671875 0.156250
 45 7.007757 4.449172 55.235432 -0.001700 -0.917778 0.397090 0.695313 0.210938
 45 6.831527 4.162811 54.602707 -0.001700 -0.917778 0.397090 0.671875 0.156250
v_famas.bmp
 45 6.351534 4.162516 54.599979 0.965285 0.001600 0.261196 0.671875 0.156250
 45 6.352199 3.052475 54.603386 0.965285 0.001600 0.261196 0.582031 0.156250
 45 6.177771 4.448660 55.230717 0.965285 0.001600 0.261196 0.695313 0.210938
v_famas.bmp
 45 6.177771 4.448660 55.230717 0.965285 0.001600 0.261196 0.695313 0.210938
 45 6.352199 3.052475 54.603386 0.965285 0.001600 0.261196 0.582031 0.156250
 45 6.178974 2.508635 55.229187 0.965285 0.001600 0.261196 0.539063 0.210938
v_famas.bmp
 45 6.967640 -0.444215 55.786133 -0.005000 0.322607 0.946520 0.296875 0.261719
 45 6.237652 -0.444665 55.781982 -0.005000 0.322607 0.946520 0.296875 0.261719
 45 6.832191 3.052771 54.606113 -0.005000 0.322607 0.946520 0.582031 0.156250
v_famas.bmp
 45 6.832191 3.052771 54.606113 -0.005000 0.322607 0.946520 0.582031 0.156250
 45 6.237652 -0.444665 55.781982 -0.005000 0.322607 0.946520 0.296875 0.261719
 45 6.352199 3.052475 54.603386 -0.005000 0.322607 0.946520 0.582031 0.156250
v_famas.bmp
 45 6.235320 -0.617218 56.210957 -0.077100 -0.006500 0.997002 0.285156 0.300781
 45 6.235573 -1.007211 56.208641 -0.077100 -0.006500 0.997002 0.253906 0.300781
 45 6.175314 -0.607255 56.210674 -0.077100 -0.006500 0.997002 0.285156 0.300781
v_famas.bmp
 45 6.175314 -0.607255 56.210674 -0.077100 -0.006500 0.997002 0.285156 0.300781
 45 6.235573 -1.007211 56.208641 -0.077100 -0.006500 0.997002 0.253906 0.300781
 45 6.175574 -1.007248 56.208298 -0.077100 -0.006500 0.997002 0.253906 0.300781
v_famas.bmp
 45 6.177138 0.254769 57.555859 0.000600 -1.000000 -0.000100 0.328125 0.515625
 45 6.168104 0.255773 57.385807 0.000600 -1.000000 -0.000100 0.234375 0.515625
 45 6.107139 0.254726 57.555458 0.000600 -1.000000 -0.000100 0.328125 0.535156
v_famas.bmp
 45 6.107139 0.254726 57.555458 0.000600 -1.000000 -0.000100 0.328125 0.535156
 45 6.168104 0.255773 57.385807 0.000600 -1.000000 -0.000100 0.234375 0.515625
 45 6.108105 0.255736 57.385464 0.000600 -1.000000 -0.000100 0.234375 0.535156
v_famas.bmp
 45 6.894420 -3.890363 58.485317 0.005700 0.004700 -0.999973 0.703125 0.187500
 45 6.894277 -3.670366 58.486626 0.005700 0.004700 -0.999973 0.703125 0.207031
 45 6.284487 -3.890679 58.471851 0.005700 0.004700 -0.999973 0.738281 0.187500
v_famas.bmp
 45 6.284487 -3.890679 58.471851 0.005700 0.004700 -0.999973 0.738281 0.187500
 45 6.894277 -3.670366 58.486626 0.005700 0.004700 -0.999973 0.703125 0.207031
 45 6.274344 -3.670689 58.473103 0.005700 0.004700 -0.999973 0.742188 0.207031
v_famas.bmp
 45 6.114042 -1.008891 56.477951 0.000600 -1.000000 -0.000100 0.074219 0.535156
 45 6.184097 -1.008788 56.468346 0.000600 -1.000000 -0.000100 0.074219 0.515625
 45 6.115632 -1.007226 56.197960 0.000600 -1.000000 -0.000100 0.039063 0.535156
v_famas.bmp
 45 6.115632 -1.007226 56.197960 0.000600 -1.000000 -0.000100 0.039063 0.535156
 45 6.184097 -1.008788 56.468346 0.000600 -1.000000 -0.000100 0.074219 0.515625
 45 6.235573 -1.007211 56.208641 0.000600 -1.000000 -0.000100 0.039063 0.515625
v_famas.bmp
 45 6.115632 -1.007226 56.197960 -0.077100 -0.006500 0.997002 0.964844 0.421875
 45 6.235573 -1.007211 56.208641 -0.005700 -0.007000 0.999959 0.964844 0.421875
 45 6.116615 -2.607257 56.198452 -0.028800 -0.153602 0.987713 0.964844 0.292969
v_famas.bmp
 45 6.116615 -2.607257 56.198452 -0.028800 -0.153602 0.987713 0.964844 0.292969
 45 6.235573 -1.007211 56.208641 -0.005700 -0.007000 0.999959 0.964844 0.421875
 45 6.216613 -2.607195 56.199020 -0.005700 -0.297410 0.954733 0.964844 0.292969
v_famas.bmp
 45 6.114237 -1.308885 56.476166 -0.050003 -0.000100 -0.998749 0.101563 0.535156
 45 6.174293 -1.308788 56.466507 -0.050003 -0.000100 -0.998749 0.101563 0.515625
 45 6.114042 -1.008891 56.477951 -0.050003 -0.000100 -0.998749 0.074219 0.535156
v_famas.bmp
 45 6.114042 -1.008891 56.477951 -0.050003 -0.000100 -0.998749 0.074219 0.535156
 45 6.174293 -1.308788 56.466507 -0.050003 -0.000100 -0.998749 0.101563 0.515625
 45 6.184097 -1.008788 56.468346 -0.050003 -0.000100 -0.998749 0.074219 0.515625
v_famas.bmp
 45 6.955128 -3.669437 58.336971 0.000600 -1.000000 -0.000100 0.750000 0.207031
 45 6.215140 -3.669894 58.332767 0.000600 -1.000000 -0.000100 0.753906 0.207031
 45 6.894277 -3.670366 58.486626 0.000600 -1.000000 -0.000100 0.738281 0.207031
v_famas.bmp
 45 6.894277 -3.670366 58.486626 0.000600 -1.000000 -0.000100 0.738281 0.207031
 45 6.215140 -3.669894 58.332767 0.000600 -1.000000 -0.000100 0.753906 0.207031
 45 6.274344 -3.670689 58.473103 0.000600 -1.000000 -0.000100 0.738281 0.207031
v_famas.bmp
 45 6.215140 -3.669894 58.332767 0.005700 0.004700 -0.999973 0.757813 0.207031
 45 6.955128 -3.669437 58.336971 -0.670005 -0.019300 -0.742105 0.703125 0.207031
 45 6.212735 0.120099 58.345284 0.005700 0.004700 -0.999973 0.757813 0.515625
v_famas.bmp
 45 6.212735 0.120099 58.345284 0.005700 0.004700 -0.999973 0.757813 0.515625
 45 6.955128 -3.669437 58.336971 -0.670005 -0.019300 -0.742105 0.703125 0.207031
 45 6.952666 0.120495 58.359489 0.005700 0.004700 -0.999973 0.703125 0.515625
v_famas.bmp
 45 6.042930 -12.587308 56.168697 0.092199 -0.010200 0.995688 0.257813 0.566406
 45 6.603205 -12.586665 56.121883 -0.005700 -0.007000 0.999959 0.257813 0.558594
 45 6.603463 -12.896601 56.110043 -0.005700 -0.007000 0.999959 0.234375 0.558594
v_famas.bmp
 45 6.603463 -12.896601 56.110043 -0.005700 -0.007000 0.999959 0.234375 0.558594
 45 6.603205 -12.586665 56.121883 -0.005700 -0.007000 0.999959 0.257813 0.558594
 45 7.172912 -12.586612 56.175121 -0.077100 -0.006500 0.997002 0.257813 0.566406
v_famas.bmp
 45 6.043664 -13.717288 56.161983 0.092199 -0.010200 0.995688 0.167969 0.566406
 45 6.603939 -13.716645 56.115170 -0.005700 -0.007000 0.999959 0.167969 0.558594
 45 6.604197 -14.026581 56.103325 -0.005700 -0.007000 0.999959 0.144531 0.558594
v_famas.bmp
 45 6.604197 -14.026581 56.103325 -0.005700 -0.007000 0.999959 0.144531 0.558594
 45 6.603939 -13.716645 56.115170 -0.005700 -0.007000 0.999959 0.167969 0.558594
 45 7.173645 -13.716592 56.168407 -0.077100 -0.006500 0.997002 0.167969 0.566406
v_famas.bmp
 45 6.041858 -10.937337 56.178501 0.092199 -0.010200 0.995688 0.386719 0.566406
 45 6.601988 -10.626640 56.123528 -0.005700 -0.007000 0.999959 0.414063 0.558594
 45 6.602133 -10.936695 56.131687 -0.005700 -0.007000 0.999959 0.386719 0.558594
v_famas.bmp
 45 6.602133 -10.936695 56.131687 -0.005700 -0.007000 0.999959 0.386719 0.558594
 45 6.601988 -10.626640 56.123528 -0.005700 -0.007000 0.999959 0.414063 0.558594
 45 7.161840 -10.936647 56.184868 -0.077100 -0.006500 0.997002 0.386719 0.566406
v_famas.bmp
 47 6.496275 -9.883230 58.355480 0.999984 0.000600 0.005700 0.191406 0.003906
 47 6.497126 -11.193206 58.347698 0.999984 0.000600 0.005700 0.062500 0.003906
 47 6.494862 -9.894715 58.605412 0.999984 0.000600 0.005700 0.191406 0.039063
v_famas.bmp
 47 6.494862 -9.894715 58.605412 0.999984 0.000600 0.005700 0.191406 0.039063
 47 6.497126 -11.193206 58.347698 0.999984 0.000600 0.005700 0.062500 0.003906
 47 6.495706 -11.194693 58.597687 0.999984 0.000600 0.005700 0.062500 0.039063
v_famas.bmp
 47 6.684858 -9.894599 58.606491 0.000800 -0.999308 -0.037200 0.191406 0.039063
 47 6.686272 -9.883113 58.356560 0.000800 -0.999308 -0.037200 0.191406 0.003906
 47 6.494862 -9.894715 58.605412 0.000800 -0.999308 -0.037200 0.191406 0.039063
v_famas.bmp
 47 6.494862 -9.894715 58.605412 0.000800 -0.999308 -0.037200 0.191406 0.039063
 47 6.686272 -9.883113 58.356560 0.000800 -0.999308 -0.037200 0.191406 0.003906
 47 6.496275 -9.883230 58.355480 0.000800 -0.999308 -0.037200 0.191406 0.003906
v_famas.bmp
 47 6.685703 -11.194575 58.598766 0.005700 0.005600 -0.999968 0.062500 0.082031
 47 6.684858 -9.894599 58.606491 0.005700 0.005600 -0.999968 0.191406 0.082031
 47 6.495706 -11.194693 58.597687 0.005700 0.005600 -0.999968 0.062500 0.039063
v_famas.bmp
 47 6.495706 -11.194693 58.597687 0.005700 0.005600 -0.999968 0.062500 0.039063
 47 6.684858 -9.894599 58.606491 0.005700 0.005600 -0.999968 0.191406 0.082031
 47 6.494862 -9.894715 58.605412 0.005700 0.005600 -0.999968 0.191406 0.039063
v_famas.bmp
 51 6.904293 -2.880272 57.058212 -0.999984 -0.000600 -0.005700 0.984375 0.164063
 51 6.933317 -2.849890 51.948383 -0.999984 -0.000600 -0.005700 0.687500 0.164063
 51 6.903045 -0.960306 57.069618 -0.999984 -0.000600 -0.005700 0.984375 0.003906
v_famas.bmp
 51 6.903045 -0.960306 57.069618 -0.999984 -0.000600 -0.005700 0.984375 0.003906
 51 6.933317 -2.849890 51.948383 -0.999984 -0.000600 -0.005700 0.687500 0.164063
 51 6.935080 -0.926773 51.429810 -0.999984 -0.000600 -0.005700 0.656250 0.003906
v_famas.bmp
 51 6.315090 -0.927155 51.426289 0.999984 0.000600 0.005700 0.656250 0.003906
 51 6.313327 -2.850272 51.944859 0.999984 0.000600 0.005700 0.687500 0.164063
 51 6.283055 -0.960688 57.066097 0.999984 0.000600 0.005700 0.984375 0.003906
v_famas.bmp
 51 6.283055 -0.960688 57.066097 0.999984 0.000600 0.005700 0.984375 0.003906
 51 6.313327 -2.850272 51.944859 0.999984 0.000600 0.005700 0.687500 0.164063
 51 6.284303 -2.880654 57.054688 0.999984 0.000600 0.005700 0.984375 0.164063
v_famas.bmp
 51 6.935080 -0.926773 51.429810 -0.005700 0.260608 0.965428 0.984375 0.105469
 51 6.933317 -2.849890 51.948383 -0.005700 0.260608 0.965428 0.675781 0.105469
 51 6.315090 -0.927155 51.426289 -0.005700 0.260608 0.965428 0.984375 0.074219
v_famas.bmp
 51 6.315090 -0.927155 51.426289 -0.005700 0.260608 0.965428 0.984375 0.074219
 51 6.933317 -2.849890 51.948383 -0.005700 0.260608 0.965428 0.675781 0.105469
 51 6.313327 -2.850272 51.944859 -0.005700 0.260608 0.965428 0.671875 0.074219
v_famas.bmp
 51 6.903045 -0.960306 57.069618 0.000600 -0.999984 -0.005600 0.984375 0.066406
 51 6.935080 -0.926773 51.429810 0.000600 -0.999984 -0.005600 0.671875 0.066406
 51 6.283055 -0.960688 57.066097 0.000600 -0.999984 -0.005600 0.984375 0.027344
v_famas.bmp
 51 6.283055 -0.960688 57.066097 0.000600 -0.999984 -0.005600 0.984375 0.027344
 51 6.935080 -0.926773 51.429810 0.000600 -0.999984 -0.005600 0.671875 0.066406
 51 6.315090 -0.927155 51.426289 0.000600 -0.999984 -0.005600 0.671875 0.027344
v_famas.bmp
 51 6.904293 -2.880272 57.058212 0.005700 0.005600 -0.999968 0.195313 0.050781
 51 6.903045 -0.960306 57.069618 0.005700 0.005600 -0.999968 0.339844 0.050781
 51 6.284303 -2.880654 57.054688 0.005700 0.005600 -0.999968 0.195313 0.003906
v_famas.bmp
 51 6.284303 -2.880654 57.054688 0.005700 0.005600 -0.999968 0.195313 0.003906
 51 6.903045 -0.960306 57.069618 0.005700 0.005600 -0.999968 0.339844 0.050781
 51 6.283055 -0.960688 57.066097 0.005700 0.005600 -0.999968 0.339844 0.003906
v_famas.bmp
 51 6.933317 -2.849890 51.948383 -0.000600 0.999984 0.005600 0.687500 0.027344
 51 6.904293 -2.880272 57.058212 -0.000600 0.999984 0.005600 0.984375 0.027344
 51 6.313327 -2.850272 51.944859 -0.000600 0.999984 0.005600 0.687500 0.070313
v_famas.bmp
 51 6.313327 -2.850272 51.944859 -0.000600 0.999984 0.005600 0.687500 0.070313
 51 6.904293 -2.880272 57.058212 -0.000600 0.999984 0.005600 0.984375 0.027344
 51 6.284303 -2.880654 57.054688 -0.000600 0.999984 0.005600 0.984375 0.070313
v_famas.bmp
 45 6.251775 -5.484135 57.362156 0.995990 -0.087999 0.016100 0.824219 0.667969
 45 6.266212 -5.489491 56.582180 0.995990 -0.087999 0.016100 0.820313 0.597656
 45 6.172309 -6.304170 57.356827 0.995990 -0.087999 0.016100 0.757813 0.667969
v_famas.bmp
 45 6.936201 -5.489079 56.585987 -0.005200 -0.374418 0.927245 0.820313 0.601563
 45 7.049488 -6.876489 56.158367 -0.005700 -0.297410 0.954733 0.710938 0.562500
 45 6.149502 -6.877044 56.153252 -0.005700 -0.297410 0.954733 0.710938 0.562500
v_famas.bmp
 45 6.039866 -10.409071 56.471642 0.999903 0.000400 0.013900 0.429688 0.589844
 45 6.040321 -8.047031 56.135674 0.999903 0.000400 0.013900 0.617188 0.558594
 45 6.041796 -10.316991 56.122189 0.999903 0.000400 0.013900 0.437500 0.558594
v_famas.bmp
 45 6.149502 -6.877044 56.153252 0.995990 -0.087999 0.016100 0.710938 0.562500
 45 6.040321 -8.047031 56.135674 0.995990 -0.087999 0.016100 0.617188 0.558594
 45 6.023392 -8.054291 57.355576 0.995990 -0.087999 0.016100 0.617188 0.671875
v_famas.bmp
 45 6.241026 -3.363067 55.504642 0.999903 0.000400 0.013900 0.062500 0.238281
 45 6.237772 -3.866804 56.131649 0.999903 0.000400 0.013900 0.019531 0.296875
 45 6.230781 -3.954175 57.371132 0.999903 0.000400 0.013900 0.015625 0.402344
v_famas.bmp
 45 6.961014 -3.362624 55.508732 -0.003200 0.863179 0.504888 0.062500 0.238281
 45 6.957761 -3.866360 56.135742 -0.004800 0.598504 0.801105 0.019531 0.296875
 45 6.237772 -3.866804 56.131649 -0.004400 0.694490 0.719489 0.019531 0.296875
v_famas.bmp
 45 6.044407 -14.336920 56.098301 0.999903 0.000400 0.013900 0.117188 0.558594
 45 6.045065 -15.436960 56.101765 0.999903 0.000400 0.013900 0.031250 0.558594
 45 6.032418 -14.248950 56.438766 0.999903 0.000400 0.013900 0.125000 0.589844
v_famas.bmp
 45 6.029601 -11.750242 56.663616 0.999903 0.000400 0.013900 0.324219 0.609375
 45 6.030887 -12.679512 56.538094 0.999903 0.000400 0.013900 0.250000 0.597656
 45 6.030342 -12.890222 56.656841 0.999903 0.000400 0.013900 0.234375 0.609375
v_famas.bmp
 45 6.906685 -6.589773 58.379337 -0.999527 -0.002000 -0.030701 0.734375 0.757813
 45 6.919109 -5.946806 57.883213 -0.999527 -0.002000 -0.030701 0.785156 0.714844
 45 6.895880 -5.349802 58.386646 -0.999527 -0.002000 -0.030701 0.832031 0.757813
v_famas.bmp
 45 6.814112 -4.551173 58.610939 0.000600 -1.000000 -0.000100 0.699219 0.894531
 45 6.354119 -4.551456 58.608322 0.000600 -1.000000 -0.000100 0.699219 0.859375
 45 6.349121 -4.556688 59.488293 0.001700 -0.981589 -0.190998 0.699219 0.859375
v_famas.bmp
 45 6.259419 -5.276909 59.513504 0.999903 0.000400 0.013900 0.847656 0.867188
 45 6.258079 -5.488451 59.772247 0.999903 0.000400 0.013900 0.828125 0.894531
 45 6.253121 -5.293509 60.623405 0.999903 0.000400 0.013900 0.839844 0.964844
v_famas.bmp
 45 6.354036 -4.161285 58.580643 -0.565891 -0.688689 -0.453293 0.828125 0.871094
 45 6.274993 -3.970208 58.391323 -0.267907 -0.834720 -0.481112 0.832031 0.839844
 45 6.347908 -4.177706 59.660545 -0.250904 -0.951914 -0.175803 0.792969 0.839844
v_famas.bmp
 45 6.265265 -6.119992 53.298313 0.876985 0.426993 0.220396 0.277344 0.132813
 45 6.263391 -6.472185 53.666222 0.876950 0.462974 0.128893 0.308594 0.101563
 45 6.269875 -5.435170 54.172440 0.959841 -0.275512 -0.052902 0.351563 0.191406
v_famas.bmp
 45 6.265475 -5.749980 54.980572 0.977799 -0.190400 -0.087500 0.425781 0.164063
 45 6.435013 -5.480178 55.033142 0.584810 -0.725212 -0.363406 0.433594 0.191406
 45 6.439356 -5.165427 54.235008 0.486109 -0.839316 -0.243405 0.359375 0.218750
v_famas.bmp
 45 6.779350 -5.165217 54.236942 -0.479712 -0.860121 -0.173404 0.359375 0.218750
 45 6.959864 -5.434745 54.176361 -0.844712 -0.511707 -0.156902 0.351563 0.191406
 45 6.976772 -5.307428 52.947174 -0.659273 -0.516979 0.545978 0.242188 0.199219
v_famas.bmp
 45 6.617295 -5.317115 52.855072 -0.042099 -0.309791 0.949872 0.234375 0.199219
 45 6.446258 -5.028117 53.005825 0.413514 -0.849129 0.328611 0.250000 0.230469
 45 6.786252 -5.027907 53.007755 -0.343998 -0.766396 0.542497 0.250000 0.230469
v_famas.bmp
 45 6.184097 -1.008788 56.468346 0.999903 0.000400 0.013900 0.253906 0.324219
 45 6.174293 -1.308788 56.466507 0.999903 0.000400 0.013900 0.230469 0.324219
 45 6.183156 -1.309971 56.666557 0.999903 0.000400 0.013900 0.230469 0.339844
v_famas.bmp
 45 6.184097 -1.008788 56.468346 0.999903 0.000400 0.013900 0.253906 0.324219
 45 6.175314 -0.607255 56.210674 0.999903 0.000400 0.013900 0.285156 0.300781
 45 6.175574 -1.007248 56.208298 0.999680 -0.015600 -0.019900 0.253906 0.300781
v_famas.bmp
 45 6.187653 -0.444696 55.781696 0.999903 0.000400 0.013900 0.296875 0.261719
 45 6.175314 -0.607255 56.210674 0.999903 0.000400 0.013900 0.285156 0.300781
 45 6.176035 2.045254 55.796436 0.999903 0.000400 0.013900 0.500000 0.261719
v_famas.bmp
 45 6.178974 2.508635 55.229187 0.999903 0.000400 0.013900 0.539063 0.210938
 45 6.176035 2.045254 55.796436 0.999903 0.000400 0.013900 0.500000 0.261719
 45 6.177771 4.448660 55.230717 0.999903 0.000400 0.013900 0.695313 0.210938
v_famas.bmp
 45 6.176035 2.045254 55.796436 -0.008899 0.767264 0.641270 0.500000 0.261719
 45 6.178974 2.508635 55.229187 -0.008899 0.767264 0.641270 0.539063 0.210938
 45 6.352199 3.052475 54.603386 -0.008899 0.767264 0.641270 0.582031 0.156250
v_famas.bmp
 45 6.176035 2.045254 55.796436 0.986262 0.022899 0.163594 0.500000 0.261719
 45 6.352199 3.052475 54.603386 0.986262 0.022899 0.163594 0.582031 0.156250
 45 6.237652 -0.444665 55.781982 0.986262 0.022899 0.163594 0.296875 0.261719
v_famas.bmp
 45 6.175314 -0.607255 56.210674 -0.002400 0.930099 0.367300 0.285156 0.300781
 45 6.187653 -0.444696 55.781696 -0.002400 0.930099 0.367300 0.296875 0.261719
 45 6.237652 -0.444665 55.781982 -0.002400 0.930099 0.367300 0.296875 0.261719
v_famas.bmp
 45 6.235320 -0.617218 56.210957 0.044201 0.929324 0.366610 0.285156 0.300781
 45 6.175314 -0.607255 56.210674 0.044201 0.929324 0.366610 0.285156 0.300781
 45 6.237652 -0.444665 55.781982 0.044201 0.929324 0.366610 0.296875 0.261719
v_famas.bmp
 45 6.187653 -0.444696 55.781696 -0.005700 -0.007000 0.999959 0.296875 0.261719
 45 6.176035 2.045254 55.796436 -0.005700 -0.007000 0.999959 0.500000 0.261719
 45 6.237652 -0.444665 55.781982 -0.005700 -0.007000 0.999959 0.296875 0.261719
v_famas.bmp
 45 6.235573 -1.007211 56.208641 0.999903 0.000400 0.013900 0.253906 0.300781
 45 6.235320 -0.617218 56.210957 0.999903 0.000400 0.013900 0.285156 0.300781
 45 6.237652 -0.444665 55.781982 0.999903 0.000400 0.013900 0.296875 0.261719
v_famas.bmp
 45 6.476822 -8.440220 55.035778 0.999903 0.000400 0.013900 0.910156 0.960938
 45 6.474160 -7.142145 55.363495 0.999903 0.000400 0.013900 0.839844 0.960938
 45 6.474545 -7.121729 55.293613 0.999903 0.000400 0.013900 0.839844 0.949219
v_famas.bmp
 45 6.724149 -7.131991 55.364975 0.005400 0.239307 -0.970929 0.839844 0.960938
 45 6.474160 -7.142145 55.363495 0.005400 0.239307 -0.970929 0.839844 0.992188
 45 6.476822 -8.440220 55.035778 0.005600 0.066903 -0.997744 0.910156 0.992188
v_famas.bmp
 45 6.112190 -1.220968 56.826691 -0.005700 -0.557066 0.830449 0.160156 0.535156
 45 6.108105 0.255736 57.385464 -0.005200 -0.374418 0.927245 0.234375 0.535156
 45 6.168104 0.255773 57.385807 -0.005200 -0.374418 0.927245 0.234375 0.515625
v_famas.bmp
 45 7.077398 -3.486412 56.158680 -0.008899 0.767264 0.641270 0.968750 0.218750
 45 7.070784 -4.153772 57.394718 -0.003200 0.863179 0.504888 0.847656 0.164063
 45 6.110970 -4.154186 57.359261 -0.003200 0.863179 0.504888 0.847656 0.164063
v_famas.bmp
 45 6.114237 -1.308885 56.476166 0.999903 0.000400 0.013900 0.937500 0.398438
 45 6.114042 -1.008891 56.477951 0.999903 0.000400 0.013900 0.937500 0.421875
 45 6.115632 -1.007226 56.197960 0.999903 0.000400 0.013900 0.964844 0.421875
v_famas.bmp
 45 6.215140 -3.669894 58.332767 0.981331 -0.019801 -0.191306 0.753906 0.207031
 45 6.107139 0.254726 57.555458 0.986965 0.003500 -0.160894 0.832031 0.523438
 45 6.110004 -4.155196 57.529255 0.992628 -0.004900 -0.121103 0.832031 0.164063
v_famas.bmp
 45 6.107139 0.254726 57.555458 0.463196 -0.878592 -0.116299 0.328125 0.535156
 45 6.263331 0.250841 58.226345 0.208302 -0.593505 -0.777407 0.406250 0.515625
 45 6.167138 0.254763 57.555801 0.000600 -1.000000 -0.000100 0.328125 0.515625
v_famas.bmp
 45 6.214988 -3.960245 58.391041 0.006200 0.392221 -0.919850 0.750000 0.183594
 45 6.215345 -4.160004 58.349854 0.005500 0.154399 -0.987993 0.750000 0.164063
 45 6.965276 -4.159601 58.364117 0.005500 0.154399 -0.987993 0.703125 0.164063
v_famas.bmp
 45 6.167138 0.254763 57.555801 -0.016500 0.701489 -0.712489 0.355469 0.417969
 45 6.177138 0.254769 57.555859 -0.016500 0.701489 -0.712489 0.355469 0.417969
 45 6.107139 0.254726 57.555458 -0.016500 0.701489 -0.712489 0.355469 0.417969
v_famas.bmp
 45 6.107139 0.254726 57.555458 -0.000700 0.666979 -0.745076 0.355469 0.417969
 45 6.107139 0.254726 57.555458 -0.000700 0.666979 -0.745076 0.355469 0.417969
 45 6.167138 0.254763 57.555801 -0.000700 0.666979 -0.745076 0.355469 0.417969
v_famas.bmp
 45 6.107139 0.254726 57.555458 -0.998995 -0.019000 0.040600 0.355469 0.417969
 45 6.107139 0.254726 57.555458 -0.998995 -0.019000 0.040600 0.355469 0.417969
 45 6.215140 -3.669894 58.332767 -0.998995 -0.019000 0.040600 0.039063 0.488281
v_famas.bmp
 45 6.215140 -3.669894 58.332767 0.981331 -0.019801 -0.191306 0.757813 0.207031
 45 6.212735 0.120099 58.345284 0.986965 0.003500 -0.160894 0.757813 0.515625
 45 6.107139 0.254726 57.555458 0.986965 0.003500 -0.160894 0.832031 0.523438
v_famas.bmp
 45 6.177138 0.254769 57.555859 0.078199 -0.996788 -0.017300 0.355469 0.417969
 45 6.167138 0.254763 57.555801 0.078199 -0.996788 -0.017300 0.355469 0.417969
 45 6.263331 0.250841 58.226345 0.078199 -0.996788 -0.017300 0.355469 0.476563
v_famas.bmp
 45 6.894983 -3.969826 58.394848 0.372898 -0.854894 -0.360698 0.832031 0.839844
 45 6.814029 -4.161001 58.583256 0.371707 -0.726614 -0.577811 0.828125 0.871094
 45 6.807901 -4.177422 59.663158 0.253908 -0.951630 -0.173006 0.792969 0.839844
v_famas.bmp
 45 6.814029 -4.161001 58.583256 0.999903 0.000400 0.013900 0.828125 0.871094
 45 6.814112 -4.551173 58.610939 0.999903 0.000400 0.013900 0.796875 0.871094
 45 6.807901 -4.177422 59.663158 0.999903 0.000400 0.013900 0.792969 0.839844
v_famas.bmp
 45 6.912002 -14.859686 58.340199 -0.939713 -0.241103 -0.242503 0.070313 0.757813
 45 6.811964 -14.799749 58.339985 -0.330799 -0.943696 -0.003100 0.085938 0.757813
 45 6.906031 -14.855928 59.390221 -0.508106 -0.859010 0.062701 0.070313 0.859375
v_famas.bmp
 45 6.604197 -14.026581 56.103325 0.572085 -0.309692 0.759480 0.144531 0.558594
 45 7.172400 -14.248247 56.445248 -0.468910 -0.852718 0.230205 0.125000 0.589844
 45 7.174389 -14.336224 56.104725 -0.468910 -0.852718 0.230205 0.117188 0.558594
v_famas.bmp
 45 6.602665 -11.756680 56.126816 0.623503 -0.305402 0.719704 0.324219 0.558594
 45 7.170470 -11.978763 56.538734 -0.468910 -0.852718 0.230205 0.304688 0.597656
 45 7.162574 -12.066628 56.178154 -0.468910 -0.852718 0.230205 0.296875 0.566406
v_famas.bmp
 45 6.603463 -12.896601 56.110043 0.623503 -0.305402 0.719704 0.234375 0.558594
 45 7.171205 -13.108743 56.532017 -0.468910 -0.852718 0.230205 0.214844 0.597656
 45 7.173315 -13.206600 56.171436 -0.468910 -0.852718 0.230205 0.207031 0.566406
v_famas.bmp
 45 6.601988 -10.626640 56.123528 0.572085 -0.309692 0.759480 0.414063 0.558594
 45 7.170191 -10.848307 56.465450 -0.486821 -0.827235 0.280512 0.394531 0.589844
 45 7.161840 -10.936647 56.184868 -0.486821 -0.827235 0.280512 0.386719 0.566406
v_famas.bmp
 47 6.471107 -9.888653 59.265335 0.002700 -0.930888 -0.365295 0.078125 1.000000
 47 6.468821 -10.131205 59.693897 0.003300 -0.873004 -0.487702 0.152344 1.000000
 47 6.718816 -10.131051 59.695316 0.003300 -0.873004 -0.487702 0.152344 0.960938
v_famas.bmp
 49 6.649038 -8.268796 56.387821 -0.001100 0.996355 0.085296 0.601563 0.562500
 49 6.569039 -8.268846 56.387367 -0.001100 0.996355 0.085296 0.601563 0.562500
 49 6.572358 -8.215338 55.797684 -0.000600 0.999930 -0.011800 0.605469 0.531250
view_glove.bmp
  9 5.004689 -9.845325 55.637493 -0.713399 0.212700 0.667698 0.550781 0.023438
 10 5.056086 -10.916972 55.956707 -0.499384 0.303790 0.811374 0.597656 0.101563
  9 5.509141 -9.574083 55.567810 0.291103 0.542206 0.788208 0.644531 0.023438
view_glove.bmp
  9 5.509141 -9.574083 55.567810 0.291103 0.542206 0.788208 0.644531 0.023438
 10 5.056086 -10.916972 55.956707 -0.499384 0.303790 0.811374 0.597656 0.101563
  9 6.269120 -9.721445 55.008152 0.259100 0.796301 0.546601 0.753906 0.023438
view_glove.bmp
 10 5.056086 -10.916972 55.956707 -0.499384 0.303790 0.811374 0.597656 0.101563
 10 5.904915 -10.765367 56.071182 0.018200 0.524390 0.851284 0.679688 0.218750
  9 6.269120 -9.721445 55.008152 0.259100 0.796301 0.546601 0.753906 0.023438
view_glove.bmp
  9 6.269120 -9.721445 55.008152 0.259100 0.796301 0.546601 0.753906 0.023438
 10 5.904915 -10.765367 56.071182 0.018200 0.524390 0.851284 0.679688 0.218750
 10 6.239637 -10.249765 55.632755 0.153098 0.563092 0.812089 0.757813 0.140625
view_glove.bmp
 10 5.904915 -10.765367 56.071182 0.018200 0.524390 0.851284 0.679688 0.218750
 10 6.507407 -10.844314 55.668972 0.468592 0.236796 0.851087 0.746094 0.320313
 10 6.239637 -10.249765 55.632755 0.153098 0.563092 0.812089 0.757813 0.140625
view_glove.bmp
 10 6.239637 -10.249765 55.632755 0.153098 0.563092 0.812089 0.757813 0.140625
 10 6.507407 -10.844314 55.668972 0.468592 0.236796 0.851087 0.746094 0.320313
 10 6.787124 -9.829581 55.257786 0.220190 0.780065 0.585674 0.851563 0.125000
view_glove.bmp
 10 6.507407 -10.844314 55.668972 0.468592 0.236796 0.851087 0.746094 0.320313
 23 8.138046 -11.131732 55.002010 0.324288 0.583479 0.744573 0.929688 0.789063
 10 6.787124 -9.829581 55.257786 0.220190 0.780065 0.585674 0.851563 0.125000
view_glove.bmp
 10 6.787124 -9.829581 55.257786 0.220190 0.780065 0.585674 0.851563 0.125000
 23 8.138046 -11.131732 55.002010 0.324288 0.583479 0.744573 0.929688 0.789063
 10 7.083869 -9.695071 54.893711 0.335815 0.941842 0.012701 0.917969 0.125000
view_glove.bmp
 23 8.138046 -11.131732 55.002010 0.324288 0.583479 0.744573 0.929688 0.789063
 10 8.366905 -11.179976 54.766533 0.843603 0.503501 0.186601 0.949219 0.656250
 10 7.083869 -9.695071 54.893711 0.335815 0.941842 0.012701 0.917969 0.125000
view_glove.bmp
 10 7.083869 -9.695071 54.893711 0.335815 0.941842 0.012701 0.917969 0.125000
 10 8.366905 -11.179976 54.766533 0.843603 0.503501 0.186601 0.949219 0.656250
 10 7.118458 -9.792146 54.411133 0.220895 0.892880 -0.392391 0.968750 0.117188
view_glove.bmp
 10 8.366905 -11.179976 54.766533 0.843603 0.503501 0.186601 0.949219 0.656250
 23 8.519747 -11.555687 54.623371 0.794552 0.119908 -0.595239 0.980469 0.718750
 10 7.118458 -9.792146 54.411133 0.220895 0.892880 -0.392391 0.968750 0.117188
view_glove.bmp
 42 7.195099 -6.426291 53.122692 0.344807 -0.258705 -0.902319 0.980469 0.718750
 29 6.955378 -6.074077 53.104504 -0.489880 -0.160093 -0.856964 0.949219 0.656250
 29 6.914662 -4.177390 53.213223 0.017600 0.688204 -0.725304 0.968750 0.117188
view_glove.bmp
 29 6.914662 -4.177390 53.213223 0.017600 0.688204 -0.725304 0.968750 0.117188
 29 6.955378 -6.074077 53.104504 -0.489880 -0.160093 -0.856964 0.949219 0.656250
 29 6.447006 -4.194370 53.379383 -0.785506 0.525404 -0.327002 0.917969 0.125000
view_glove.bmp
 29 6.955378 -6.074077 53.104504 -0.489880 -0.160093 -0.856964 0.949219 0.656250
 42 6.746706 -5.963048 53.337749 -0.905493 0.127999 -0.404597 0.929688 0.789063
 29 6.447006 -4.194370 53.379383 -0.785506 0.525404 -0.327002 0.917969 0.125000
view_glove.bmp
 29 6.447006 -4.194370 53.379383 -0.785506 0.525404 -0.327002 0.917969 0.125000
 42 6.746706 -5.963048 53.337749 -0.905493 0.127999 -0.404597 0.929688 0.789063
 29 6.222217 -4.197077 53.803249 -0.809990 0.296796 -0.505794 0.851563 0.125000
view_glove.bmp
 42 6.746706 -5.963048 53.337749 -0.905493 0.127999 -0.404597 0.929688 0.789063
 29 6.309737 -4.887171 54.704254 -0.914359 -0.277787 -0.294587 0.746094 0.320313
 29 6.222217 -4.197077 53.803249 -0.809990 0.296796 -0.505794 0.851563 0.125000
view_glove.bmp
 29 6.222217 -4.197077 53.803249 -0.809990 0.296796 -0.505794 0.851563 0.125000
 29 6.309737 -4.887171 54.704254 -0.914359 -0.277787 -0.294587 0.746094 0.320313
 29 6.144441 -4.264836 54.581875 -0.708129 0.703729 0.057602 0.757813 0.140625
view_glove.bmp
 29 6.309737 -4.887171 54.704254 -0.914359 -0.277787 -0.294587 0.746094 0.320313
 29 6.003736 -4.550186 55.268883 -0.876181 0.439391 -0.198096 0.679688 0.218750
 29 6.144441 -4.264836 54.581875 -0.708129 0.703729 0.057602 0.757813 0.140625
view_glove.bmp
 29 6.144441 -4.264836 54.581875 -0.708129 0.703729 0.057602 0.757813 0.140625
 29 6.003736 -4.550186 55.268883 -0.876181 0.439391 -0.198096 0.679688 0.218750
 28 6.794536 -4.368086 54.099678 -0.463299 0.002600 -0.886198 0.753906 0.023438
view_glove.bmp
 29 6.003736 -4.550186 55.268883 -0.876181 0.439391 -0.198096 0.679688 0.218750
 29 6.316165 -4.117238 55.960144 -0.846719 0.375509 0.376909 0.597656 0.101563
 28 6.794536 -4.368086 54.099678 -0.463299 0.002600 -0.886198 0.753906 0.023438
view_glove.bmp
 28 6.794536 -4.368086 54.099678 -0.463299 0.002600 -0.886198 0.753906 0.023438
 29 6.316165 -4.117238 55.960144 -0.846719 0.375509 0.376909 0.597656 0.101563
 28 6.234772 -3.649571 53.811752 -0.765193 -0.421896 -0.486296 0.644531 0.023438
view_glove.bmp
 29 6.316165 -4.117238 55.960144 -0.846719 0.375509 0.376909 0.597656 0.101563
 28 6.145723 -3.111401 53.999748 -0.819380 0.571186 -0.048599 0.550781 0.023438
 28 6.234772 -3.649571 53.811752 -0.765193 -0.421896 -0.486296 0.644531 0.023438
view_glove.bmp
 10 6.168808 -12.934886 55.410011 -0.605511 -0.790313 -0.093602 0.523438 0.695313
 10 6.272212 -12.599629 56.043343 0.042197 -0.445975 0.894050 0.601563 0.687500
 11 5.931901 -12.558571 56.015881 0.386595 -0.919489 0.071299 0.492188 0.625000
view_glove.bmp
 11 5.931901 -12.558571 56.015881 0.386595 -0.919489 0.071299 0.492188 0.625000
 10 6.272212 -12.599629 56.043343 0.042197 -0.445975 0.894050 0.601563 0.687500
 11 6.009222 -12.386564 56.413544 0.655289 -0.078499 0.751288 0.578125 0.617188
view_glove.bmp
 10 6.272212 -12.599629 56.043343 0.042197 -0.445975 0.894050 0.601563 0.687500
 10 6.507407 -10.844314 55.668972 0.468592 0.236796 0.851087 0.746094 0.320313
 11 6.009222 -12.386564 56.413544 0.655289 -0.078499 0.751288 0.578125 0.617188
view_glove.bmp
 11 6.009222 -12.386564 56.413544 0.655289 -0.078499 0.751288 0.578125 0.617188
 10 6.507407 -10.844314 55.668972 0.468592 0.236796 0.851087 0.746094 0.320313
 11 5.667632 -11.857973 56.560883 0.233309 0.248410 0.940138 0.570313 0.445313
view_glove.bmp
 10 6.507407 -10.844314 55.668972 0.468592 0.236796 0.851087 0.746094 0.320313
 10 5.904915 -10.765367 56.071182 0.018200 0.524390 0.851284 0.679688 0.218750
 11 5.667632 -11.857973 56.560883 0.233309 0.248410 0.940138 0.570313 0.445313
view_glove.bmp
 11 5.667632 -11.857973 56.560883 0.233309 0.248410 0.940138 0.570313 0.445313
 10 5.904915 -10.765367 56.071182 0.018200 0.524390 0.851284 0.679688 0.218750
 11 5.117274 -12.137384 56.495033 -0.599504 0.267902 0.754204 0.507813 0.406250
view_glove.bmp
 10 5.904915 -10.765367 56.071182 0.018200 0.524390 0.851284 0.679688 0.218750
 10 5.056086 -10.916972 55.956707 -0.499384 0.303790 0.811374 0.597656 0.101563
 11 5.117274 -12.137384 56.495033 -0.599504 0.267902 0.754204 0.507813 0.406250
view_glove.bmp
 11 5.117274 -12.137384 56.495033 -0.599504 0.267902 0.754204 0.507813 0.406250
 10 5.056086 -10.916972 55.956707 -0.499384 0.303790 0.811374 0.597656 0.101563
 11 5.033731 -12.291969 56.113422 -0.978941 -0.154006 -0.134006 0.449219 0.406250
view_glove.bmp
 10 5.056086 -10.916972 55.956707 -0.499384 0.303790 0.811374 0.597656 0.101563
 10 4.822738 -11.206972 55.483582 -0.964604 -0.199800 -0.172101 0.511719 0.093750
 11 5.033731 -12.291969 56.113422 -0.978941 -0.154006 -0.134006 0.449219 0.406250
view_glove.bmp
 29 6.886933 -4.074764 56.114479 0.032001 0.414412 0.909527 0.511719 0.093750
 29 6.316165 -4.117238 55.960144 -0.846719 0.375509 0.376909 0.597656 0.101563
 30 5.971598 -5.516511 56.268642 -0.212100 0.102100 0.971900 0.449219 0.406250
view_glove.bmp
 30 5.971598 -5.516511 56.268642 -0.212100 0.102100 0.971900 0.449219 0.406250
 29 6.316165 -4.117238 55.960144 -0.846719 0.375509 0.376909 0.597656 0.101563
 30 5.675540 -5.420553 55.986610 -0.958308 0.249202 0.139801 0.507813 0.406250
view_glove.bmp
 29 6.316165 -4.117238 55.960144 -0.846719 0.375509 0.376909 0.597656 0.101563
 29 6.003736 -4.550186 55.268883 -0.876181 0.439391 -0.198096 0.679688 0.218750
 30 5.675540 -5.420553 55.986610 -0.958308 0.249202 0.139801 0.507813 0.406250
view_glove.bmp
 30 5.675540 -5.420553 55.986610 -0.958308 0.249202 0.139801 0.507813 0.406250
 29 6.003736 -4.550186 55.268883 -0.876181 0.439391 -0.198096 0.679688 0.218750
 30 5.888856 -5.301691 55.415939 -0.849996 -0.017500 -0.526498 0.570313 0.445313
view_glove.bmp
 29 6.003736 -4.550186 55.268883 -0.876181 0.439391 -0.198096 0.679688 0.218750
 29 6.309737 -4.887171 54.704254 -0.914359 -0.277787 -0.294587 0.746094 0.320313
 30 5.888856 -5.301691 55.415939 -0.849996 -0.017500 -0.526498 0.570313 0.445313
view_glove.bmp
 30 5.888856 -5.301691 55.415939 -0.849996 -0.017500 -0.526498 0.570313 0.445313
 29 6.309737 -4.887171 54.704254 -0.914359 -0.277787 -0.294587 0.746094 0.320313
 30 6.160809 -5.889067 55.332695 -0.357921 -0.117307 -0.926354 0.578125 0.617188
view_glove.bmp
 29 6.309737 -4.887171 54.704254 -0.914359 -0.277787 -0.294587 0.746094 0.320313
 29 6.723344 -6.154453 55.918182 -0.727062 0.263086 0.634167 0.601563 0.687500
 30 6.160809 -5.889067 55.332695 -0.357921 -0.117307 -0.926354 0.578125 0.617188
view_glove.bmp
 30 6.160809 -5.889067 55.332695 -0.357921 -0.117307 -0.926354 0.578125 0.617188
 29 6.723344 -6.154453 55.918182 -0.727062 0.263086 0.634167 0.601563 0.687500
 30 6.467157 -5.998801 55.629021 0.932075 -0.263793 0.248293 0.492188 0.625000
view_glove.bmp
 29 6.723344 -6.154453 55.918182 -0.727062 0.263086 0.634167 0.601563 0.687500
 29 7.445440 -6.188673 55.935707 0.455793 0.000500 0.890086 0.523438 0.695313
 30 6.467157 -5.998801 55.629021 0.932075 -0.263793 0.248293 0.492188 0.625000
view_glove.bmp
 11 5.033731 -12.291969 56.113422 -0.978941 -0.154006 -0.134006 0.429688 0.406250
 10 4.822738 -11.206972 55.483582 -0.964604 -0.199800 -0.172101 0.390625 0.093750
 11 5.414248 -12.469163 55.849022 -0.393096 -0.596694 -0.699594 0.394531 0.492188
view_glove.bmp
 11 5.414248 -12.469163 55.849022 -0.393096 -0.596694 -0.699594 0.394531 0.492188
 10 4.822738 -11.206972 55.483582 -0.964604 -0.199800 -0.172101 0.390625 0.093750
 10 6.168808 -12.934886 55.410011 -0.605511 -0.790313 -0.093602 0.335938 0.695313
view_glove.bmp
 10 4.822738 -11.206972 55.483582 -0.964604 -0.199800 -0.172101 0.390625 0.093750
 10 5.098664 -11.198066 54.779816 -0.682996 -0.157699 -0.713196 0.304688 0.101563
 10 6.168808 -12.934886 55.410011 -0.605511 -0.790313 -0.093602 0.335938 0.695313
view_glove.bmp
 10 6.168808 -12.934886 55.410011 -0.605511 -0.790313 -0.093602 0.335938 0.695313
 10 5.098664 -11.198066 54.779816 -0.682996 -0.157699 -0.713196 0.304688 0.101563
 10 6.854978 -13.117970 55.286106 -0.158297 -0.598688 -0.785185 0.281250 0.843750
view_glove.bmp
 10 5.098664 -11.198066 54.779816 -0.682996 -0.157699 -0.713196 0.304688 0.101563
 10 5.880956 -10.731500 54.242008 -0.305609 -0.183905 -0.934228 0.183594 0.101563
 10 6.854978 -13.117970 55.286106 -0.158297 -0.598688 -0.785185 0.281250 0.843750
view_glove.bmp
 10 6.854978 -13.117970 55.286106 -0.158297 -0.598688 -0.785185 0.281250 0.843750
 10 5.880956 -10.731500 54.242008 -0.305609 -0.183905 -0.934228 0.183594 0.101563
 10 7.408576 -12.807645 55.053242 0.009400 -0.556382 -0.830873 0.203125 0.859375
view_glove.bmp
 10 5.880956 -10.731500 54.242008 -0.305609 -0.183905 -0.934228 0.183594 0.101563
 10 7.765602 -12.377763 54.798813 0.049201 -0.499313 -0.865023 0.132813 0.812500
 10 7.408576 -12.807645 55.053242 0.009400 -0.556382 -0.830873 0.203125 0.859375
view_glove.bmp
 10 7.408576 -12.807645 55.053242 0.009400 -0.556382 -0.830873 0.203125 0.859375
 10 7.765602 -12.377763 54.798813 0.049201 -0.499313 -0.865023 0.132813 0.812500
 10 7.828754 -12.768025 55.087612 0.399490 -0.717682 -0.570386 0.164063 0.929688
view_glove.bmp
 10 6.720126 -10.124225 54.030796 0.233405 0.108402 -0.966318 0.058594 0.101563
 23 8.519747 -11.555687 54.623371 0.794552 0.119908 -0.595239 0.007813 0.718750
 10 8.012934 -11.831523 54.529274 0.136104 -0.351809 -0.926124 0.066406 0.718750
view_glove.bmp
 10 6.720126 -10.124225 54.030796 0.233405 0.108402 -0.966318 0.058594 0.101563
 10 7.118458 -9.792146 54.411133 0.220895 0.892880 -0.392391 0.007813 0.117188
 23 8.519747 -11.555687 54.623371 0.794552 0.119908 -0.595239 0.007813 0.718750
view_glove.bmp
 10 6.720126 -10.124225 54.030796 0.233405 0.108402 -0.966318 0.058594 0.101563
  9 6.765464 -10.578021 54.005642 0.843588 -0.189898 -0.502293 0.011719 0.023438
 10 7.118458 -9.792146 54.411133 0.220895 0.892880 -0.392391 0.007813 0.117188
view_glove.bmp
 10 6.720126 -10.124225 54.030796 0.233405 0.108402 -0.966318 0.058594 0.101563
  9 6.266927 -10.841790 54.078354 0.051500 -0.988002 0.145600 0.070313 0.023438
  9 6.765464 -10.578021 54.005642 0.843588 -0.189898 -0.502293 0.011719 0.023438
view_glove.bmp
 10 6.720126 -10.124225 54.030796 0.233405 0.108402 -0.966318 0.058594 0.101563
  9 5.508049 -10.704820 54.628483 -0.809112 -0.204003 -0.551108 0.183594 0.023438
  9 6.266927 -10.841790 54.078354 0.051500 -0.988002 0.145600 0.070313 0.023438
view_glove.bmp
 10 6.720126 -10.124225 54.030796 0.233405 0.108402 -0.966318 0.058594 0.101563
 10 5.880956 -10.731500 54.242008 -0.305609 -0.183905 -0.934228 0.183594 0.101563
  9 5.508049 -10.704820 54.628483 -0.809112 -0.204003 -0.551108 0.183594 0.023438
view_glove.bmp
 10 6.720126 -10.124225 54.030796 0.233405 0.108402 -0.966318 0.058594 0.101563
 10 8.012934 -11.831523 54.529274 0.136104 -0.351809 -0.926124 0.066406 0.718750
 10 5.880956 -10.731500 54.242008 -0.305609 -0.183905 -0.934228 0.183594 0.101563
view_glove.bmp
 29 7.638698 -4.079306 54.590595 0.984208 0.176001 -0.018900 0.183594 0.101563
 29 7.520164 -6.730019 55.462990 0.990769 -0.114097 0.073198 0.281250 0.843750
 29 7.513567 -6.781111 54.778996 0.971579 -0.234795 -0.030099 0.203125 0.859375
view_glove.bmp
 29 7.638698 -4.079306 54.590595 0.984208 0.176001 -0.018900 0.183594 0.101563
 29 7.481958 -4.085657 55.644344 0.755598 0.454399 0.471798 0.304688 0.101563
 29 7.520164 -6.730019 55.462990 0.990769 -0.114097 0.073198 0.281250 0.843750
view_glove.bmp
 29 7.638698 -4.079306 54.590595 0.984208 0.176001 -0.018900 0.183594 0.101563
 28 7.114943 -3.460587 54.973854 0.295093 0.752183 0.589187 0.183594 0.023438
 29 7.481958 -4.085657 55.644344 0.755598 0.454399 0.471798 0.304688 0.101563
view_glove.bmp
 29 7.638698 -4.079306 54.590595 0.984208 0.176001 -0.018900 0.183594 0.101563
 29 7.456373 -4.096985 53.560474 0.553310 0.510109 -0.658511 0.058594 0.101563
 28 7.114943 -3.460587 54.973854 0.295093 0.752183 0.589187 0.183594 0.023438
view_glove.bmp
 29 7.638698 -4.079306 54.590595 0.984208 0.176001 -0.018900 0.183594 0.101563
 29 7.490528 -6.293995 53.615044 0.951718 -0.137003 -0.274705 0.066406 0.718750
 29 7.456373 -4.096985 53.560474 0.553310 0.510109 -0.658511 0.058594 0.101563
view_glove.bmp
 29 7.638698 -4.079306 54.590595 0.984208 0.176001 -0.018900 0.183594 0.101563
 29 7.499955 -6.617271 54.187496 0.972645 -0.208310 -0.102805 0.132813 0.812500
 29 7.490528 -6.293995 53.615044 0.951718 -0.137003 -0.274705 0.066406 0.718750
view_glove.bmp
 29 7.638698 -4.079306 54.590595 0.984208 0.176001 -0.018900 0.183594 0.101563
 29 7.513567 -6.781111 54.778996 0.971579 -0.234795 -0.030099 0.203125 0.859375
 29 7.499955 -6.617271 54.187496 0.972645 -0.208310 -0.102805 0.132813 0.812500
view_glove.bmp
 20 7.989396 -11.738976 55.363213 -0.132702 0.576410 0.806314 0.851563 0.906250
 10 6.507407 -10.844314 55.668972 0.468592 0.236796 0.851087 0.746094 0.320313
 17 7.730003 -12.244592 55.664005 -0.038599 0.497190 0.866783 0.777344 0.976563
view_glove.bmp
 17 7.730003 -12.244592 55.664005 -0.038599 0.497190 0.866783 0.777344 0.976563
 10 6.507407 -10.844314 55.668972 0.468592 0.236796 0.851087 0.746094 0.320313
 17 7.208521 -12.645025 55.878036 0.012700 0.481914 0.876126 0.695313 0.976563
view_glove.bmp
 10 6.507407 -10.844314 55.668972 0.468592 0.236796 0.851087 0.746094 0.320313
 10 6.272212 -12.599629 56.043343 0.042197 -0.445975 0.894050 0.601563 0.687500
 17 7.208521 -12.645025 55.878036 0.012700 0.481914 0.876126 0.695313 0.976563
view_glove.bmp
 17 7.208521 -12.645025 55.878036 0.012700 0.481914 0.876126 0.695313 0.976563
 10 6.272212 -12.599629 56.043343 0.042197 -0.445975 0.894050 0.601563 0.687500
 14 6.583458 -12.930582 56.079174 -0.590193 -0.045299 0.805990 0.605469 0.898438
view_glove.bmp
 10 6.272212 -12.599629 56.043343 0.042197 -0.445975 0.894050 0.601563 0.687500
 10 6.168808 -12.934886 55.410011 -0.605511 -0.790313 -0.093602 0.523438 0.695313
 14 6.583458 -12.930582 56.079174 -0.590193 -0.045299 0.805990 0.605469 0.898438
view_glove.bmp
 14 6.583458 -12.930582 56.079174 -0.590193 -0.045299 0.805990 0.605469 0.898438
 10 6.168808 -12.934886 55.410011 -0.605511 -0.790313 -0.093602 0.523438 0.695313
 14 6.710030 -13.462390 55.709229 -0.316988 -0.895367 -0.312789 0.527344 0.906250
view_glove.bmp
 10 6.239637 -10.249765 55.632755 0.153098 0.563092 0.812089 0.757813 0.140625
 10 6.787124 -9.829581 55.257786 0.220190 0.780065 0.585674 0.851563 0.125000
  9 6.269120 -9.721445 55.008152 0.259100 0.796301 0.546601 0.753906 0.023438
view_glove.bmp
  9 6.269120 -9.721445 55.008152 0.259100 0.796301 0.546601 0.753906 0.023438
 10 6.787124 -9.829581 55.257786 0.220190 0.780065 0.585674 0.851563 0.125000
  9 6.820954 -10.119957 54.352051 0.609983 0.755578 -0.238793 0.863281 0.023438
view_glove.bmp
 10 6.787124 -9.829581 55.257786 0.220190 0.780065 0.585674 0.851563 0.125000
 10 7.083869 -9.695071 54.893711 0.335815 0.941842 0.012701 0.917969 0.125000
  9 6.820954 -10.119957 54.352051 0.609983 0.755578 -0.238793 0.863281 0.023438
view_glove.bmp
  9 6.820954 -10.119957 54.352051 0.609983 0.755578 -0.238793 0.863281 0.023438
 10 7.083869 -9.695071 54.893711 0.335815 0.941842 0.012701 0.917969 0.125000
  9 6.765464 -10.578021 54.005642 0.843588 -0.189898 -0.502293 0.949219 0.023438
view_glove.bmp
 10 7.083869 -9.695071 54.893711 0.335815 0.941842 0.012701 0.917969 0.125000
 10 7.118458 -9.792146 54.411133 0.220895 0.892880 -0.392391 0.968750 0.117188
  9 6.765464 -10.578021 54.005642 0.843588 -0.189898 -0.502293 0.949219 0.023438
view_glove.bmp
 36 6.696983 -6.664635 54.454384 -0.935847 0.164008 0.311916 0.777344 0.976563
 36 6.720873 -6.718447 55.133968 -0.995750 -0.049297 -0.077796 0.695313 0.976563
 29 6.309737 -4.887171 54.704254 -0.914359 -0.277787 -0.294587 0.746094 0.320313
view_glove.bmp
 29 6.309737 -4.887171 54.704254 -0.914359 -0.277787 -0.294587 0.746094 0.320313
 36 6.720873 -6.718447 55.133968 -0.995750 -0.049297 -0.077796 0.695313 0.976563
 29 6.723344 -6.154453 55.918182 -0.727062 0.263086 0.634167 0.601563 0.687500
view_glove.bmp
 36 6.720873 -6.718447 55.133968 -0.995750 -0.049297 -0.077796 0.695313 0.976563
 33 6.813119 -6.995048 55.903618 -0.572783 -0.163795 0.803176 0.605469 0.898438
 29 6.723344 -6.154453 55.918182 -0.727062 0.263086 0.634167 0.601563 0.687500
view_glove.bmp
 29 6.723344 -6.154453 55.918182 -0.727062 0.263086 0.634167 0.601563 0.687500
 33 6.813119 -6.995048 55.903618 -0.572783 -0.163795 0.803176 0.605469 0.898438
 29 7.445440 -6.188673 55.935707 0.455793 0.000500 0.890086 0.523438 0.695313
view_glove.bmp
 33 6.813119 -6.995048 55.903618 -0.572783 -0.163795 0.803176 0.605469 0.898438
 33 7.464459 -6.886438 55.895874 0.893811 -0.005800 0.448406 0.527344 0.906250
 29 7.445440 -6.188673 55.935707 0.455793 0.000500 0.890086 0.523438 0.695313
view_glove.bmp
 29 6.914662 -4.177390 53.213223 0.017600 0.688204 -0.725304 0.968750 0.117188
 29 6.447006 -4.194370 53.379383 -0.785506 0.525404 -0.327002 0.917969 0.125000
 28 7.757336 -4.710898 55.069523 -0.036101 -0.241907 0.969628 0.949219 0.023438
view_glove.bmp
 28 7.757336 -4.710898 55.069523 -0.036101 -0.241907 0.969628 0.949219 0.023438
 29 6.447006 -4.194370 53.379383 -0.785506 0.525404 -0.327002 0.917969 0.125000
 28 7.435455 -4.841229 54.608753 -0.065100 -0.906297 -0.417599 0.863281 0.023438
view_glove.bmp
 29 6.447006 -4.194370 53.379383 -0.785506 0.525404 -0.327002 0.917969 0.125000
 29 6.222217 -4.197077 53.803249 -0.809990 0.296796 -0.505794 0.851563 0.125000
 28 7.435455 -4.841229 54.608753 -0.065100 -0.906297 -0.417599 0.863281 0.023438
view_glove.bmp
 28 7.435455 -4.841229 54.608753 -0.065100 -0.906297 -0.417599 0.863281 0.023438
 29 6.222217 -4.197077 53.803249 -0.809990 0.296796 -0.505794 0.851563 0.125000
 28 6.794536 -4.368086 54.099678 -0.463299 0.002600 -0.886198 0.753906 0.023438
view_glove.bmp
 29 6.222217 -4.197077 53.803249 -0.809990 0.296796 -0.505794 0.851563 0.125000
 29 6.144441 -4.264836 54.581875 -0.708129 0.703729 0.057602 0.757813 0.140625
 28 6.794536 -4.368086 54.099678 -0.463299 0.002600 -0.886198 0.753906 0.023438
view_glove.bmp
 28 6.145723 -3.111401 53.999748 -0.819380 0.571186 -0.048599 0.359375 0.023438
 29 6.886933 -4.074764 56.114479 0.032001 0.414412 0.909527 0.390625 0.093750
 28 6.465027 -2.988100 54.453888 -0.152198 0.822588 0.547892 0.292969 0.023438
view_glove.bmp
 28 6.465027 -2.988100 54.453888 -0.152198 0.822588 0.547892 0.292969 0.023438
 29 6.886933 -4.074764 56.114479 0.032001 0.414412 0.909527 0.390625 0.093750
 29 7.481958 -4.085657 55.644344 0.755598 0.454399 0.471798 0.304688 0.101563
view_glove.bmp
 29 6.886933 -4.074764 56.114479 0.032001 0.414412 0.909527 0.390625 0.093750
 29 7.445440 -6.188673 55.935707 0.455793 0.000500 0.890086 0.335938 0.695313
 29 7.481958 -4.085657 55.644344 0.755598 0.454399 0.471798 0.304688 0.101563
view_glove.bmp
 29 7.481958 -4.085657 55.644344 0.755598 0.454399 0.471798 0.304688 0.101563
 29 7.445440 -6.188673 55.935707 0.455793 0.000500 0.890086 0.335938 0.695313
 29 7.520164 -6.730019 55.462990 0.990769 -0.114097 0.073198 0.281250 0.843750
view_glove.bmp
 29 7.445440 -6.188673 55.935707 0.455793 0.000500 0.890086 0.335938 0.695313
 33 7.464459 -6.886438 55.895874 0.893811 -0.005800 0.448406 0.332031 0.898438
 29 7.520164 -6.730019 55.462990 0.990769 -0.114097 0.073198 0.281250 0.843750
view_glove.bmp
 29 7.456373 -4.096985 53.560474 0.553310 0.510109 -0.658511 0.058594 0.101563
 28 7.665711 -4.179758 55.250889 -0.199100 0.048100 0.978798 0.070313 0.023438
 28 7.114943 -3.460587 54.973854 0.295093 0.752183 0.589187 0.183594 0.023438
view_glove.bmp
 29 7.456373 -4.096985 53.560474 0.553310 0.510109 -0.658511 0.058594 0.101563
 28 7.757336 -4.710898 55.069523 -0.036101 -0.241907 0.969628 0.011719 0.023438
 28 7.665711 -4.179758 55.250889 -0.199100 0.048100 0.978798 0.070313 0.023438
view_glove.bmp
 29 7.456373 -4.096985 53.560474 0.553310 0.510109 -0.658511 0.058594 0.101563
 29 6.914662 -4.177390 53.213223 0.017600 0.688204 -0.725304 0.007813 0.117188
 28 7.757336 -4.710898 55.069523 -0.036101 -0.241907 0.969628 0.011719 0.023438
view_glove.bmp
 29 7.456373 -4.096985 53.560474 0.553310 0.510109 -0.658511 0.058594 0.101563
 42 7.195099 -6.426291 53.122692 0.344807 -0.258705 -0.902319 0.007813 0.718750
 29 6.914662 -4.177390 53.213223 0.017600 0.688204 -0.725304 0.007813 0.117188
view_glove.bmp
 29 7.456373 -4.096985 53.560474 0.553310 0.510109 -0.658511 0.058594 0.101563
 29 7.490528 -6.293995 53.615044 0.951718 -0.137003 -0.274705 0.066406 0.718750
 42 7.195099 -6.426291 53.122692 0.344807 -0.258705 -0.902319 0.007813 0.718750
view_glove.bmp
 10 5.880956 -10.731500 54.242008 -0.305609 -0.183905 -0.934228 0.183594 0.101563
 10 5.098664 -11.198066 54.779816 -0.682996 -0.157699 -0.713196 0.304688 0.101563
  9 5.508049 -10.704820 54.628483 -0.809112 -0.204003 -0.551108 0.183594 0.023438
view_glove.bmp
  9 5.508049 -10.704820 54.628483 -0.809112 -0.204003 -0.551108 0.183594 0.023438
 10 5.098664 -11.198066 54.779816 -0.682996 -0.157699 -0.713196 0.304688 0.101563
  9 4.951140 -10.289948 55.287144 -0.956612 -0.238403 -0.167502 0.292969 0.023438
view_glove.bmp
 10 5.098664 -11.198066 54.779816 -0.682996 -0.157699 -0.713196 0.304688 0.101563
 10 4.822738 -11.206972 55.483582 -0.964604 -0.199800 -0.172101 0.390625 0.093750
  9 4.951140 -10.289948 55.287144 -0.956612 -0.238403 -0.167502 0.292969 0.023438
view_glove.bmp
  9 4.951140 -10.289948 55.287144 -0.956612 -0.238403 -0.167502 0.292969 0.023438
 10 4.822738 -11.206972 55.483582 -0.964604 -0.199800 -0.172101 0.390625 0.093750
  9 5.004689 -9.845325 55.637493 -0.713399 0.212700 0.667698 0.359375 0.023438
view_glove.bmp
 30 5.971598 -5.516511 56.268642 -0.212100 0.102100 0.971900 0.429688 0.406250
 30 6.368209 -5.760454 56.111824 0.448813 -0.364911 0.815724 0.394531 0.492188
 29 6.886933 -4.074764 56.114479 0.032001 0.414412 0.909527 0.390625 0.093750
view_glove.bmp
 29 6.886933 -4.074764 56.114479 0.032001 0.414412 0.909527 0.390625 0.093750
 30 6.368209 -5.760454 56.111824 0.448813 -0.364911 0.815724 0.394531 0.492188
 29 7.445440 -6.188673 55.935707 0.455793 0.000500 0.890086 0.335938 0.695313
view_glove.bmp
 30 6.368209 -5.760454 56.111824 0.448813 -0.364911 0.815724 0.394531 0.492188
 30 6.467157 -5.998801 55.629021 0.932075 -0.263793 0.248293 0.421875 0.609375
 29 7.445440 -6.188673 55.935707 0.455793 0.000500 0.890086 0.335938 0.695313
view_glove.bmp
 10 5.880956 -10.731500 54.242008 -0.305609 -0.183905 -0.934228 0.183594 0.101563
 10 8.012934 -11.831523 54.529274 0.136104 -0.351809 -0.926124 0.066406 0.718750
 10 7.765602 -12.377763 54.798813 0.049201 -0.499313 -0.865023 0.132813 0.812500
view_glove.bmp
 10 7.765602 -12.377763 54.798813 0.049201 -0.499313 -0.865023 0.132813 0.812500
 10 8.012934 -11.831523 54.529274 0.136104 -0.351809 -0.926124 0.066406 0.718750
 10 8.148524 -12.267755 54.811794 0.568694 -0.591593 -0.571494 0.089844 0.859375
view_glove.bmp
 11 6.009222 -12.386564 56.413544 0.655289 -0.078499 0.751288 0.578125 0.617188
 11 5.667632 -11.857973 56.560883 0.233309 0.248410 0.940138 0.570313 0.445313
 11 5.561758 -12.149204 56.611626 0.129701 0.221002 0.966610 0.542969 0.500000
view_glove.bmp
 11 5.561758 -12.149204 56.611626 0.129701 0.221002 0.966610 0.542969 0.500000
 11 5.667632 -11.857973 56.560883 0.233309 0.248410 0.940138 0.570313 0.445313
 11 5.117274 -12.137384 56.495033 -0.599504 0.267902 0.754204 0.507813 0.406250
view_glove.bmp
 36 6.696983 -6.664635 54.454384 -0.935847 0.164008 0.311916 0.777344 0.976563
 29 6.309737 -4.887171 54.704254 -0.914359 -0.277787 -0.294587 0.746094 0.320313
 39 6.753048 -6.313218 53.897976 -0.856787 0.471993 0.207697 0.851563 0.906250
view_glove.bmp
 39 6.753048 -6.313218 53.897976 -0.856787 0.471993 0.207697 0.851563 0.906250
 29 6.309737 -4.887171 54.704254 -0.914359 -0.277787 -0.294587 0.746094 0.320313
 42 6.746706 -5.963048 53.337749 -0.905493 0.127999 -0.404597 0.929688 0.789063
view_glove.bmp
 30 6.160809 -5.889067 55.332695 -0.357921 -0.117307 -0.926354 0.578125 0.617188
 30 5.779901 -5.559331 55.546894 -0.779813 0.088602 -0.619710 0.542969 0.500000
 30 5.888856 -5.301691 55.415939 -0.849996 -0.017500 -0.526498 0.570313 0.445313
view_glove.bmp
 30 5.888856 -5.301691 55.415939 -0.849996 -0.017500 -0.526498 0.570313 0.445313
 30 5.779901 -5.559331 55.546894 -0.779813 0.088602 -0.619710 0.542969 0.500000
 30 5.675540 -5.420553 55.986610 -0.958308 0.249202 0.139801 0.507813 0.406250
view_glove.bmp
 23 8.138046 -11.131732 55.002010 0.324288 0.583479 0.744573 0.929688 0.789063
 10 6.507407 -10.844314 55.668972 0.468592 0.236796 0.851087 0.746094 0.320313
 20 7.989396 -11.738976 55.363213 -0.132702 0.576410 0.806314 0.851563 0.906250
view_glove.bmp
 10 6.168808 -12.934886 55.410011 -0.605511 -0.790313 -0.093602 0.335938 0.695313
 11 5.931901 -12.558571 56.015881 0.386595 -0.919489 0.071299 0.421875 0.609375
 11 5.414248 -12.469163 55.849022 -0.393096 -0.596694 -0.699594 0.394531 0.492188
view_glove.bmp
  9 5.004689 -9.845325 55.637493 -0.713399 0.212700 0.667698 0.550781 0.023438
 10 4.822738 -11.206972 55.483582 -0.964604 -0.199800 -0.172101 0.511719 0.093750
 10 5.056086 -10.916972 55.956707 -0.499384 0.303790 0.811374 0.597656 0.101563
view_glove.bmp
 10 6.854978 -13.117970 55.286106 -0.158297 -0.598688 -0.785185 0.281250 0.843750
 14 6.710030 -13.462390 55.709229 -0.316988 -0.895367 -0.312789 0.332031 0.898438
 10 6.168808 -12.934886 55.410011 -0.605511 -0.790313 -0.093602 0.335938 0.695313
view_glove.bmp
 10 7.333692 -13.144882 55.336197 0.226901 -0.806404 -0.546103 0.242188 0.937500
 10 6.854978 -13.117970 55.286106 -0.158297 -0.598688 -0.785185 0.281250 0.843750
 10 7.408576 -12.807645 55.053242 0.009400 -0.556382 -0.830873 0.203125 0.859375
view_glove.bmp
 23 8.138046 -11.131732 55.002010 0.324288 0.583479 0.744573 0.929688 0.789063
 23 8.519747 -11.555687 54.623371 0.794552 0.119908 -0.595239 0.980469 0.718750
 10 8.366905 -11.179976 54.766533 0.843603 0.503501 0.186601 0.949219 0.656250
view_glove.bmp
 29 6.316165 -4.117238 55.960144 -0.846719 0.375509 0.376909 0.597656 0.101563
 29 6.886933 -4.074764 56.114479 0.032001 0.414412 0.909527 0.511719 0.093750
 28 6.145723 -3.111401 53.999748 -0.819380 0.571186 -0.048599 0.550781 0.023438
view_glove.bmp
 29 7.490528 -6.293995 53.615044 0.951718 -0.137003 -0.274705 0.066406 0.718750
 29 7.499955 -6.617271 54.187496 0.972645 -0.208310 -0.102805 0.132813 0.812500
 29 7.391395 -6.771702 53.839695 0.647128 -0.678929 -0.346815 0.089844 0.859375
view_glove.bmp
 29 7.481958 -4.085657 55.644344 0.755598 0.454399 0.471798 0.304688 0.101563
 28 7.114943 -3.460587 54.973854 0.295093 0.752183 0.589187 0.183594 0.023438
 28 6.465027 -2.988100 54.453888 -0.152198 0.822588 0.547892 0.292969 0.023438
view_glove.bmp
 29 7.513567 -6.781111 54.778996 0.971579 -0.234795 -0.030099 0.203125 0.859375
 29 7.520164 -6.730019 55.462990 0.990769 -0.114097 0.073198 0.281250 0.843750
 29 7.407858 -7.045593 55.126091 0.859305 -0.510203 -0.035900 0.242188 0.937500
view_glove.bmp
 29 6.955378 -6.074077 53.104504 -0.489880 -0.160093 -0.856964 0.949219 0.656250
 42 7.195099 -6.426291 53.122692 0.344807 -0.258705 -0.902319 0.980469 0.718750
 42 6.746706 -5.963048 53.337749 -0.905493 0.127999 -0.404597 0.929688 0.789063
view_glove.bmp
 29 7.499955 -6.617271 54.187496 0.972645 -0.208310 -0.102805 0.132813 0.812500
 29 7.513567 -6.781111 54.778996 0.971579 -0.234795 -0.030099 0.203125 0.859375
 29 7.398284 -7.016872 54.446693 0.711394 -0.684594 -0.158899 0.164063 0.929688
view_finger.bmp
 25 7.811150 -10.939649 55.421307 -0.127694 0.185792 -0.974256 0.648438 0.140625
 25 7.883102 -11.173058 55.481663 0.014800 -0.483899 -0.874999 0.812500 0.195313
 25 7.646766 -11.198987 55.568687 -0.633102 -0.514201 -0.578602 0.968750 0.140625
view_finger.bmp
 25 7.646766 -11.198987 55.568687 -0.633102 -0.514201 -0.578602 0.968750 0.140625
 25 7.883102 -11.173058 55.481663 0.014800 -0.483899 -0.874999 0.812500 0.195313
 25 8.206132 -11.532234 55.838238 -0.791186 -0.516690 -0.327194 0.968750 0.406250
view_finger.bmp
 25 7.883102 -11.173058 55.481663 0.014800 -0.483899 -0.874999 0.812500 0.195313
 25 8.428940 -11.190976 55.646404 -0.246494 0.555587 -0.794081 0.648438 0.406250
 25 8.206132 -11.532234 55.838238 -0.791186 -0.516690 -0.327194 0.968750 0.406250
view_finger.bmp
 25 8.206132 -11.532234 55.838238 -0.791186 -0.516690 -0.327194 0.968750 0.406250
 25 8.428940 -11.190976 55.646404 -0.246494 0.555587 -0.794081 0.648438 0.406250
 24 8.142055 -11.744784 55.486008 -0.870931 0.292711 0.394714 0.968750 0.679688
view_finger.bmp
 25 8.428940 -11.190976 55.646404 -0.246494 0.555587 -0.794081 0.648438 0.406250
 24 8.418423 -11.329364 55.278530 -0.437389 0.879679 0.186696 0.648438 0.679688
 24 8.142055 -11.744784 55.486008 -0.870931 0.292711 0.394714 0.968750 0.679688
view_finger.bmp
 24 8.142055 -11.744784 55.486008 -0.870931 0.292711 0.394714 0.968750 0.679688
 24 8.418423 -11.329364 55.278530 -0.437389 0.879679 0.186696 0.648438 0.679688
 23 8.138046 -11.131732 55.002010 0.324288 0.583479 0.744573 0.648438 0.953125
view_finger.bmp
 24 8.418423 -11.329364 55.278530 -0.437389 0.879679 0.186696 0.648438 0.679688
 23 8.842896 -11.472697 55.522812 0.952202 0.287900 0.102100 0.335938 0.679688
 23 8.138046 -11.131732 55.002010 0.324288 0.583479 0.744573 0.648438 0.953125
view_finger.bmp
 23 8.138046 -11.131732 55.002010 0.324288 0.583479 0.744573 0.648438 0.953125
 23 8.842896 -11.472697 55.522812 0.952202 0.287900 0.102100 0.335938 0.679688
 23 8.519747 -11.555687 54.623371 0.794552 0.119908 -0.595239 0.335938 0.953125
view_finger.bmp
 23 8.842896 -11.472697 55.522812 0.952202 0.287900 0.102100 0.335938 0.679688
 10 8.148524 -12.267755 54.811794 0.568694 -0.591593 -0.571494 0.007813 0.953125
 23 8.519747 -11.555687 54.623371 0.794552 0.119908 -0.595239 0.335938 0.953125
view_finger.bmp
 23 8.519747 -11.555687 54.623371 0.794552 0.119908 -0.595239 0.335938 0.953125
 10 8.148524 -12.267755 54.811794 0.568694 -0.591593 -0.571494 0.007813 0.953125
 10 8.012934 -11.831523 54.529274 0.136104 -0.351809 -0.926124 0.171875 0.984375
view_finger.bmp
 22 7.717589 -11.159676 56.264133 -0.302297 0.437095 -0.847092 0.648438 0.140625
 22 7.721924 -11.465522 56.287354 -0.313293 -0.268594 -0.910881 0.812500 0.195313
 22 7.478865 -11.438641 56.424099 -0.869377 -0.177195 -0.461288 0.968750 0.140625
view_finger.bmp
 22 7.478865 -11.438641 56.424099 -0.869377 -0.177195 -0.461288 0.968750 0.140625
 22 7.721924 -11.465522 56.287354 -0.313293 -0.268594 -0.910881 0.812500 0.195313
 22 8.082968 -12.079441 56.466942 -0.861968 -0.469282 -0.191793 0.968750 0.406250
view_finger.bmp
 22 7.721924 -11.465522 56.287354 -0.313293 -0.268594 -0.910881 0.812500 0.195313
 22 8.397866 -11.720573 56.259933 -0.049999 0.616594 -0.785692 0.648438 0.406250
 22 8.082968 -12.079441 56.466942 -0.861968 -0.469282 -0.191793 0.968750 0.406250
view_finger.bmp
 22 8.082968 -12.079441 56.466942 -0.861968 -0.469282 -0.191793 0.968750 0.406250
 22 8.397866 -11.720573 56.259933 -0.049999 0.616594 -0.785692 0.648438 0.406250
 21 8.002645 -12.318435 56.032997 -0.916523 0.152404 0.369809 0.968750 0.679688
view_finger.bmp
 22 8.397866 -11.720573 56.259933 -0.049999 0.616594 -0.785692 0.648438 0.406250
 21 8.365693 -11.919038 55.819744 0.117995 0.981758 -0.149093 0.648438 0.679688
 21 8.002645 -12.318435 56.032997 -0.916523 0.152404 0.369809 0.968750 0.679688
view_finger.bmp
 21 8.002645 -12.318435 56.032997 -0.916523 0.152404 0.369809 0.968750 0.679688
 21 8.365693 -11.919038 55.819744 0.117995 0.981758 -0.149093 0.648438 0.679688
 20 7.989396 -11.738976 55.363213 -0.132702 0.576410 0.806314 0.648438 0.953125
view_finger.bmp
 21 8.365693 -11.919038 55.819744 0.117995 0.981758 -0.149093 0.648438 0.679688
 20 8.798134 -12.188217 55.960728 0.993866 -0.023799 -0.107996 0.335938 0.679688
 20 7.989396 -11.738976 55.363213 -0.132702 0.576410 0.806314 0.648438 0.953125
view_finger.bmp
 20 7.989396 -11.738976 55.363213 -0.132702 0.576410 0.806314 0.648438 0.953125
 20 8.798134 -12.188217 55.960728 0.993866 -0.023799 -0.107996 0.335938 0.679688
 10 8.148524 -12.267755 54.811794 0.568694 -0.591593 -0.571494 0.335938 0.953125
view_finger.bmp
 20 8.798134 -12.188217 55.960728 0.993866 -0.023799 -0.107996 0.335938 0.679688
 10 7.828754 -12.768025 55.087612 0.399490 -0.717682 -0.570386 0.007813 0.953125
 10 8.148524 -12.267755 54.811794 0.568694 -0.591593 -0.571494 0.335938 0.953125
view_finger.bmp
 10 8.148524 -12.267755 54.811794 0.568694 -0.591593 -0.571494 0.335938 0.953125
 10 7.828754 -12.768025 55.087612 0.399490 -0.717682 -0.570386 0.007813 0.953125
 10 7.765602 -12.377763 54.798813 0.049201 -0.499313 -0.865023 0.171875 0.984375
view_finger.bmp
 13 5.478382 -13.929404 57.097279 -0.573899 -0.089700 0.813999 0.117188 0.156250
 13 5.414435 -13.509443 56.972202 -0.842515 -0.100001 0.529309 0.101563 0.367188
 13 5.459219 -14.079916 56.964691 -0.777815 -0.511709 0.364907 0.187500 0.132813
view_finger.bmp
 13 5.459219 -14.079916 56.964691 -0.777815 -0.511709 0.364907 0.187500 0.132813
 13 5.414435 -13.509443 56.972202 -0.842515 -0.100001 0.529309 0.101563 0.367188
 13 5.348441 -13.662838 56.619617 -0.949188 -0.301296 -0.090899 0.250000 0.359375
view_finger.bmp
 13 5.414435 -13.509443 56.972202 -0.842515 -0.100001 0.529309 0.101563 0.367188
 12 5.076156 -13.129053 56.411747 -0.897741 -0.346377 -0.272182 0.257813 0.671875
 13 5.348441 -13.662838 56.619617 -0.949188 -0.301296 -0.090899 0.250000 0.359375
view_finger.bmp
 13 5.348441 -13.662838 56.619617 -0.949188 -0.301296 -0.090899 0.250000 0.359375
 12 5.076156 -13.129053 56.411747 -0.897741 -0.346377 -0.272182 0.257813 0.671875
 13 5.536588 -13.763732 56.470886 -0.312915 -0.472623 -0.823840 0.515625 0.312500
view_finger.bmp
 12 5.076156 -13.129053 56.411747 -0.897741 -0.346377 -0.272182 0.257813 0.671875
 12 5.433869 -13.307132 56.294575 -0.102003 -0.395410 -0.912823 0.507813 0.601563
 13 5.536588 -13.763732 56.470886 -0.312915 -0.472623 -0.823840 0.515625 0.312500
view_finger.bmp
 13 5.536588 -13.763732 56.470886 -0.312915 -0.472623 -0.823840 0.515625 0.312500
 12 5.433869 -13.307132 56.294575 -0.102003 -0.395410 -0.912823 0.507813 0.601563
 13 5.873092 -13.575632 56.439514 0.682975 -0.177794 -0.708474 0.750000 0.273438
view_finger.bmp
 12 5.433869 -13.307132 56.294575 -0.102003 -0.395410 -0.912823 0.507813 0.601563
 13 5.795858 -13.228336 56.335495 0.602017 -0.307209 -0.737020 0.757813 0.632813
 13 5.873092 -13.575632 56.439514 0.682975 -0.177794 -0.708474 0.750000 0.273438
view_finger.bmp
 13 5.873092 -13.575632 56.439514 0.682975 -0.177794 -0.708474 0.750000 0.273438
 13 5.795858 -13.228336 56.335495 0.602017 -0.307209 -0.737020 0.757813 0.632813
 13 5.863607 -13.071243 56.697201 0.977527 0.099402 0.185905 0.898438 0.632813
view_finger.bmp
 13 5.795858 -13.228336 56.335495 0.602017 -0.307209 -0.737020 0.757813 0.632813
 11 5.931901 -12.558571 56.015881 0.386595 -0.919489 0.071299 0.750000 0.929688
 13 5.863607 -13.071243 56.697201 0.977527 0.099402 0.185905 0.898438 0.632813
view_finger.bmp
 13 5.863607 -13.071243 56.697201 0.977527 0.099402 0.185905 0.898438 0.632813
 11 5.931901 -12.558571 56.015881 0.386595 -0.919489 0.071299 0.750000 0.929688
 11 6.009222 -12.386564 56.413544 0.655289 -0.078499 0.751288 0.906250 0.929688
view_finger.bmp
 30 6.368209 -5.760454 56.111824 0.448813 -0.364911 0.815724 0.507813 0.960938
 32 6.210252 -6.554310 55.665012 0.971720 -0.222705 -0.078502 0.757813 0.632813
 30 6.467157 -5.998801 55.629021 0.932075 -0.263793 0.248293 0.750000 0.929688
view_finger.bmp
 30 6.467157 -5.998801 55.629021 0.932075 -0.263793 0.248293 0.750000 0.929688
 32 6.210252 -6.554310 55.665012 0.971720 -0.222705 -0.078502 0.757813 0.632813
 32 5.928292 -6.462921 55.396412 0.361412 0.040401 -0.931531 0.898438 0.632813
view_finger.bmp
 32 6.210252 -6.554310 55.665012 0.971720 -0.222705 -0.078502 0.757813 0.632813
 32 6.226812 -6.922452 55.567051 0.985242 -0.040902 -0.166207 0.750000 0.273438
 32 5.928292 -6.462921 55.396412 0.361412 0.040401 -0.931531 0.898438 0.632813
view_finger.bmp
 32 5.928292 -6.462921 55.396412 0.361412 0.040401 -0.931531 0.898438 0.632813
 32 6.226812 -6.922452 55.567051 0.985242 -0.040902 -0.166207 0.750000 0.273438
 32 5.895400 -6.810268 55.268085 0.157596 0.127197 -0.979277 0.914063 0.273438
view_finger.bmp
 32 6.226812 -6.922452 55.567051 0.985242 -0.040902 -0.166207 0.750000 0.273438
 32 6.130129 -7.319202 55.518658 0.833765 -0.416983 -0.361885 0.765625 0.125000
 32 5.895400 -6.810268 55.268085 0.157596 0.127197 -0.979277 0.914063 0.273438
view_finger.bmp
 32 5.895400 -6.810268 55.268085 0.157596 0.127197 -0.979277 0.914063 0.273438
 32 6.130129 -7.319202 55.518658 0.833765 -0.416983 -0.361885 0.765625 0.125000
 32 5.883305 -7.234435 55.300274 0.161809 -0.254815 -0.953356 0.890625 0.132813
view_finger.bmp
 32 6.130129 -7.319202 55.518658 0.833765 -0.416983 -0.361885 0.765625 0.125000
 32 5.749995 -7.618329 55.488300 0.097698 -0.897483 -0.430092 0.828125 0.070313
 32 5.883305 -7.234435 55.300274 0.161809 -0.254815 -0.953356 0.890625 0.132813
view_finger.bmp
 32 5.883305 -7.234435 55.300274 0.161809 -0.254815 -0.953356 0.890625 0.132813
 32 5.749995 -7.618329 55.488300 0.097698 -0.897483 -0.430092 0.828125 0.070313
 32 5.601417 -7.480697 55.363472 -0.628863 -0.511970 -0.585165 0.921875 0.070313
view_finger.bmp
 32 5.749995 -7.618329 55.488300 0.097698 -0.897483 -0.430092 0.828125 0.070313
 32 5.642571 -7.516666 55.650551 -0.653504 -0.589003 0.475403 0.828125 0.015625
 32 5.601417 -7.480697 55.363472 -0.628863 -0.511970 -0.585165 0.921875 0.070313
view_finger.bmp
 32 5.601417 -7.480697 55.363472 -0.628863 -0.511970 -0.585165 0.921875 0.070313
 32 5.642571 -7.516666 55.650551 -0.653504 -0.589003 0.475403 0.828125 0.015625
 32 5.522188 -7.388173 55.552582 -0.971196 -0.235999 0.032900 0.906250 0.015625
view_finger.bmp
 22 7.478865 -11.438641 56.424099 -0.869377 -0.177195 -0.461288 0.648438 0.140625
 22 8.082968 -12.079441 56.466942 -0.861968 -0.469282 -0.191793 0.648438 0.406250
 22 7.514434 -11.333657 56.736530 -0.812484 -0.120997 0.570289 0.335938 0.140625
view_finger.bmp
 22 7.514434 -11.333657 56.736530 -0.812484 -0.120997 0.570289 0.335938 0.140625
 22 8.082968 -12.079441 56.466942 -0.861968 -0.469282 -0.191793 0.648438 0.406250
 21 8.257073 -12.048272 56.878326 -0.117596 -0.466684 0.876571 0.335938 0.406250
view_finger.bmp
 22 8.082968 -12.079441 56.466942 -0.861968 -0.469282 -0.191793 0.648438 0.406250
 21 8.002645 -12.318435 56.032997 -0.916523 0.152404 0.369809 0.648438 0.679688
 21 8.257073 -12.048272 56.878326 -0.117596 -0.466684 0.876571 0.335938 0.406250
view_finger.bmp
 21 8.257073 -12.048272 56.878326 -0.117596 -0.466684 0.876571 0.335938 0.406250
 21 8.002645 -12.318435 56.032997 -0.916523 0.152404 0.369809 0.648438 0.679688
 20 8.375946 -12.607487 56.197521 -0.189303 -0.888313 0.418406 0.335938 0.679688
view_finger.bmp
 21 8.002645 -12.318435 56.032997 -0.916523 0.152404 0.369809 0.648438 0.679688
 17 7.730003 -12.244592 55.664005 -0.038599 0.497190 0.866783 0.648438 0.953125
 20 8.375946 -12.607487 56.197521 -0.189303 -0.888313 0.418406 0.335938 0.679688
view_finger.bmp
 20 8.375946 -12.607487 56.197521 -0.189303 -0.888313 0.418406 0.335938 0.679688
 17 7.730003 -12.244592 55.664005 -0.038599 0.497190 0.866783 0.648438 0.953125
 10 7.828754 -12.768025 55.087612 0.399490 -0.717682 -0.570386 0.335938 0.953125
view_finger.bmp
 17 7.730003 -12.244592 55.664005 -0.038599 0.497190 0.866783 0.648438 0.953125
 17 8.438462 -12.894701 56.143948 0.950111 -0.250903 -0.185302 0.335938 0.679688
 10 7.828754 -12.768025 55.087612 0.399490 -0.717682 -0.570386 0.335938 0.953125
view_finger.bmp
 10 7.828754 -12.768025 55.087612 0.399490 -0.717682 -0.570386 0.335938 0.953125
 17 8.438462 -12.894701 56.143948 0.950111 -0.250903 -0.185302 0.335938 0.679688
 10 7.333692 -13.144882 55.336197 0.226901 -0.806404 -0.546103 0.007813 0.953125
view_finger.bmp
 17 8.438462 -12.894701 56.143948 0.950111 -0.250903 -0.185302 0.335938 0.679688
 17 7.933804 -13.262491 56.387157 -0.330504 -0.869610 0.366804 0.007813 0.679688
 10 7.333692 -13.144882 55.336197 0.226901 -0.806404 -0.546103 0.007813 0.953125
view_finger.bmp
 19 7.341197 -11.725882 57.188675 -0.923772 0.206194 -0.322691 0.648438 0.140625
 19 7.736677 -12.528369 56.947407 -0.957041 -0.210309 -0.199609 0.648438 0.406250
 19 7.424926 -11.738782 57.471207 -0.720724 -0.037201 0.692223 0.335938 0.140625
view_finger.bmp
 19 7.424926 -11.738782 57.471207 -0.720724 -0.037201 0.692223 0.335938 0.140625
 19 7.736677 -12.528369 56.947407 -0.957041 -0.210309 -0.199609 0.648438 0.406250
 18 7.986588 -12.648532 57.317570 -0.108902 -0.603607 0.789809 0.335938 0.406250
view_finger.bmp
 19 7.736677 -12.528369 56.947407 -0.957041 -0.210309 -0.199609 0.648438 0.406250
 18 7.605626 -12.813450 56.306595 -0.925451 0.175091 0.335982 0.648438 0.679688
 18 7.986588 -12.648532 57.317570 -0.108902 -0.603607 0.789809 0.335938 0.406250
view_finger.bmp
 18 7.986588 -12.648532 57.317570 -0.108902 -0.603607 0.789809 0.335938 0.406250
 18 7.605626 -12.813450 56.306595 -0.925451 0.175091 0.335982 0.648438 0.679688
 17 7.933804 -13.262491 56.387157 -0.330504 -0.869610 0.366804 0.335938 0.679688
view_finger.bmp
 18 7.605626 -12.813450 56.306595 -0.925451 0.175091 0.335982 0.648438 0.679688
 17 7.208521 -12.645025 55.878036 0.012700 0.481914 0.876126 0.648438 0.953125
 17 7.933804 -13.262491 56.387157 -0.330504 -0.869610 0.366804 0.335938 0.679688
view_finger.bmp
 17 7.933804 -13.262491 56.387157 -0.330504 -0.869610 0.366804 0.335938 0.679688
 17 7.208521 -12.645025 55.878036 0.012700 0.481914 0.876126 0.648438 0.953125
 10 7.333692 -13.144882 55.336197 0.226901 -0.806404 -0.546103 0.335938 0.953125
view_finger.bmp
 17 7.208521 -12.645025 55.878036 0.012700 0.481914 0.876126 0.648438 0.953125
 14 7.828001 -13.546448 56.239864 0.833782 -0.284094 -0.473390 0.335938 0.679688
 10 7.333692 -13.144882 55.336197 0.226901 -0.806404 -0.546103 0.335938 0.953125
view_finger.bmp
 10 7.333692 -13.144882 55.336197 0.226901 -0.806404 -0.546103 0.335938 0.953125
 14 7.828001 -13.546448 56.239864 0.833782 -0.284094 -0.473390 0.335938 0.679688
 14 6.710030 -13.462390 55.709229 -0.316988 -0.895367 -0.312789 0.007813 0.953125
view_finger.bmp
 14 7.828001 -13.546448 56.239864 0.833782 -0.284094 -0.473390 0.335938 0.679688
 14 7.292800 -13.823593 56.455158 -0.312198 -0.934792 0.169398 0.007813 0.679688
 14 6.710030 -13.462390 55.709229 -0.316988 -0.895367 -0.312789 0.007813 0.953125
view_finger.bmp
 39 6.121120 -7.297958 54.373741 -0.097002 -0.630611 0.770013 0.007813 0.679688
 39 6.111201 -7.184698 53.743526 -0.213498 -0.561595 -0.799393 0.335938 0.679688
 29 7.398284 -7.016872 54.446693 0.711394 -0.684594 -0.158899 0.007813 0.953125
view_finger.bmp
 29 7.398284 -7.016872 54.446693 0.711394 -0.684594 -0.158899 0.007813 0.953125
 39 6.111201 -7.184698 53.743526 -0.213498 -0.561595 -0.799393 0.335938 0.679688
 29 7.391395 -6.771702 53.839695 0.647128 -0.678929 -0.346815 0.335938 0.953125
view_finger.bmp
 39 6.111201 -7.184698 53.743526 -0.213498 -0.561595 -0.799393 0.335938 0.679688
 39 6.753048 -6.313218 53.897976 -0.856787 0.471993 0.207697 0.648438 0.953125
 29 7.391395 -6.771702 53.839695 0.647128 -0.678929 -0.346815 0.335938 0.953125
view_finger.bmp
 29 7.391395 -6.771702 53.839695 0.647128 -0.678929 -0.346815 0.335938 0.953125
 39 6.753048 -6.313218 53.897976 -0.856787 0.471993 0.207697 0.648438 0.953125
 42 6.364235 -6.943171 53.772228 -0.154595 -0.826770 0.540880 0.335938 0.679688
view_finger.bmp
 39 6.753048 -6.313218 53.897976 -0.856787 0.471993 0.207697 0.648438 0.953125
 43 6.467358 -6.434237 53.878937 -0.405223 0.727141 0.554131 0.648438 0.679688
 42 6.364235 -6.943171 53.772228 -0.154595 -0.826770 0.540880 0.335938 0.679688
view_finger.bmp
 42 6.364235 -6.943171 53.772228 -0.154595 -0.826770 0.540880 0.335938 0.679688
 43 6.467358 -6.434237 53.878937 -0.405223 0.727141 0.554131 0.648438 0.679688
 43 5.665954 -6.638704 53.857880 -0.789371 -0.085897 0.607878 0.335938 0.406250
view_finger.bmp
 43 6.467358 -6.434237 53.878937 -0.405223 0.727141 0.554131 0.648438 0.679688
 44 6.045711 -6.610494 53.805271 0.699514 0.192104 0.688314 0.648438 0.406250
 43 5.665954 -6.638704 53.857880 -0.789371 -0.085897 0.607878 0.335938 0.406250
view_finger.bmp
 43 5.665954 -6.638704 53.857880 -0.789371 -0.085897 0.607878 0.335938 0.406250
 44 6.045711 -6.610494 53.805271 0.699514 0.192104 0.688314 0.648438 0.406250
 44 5.962856 -5.838631 54.011333 -0.066901 0.275703 0.958912 0.335938 0.140625
view_finger.bmp
 44 6.045711 -6.610494 53.805271 0.699514 0.192104 0.688314 0.648438 0.406250
 44 6.205542 -5.932417 53.928825 0.829885 0.192997 0.523491 0.648438 0.140625
 44 5.962856 -5.838631 54.011333 -0.066901 0.275703 0.958912 0.335938 0.140625
view_finger.bmp
 36 6.369593 -7.733478 55.020767 -0.398810 -0.535113 0.744718 0.007813 0.679688
 36 6.394782 -7.683712 54.362976 -0.273012 -0.760833 -0.588726 0.335938 0.679688
 29 7.407858 -7.045593 55.126091 0.859305 -0.510203 -0.035900 0.007813 0.953125
view_finger.bmp
 29 7.407858 -7.045593 55.126091 0.859305 -0.510203 -0.035900 0.007813 0.953125
 36 6.394782 -7.683712 54.362976 -0.273012 -0.760833 -0.588726 0.335938 0.679688
 29 7.398284 -7.016872 54.446693 0.711394 -0.684594 -0.158899 0.335938 0.953125
view_finger.bmp
 36 6.394782 -7.683712 54.362976 -0.273012 -0.760833 -0.588726 0.335938 0.679688
 36 6.696983 -6.664635 54.454384 -0.935847 0.164008 0.311916 0.648438 0.953125
 29 7.398284 -7.016872 54.446693 0.711394 -0.684594 -0.158899 0.335938 0.953125
view_finger.bmp
 29 7.398284 -7.016872 54.446693 0.711394 -0.684594 -0.158899 0.335938 0.953125
 36 6.696983 -6.664635 54.454384 -0.935847 0.164008 0.311916 0.648438 0.953125
 39 6.121120 -7.297958 54.373741 -0.097002 -0.630611 0.770013 0.335938 0.679688
view_finger.bmp
 36 6.696983 -6.664635 54.454384 -0.935847 0.164008 0.311916 0.648438 0.953125
 40 6.327281 -6.860178 54.445255 -0.146107 0.807541 0.571429 0.648438 0.679688
 39 6.121120 -7.297958 54.373741 -0.097002 -0.630611 0.770013 0.335938 0.679688
view_finger.bmp
 39 6.121120 -7.297958 54.373741 -0.097002 -0.630611 0.770013 0.335938 0.679688
 40 6.327281 -6.860178 54.445255 -0.146107 0.807541 0.571429 0.648438 0.679688
 40 5.403470 -6.756427 54.448147 -0.802325 -0.009000 0.596819 0.335938 0.406250
view_finger.bmp
 40 6.327281 -6.860178 54.445255 -0.146107 0.807541 0.571429 0.648438 0.679688
 41 5.794248 -6.808391 54.410316 0.676475 0.169594 0.716673 0.648438 0.406250
 40 5.403470 -6.756427 54.448147 -0.802325 -0.009000 0.596819 0.335938 0.406250
view_finger.bmp
 40 5.403470 -6.756427 54.448147 -0.802325 -0.009000 0.596819 0.335938 0.406250
 41 5.794248 -6.808391 54.410316 0.676475 0.169594 0.716673 0.648438 0.406250
 41 5.959394 -5.852337 54.577915 -0.020299 0.386488 0.922071 0.335938 0.140625
view_finger.bmp
 41 5.794248 -6.808391 54.410316 0.676475 0.169594 0.716673 0.648438 0.406250
 41 6.221498 -6.041560 54.500473 0.859770 0.017500 0.510382 0.648438 0.140625
 41 5.959394 -5.852337 54.577915 -0.020299 0.386488 0.922071 0.335938 0.140625
view_finger.bmp
 33 7.601169 -7.901055 55.914898 0.646475 -0.179693 0.741472 0.007813 0.679688
 33 7.595365 -7.970536 55.278709 0.641896 -0.148399 -0.752295 0.335938 0.679688
 33 7.464459 -6.886438 55.895874 0.893811 -0.005800 0.448406 0.007813 0.953125
view_finger.bmp
 33 7.464459 -6.886438 55.895874 0.893811 -0.005800 0.448406 0.007813 0.953125
 33 7.595365 -7.970536 55.278709 0.641896 -0.148399 -0.752295 0.335938 0.679688
 29 7.407858 -7.045593 55.126091 0.859305 -0.510203 -0.035900 0.335938 0.953125
view_finger.bmp
 33 7.595365 -7.970536 55.278709 0.641896 -0.148399 -0.752295 0.335938 0.679688
 36 6.720873 -6.718447 55.133968 -0.995750 -0.049297 -0.077796 0.648438 0.953125
 29 7.407858 -7.045593 55.126091 0.859305 -0.510203 -0.035900 0.335938 0.953125
view_finger.bmp
 29 7.407858 -7.045593 55.126091 0.859305 -0.510203 -0.035900 0.335938 0.953125
 36 6.720873 -6.718447 55.133968 -0.995750 -0.049297 -0.077796 0.648438 0.953125
 36 6.369593 -7.733478 55.020767 -0.398810 -0.535113 0.744718 0.335938 0.679688
view_finger.bmp
 36 6.720873 -6.718447 55.133968 -0.995750 -0.049297 -0.077796 0.648438 0.953125
 37 6.512919 -7.286940 55.039928 -0.304200 0.696300 0.650100 0.648438 0.679688
 36 6.369593 -7.733478 55.020767 -0.398810 -0.535113 0.744718 0.335938 0.679688
view_finger.bmp
 36 6.369593 -7.733478 55.020767 -0.398810 -0.535113 0.744718 0.335938 0.679688
 37 6.512919 -7.286940 55.039928 -0.304200 0.696300 0.650100 0.648438 0.679688
 37 5.455131 -7.013468 55.011696 -0.676667 -0.174691 0.715265 0.335938 0.406250
view_finger.bmp
 37 6.512919 -7.286940 55.039928 -0.304200 0.696300 0.650100 0.648438 0.679688
 38 5.871564 -7.009970 55.009510 0.567969 0.017899 0.822855 0.648438 0.406250
 37 5.455131 -7.013468 55.011696 -0.676667 -0.174691 0.715265 0.335938 0.406250
view_finger.bmp
 37 5.455131 -7.013468 55.011696 -0.676667 -0.174691 0.715265 0.335938 0.406250
 38 5.871564 -7.009970 55.009510 0.567969 0.017899 0.822855 0.648438 0.406250
 38 5.950754 -6.023253 55.088364 -0.113396 0.492185 0.863073 0.335938 0.140625
view_finger.bmp
 38 5.871564 -7.009970 55.009510 0.567969 0.017899 0.822855 0.648438 0.406250
 38 6.202881 -6.146180 55.046879 0.844379 0.184195 0.503087 0.648438 0.140625
 38 5.950754 -6.023253 55.088364 -0.113396 0.492185 0.863073 0.335938 0.140625
view_finger.bmp
 44 6.205542 -5.932417 53.928825 0.829885 0.192997 0.523491 0.968750 0.140625
 44 6.045711 -6.610494 53.805271 0.699514 0.192104 0.688314 0.968750 0.406250
 44 6.238090 -6.048615 53.714260 0.987013 -0.132102 -0.091401 0.812500 0.195313
view_finger.bmp
 44 6.238090 -6.048615 53.714260 0.987013 -0.132102 -0.091401 0.812500 0.195313
 44 6.045711 -6.610494 53.805271 0.699514 0.192104 0.688314 0.968750 0.406250
 44 6.031769 -6.460112 53.370308 0.430928 0.822853 -0.370424 0.648438 0.406250
view_finger.bmp
 44 6.045711 -6.610494 53.805271 0.699514 0.192104 0.688314 0.968750 0.406250
 43 6.467358 -6.434237 53.878937 -0.405223 0.727141 0.554131 0.968750 0.679688
 44 6.031769 -6.460112 53.370308 0.430928 0.822853 -0.370424 0.648438 0.406250
view_finger.bmp
 44 6.031769 -6.460112 53.370308 0.430928 0.822853 -0.370424 0.648438 0.406250
 43 6.467358 -6.434237 53.878937 -0.405223 0.727141 0.554131 0.968750 0.679688
 43 6.432505 -6.273505 53.364494 -0.567806 0.821009 -0.059501 0.648438 0.679688
view_finger.bmp
 43 6.467358 -6.434237 53.878937 -0.405223 0.727141 0.554131 0.968750 0.679688
 42 6.746706 -5.963048 53.337749 -0.905493 0.127999 -0.404597 0.648438 0.953125
 43 6.432505 -6.273505 53.364494 -0.567806 0.821009 -0.059501 0.648438 0.679688
view_finger.bmp
 43 6.432505 -6.273505 53.364494 -0.567806 0.821009 -0.059501 0.648438 0.679688
 42 6.746706 -5.963048 53.337749 -0.905493 0.127999 -0.404597 0.648438 0.953125
 42 6.303511 -6.771155 53.199760 -0.171203 -0.405507 -0.897916 0.335938 0.679688
view_finger.bmp
 42 6.746706 -5.963048 53.337749 -0.905493 0.127999 -0.404597 0.648438 0.953125
 42 7.195099 -6.426291 53.122692 0.344807 -0.258705 -0.902319 0.335938 0.953125
 42 6.303511 -6.771155 53.199760 -0.171203 -0.405507 -0.897916 0.335938 0.679688
view_finger.bmp
 42 6.303511 -6.771155 53.199760 -0.171203 -0.405507 -0.897916 0.335938 0.679688
 42 7.195099 -6.426291 53.122692 0.344807 -0.258705 -0.902319 0.335938 0.953125
 29 7.391395 -6.771702 53.839695 0.647128 -0.678929 -0.346815 0.007813 0.953125
view_finger.bmp
 42 7.195099 -6.426291 53.122692 0.344807 -0.258705 -0.902319 0.335938 0.953125
 29 7.490528 -6.293995 53.615044 0.951718 -0.137003 -0.274705 0.171875 0.984375
 29 7.391395 -6.771702 53.839695 0.647128 -0.678929 -0.346815 0.007813 0.953125
view_finger.bmp
 38 5.950754 -6.023253 55.088364 -0.113396 0.492185 0.863073 0.007813 0.140625
 38 5.880590 -5.939266 54.842144 -0.682690 0.728290 0.059399 0.171875 0.140625
 37 5.455131 -7.013468 55.011696 -0.676667 -0.174691 0.715265 0.007813 0.406250
view_finger.bmp
 37 5.455131 -7.013468 55.011696 -0.676667 -0.174691 0.715265 0.007813 0.406250
 38 5.880590 -5.939266 54.842144 -0.682690 0.728290 0.059399 0.171875 0.140625
 37 5.466237 -6.954648 54.414520 -0.527401 0.165200 -0.833401 0.335938 0.406250
view_finger.bmp
 38 5.880590 -5.939266 54.842144 -0.682690 0.728290 0.059399 0.171875 0.140625
 38 5.973422 -5.952881 54.593353 -0.038699 0.670290 -0.741089 0.335938 0.140625
 37 5.466237 -6.954648 54.414520 -0.527401 0.165200 -0.833401 0.335938 0.406250
view_finger.bmp
 37 5.466237 -6.954648 54.414520 -0.527401 0.165200 -0.833401 0.335938 0.406250
 38 5.973422 -5.952881 54.593353 -0.038699 0.670290 -0.741089 0.335938 0.140625
 38 5.904490 -6.940880 54.474586 0.672898 0.356799 -0.647999 0.648438 0.406250
view_finger.bmp
 38 5.973422 -5.952881 54.593353 -0.038699 0.670290 -0.741089 0.335938 0.140625
 38 6.225645 -6.097180 54.630245 0.889341 0.278013 -0.363017 0.648438 0.140625
 38 5.904490 -6.940880 54.474586 0.672898 0.356799 -0.647999 0.648438 0.406250
view_finger.bmp
 38 5.904490 -6.940880 54.474586 0.672898 0.356799 -0.647999 0.648438 0.406250
 38 6.225645 -6.097180 54.630245 0.889341 0.278013 -0.363017 0.648438 0.140625
 38 6.205722 -6.329806 54.807976 0.955955 -0.293217 0.013201 0.812500 0.195313
view_finger.bmp
 38 6.225645 -6.097180 54.630245 0.889341 0.278013 -0.363017 0.648438 0.140625
 38 6.202881 -6.146180 55.046879 0.844379 0.184195 0.503087 0.968750 0.140625
 38 6.205722 -6.329806 54.807976 0.955955 -0.293217 0.013201 0.812500 0.195313
view_finger.bmp
 38 6.205722 -6.329806 54.807976 0.955955 -0.293217 0.013201 0.812500 0.195313
 38 6.202881 -6.146180 55.046879 0.844379 0.184195 0.503087 0.968750 0.140625
 38 5.871564 -7.009970 55.009510 0.567969 0.017899 0.822855 0.968750 0.406250
view_finger.bmp
 31 5.756431 -6.453779 56.205399 -0.218808 -0.249109 0.943434 0.257813 0.671875
 30 5.675540 -5.420553 55.986610 -0.958308 0.249202 0.139801 0.085938 0.984375
 31 5.455746 -6.345863 55.917400 -0.996242 0.027301 0.082204 0.093750 0.671875
view_finger.bmp
 31 5.756431 -6.453779 56.205399 -0.218808 -0.249109 0.943434 0.257813 0.671875
 30 5.971598 -5.516511 56.268642 -0.212100 0.102100 0.971900 0.250000 0.992188
 30 5.675540 -5.420553 55.986610 -0.958308 0.249202 0.139801 0.085938 0.984375
view_finger.bmp
 31 5.756431 -6.453779 56.205399 -0.218808 -0.249109 0.943434 0.257813 0.671875
 30 6.368209 -5.760454 56.111824 0.448813 -0.364911 0.815724 0.507813 0.960938
 30 5.971598 -5.516511 56.268642 -0.212100 0.102100 0.971900 0.250000 0.992188
view_finger.bmp
 31 5.756431 -6.453779 56.205399 -0.218808 -0.249109 0.943434 0.257813 0.671875
 31 6.055816 -6.646418 55.989391 0.745280 -0.253493 0.616684 0.507813 0.601563
 30 6.368209 -5.760454 56.111824 0.448813 -0.364911 0.815724 0.507813 0.960938
view_finger.bmp
 31 5.756431 -6.453779 56.205399 -0.218808 -0.249109 0.943434 0.257813 0.671875
 32 6.035573 -7.122374 55.833805 0.569958 -0.342375 0.746945 0.515625 0.312500
 31 6.055816 -6.646418 55.989391 0.745280 -0.253493 0.616684 0.507813 0.601563
view_finger.bmp
 31 5.756431 -6.453779 56.205399 -0.218808 -0.249109 0.943434 0.257813 0.671875
 32 5.801487 -7.054832 55.908920 -0.403814 -0.295710 0.865731 0.250000 0.359375
 32 6.035573 -7.122374 55.833805 0.569958 -0.342375 0.746945 0.515625 0.312500
view_finger.bmp
 31 5.756431 -6.453779 56.205399 -0.218808 -0.249109 0.943434 0.257813 0.671875
 32 5.526510 -6.956282 55.650314 -0.887578 -0.183595 0.422490 0.101563 0.367188
 32 5.801487 -7.054832 55.908920 -0.403814 -0.295710 0.865731 0.250000 0.359375
view_finger.bmp
 31 5.756431 -6.453779 56.205399 -0.218808 -0.249109 0.943434 0.257813 0.671875
 31 5.455746 -6.345863 55.917400 -0.996242 0.027301 0.082204 0.093750 0.671875
 32 5.526510 -6.956282 55.650314 -0.887578 -0.183595 0.422490 0.101563 0.367188
view_finger.bmp
 35 7.055452 -8.239185 55.886387 -0.541587 0.528688 0.653585 0.968750 0.406250
 35 6.402870 -8.242973 55.631199 -0.126499 0.985692 -0.111399 0.812500 0.195313
 35 6.197278 -8.301486 55.860783 -0.580020 0.726126 0.369213 0.968750 0.140625
view_finger.bmp
 35 6.197278 -8.301486 55.860783 -0.580020 0.726126 0.369213 0.968750 0.140625
 35 6.402870 -8.242973 55.631199 -0.126499 0.985692 -0.111399 0.812500 0.195313
 35 6.193560 -8.345997 55.453224 -0.581890 0.630089 -0.514191 0.648438 0.140625
view_finger.bmp
 35 6.402870 -8.242973 55.631199 -0.126499 0.985692 -0.111399 0.812500 0.195313
 35 7.050827 -8.294553 55.379425 -0.372406 0.426407 -0.824313 0.648438 0.406250
 35 6.193560 -8.345997 55.453224 -0.581890 0.630089 -0.514191 0.648438 0.140625
view_finger.bmp
 35 6.193560 -8.345997 55.453224 -0.581890 0.630089 -0.514191 0.648438 0.140625
 35 7.050827 -8.294553 55.379425 -0.372406 0.426407 -0.824313 0.648438 0.406250
 35 6.169088 -8.638697 55.435112 -0.517997 -0.380497 -0.766095 0.335938 0.140625
view_finger.bmp
 35 7.050827 -8.294553 55.379425 -0.372406 0.426407 -0.824313 0.648438 0.406250
 34 7.196740 -8.719421 55.394314 0.270516 -0.703742 -0.656939 0.335938 0.406250
 35 6.169088 -8.638697 55.435112 -0.517997 -0.380497 -0.766095 0.335938 0.140625
view_finger.bmp
 35 6.169088 -8.638697 55.435112 -0.517997 -0.380497 -0.766095 0.335938 0.140625
 34 7.196740 -8.719421 55.394314 0.270516 -0.703742 -0.656939 0.335938 0.406250
 35 6.162982 -8.711700 55.684578 -0.417006 -0.903713 0.097001 0.171875 0.140625
view_finger.bmp
 34 7.196740 -8.719421 55.394314 0.270516 -0.703742 -0.656939 0.335938 0.406250
 34 7.201910 -8.657540 55.960918 0.096998 -0.507990 0.855884 0.007813 0.406250
 35 6.162982 -8.711700 55.684578 -0.417006 -0.903713 0.097001 0.171875 0.140625
view_finger.bmp
 35 6.162982 -8.711700 55.684578 -0.417006 -0.903713 0.097001 0.171875 0.140625
 34 7.201910 -8.657540 55.960918 0.096998 -0.507990 0.855884 0.007813 0.406250
 35 6.172703 -8.595407 55.923286 -0.499511 -0.227805 0.835819 0.007813 0.140625
view_finger.bmp
 41 5.959394 -5.852337 54.577915 -0.020299 0.386488 0.922071 0.007813 0.140625
 41 5.896196 -5.742398 54.354939 -0.589017 0.786823 0.184305 0.171875 0.140625
 40 5.403470 -6.756427 54.448147 -0.802325 -0.009000 0.596819 0.007813 0.406250
view_finger.bmp
 40 5.403470 -6.756427 54.448147 -0.802325 -0.009000 0.596819 0.007813 0.406250
 41 5.896196 -5.742398 54.354939 -0.589017 0.786823 0.184305 0.171875 0.140625
 40 5.394866 -6.623268 53.873089 -0.635865 0.508772 -0.580368 0.335938 0.406250
view_finger.bmp
 41 5.896196 -5.742398 54.354939 -0.589017 0.786823 0.184305 0.171875 0.140625
 41 5.975771 -5.740069 54.111088 0.008200 0.737499 -0.675299 0.335938 0.140625
 40 5.394866 -6.623268 53.873089 -0.635865 0.508772 -0.580368 0.335938 0.406250
view_finger.bmp
 40 5.394866 -6.623268 53.873089 -0.635865 0.508772 -0.580368 0.335938 0.406250
 41 5.975771 -5.740069 54.111088 0.008200 0.737499 -0.675299 0.335938 0.140625
 41 5.811062 -6.686044 53.894520 0.614912 0.647313 -0.450409 0.648438 0.406250
view_finger.bmp
 41 5.975771 -5.740069 54.111088 0.008200 0.737499 -0.675299 0.335938 0.140625
 41 6.243263 -5.937658 54.113655 0.898012 0.202103 -0.390805 0.648438 0.140625
 41 5.811062 -6.686044 53.894520 0.614912 0.647313 -0.450409 0.648438 0.406250
view_finger.bmp
 41 5.811062 -6.686044 53.894520 0.614912 0.647313 -0.450409 0.648438 0.406250
 41 6.243263 -5.937658 54.113655 0.898012 0.202103 -0.390805 0.648438 0.140625
 41 6.198876 -6.196959 54.284512 0.903987 -0.423594 -0.058099 0.812500 0.195313
view_finger.bmp
 41 6.243263 -5.937658 54.113655 0.898012 0.202103 -0.390805 0.648438 0.140625
 41 6.221498 -6.041560 54.500473 0.859770 0.017500 0.510382 0.968750 0.140625
 41 6.198876 -6.196959 54.284512 0.903987 -0.423594 -0.058099 0.812500 0.195313
view_finger.bmp
 41 6.198876 -6.196959 54.284512 0.903987 -0.423594 -0.058099 0.812500 0.195313
 41 6.221498 -6.041560 54.500473 0.859770 0.017500 0.510382 0.968750 0.140625
 41 5.794248 -6.808391 54.410316 0.676475 0.169594 0.716673 0.968750 0.406250
view_finger.bmp
 19 8.135768 -12.201368 56.755581 -0.009200 0.705024 -0.709124 0.648438 0.406250
 18 7.605626 -12.813450 56.306595 -0.925451 0.175091 0.335982 0.968750 0.679688
 19 7.736677 -12.528369 56.947407 -0.957041 -0.210309 -0.199609 0.968750 0.406250
view_finger.bmp
 19 8.135768 -12.201368 56.755581 -0.009200 0.705024 -0.709124 0.648438 0.406250
 18 8.048650 -12.469935 56.092518 0.198293 0.980063 0.012500 0.648438 0.679688
 18 7.605626 -12.813450 56.306595 -0.925451 0.175091 0.335982 0.968750 0.679688
view_finger.bmp
 19 8.135768 -12.201368 56.755581 -0.009200 0.705024 -0.709124 0.648438 0.406250
 18 8.443061 -12.316692 57.112595 0.901525 0.372210 0.220707 0.335938 0.406250
 18 8.048650 -12.469935 56.092518 0.198293 0.980063 0.012500 0.648438 0.679688
view_finger.bmp
 19 8.135768 -12.201368 56.755581 -0.009200 0.705024 -0.709124 0.648438 0.406250
 19 7.790679 -11.435383 57.284996 0.453305 0.884910 0.107002 0.335938 0.140625
 18 8.443061 -12.316692 57.112595 0.901525 0.372210 0.220707 0.335938 0.406250
view_finger.bmp
 19 8.135768 -12.201368 56.755581 -0.009200 0.705024 -0.709124 0.648438 0.406250
 19 7.638625 -11.486953 57.038177 -0.287188 0.707370 -0.645873 0.648438 0.140625
 19 7.790679 -11.435383 57.284996 0.453305 0.884910 0.107002 0.335938 0.140625
view_finger.bmp
 19 8.135768 -12.201368 56.755581 -0.009200 0.705024 -0.709124 0.648438 0.406250
 19 7.559041 -11.766096 56.995216 -0.501811 0.090602 -0.860219 0.812500 0.195313
 19 7.638625 -11.486953 57.038177 -0.287188 0.707370 -0.645873 0.648438 0.140625
view_finger.bmp
 19 8.135768 -12.201368 56.755581 -0.009200 0.705024 -0.709124 0.648438 0.406250
 19 7.736677 -12.528369 56.947407 -0.957041 -0.210309 -0.199609 0.968750 0.406250
 19 7.559041 -11.766096 56.995216 -0.501811 0.090602 -0.860219 0.812500 0.195313
view_finger.bmp
 15 8.077577 -13.442268 57.053860 0.967452 -0.252088 0.022099 0.335938 0.406250
 14 7.292800 -13.823593 56.455158 -0.312198 -0.934792 0.169398 0.007813 0.679688
 14 7.828001 -13.546448 56.239864 0.833782 -0.284094 -0.473390 0.335938 0.679688
view_finger.bmp
 15 8.077577 -13.442268 57.053860 0.967452 -0.252088 0.022099 0.335938 0.406250
 15 7.600914 -13.689101 57.245605 -0.309397 -0.761992 0.568894 0.007813 0.406250
 14 7.292800 -13.823593 56.455158 -0.312198 -0.934792 0.169398 0.007813 0.679688
view_finger.bmp
 15 8.077577 -13.442268 57.053860 0.967452 -0.252088 0.022099 0.335938 0.406250
 16 7.794207 -12.920074 57.883728 0.486226 -0.281515 0.827244 0.171875 0.140625
 15 7.600914 -13.689101 57.245605 -0.309397 -0.761992 0.568894 0.007813 0.406250
view_finger.bmp
 15 8.077577 -13.442268 57.053860 0.967452 -0.252088 0.022099 0.335938 0.406250
 16 7.945858 -12.763165 57.749260 0.821221 0.490112 0.292208 0.335938 0.140625
 16 7.794207 -12.920074 57.883728 0.486226 -0.281515 0.827244 0.171875 0.140625
view_finger.bmp
 15 8.077577 -13.442268 57.053860 0.967452 -0.252088 0.022099 0.335938 0.406250
 16 7.776161 -13.084993 56.883389 0.251903 0.871909 -0.419904 0.648438 0.406250
 16 7.945858 -12.763165 57.749260 0.821221 0.490112 0.292208 0.335938 0.140625
view_finger.bmp
 15 8.077577 -13.442268 57.053860 0.967452 -0.252088 0.022099 0.335938 0.406250
 15 7.590908 -13.055961 56.371056 0.286291 0.941370 0.178495 0.648438 0.679688
 16 7.776161 -13.084993 56.883389 0.251903 0.871909 -0.419904 0.648438 0.406250
view_finger.bmp
 15 8.077577 -13.442268 57.053860 0.967452 -0.252088 0.022099 0.335938 0.406250
 14 7.828001 -13.546448 56.239864 0.833782 -0.284094 -0.473390 0.335938 0.679688
 15 7.590908 -13.055961 56.371056 0.286291 0.941370 0.178495 0.648438 0.679688
view_finger.bmp
 24 8.486793 -10.981598 56.034100 0.388302 0.817104 0.426102 0.335938 0.406250
 23 8.523720 -11.923611 55.732342 0.117505 -0.691731 0.712532 0.007813 0.679688
 23 8.842896 -11.472697 55.522812 0.952202 0.287900 0.102100 0.335938 0.679688
view_finger.bmp
 24 8.486793 -10.981598 56.034100 0.388302 0.817104 0.426102 0.335938 0.406250
 24 8.226270 -11.388756 56.228138 -0.540903 -0.104200 0.834605 0.007813 0.406250
 23 8.523720 -11.923611 55.732342 0.117505 -0.691731 0.712532 0.007813 0.679688
view_finger.bmp
 24 8.486793 -10.981598 56.034100 0.388302 0.817104 0.426102 0.335938 0.406250
 25 7.637052 -10.849978 55.778446 -0.503981 0.636375 0.583978 0.171875 0.140625
 24 8.226270 -11.388756 56.228138 -0.540903 -0.104200 0.834605 0.007813 0.406250
view_finger.bmp
 24 8.486793 -10.981598 56.034100 0.388302 0.817104 0.426102 0.335938 0.406250
 25 7.754744 -10.740808 55.614647 -0.007300 0.955500 -0.294900 0.335938 0.140625
 25 7.637052 -10.849978 55.778446 -0.503981 0.636375 0.583978 0.171875 0.140625
view_finger.bmp
 24 8.486793 -10.981598 56.034100 0.388302 0.817104 0.426102 0.335938 0.406250
 25 8.428940 -11.190976 55.646404 -0.246494 0.555587 -0.794081 0.648438 0.406250
 25 7.754744 -10.740808 55.614647 -0.007300 0.955500 -0.294900 0.335938 0.140625
view_finger.bmp
 24 8.486793 -10.981598 56.034100 0.388302 0.817104 0.426102 0.335938 0.406250
 24 8.418423 -11.329364 55.278530 -0.437389 0.879679 0.186696 0.648438 0.679688
 25 8.428940 -11.190976 55.646404 -0.246494 0.555587 -0.794081 0.648438 0.406250
view_finger.bmp
 24 8.486793 -10.981598 56.034100 0.388302 0.817104 0.426102 0.335938 0.406250
 23 8.842896 -11.472697 55.522812 0.952202 0.287900 0.102100 0.335938 0.679688
 24 8.418423 -11.329364 55.278530 -0.437389 0.879679 0.186696 0.648438 0.679688
view_finger.bmp
 13 5.642863 -13.521270 57.075550 0.086802 0.216906 0.972326 0.515625 0.312500
 13 5.940077 -13.401704 56.849346 0.905916 0.159902 0.392107 0.750000 0.273438
 12 5.551205 -13.050032 56.902138 0.223996 0.350494 0.909384 0.507813 0.609375
view_finger.bmp
 13 5.642863 -13.521270 57.075550 0.086802 0.216906 0.972326 0.515625 0.312500
 13 5.893701 -13.816772 56.916935 0.873749 -0.219512 0.434024 0.765625 0.125000
 13 5.940077 -13.401704 56.849346 0.905916 0.159902 0.392107 0.750000 0.273438
view_finger.bmp
 13 5.642863 -13.521270 57.075550 0.086802 0.216906 0.972326 0.515625 0.312500
 13 5.676359 -14.021503 57.151340 0.120404 -0.376813 0.918431 0.515625 0.062500
 13 5.893701 -13.816772 56.916935 0.873749 -0.219512 0.434024 0.765625 0.125000
view_finger.bmp
 13 5.642863 -13.521270 57.075550 0.086802 0.216906 0.972326 0.515625 0.312500
 13 5.478382 -13.929404 57.097279 -0.573899 -0.089700 0.813999 0.250000 0.156250
 13 5.676359 -14.021503 57.151340 0.120404 -0.376813 0.918431 0.515625 0.062500
view_finger.bmp
 13 5.642863 -13.521270 57.075550 0.086802 0.216906 0.972326 0.515625 0.312500
 13 5.414435 -13.509443 56.972202 -0.842515 -0.100001 0.529309 0.250000 0.359375
 13 5.478382 -13.929404 57.097279 -0.573899 -0.089700 0.813999 0.250000 0.156250
view_finger.bmp
 13 5.642863 -13.521270 57.075550 0.086802 0.216906 0.972326 0.515625 0.312500
 12 5.153132 -12.957026 56.809467 -0.608897 0.104800 0.786296 0.257813 0.671875
 13 5.414435 -13.509443 56.972202 -0.842515 -0.100001 0.529309 0.250000 0.359375
view_finger.bmp
 13 5.642863 -13.521270 57.075550 0.086802 0.216906 0.972326 0.515625 0.312500
 12 5.551205 -13.050032 56.902138 0.223996 0.350494 0.909384 0.507813 0.609375
 12 5.153132 -12.957026 56.809467 -0.608897 0.104800 0.786296 0.257813 0.671875
view_finger.bmp
 13 5.863607 -13.071243 56.697201 0.977527 0.099402 0.185905 0.898438 0.632813
 13 5.940077 -13.401704 56.849346 0.905916 0.159902 0.392107 0.914063 0.273438
 13 5.873092 -13.575632 56.439514 0.682975 -0.177794 -0.708474 0.750000 0.273438
view_finger.bmp
 13 5.873092 -13.575632 56.439514 0.682975 -0.177794 -0.708474 0.750000 0.273438
 13 5.940077 -13.401704 56.849346 0.905916 0.159902 0.392107 0.914063 0.273438
 13 5.846017 -13.950014 56.607460 0.748896 -0.514798 -0.417298 0.765625 0.125000
view_finger.bmp
 13 5.940077 -13.401704 56.849346 0.905916 0.159902 0.392107 0.914063 0.273438
 13 5.893701 -13.816772 56.916935 0.873749 -0.219512 0.434024 0.890625 0.132813
 13 5.846017 -13.950014 56.607460 0.748896 -0.514798 -0.417298 0.765625 0.125000
view_finger.bmp
 13 5.846017 -13.950014 56.607460 0.748896 -0.514798 -0.417298 0.765625 0.125000
 13 5.893701 -13.816772 56.916935 0.873749 -0.219512 0.434024 0.890625 0.132813
 13 5.648422 -14.190509 56.973137 0.380999 -0.875099 0.298399 0.828125 0.070313
view_finger.bmp
 13 5.893701 -13.816772 56.916935 0.873749 -0.219512 0.434024 0.890625 0.132813
 13 5.676359 -14.021503 57.151340 0.120404 -0.376813 0.918431 0.921875 0.070313
 13 5.648422 -14.190509 56.973137 0.380999 -0.875099 0.298399 0.828125 0.070313
view_finger.bmp
 13 5.648422 -14.190509 56.973137 0.380999 -0.875099 0.298399 0.828125 0.070313
 13 5.676359 -14.021503 57.151340 0.120404 -0.376813 0.918431 0.921875 0.070313
 13 5.459219 -14.079916 56.964691 -0.777815 -0.511709 0.364907 0.828125 0.015625
view_finger.bmp
 13 5.676359 -14.021503 57.151340 0.120404 -0.376813 0.918431 0.921875 0.070313
 13 5.478382 -13.929404 57.097279 -0.573899 -0.089700 0.813999 0.906250 0.015625
 13 5.459219 -14.079916 56.964691 -0.777815 -0.511709 0.364907 0.828125 0.015625
view_finger.bmp
 43 5.614841 -6.474308 53.366287 -0.884971 -0.109096 -0.452685 0.335938 0.406250
 42 6.303511 -6.771155 53.199760 -0.171203 -0.405507 -0.897916 0.335938 0.679688
 42 6.364235 -6.943171 53.772228 -0.154595 -0.826770 0.540880 0.007813 0.679688
view_finger.bmp
 43 5.614841 -6.474308 53.366287 -0.884971 -0.109096 -0.452685 0.335938 0.406250
 43 6.432505 -6.273505 53.364494 -0.567806 0.821009 -0.059501 0.648438 0.679688
 42 6.303511 -6.771155 53.199760 -0.171203 -0.405507 -0.897916 0.335938 0.679688
view_finger.bmp
 43 5.614841 -6.474308 53.366287 -0.884971 -0.109096 -0.452685 0.335938 0.406250
 44 6.031769 -6.460112 53.370308 0.430928 0.822853 -0.370424 0.648438 0.406250
 43 6.432505 -6.273505 53.364494 -0.567806 0.821009 -0.059501 0.648438 0.679688
view_finger.bmp
 43 5.614841 -6.474308 53.366287 -0.884971 -0.109096 -0.452685 0.335938 0.406250
 44 5.942283 -5.698792 53.625820 -0.167694 0.755873 -0.632878 0.335938 0.140625
 44 6.031769 -6.460112 53.370308 0.430928 0.822853 -0.370424 0.648438 0.406250
view_finger.bmp
 43 5.614841 -6.474308 53.366287 -0.884971 -0.109096 -0.452685 0.335938 0.406250
 44 5.866739 -5.733091 53.838932 -0.748767 0.612073 0.254389 0.171875 0.140625
 44 5.942283 -5.698792 53.625820 -0.167694 0.755873 -0.632878 0.335938 0.140625
view_finger.bmp
 43 5.614841 -6.474308 53.366287 -0.884971 -0.109096 -0.452685 0.335938 0.406250
 43 5.665954 -6.638704 53.857880 -0.789371 -0.085897 0.607878 0.007813 0.406250
 44 5.866739 -5.733091 53.838932 -0.748767 0.612073 0.254389 0.171875 0.140625
view_finger.bmp
 43 5.614841 -6.474308 53.366287 -0.884971 -0.109096 -0.452685 0.335938 0.406250
 42 6.364235 -6.943171 53.772228 -0.154595 -0.826770 0.540880 0.007813 0.679688
 43 5.665954 -6.638704 53.857880 -0.789371 -0.085897 0.607878 0.007813 0.406250
view_finger.bmp
 34 7.061323 -7.817917 55.297092 -0.830106 -0.185901 -0.525704 0.648438 0.679688
 34 7.196740 -8.719421 55.394314 0.270516 -0.703742 -0.656939 0.335938 0.406250
 35 7.050827 -8.294553 55.379425 -0.372406 0.426407 -0.824313 0.648438 0.406250
view_finger.bmp
 34 7.061323 -7.817917 55.297092 -0.830106 -0.185901 -0.525704 0.648438 0.679688
 33 7.595365 -7.970536 55.278709 0.641896 -0.148399 -0.752295 0.335938 0.679688
 34 7.196740 -8.719421 55.394314 0.270516 -0.703742 -0.656939 0.335938 0.406250
view_finger.bmp
 34 7.061323 -7.817917 55.297092 -0.830106 -0.185901 -0.525704 0.648438 0.679688
 36 6.720873 -6.718447 55.133968 -0.995750 -0.049297 -0.077796 0.648438 0.953125
 33 7.595365 -7.970536 55.278709 0.641896 -0.148399 -0.752295 0.335938 0.679688
view_finger.bmp
 34 7.061323 -7.817917 55.297092 -0.830106 -0.185901 -0.525704 0.648438 0.679688
 33 6.813119 -6.995048 55.903618 -0.572783 -0.163795 0.803176 0.968750 0.953125
 36 6.720873 -6.718447 55.133968 -0.995750 -0.049297 -0.077796 0.648438 0.953125
view_finger.bmp
 34 7.061323 -7.817917 55.297092 -0.830106 -0.185901 -0.525704 0.648438 0.679688
 34 7.071787 -7.745327 55.882603 -0.630494 -0.064699 0.773493 0.968750 0.679688
 33 6.813119 -6.995048 55.903618 -0.572783 -0.163795 0.803176 0.968750 0.953125
view_finger.bmp
 34 7.061323 -7.817917 55.297092 -0.830106 -0.185901 -0.525704 0.648438 0.679688
 35 7.055452 -8.239185 55.886387 -0.541587 0.528688 0.653585 0.968750 0.406250
 34 7.071787 -7.745327 55.882603 -0.630494 -0.064699 0.773493 0.968750 0.679688
view_finger.bmp
 34 7.061323 -7.817917 55.297092 -0.830106 -0.185901 -0.525704 0.648438 0.679688
 35 7.050827 -8.294553 55.379425 -0.372406 0.426407 -0.824313 0.648438 0.406250
 35 7.055452 -8.239185 55.886387 -0.541587 0.528688 0.653585 0.968750 0.406250
view_finger.bmp
 31 5.593004 -6.485953 55.546947 -0.677775 0.209892 -0.704674 0.507813 0.609375
 32 5.895400 -6.810268 55.268085 0.157596 0.127197 -0.979277 0.750000 0.273438
 32 5.570230 -6.966780 55.407253 -0.782099 0.070100 -0.619199 0.515625 0.312500
view_finger.bmp
 31 5.593004 -6.485953 55.546947 -0.677775 0.209892 -0.704674 0.507813 0.609375
 32 5.928292 -6.462921 55.396412 0.361412 0.040401 -0.931531 0.757813 0.632813
 32 5.895400 -6.810268 55.268085 0.157596 0.127197 -0.979277 0.750000 0.273438
view_finger.bmp
 31 5.593004 -6.485953 55.546947 -0.677775 0.209892 -0.704674 0.507813 0.609375
 30 6.160809 -5.889067 55.332695 -0.357921 -0.117307 -0.926354 0.750000 0.929688
 32 5.928292 -6.462921 55.396412 0.361412 0.040401 -0.931531 0.757813 0.632813
view_finger.bmp
 31 5.593004 -6.485953 55.546947 -0.677775 0.209892 -0.704674 0.507813 0.609375
 30 5.779901 -5.559331 55.546894 -0.779813 0.088602 -0.619710 0.507813 0.960938
 30 6.160809 -5.889067 55.332695 -0.357921 -0.117307 -0.926354 0.750000 0.929688
view_finger.bmp
 31 5.593004 -6.485953 55.546947 -0.677775 0.209892 -0.704674 0.507813 0.609375
 30 5.675540 -5.420553 55.986610 -0.958308 0.249202 0.139801 0.250000 0.992188
 30 5.779901 -5.559331 55.546894 -0.779813 0.088602 -0.619710 0.507813 0.960938
view_finger.bmp
 31 5.593004 -6.485953 55.546947 -0.677775 0.209892 -0.704674 0.507813 0.609375
 31 5.455746 -6.345863 55.917400 -0.996242 0.027301 0.082204 0.257813 0.671875
 30 5.675540 -5.420553 55.986610 -0.958308 0.249202 0.139801 0.250000 0.992188
view_finger.bmp
 31 5.593004 -6.485953 55.546947 -0.677775 0.209892 -0.704674 0.507813 0.609375
 32 5.570230 -6.966780 55.407253 -0.782099 0.070100 -0.619199 0.515625 0.312500
 31 5.455746 -6.345863 55.917400 -0.996242 0.027301 0.082204 0.257813 0.671875
view_finger.bmp
 19 7.424926 -11.738782 57.471207 -0.720724 -0.037201 0.692223 0.007813 0.140625
 18 7.986588 -12.648532 57.317570 -0.108902 -0.603607 0.789809 0.007813 0.406250
 19 7.645487 -11.574453 57.459003 0.170005 0.349910 0.921228 0.171875 0.140625
view_finger.bmp
 19 7.645487 -11.574453 57.459003 0.170005 0.349910 0.921228 0.171875 0.140625
 18 7.986588 -12.648532 57.317570 -0.108902 -0.603607 0.789809 0.007813 0.406250
 18 8.443061 -12.316692 57.112595 0.901525 0.372210 0.220707 0.335938 0.406250
view_finger.bmp
 18 7.986588 -12.648532 57.317570 -0.108902 -0.603607 0.789809 0.007813 0.406250
 17 8.438462 -12.894701 56.143948 0.950111 -0.250903 -0.185302 0.335938 0.679688
 18 8.443061 -12.316692 57.112595 0.901525 0.372210 0.220707 0.335938 0.406250
view_finger.bmp
 18 8.443061 -12.316692 57.112595 0.901525 0.372210 0.220707 0.335938 0.406250
 17 8.438462 -12.894701 56.143948 0.950111 -0.250903 -0.185302 0.335938 0.679688
 18 8.048650 -12.469935 56.092518 0.198293 0.980063 0.012500 0.648438 0.679688
view_finger.bmp
 17 8.438462 -12.894701 56.143948 0.950111 -0.250903 -0.185302 0.335938 0.679688
 17 7.730003 -12.244592 55.664005 -0.038599 0.497190 0.866783 0.648438 0.953125
 18 8.048650 -12.469935 56.092518 0.198293 0.980063 0.012500 0.648438 0.679688
view_finger.bmp
 18 8.048650 -12.469935 56.092518 0.198293 0.980063 0.012500 0.648438 0.679688
 17 7.730003 -12.244592 55.664005 -0.038599 0.497190 0.866783 0.648438 0.953125
 17 7.208521 -12.645025 55.878036 0.012700 0.481914 0.876126 0.968750 0.953125
view_finger.bmp
 21 8.633759 -11.645694 56.667046 0.725630 0.651626 0.221009 0.335938 0.406250
 21 8.257073 -12.048272 56.878326 -0.117596 -0.466684 0.876571 0.007813 0.406250
 20 8.798134 -12.188217 55.960728 0.993866 -0.023799 -0.107996 0.335938 0.679688
view_finger.bmp
 21 8.633759 -11.645694 56.667046 0.725630 0.651626 0.221009 0.335938 0.406250
 22 7.665664 -11.138398 56.726360 -0.123701 0.559705 0.819407 0.171875 0.140625
 21 8.257073 -12.048272 56.878326 -0.117596 -0.466684 0.876571 0.007813 0.406250
view_finger.bmp
 21 8.633759 -11.645694 56.667046 0.725630 0.651626 0.221009 0.335938 0.406250
 22 7.796348 -10.995112 56.543629 0.198796 0.977679 -0.067998 0.335938 0.140625
 22 7.665664 -11.138398 56.726360 -0.123701 0.559705 0.819407 0.171875 0.140625
view_finger.bmp
 21 8.633759 -11.645694 56.667046 0.725630 0.651626 0.221009 0.335938 0.406250
 22 8.397866 -11.720573 56.259933 -0.049999 0.616594 -0.785692 0.648438 0.406250
 22 7.796348 -10.995112 56.543629 0.198796 0.977679 -0.067998 0.335938 0.140625
view_finger.bmp
 21 8.633759 -11.645694 56.667046 0.725630 0.651626 0.221009 0.335938 0.406250
 21 8.365693 -11.919038 55.819744 0.117995 0.981758 -0.149093 0.648438 0.679688
 22 8.397866 -11.720573 56.259933 -0.049999 0.616594 -0.785692 0.648438 0.406250
view_finger.bmp
 21 8.633759 -11.645694 56.667046 0.725630 0.651626 0.221009 0.335938 0.406250
 20 8.798134 -12.188217 55.960728 0.993866 -0.023799 -0.107996 0.335938 0.679688
 21 8.365693 -11.919038 55.819744 0.117995 0.981758 -0.149093 0.648438 0.679688
view_finger.bmp
 14 6.710030 -13.462390 55.709229 -0.316988 -0.895367 -0.312789 0.335938 0.953125
 14 7.292800 -13.823593 56.455158 -0.312198 -0.934792 0.169398 0.335938 0.679688
 14 6.583458 -12.930582 56.079174 -0.590193 -0.045299 0.805990 0.648438 0.953125
view_finger.bmp
 14 6.583458 -12.930582 56.079174 -0.590193 -0.045299 0.805990 0.648438 0.953125
 14 7.292800 -13.823593 56.455158 -0.312198 -0.934792 0.169398 0.335938 0.679688
 15 7.105882 -13.307123 56.566166 -0.795301 0.136700 0.590601 0.648438 0.679688
view_finger.bmp
 14 7.292800 -13.823593 56.455158 -0.312198 -0.934792 0.169398 0.335938 0.679688
 15 7.600914 -13.689101 57.245605 -0.309397 -0.761992 0.568894 0.335938 0.406250
 15 7.105882 -13.307123 56.566166 -0.795301 0.136700 0.590601 0.648438 0.679688
view_finger.bmp
 15 7.105882 -13.307123 56.566166 -0.795301 0.136700 0.590601 0.648438 0.679688
 15 7.600914 -13.689101 57.245605 -0.309397 -0.761992 0.568894 0.335938 0.406250
 16 7.358035 -13.301514 57.051586 -0.919780 0.378292 0.104398 0.648438 0.406250
view_finger.bmp
 15 7.600914 -13.689101 57.245605 -0.309397 -0.761992 0.568894 0.335938 0.406250
 16 7.543852 -12.964198 57.918011 -0.500202 -0.216901 0.838303 0.335938 0.140625
 16 7.358035 -13.301514 57.051586 -0.919780 0.378292 0.104398 0.648438 0.406250
view_finger.bmp
 16 7.358035 -13.301514 57.051586 -0.919780 0.378292 0.104398 0.648438 0.406250
 16 7.543852 -12.964198 57.918011 -0.500202 -0.216901 0.838303 0.335938 0.140625
 16 7.405440 -12.774610 57.728806 -0.751106 0.616405 0.236402 0.648438 0.140625
view_finger.bmp
 25 7.646766 -11.198987 55.568687 -0.633102 -0.514201 -0.578602 0.648438 0.140625
 25 8.206132 -11.532234 55.838238 -0.791186 -0.516690 -0.327194 0.648438 0.406250
 25 7.561282 -11.055342 55.795311 -0.889093 -0.286097 0.357297 0.335938 0.140625
view_finger.bmp
 25 7.561282 -11.055342 55.795311 -0.889093 -0.286097 0.357297 0.335938 0.140625
 25 8.206132 -11.532234 55.838238 -0.791186 -0.516690 -0.327194 0.648438 0.406250
 24 8.226270 -11.388756 56.228138 -0.540903 -0.104200 0.834605 0.335938 0.406250
view_finger.bmp
 25 8.206132 -11.532234 55.838238 -0.791186 -0.516690 -0.327194 0.648438 0.406250
 24 8.142055 -11.744784 55.486008 -0.870931 0.292711 0.394714 0.648438 0.679688
 24 8.226270 -11.388756 56.228138 -0.540903 -0.104200 0.834605 0.335938 0.406250
view_finger.bmp
 24 8.226270 -11.388756 56.228138 -0.540903 -0.104200 0.834605 0.335938 0.406250
 24 8.142055 -11.744784 55.486008 -0.870931 0.292711 0.394714 0.648438 0.679688
 23 8.523720 -11.923611 55.732342 0.117505 -0.691731 0.712532 0.335938 0.679688
view_finger.bmp
 24 8.142055 -11.744784 55.486008 -0.870931 0.292711 0.394714 0.648438 0.679688
 20 7.989396 -11.738976 55.363213 -0.132702 0.576410 0.806314 0.648438 0.953125
 23 8.523720 -11.923611 55.732342 0.117505 -0.691731 0.712532 0.335938 0.679688
view_finger.bmp
 23 8.523720 -11.923611 55.732342 0.117505 -0.691731 0.712532 0.335938 0.679688
 20 7.989396 -11.738976 55.363213 -0.132702 0.576410 0.806314 0.648438 0.953125
 10 8.148524 -12.267755 54.811794 0.568694 -0.591593 -0.571494 0.335938 0.953125
view_finger.bmp
 37 6.531546 -7.221599 54.443707 -0.633673 0.623174 -0.458381 0.648438 0.679688
 36 6.720873 -6.718447 55.133968 -0.995750 -0.049297 -0.077796 0.968750 0.953125
 36 6.696983 -6.664635 54.454384 -0.935847 0.164008 0.311916 0.648438 0.953125
view_finger.bmp
 37 6.531546 -7.221599 54.443707 -0.633673 0.623174 -0.458381 0.648438 0.679688
 37 6.512919 -7.286940 55.039928 -0.304200 0.696300 0.650100 0.968750 0.679688
 36 6.720873 -6.718447 55.133968 -0.995750 -0.049297 -0.077796 0.968750 0.953125
view_finger.bmp
 37 6.531546 -7.221599 54.443707 -0.633673 0.623174 -0.458381 0.648438 0.679688
 38 5.904490 -6.940880 54.474586 0.672898 0.356799 -0.647999 0.648438 0.406250
 37 6.512919 -7.286940 55.039928 -0.304200 0.696300 0.650100 0.968750 0.679688
view_finger.bmp
 37 6.531546 -7.221599 54.443707 -0.633673 0.623174 -0.458381 0.648438 0.679688
 37 5.466237 -6.954648 54.414520 -0.527401 0.165200 -0.833401 0.335938 0.406250
 38 5.904490 -6.940880 54.474586 0.672898 0.356799 -0.647999 0.648438 0.406250
view_finger.bmp
 37 6.531546 -7.221599 54.443707 -0.633673 0.623174 -0.458381 0.648438 0.679688
 36 6.394782 -7.683712 54.362976 -0.273012 -0.760833 -0.588726 0.335938 0.679688
 37 5.466237 -6.954648 54.414520 -0.527401 0.165200 -0.833401 0.335938 0.406250
view_finger.bmp
 37 6.531546 -7.221599 54.443707 -0.633673 0.623174 -0.458381 0.648438 0.679688
 36 6.696983 -6.664635 54.454384 -0.935847 0.164008 0.311916 0.648438 0.953125
 36 6.394782 -7.683712 54.362976 -0.273012 -0.760833 -0.588726 0.335938 0.679688
view_finger.bmp
 32 5.522188 -7.388173 55.552582 -0.971196 -0.235999 0.032900 0.117188 0.156250
 32 5.642571 -7.516666 55.650551 -0.653504 -0.589003 0.475403 0.187500 0.132813
 32 5.526510 -6.956282 55.650314 -0.887578 -0.183595 0.422490 0.101563 0.367188
view_finger.bmp
 32 5.526510 -6.956282 55.650314 -0.887578 -0.183595 0.422490 0.101563 0.367188
 32 5.642571 -7.516666 55.650551 -0.653504 -0.589003 0.475403 0.187500 0.132813
 32 5.801487 -7.054832 55.908920 -0.403814 -0.295710 0.865731 0.250000 0.359375
view_finger.bmp
 32 5.642571 -7.516666 55.650551 -0.653504 -0.589003 0.475403 0.187500 0.132813
 32 5.768859 -7.472781 55.800968 -0.099802 -0.486408 0.868013 0.250000 0.156250
 32 5.801487 -7.054832 55.908920 -0.403814 -0.295710 0.865731 0.250000 0.359375
view_finger.bmp
 32 5.801487 -7.054832 55.908920 -0.403814 -0.295710 0.865731 0.250000 0.359375
 32 5.768859 -7.472781 55.800968 -0.099802 -0.486408 0.868013 0.250000 0.156250
 32 6.035573 -7.122374 55.833805 0.569958 -0.342375 0.746945 0.515625 0.312500
view_finger.bmp
 32 5.768859 -7.472781 55.800968 -0.099802 -0.486408 0.868013 0.250000 0.156250
 32 5.918622 -7.583509 55.665649 0.343208 -0.834219 0.431610 0.515625 0.062500
 32 6.035573 -7.122374 55.833805 0.569958 -0.342375 0.746945 0.515625 0.312500
view_finger.bmp
 32 6.035573 -7.122374 55.833805 0.569958 -0.342375 0.746945 0.515625 0.312500
 32 5.918622 -7.583509 55.665649 0.343208 -0.834219 0.431610 0.515625 0.062500
 32 6.130129 -7.319202 55.518658 0.833765 -0.416983 -0.361885 0.765625 0.125000
view_finger.bmp
 25 7.566214 -10.888539 55.589516 -0.852973 0.374389 -0.363689 0.812500 0.070313
 25 7.637052 -10.849978 55.778446 -0.503981 0.636375 0.583978 0.812500 0.023438
 25 7.754744 -10.740808 55.614647 -0.007300 0.955500 -0.294900 0.648438 0.046875
view_finger.bmp
 25 7.566214 -10.888539 55.589516 -0.852973 0.374389 -0.363689 0.812500 0.070313
 25 7.561282 -11.055342 55.795311 -0.889093 -0.286097 0.357297 0.968750 0.046875
 25 7.637052 -10.849978 55.778446 -0.503981 0.636375 0.583978 0.812500 0.023438
view_finger.bmp
 25 7.566214 -10.888539 55.589516 -0.852973 0.374389 -0.363689 0.812500 0.070313
 25 7.646766 -11.198987 55.568687 -0.633102 -0.514201 -0.578602 0.968750 0.140625
 25 7.561282 -11.055342 55.795311 -0.889093 -0.286097 0.357297 0.968750 0.046875
view_finger.bmp
 25 7.566214 -10.888539 55.589516 -0.852973 0.374389 -0.363689 0.812500 0.070313
 25 7.811150 -10.939649 55.421307 -0.127694 0.185792 -0.974256 0.648438 0.140625
 25 7.646766 -11.198987 55.568687 -0.633102 -0.514201 -0.578602 0.968750 0.140625
view_finger.bmp
 25 7.566214 -10.888539 55.589516 -0.852973 0.374389 -0.363689 0.812500 0.070313
 25 7.754744 -10.740808 55.614647 -0.007300 0.955500 -0.294900 0.648438 0.046875
 25 7.811150 -10.939649 55.421307 -0.127694 0.185792 -0.974256 0.648438 0.140625
view_finger.bmp
 16 7.699140 -12.737149 57.882877 0.027599 0.594687 0.803483 0.812500 0.070313
 16 7.945858 -12.763165 57.749260 0.821221 0.490112 0.292208 0.648438 0.046875
 16 7.748909 -12.603889 57.583603 -0.008299 0.997658 -0.067897 0.648438 0.140625
view_finger.bmp
 16 7.699140 -12.737149 57.882877 0.027599 0.594687 0.803483 0.812500 0.070313
 16 7.794207 -12.920074 57.883728 0.486226 -0.281515 0.827244 0.812500 0.023438
 16 7.945858 -12.763165 57.749260 0.821221 0.490112 0.292208 0.648438 0.046875
view_finger.bmp
 16 7.699140 -12.737149 57.882877 0.027599 0.594687 0.803483 0.812500 0.070313
 16 7.543852 -12.964198 57.918011 -0.500202 -0.216901 0.838303 0.968750 0.046875
 16 7.794207 -12.920074 57.883728 0.486226 -0.281515 0.827244 0.812500 0.023438
view_finger.bmp
 16 7.699140 -12.737149 57.882877 0.027599 0.594687 0.803483 0.812500 0.070313
 16 7.405440 -12.774610 57.728806 -0.751106 0.616405 0.236402 0.968750 0.140625
 16 7.543852 -12.964198 57.918011 -0.500202 -0.216901 0.838303 0.968750 0.046875
view_finger.bmp
 16 7.699140 -12.737149 57.882877 0.027599 0.594687 0.803483 0.812500 0.070313
 16 7.748909 -12.603889 57.583603 -0.008299 0.997658 -0.067897 0.648438 0.140625
 16 7.405440 -12.774610 57.728806 -0.751106 0.616405 0.236402 0.968750 0.140625
view_finger.bmp
 19 7.516318 -11.484291 57.338234 -0.498071 0.810752 0.307582 0.812500 0.070313
 19 7.790679 -11.435383 57.284996 0.453305 0.884910 0.107002 0.648438 0.046875
 19 7.638625 -11.486953 57.038177 -0.287188 0.707370 -0.645873 0.648438 0.140625
view_finger.bmp
 19 7.516318 -11.484291 57.338234 -0.498071 0.810752 0.307582 0.812500 0.070313
 19 7.645487 -11.574453 57.459003 0.170005 0.349910 0.921228 0.812500 0.023438
 19 7.790679 -11.435383 57.284996 0.453305 0.884910 0.107002 0.648438 0.046875
view_finger.bmp
 19 7.516318 -11.484291 57.338234 -0.498071 0.810752 0.307582 0.812500 0.070313
 19 7.424926 -11.738782 57.471207 -0.720724 -0.037201 0.692223 0.968750 0.046875
 19 7.645487 -11.574453 57.459003 0.170005 0.349910 0.921228 0.812500 0.023438
view_finger.bmp
 19 7.516318 -11.484291 57.338234 -0.498071 0.810752 0.307582 0.812500 0.070313
 19 7.341197 -11.725882 57.188675 -0.923772 0.206194 -0.322691 0.968750 0.140625
 19 7.424926 -11.738782 57.471207 -0.720724 -0.037201 0.692223 0.968750 0.046875
view_finger.bmp
 19 7.516318 -11.484291 57.338234 -0.498071 0.810752 0.307582 0.812500 0.070313
 19 7.638625 -11.486953 57.038177 -0.287188 0.707370 -0.645873 0.648438 0.140625
 19 7.341197 -11.725882 57.188675 -0.923772 0.206194 -0.322691 0.968750 0.140625
view_finger.bmp
 22 7.535120 -11.117656 56.550213 -0.754100 0.656700 0.008800 0.812500 0.070313
 22 7.665664 -11.138398 56.726360 -0.123701 0.559705 0.819407 0.812500 0.023438
 22 7.796348 -10.995112 56.543629 0.198796 0.977679 -0.067998 0.648438 0.046875
view_finger.bmp
 22 7.535120 -11.117656 56.550213 -0.754100 0.656700 0.008800 0.812500 0.070313
 22 7.514434 -11.333657 56.736530 -0.812484 -0.120997 0.570289 0.968750 0.046875
 22 7.665664 -11.138398 56.726360 -0.123701 0.559705 0.819407 0.812500 0.023438
view_finger.bmp
 22 7.535120 -11.117656 56.550213 -0.754100 0.656700 0.008800 0.812500 0.070313
 22 7.478865 -11.438641 56.424099 -0.869377 -0.177195 -0.461288 0.968750 0.140625
 22 7.514434 -11.333657 56.736530 -0.812484 -0.120997 0.570289 0.968750 0.046875
view_finger.bmp
 22 7.535120 -11.117656 56.550213 -0.754100 0.656700 0.008800 0.812500 0.070313
 22 7.717589 -11.159676 56.264133 -0.302297 0.437095 -0.847092 0.648438 0.140625
 22 7.478865 -11.438641 56.424099 -0.869377 -0.177195 -0.461288 0.968750 0.140625
view_finger.bmp
 22 7.535120 -11.117656 56.550213 -0.754100 0.656700 0.008800 0.812500 0.070313
 22 7.796348 -10.995112 56.543629 0.198796 0.977679 -0.067998 0.648438 0.046875
 22 7.717589 -11.159676 56.264133 -0.302297 0.437095 -0.847092 0.648438 0.140625
view_finger.bmp
 12 5.551205 -13.050032 56.902138 0.223996 0.350494 0.909384 0.507813 0.609375
 11 5.117274 -12.137384 56.495033 -0.599504 0.267902 0.754204 0.250000 0.992188
 12 5.153132 -12.957026 56.809467 -0.608897 0.104800 0.786296 0.257813 0.671875
view_finger.bmp
 12 5.551205 -13.050032 56.902138 0.223996 0.350494 0.909384 0.507813 0.609375
 11 5.561758 -12.149204 56.611626 0.129701 0.221002 0.966610 0.507813 0.960938
 11 5.117274 -12.137384 56.495033 -0.599504 0.267902 0.754204 0.250000 0.992188
view_finger.bmp
 12 5.551205 -13.050032 56.902138 0.223996 0.350494 0.909384 0.507813 0.609375
 11 6.009222 -12.386564 56.413544 0.655289 -0.078499 0.751288 0.750000 0.929688
 11 5.561758 -12.149204 56.611626 0.129701 0.221002 0.966610 0.507813 0.960938
view_finger.bmp
 12 5.551205 -13.050032 56.902138 0.223996 0.350494 0.909384 0.507813 0.609375
 13 5.863607 -13.071243 56.697201 0.977527 0.099402 0.185905 0.757813 0.632813
 11 6.009222 -12.386564 56.413544 0.655289 -0.078499 0.751288 0.750000 0.929688
view_finger.bmp
 12 5.551205 -13.050032 56.902138 0.223996 0.350494 0.909384 0.507813 0.609375
 13 5.940077 -13.401704 56.849346 0.905916 0.159902 0.392107 0.750000 0.273438
 13 5.863607 -13.071243 56.697201 0.977527 0.099402 0.185905 0.757813 0.632813
view_finger.bmp
 16 7.748909 -12.603889 57.583603 -0.008299 0.997658 -0.067897 0.648438 0.140625
 16 7.776161 -13.084993 56.883389 0.251903 0.871909 -0.419904 0.648438 0.406250
 16 7.544108 -12.767215 57.458775 -0.541882 0.719676 -0.434086 0.812500 0.195313
view_finger.bmp
 16 7.544108 -12.767215 57.458775 -0.541882 0.719676 -0.434086 0.812500 0.195313
 16 7.776161 -13.084993 56.883389 0.251903 0.871909 -0.419904 0.648438 0.406250
 16 7.358035 -13.301514 57.051586 -0.919780 0.378292 0.104398 0.968750 0.406250
view_finger.bmp
 16 7.776161 -13.084993 56.883389 0.251903 0.871909 -0.419904 0.648438 0.406250
 15 7.590908 -13.055961 56.371056 0.286291 0.941370 0.178495 0.648438 0.679688
 16 7.358035 -13.301514 57.051586 -0.919780 0.378292 0.104398 0.968750 0.406250
view_finger.bmp
 16 7.358035 -13.301514 57.051586 -0.919780 0.378292 0.104398 0.968750 0.406250
 15 7.590908 -13.055961 56.371056 0.286291 0.941370 0.178495 0.648438 0.679688
 15 7.105882 -13.307123 56.566166 -0.795301 0.136700 0.590601 0.968750 0.679688
view_finger.bmp
 15 7.590908 -13.055961 56.371056 0.286291 0.941370 0.178495 0.648438 0.679688
 14 6.583458 -12.930582 56.079174 -0.590193 -0.045299 0.805990 0.968750 0.953125
 15 7.105882 -13.307123 56.566166 -0.795301 0.136700 0.590601 0.968750 0.679688
view_finger.bmp
 12 5.076156 -13.129053 56.411747 -0.897741 -0.346377 -0.272182 0.257813 0.671875
 11 5.414248 -12.469163 55.849022 -0.393096 -0.596694 -0.699594 0.507813 0.960938
 12 5.433869 -13.307132 56.294575 -0.102003 -0.395410 -0.912823 0.507813 0.601563
view_finger.bmp
 12 5.076156 -13.129053 56.411747 -0.897741 -0.346377 -0.272182 0.257813 0.671875
 11 5.033731 -12.291969 56.113422 -0.978941 -0.154006 -0.134006 0.250000 0.992188
 11 5.414248 -12.469163 55.849022 -0.393096 -0.596694 -0.699594 0.507813 0.960938
view_finger.bmp
 12 5.076156 -13.129053 56.411747 -0.897741 -0.346377 -0.272182 0.257813 0.671875
 11 5.117274 -12.137384 56.495033 -0.599504 0.267902 0.754204 0.085938 0.984375
 11 5.033731 -12.291969 56.113422 -0.978941 -0.154006 -0.134006 0.250000 0.992188
view_finger.bmp
 12 5.076156 -13.129053 56.411747 -0.897741 -0.346377 -0.272182 0.257813 0.671875
 12 5.153132 -12.957026 56.809467 -0.608897 0.104800 0.786296 0.093750 0.671875
 11 5.117274 -12.137384 56.495033 -0.599504 0.267902 0.754204 0.085938 0.984375
view_finger.bmp
 12 5.076156 -13.129053 56.411747 -0.897741 -0.346377 -0.272182 0.257813 0.671875
 13 5.414435 -13.509443 56.972202 -0.842515 -0.100001 0.529309 0.101563 0.367188
 12 5.153132 -12.957026 56.809467 -0.608897 0.104800 0.786296 0.093750 0.671875
view_finger.bmp
 40 5.403470 -6.756427 54.448147 -0.802325 -0.009000 0.596819 0.007813 0.406250
 40 5.394866 -6.623268 53.873089 -0.635865 0.508772 -0.580368 0.335938 0.406250
 39 6.111201 -7.184698 53.743526 -0.213498 -0.561595 -0.799393 0.335938 0.679688
view_finger.bmp
 39 6.111201 -7.184698 53.743526 -0.213498 -0.561595 -0.799393 0.335938 0.679688
 40 5.394866 -6.623268 53.873089 -0.635865 0.508772 -0.580368 0.335938 0.406250
 40 6.318305 -6.740864 53.867344 -0.221107 0.924430 -0.310710 0.648438 0.679688
view_finger.bmp
 40 5.394866 -6.623268 53.873089 -0.635865 0.508772 -0.580368 0.335938 0.406250
 41 5.811062 -6.686044 53.894520 0.614912 0.647313 -0.450409 0.648438 0.406250
 40 6.318305 -6.740864 53.867344 -0.221107 0.924430 -0.310710 0.648438 0.679688
view_finger.bmp
 40 6.318305 -6.740864 53.867344 -0.221107 0.924430 -0.310710 0.648438 0.679688
 41 5.811062 -6.686044 53.894520 0.614912 0.647313 -0.450409 0.648438 0.406250
 40 6.327281 -6.860178 54.445255 -0.146107 0.807541 0.571429 0.968750 0.679688
view_finger.bmp
 41 5.811062 -6.686044 53.894520 0.614912 0.647313 -0.450409 0.648438 0.406250
 41 5.794248 -6.808391 54.410316 0.676475 0.169594 0.716673 0.968750 0.406250
 40 6.327281 -6.860178 54.445255 -0.146107 0.807541 0.571429 0.968750 0.679688
view_finger.bmp
 35 6.172703 -8.595407 55.923286 -0.499511 -0.227805 0.835819 0.335938 0.140625
 34 7.201910 -8.657540 55.960918 0.096998 -0.507990 0.855884 0.335938 0.406250
 35 7.055452 -8.239185 55.886387 -0.541587 0.528688 0.653585 0.648438 0.406250
view_finger.bmp
 35 7.055452 -8.239185 55.886387 -0.541587 0.528688 0.653585 0.648438 0.406250
 34 7.201910 -8.657540 55.960918 0.096998 -0.507990 0.855884 0.335938 0.406250
 34 7.071787 -7.745327 55.882603 -0.630494 -0.064699 0.773493 0.648438 0.679688
view_finger.bmp
 34 7.201910 -8.657540 55.960918 0.096998 -0.507990 0.855884 0.335938 0.406250
 33 7.601169 -7.901055 55.914898 0.646475 -0.179693 0.741472 0.335938 0.679688
 34 7.071787 -7.745327 55.882603 -0.630494 -0.064699 0.773493 0.648438 0.679688
view_finger.bmp
 34 7.071787 -7.745327 55.882603 -0.630494 -0.064699 0.773493 0.648438 0.679688
 33 7.601169 -7.901055 55.914898 0.646475 -0.179693 0.741472 0.335938 0.679688
 33 6.813119 -6.995048 55.903618 -0.572783 -0.163795 0.803176 0.648438 0.953125
view_finger.bmp
 33 7.601169 -7.901055 55.914898 0.646475 -0.179693 0.741472 0.335938 0.679688
 33 7.464459 -6.886438 55.895874 0.893811 -0.005800 0.448406 0.335938 0.953125
 33 6.813119 -6.995048 55.903618 -0.572783 -0.163795 0.803176 0.648438 0.953125
view_finger.bmp
 44 6.056325 -5.672184 53.826782 0.275685 0.916148 0.290983 0.812500 0.070313
 44 5.942283 -5.698792 53.625820 -0.167694 0.755873 -0.632878 0.648438 0.046875
 44 5.866739 -5.733091 53.838932 -0.748767 0.612073 0.254389 0.812500 0.023438
view_finger.bmp
 44 6.056325 -5.672184 53.826782 0.275685 0.916148 0.290983 0.812500 0.070313
 44 6.197917 -5.819593 53.618164 0.797124 0.464314 -0.386012 0.648438 0.140625
 44 5.942283 -5.698792 53.625820 -0.167694 0.755873 -0.632878 0.648438 0.046875
view_finger.bmp
 44 6.056325 -5.672184 53.826782 0.275685 0.916148 0.290983 0.812500 0.070313
 44 6.205542 -5.932417 53.928825 0.829885 0.192997 0.523491 0.968750 0.140625
 44 6.197917 -5.819593 53.618164 0.797124 0.464314 -0.386012 0.648438 0.140625
view_finger.bmp
 44 6.056325 -5.672184 53.826782 0.275685 0.916148 0.290983 0.812500 0.070313
 44 5.962856 -5.838631 54.011333 -0.066901 0.275703 0.958912 0.968750 0.046875
 44 6.205542 -5.932417 53.928825 0.829885 0.192997 0.523491 0.968750 0.140625
view_finger.bmp
 44 6.056325 -5.672184 53.826782 0.275685 0.916148 0.290983 0.812500 0.070313
 44 5.866739 -5.733091 53.838932 -0.748767 0.612073 0.254389 0.812500 0.023438
 44 5.962856 -5.838631 54.011333 -0.066901 0.275703 0.958912 0.968750 0.046875
view_finger.bmp
 35 6.056742 -8.542122 55.677086 -0.998041 -0.062303 0.005700 0.812500 0.070313
 35 6.193560 -8.345997 55.453224 -0.581890 0.630089 -0.514191 0.648438 0.140625
 35 6.169088 -8.638697 55.435112 -0.517997 -0.380497 -0.766095 0.648438 0.046875
view_finger.bmp
 35 6.056742 -8.542122 55.677086 -0.998041 -0.062303 0.005700 0.812500 0.070313
 35 6.197278 -8.301486 55.860783 -0.580020 0.726126 0.369213 0.968750 0.140625
 35 6.193560 -8.345997 55.453224 -0.581890 0.630089 -0.514191 0.648438 0.140625
view_finger.bmp
 35 6.056742 -8.542122 55.677086 -0.998041 -0.062303 0.005700 0.812500 0.070313
 35 6.172703 -8.595407 55.923286 -0.499511 -0.227805 0.835819 0.968750 0.046875
 35 6.197278 -8.301486 55.860783 -0.580020 0.726126 0.369213 0.968750 0.140625
view_finger.bmp
 35 6.056742 -8.542122 55.677086 -0.998041 -0.062303 0.005700 0.812500 0.070313
 35 6.162982 -8.711700 55.684578 -0.417006 -0.903713 0.097001 0.812500 0.023438
 35 6.172703 -8.595407 55.923286 -0.499511 -0.227805 0.835819 0.968750 0.046875
view_finger.bmp
 35 6.056742 -8.542122 55.677086 -0.998041 -0.062303 0.005700 0.812500 0.070313
 35 6.169088 -8.638697 55.435112 -0.517997 -0.380497 -0.766095 0.648438 0.046875
 35 6.162982 -8.711700 55.684578 -0.417006 -0.903713 0.097001 0.812500 0.023438
view_finger.bmp
 38 6.075850 -5.905488 54.853664 0.344917 0.929544 0.130306 0.812500 0.070313
 38 6.225645 -6.097180 54.630245 0.889341 0.278013 -0.363017 0.648438 0.140625
 38 5.973422 -5.952881 54.593353 -0.038699 0.670290 -0.741089 0.648438 0.046875
view_finger.bmp
 38 6.075850 -5.905488 54.853664 0.344917 0.929544 0.130306 0.812500 0.070313
 38 6.202881 -6.146180 55.046879 0.844379 0.184195 0.503087 0.968750 0.140625
 38 6.225645 -6.097180 54.630245 0.889341 0.278013 -0.363017 0.648438 0.140625
view_finger.bmp
 38 6.075850 -5.905488 54.853664 0.344917 0.929544 0.130306 0.812500 0.070313
 38 5.950754 -6.023253 55.088364 -0.113396 0.492185 0.863073 0.968750 0.046875
 38 6.202881 -6.146180 55.046879 0.844379 0.184195 0.503087 0.968750 0.140625
view_finger.bmp
 38 6.075850 -5.905488 54.853664 0.344917 0.929544 0.130306 0.812500 0.070313
 38 5.880590 -5.939266 54.842144 -0.682690 0.728290 0.059399 0.812500 0.023438
 38 5.950754 -6.023253 55.088364 -0.113396 0.492185 0.863073 0.968750 0.046875
view_finger.bmp
 38 6.075850 -5.905488 54.853664 0.344917 0.929544 0.130306 0.812500 0.070313
 38 5.973422 -5.952881 54.593353 -0.038699 0.670290 -0.741089 0.648438 0.046875
 38 5.880590 -5.939266 54.842144 -0.682690 0.728290 0.059399 0.812500 0.023438
view_finger.bmp
 41 6.124218 -5.741387 54.357182 0.471382 0.852668 0.225292 0.812500 0.070313
 41 5.975771 -5.740069 54.111088 0.008200 0.737499 -0.675299 0.648438 0.046875
 41 5.896196 -5.742398 54.354939 -0.589017 0.786823 0.184305 0.812500 0.023438
view_finger.bmp
 41 6.124218 -5.741387 54.357182 0.471382 0.852668 0.225292 0.812500 0.070313
 41 6.243263 -5.937658 54.113655 0.898012 0.202103 -0.390805 0.648438 0.140625
 41 5.975771 -5.740069 54.111088 0.008200 0.737499 -0.675299 0.648438 0.046875
view_finger.bmp
 41 6.124218 -5.741387 54.357182 0.471382 0.852668 0.225292 0.812500 0.070313
 41 6.221498 -6.041560 54.500473 0.859770 0.017500 0.510382 0.968750 0.140625
 41 6.243263 -5.937658 54.113655 0.898012 0.202103 -0.390805 0.648438 0.140625
view_finger.bmp
 41 6.124218 -5.741387 54.357182 0.471382 0.852668 0.225292 0.812500 0.070313
 41 5.959394 -5.852337 54.577915 -0.020299 0.386488 0.922071 0.968750 0.046875
 41 6.221498 -6.041560 54.500473 0.859770 0.017500 0.510382 0.968750 0.140625
view_finger.bmp
 41 6.124218 -5.741387 54.357182 0.471382 0.852668 0.225292 0.812500 0.070313
 41 5.896196 -5.742398 54.354939 -0.589017 0.786823 0.184305 0.812500 0.023438
 41 5.959394 -5.852337 54.577915 -0.020299 0.386488 0.922071 0.968750 0.046875
view_finger.bmp
 32 5.570230 -6.966780 55.407253 -0.782099 0.070100 -0.619199 0.515625 0.312500
 32 5.526510 -6.956282 55.650314 -0.887578 -0.183595 0.422490 0.250000 0.359375
 31 5.455746 -6.345863 55.917400 -0.996242 0.027301 0.082204 0.257813 0.671875
view_finger.bmp
 32 5.570230 -6.966780 55.407253 -0.782099 0.070100 -0.619199 0.515625 0.312500
 32 5.522188 -7.388173 55.552582 -0.971196 -0.235999 0.032900 0.250000 0.156250
 32 5.526510 -6.956282 55.650314 -0.887578 -0.183595 0.422490 0.250000 0.359375
view_finger.bmp
 32 5.570230 -6.966780 55.407253 -0.782099 0.070100 -0.619199 0.515625 0.312500
 32 5.601417 -7.480697 55.363472 -0.628863 -0.511970 -0.585165 0.515625 0.062500
 32 5.522188 -7.388173 55.552582 -0.971196 -0.235999 0.032900 0.250000 0.156250
view_finger.bmp
 32 5.570230 -6.966780 55.407253 -0.782099 0.070100 -0.619199 0.515625 0.312500
 32 5.883305 -7.234435 55.300274 0.161809 -0.254815 -0.953356 0.765625 0.125000
 32 5.601417 -7.480697 55.363472 -0.628863 -0.511970 -0.585165 0.515625 0.062500
view_finger.bmp
 32 5.570230 -6.966780 55.407253 -0.782099 0.070100 -0.619199 0.515625 0.312500
 32 5.895400 -6.810268 55.268085 0.157596 0.127197 -0.979277 0.750000 0.273438
 32 5.883305 -7.234435 55.300274 0.161809 -0.254815 -0.953356 0.765625 0.125000
view_finger.bmp
 13 5.536588 -13.763732 56.470886 -0.312915 -0.472623 -0.823840 0.515625 0.312500
 13 5.403919 -14.067918 56.762211 -0.793807 -0.516304 -0.321403 0.250000 0.156250
 13 5.348441 -13.662838 56.619617 -0.949188 -0.301296 -0.090899 0.250000 0.359375
view_finger.bmp
 13 5.536588 -13.763732 56.470886 -0.312915 -0.472623 -0.823840 0.515625 0.312500
 13 5.598081 -14.200789 56.734894 -0.197200 -0.900100 -0.388500 0.515625 0.062500
 13 5.403919 -14.067918 56.762211 -0.793807 -0.516304 -0.321403 0.250000 0.156250
view_finger.bmp
 13 5.536588 -13.763732 56.470886 -0.312915 -0.472623 -0.823840 0.515625 0.312500
 13 5.846017 -13.950014 56.607460 0.748896 -0.514798 -0.417298 0.765625 0.125000
 13 5.598081 -14.200789 56.734894 -0.197200 -0.900100 -0.388500 0.515625 0.062500
view_finger.bmp
 13 5.536588 -13.763732 56.470886 -0.312915 -0.472623 -0.823840 0.515625 0.312500
 13 5.873092 -13.575632 56.439514 0.682975 -0.177794 -0.708474 0.750000 0.273438
 13 5.846017 -13.950014 56.607460 0.748896 -0.514798 -0.417298 0.765625 0.125000
view_finger.bmp
 32 6.130129 -7.319202 55.518658 0.833765 -0.416983 -0.361885 0.765625 0.125000
 32 6.226812 -6.922452 55.567051 0.985242 -0.040902 -0.166207 0.750000 0.273438
 32 6.035573 -7.122374 55.833805 0.569958 -0.342375 0.746945 0.515625 0.312500
view_finger.bmp
 32 6.035573 -7.122374 55.833805 0.569958 -0.342375 0.746945 0.515625 0.312500
 32 6.226812 -6.922452 55.567051 0.985242 -0.040902 -0.166207 0.750000 0.273438
 31 6.055816 -6.646418 55.989391 0.745280 -0.253493 0.616684 0.507813 0.601563
view_finger.bmp
 32 6.226812 -6.922452 55.567051 0.985242 -0.040902 -0.166207 0.750000 0.273438
 32 6.210252 -6.554310 55.665012 0.971720 -0.222705 -0.078502 0.757813 0.632813
 31 6.055816 -6.646418 55.989391 0.745280 -0.253493 0.616684 0.507813 0.601563
view_finger.bmp
 31 6.055816 -6.646418 55.989391 0.745280 -0.253493 0.616684 0.507813 0.601563
 32 6.210252 -6.554310 55.665012 0.971720 -0.222705 -0.078502 0.757813 0.632813
 30 6.368209 -5.760454 56.111824 0.448813 -0.364911 0.815724 0.507813 0.960938
view_finger.bmp
 13 5.403919 -14.067918 56.762211 -0.793807 -0.516304 -0.321403 0.757813 0.015625
 13 5.598081 -14.200789 56.734894 -0.197200 -0.900100 -0.388500 0.742188 0.062500
 13 5.459219 -14.079916 56.964691 -0.777815 -0.511709 0.364907 0.828125 0.015625
view_finger.bmp
 13 5.459219 -14.079916 56.964691 -0.777815 -0.511709 0.364907 0.828125 0.015625
 13 5.598081 -14.200789 56.734894 -0.197200 -0.900100 -0.388500 0.742188 0.062500
 13 5.648422 -14.190509 56.973137 0.380999 -0.875099 0.298399 0.828125 0.070313
view_finger.bmp
 13 5.598081 -14.200789 56.734894 -0.197200 -0.900100 -0.388500 0.742188 0.062500
 13 5.846017 -13.950014 56.607460 0.748896 -0.514798 -0.417298 0.765625 0.125000
 13 5.648422 -14.190509 56.973137 0.380999 -0.875099 0.298399 0.828125 0.070313
view_finger.bmp
 36 6.696983 -6.664635 54.454384 -0.935847 0.164008 0.311916 0.968750 0.953125
 39 6.753048 -6.313218 53.897976 -0.856787 0.471993 0.207697 0.648438 0.953125
 40 6.327281 -6.860178 54.445255 -0.146107 0.807541 0.571429 0.968750 0.679688
view_finger.bmp
 40 6.327281 -6.860178 54.445255 -0.146107 0.807541 0.571429 0.968750 0.679688
 39 6.753048 -6.313218 53.897976 -0.856787 0.471993 0.207697 0.648438 0.953125
 40 6.318305 -6.740864 53.867344 -0.221107 0.924430 -0.310710 0.648438 0.679688
view_finger.bmp
 39 6.753048 -6.313218 53.897976 -0.856787 0.471993 0.207697 0.648438 0.953125
 39 6.111201 -7.184698 53.743526 -0.213498 -0.561595 -0.799393 0.335938 0.679688
 40 6.318305 -6.740864 53.867344 -0.221107 0.924430 -0.310710 0.648438 0.679688
view_finger.bmp
 44 5.942283 -5.698792 53.625820 -0.167694 0.755873 -0.632878 0.335938 0.140625
 44 6.197917 -5.819593 53.618164 0.797124 0.464314 -0.386012 0.648438 0.140625
 44 6.031769 -6.460112 53.370308 0.430928 0.822853 -0.370424 0.648438 0.406250
view_finger.bmp
 44 6.031769 -6.460112 53.370308 0.430928 0.822853 -0.370424 0.648438 0.406250
 44 6.197917 -5.819593 53.618164 0.797124 0.464314 -0.386012 0.648438 0.140625
 44 6.238090 -6.048615 53.714260 0.987013 -0.132102 -0.091401 0.812500 0.195313
view_finger.bmp
 44 6.197917 -5.819593 53.618164 0.797124 0.464314 -0.386012 0.648438 0.140625
 44 6.205542 -5.932417 53.928825 0.829885 0.192997 0.523491 0.968750 0.140625
 44 6.238090 -6.048615 53.714260 0.987013 -0.132102 -0.091401 0.812500 0.195313
view_finger.bmp
 32 6.130129 -7.319202 55.518658 0.833765 -0.416983 -0.361885 0.765625 0.125000
 32 5.918622 -7.583509 55.665649 0.343208 -0.834219 0.431610 0.742188 0.062500
 32 5.749995 -7.618329 55.488300 0.097698 -0.897483 -0.430092 0.828125 0.070313
view_finger.bmp
 32 5.749995 -7.618329 55.488300 0.097698 -0.897483 -0.430092 0.828125 0.070313
 32 5.918622 -7.583509 55.665649 0.343208 -0.834219 0.431610 0.742188 0.062500
 32 5.642571 -7.516666 55.650551 -0.653504 -0.589003 0.475403 0.828125 0.015625
view_finger.bmp
 32 5.918622 -7.583509 55.665649 0.343208 -0.834219 0.431610 0.742188 0.062500
 32 5.768859 -7.472781 55.800968 -0.099802 -0.486408 0.868013 0.757813 0.015625
 32 5.642571 -7.516666 55.650551 -0.653504 -0.589003 0.475403 0.828125 0.015625
view_finger.bmp
 10 7.828754 -12.768025 55.087612 0.399490 -0.717682 -0.570386 0.007813 0.953125
 20 8.798134 -12.188217 55.960728 0.993866 -0.023799 -0.107996 0.335938 0.679688
 20 8.375946 -12.607487 56.197521 -0.189303 -0.888313 0.418406 0.007813 0.679688
view_finger.bmp
 20 8.375946 -12.607487 56.197521 -0.189303 -0.888313 0.418406 0.007813 0.679688
 20 8.798134 -12.188217 55.960728 0.993866 -0.023799 -0.107996 0.335938 0.679688
 21 8.257073 -12.048272 56.878326 -0.117596 -0.466684 0.876571 0.007813 0.406250
view_finger.bmp
 25 7.754744 -10.740808 55.614647 -0.007300 0.955500 -0.294900 0.335938 0.140625
 25 8.428940 -11.190976 55.646404 -0.246494 0.555587 -0.794081 0.648438 0.406250
 25 7.811150 -10.939649 55.421307 -0.127694 0.185792 -0.974256 0.648438 0.140625
view_finger.bmp
 25 7.811150 -10.939649 55.421307 -0.127694 0.185792 -0.974256 0.648438 0.140625
 25 8.428940 -11.190976 55.646404 -0.246494 0.555587 -0.794081 0.648438 0.406250
 25 7.883102 -11.173058 55.481663 0.014800 -0.483899 -0.874999 0.812500 0.195313
view_finger.bmp
 22 7.721924 -11.465522 56.287354 -0.313293 -0.268594 -0.910881 0.812500 0.195313
 22 7.717589 -11.159676 56.264133 -0.302297 0.437095 -0.847092 0.648438 0.140625
 22 8.397866 -11.720573 56.259933 -0.049999 0.616594 -0.785692 0.648438 0.406250
view_finger.bmp
 22 8.397866 -11.720573 56.259933 -0.049999 0.616594 -0.785692 0.648438 0.406250
 22 7.717589 -11.159676 56.264133 -0.302297 0.437095 -0.847092 0.648438 0.140625
 22 7.796348 -10.995112 56.543629 0.198796 0.977679 -0.067998 0.335938 0.140625
view_finger.bmp
 16 7.358035 -13.301514 57.051586 -0.919780 0.378292 0.104398 0.968750 0.406250
 16 7.405440 -12.774610 57.728806 -0.751106 0.616405 0.236402 0.968750 0.140625
 16 7.544108 -12.767215 57.458775 -0.541882 0.719676 -0.434086 0.812500 0.195313
view_finger.bmp
 16 7.544108 -12.767215 57.458775 -0.541882 0.719676 -0.434086 0.812500 0.195313
 16 7.405440 -12.774610 57.728806 -0.751106 0.616405 0.236402 0.968750 0.140625
 16 7.748909 -12.603889 57.583603 -0.008299 0.997658 -0.067897 0.648438 0.140625
view_finger.bmp
 19 7.638625 -11.486953 57.038177 -0.287188 0.707370 -0.645873 0.648438 0.140625
 19 7.559041 -11.766096 56.995216 -0.501811 0.090602 -0.860219 0.812500 0.195313
 19 7.341197 -11.725882 57.188675 -0.923772 0.206194 -0.322691 0.968750 0.140625
view_finger.bmp
 19 7.341197 -11.725882 57.188675 -0.923772 0.206194 -0.322691 0.968750 0.140625
 19 7.559041 -11.766096 56.995216 -0.501811 0.090602 -0.860219 0.812500 0.195313
 19 7.736677 -12.528369 56.947407 -0.957041 -0.210309 -0.199609 0.968750 0.406250
view_finger.bmp
 12 5.433869 -13.307132 56.294575 -0.102003 -0.395410 -0.912823 0.507813 0.601563
 11 5.414248 -12.469163 55.849022 -0.393096 -0.596694 -0.699594 0.507813 0.960938
 13 5.795858 -13.228336 56.335495 0.602017 -0.307209 -0.737020 0.757813 0.632813
view_finger.bmp
 13 5.795858 -13.228336 56.335495 0.602017 -0.307209 -0.737020 0.757813 0.632813
 11 5.414248 -12.469163 55.849022 -0.393096 -0.596694 -0.699594 0.507813 0.960938
 11 5.931901 -12.558571 56.015881 0.386595 -0.919489 0.071299 0.750000 0.929688
view_finger.bmp
 14 7.828001 -13.546448 56.239864 0.833782 -0.284094 -0.473390 0.335938 0.679688
 17 7.208521 -12.645025 55.878036 0.012700 0.481914 0.876126 0.648438 0.953125
 15 7.590908 -13.055961 56.371056 0.286291 0.941370 0.178495 0.648438 0.679688
view_finger.bmp
 15 7.590908 -13.055961 56.371056 0.286291 0.941370 0.178495 0.648438 0.679688
 17 7.208521 -12.645025 55.878036 0.012700 0.481914 0.876126 0.648438 0.953125
 14 6.583458 -12.930582 56.079174 -0.590193 -0.045299 0.805990 0.968750 0.953125
view_finger.bmp
 37 6.512919 -7.286940 55.039928 -0.304200 0.696300 0.650100 0.968750 0.679688
 38 5.904490 -6.940880 54.474586 0.672898 0.356799 -0.647999 0.648438 0.406250
 38 5.871564 -7.009970 55.009510 0.567969 0.017899 0.822855 0.968750 0.406250
view_finger.bmp
 38 5.871564 -7.009970 55.009510 0.567969 0.017899 0.822855 0.968750 0.406250
 38 5.904490 -6.940880 54.474586 0.672898 0.356799 -0.647999 0.648438 0.406250
 38 6.205722 -6.329806 54.807976 0.955955 -0.293217 0.013201 0.812500 0.195313
view_finger.bmp
 33 7.595365 -7.970536 55.278709 0.641896 -0.148399 -0.752295 0.335938 0.679688
 33 7.601169 -7.901055 55.914898 0.646475 -0.179693 0.741472 0.007813 0.679688
 34 7.196740 -8.719421 55.394314 0.270516 -0.703742 -0.656939 0.335938 0.406250
view_finger.bmp
 34 7.196740 -8.719421 55.394314 0.270516 -0.703742 -0.656939 0.335938 0.406250
 33 7.601169 -7.901055 55.914898 0.646475 -0.179693 0.741472 0.007813 0.679688
 34 7.201910 -8.657540 55.960918 0.096998 -0.507990 0.855884 0.007813 0.406250
view_finger.bmp
 36 6.369593 -7.733478 55.020767 -0.398810 -0.535113 0.744718 0.007813 0.679688
 37 5.455131 -7.013468 55.011696 -0.676667 -0.174691 0.715265 0.007813 0.406250
 36 6.394782 -7.683712 54.362976 -0.273012 -0.760833 -0.588726 0.335938 0.679688
view_finger.bmp
 36 6.394782 -7.683712 54.362976 -0.273012 -0.760833 -0.588726 0.335938 0.679688
 37 5.455131 -7.013468 55.011696 -0.676667 -0.174691 0.715265 0.007813 0.406250
 37 5.466237 -6.954648 54.414520 -0.527401 0.165200 -0.833401 0.335938 0.406250
view_finger.bmp
 24 8.142055 -11.744784 55.486008 -0.870931 0.292711 0.394714 0.968750 0.679688
 23 8.138046 -11.131732 55.002010 0.324288 0.583479 0.744573 0.648438 0.953125
 20 7.989396 -11.738976 55.363213 -0.132702 0.576410 0.806314 0.968750 0.953125
view_finger.bmp
 20 7.989396 -11.738976 55.363213 -0.132702 0.576410 0.806314 0.648438 0.953125
 17 7.730003 -12.244592 55.664005 -0.038599 0.497190 0.866783 0.968750 0.953125
 21 8.002645 -12.318435 56.032997 -0.916523 0.152404 0.369809 0.968750 0.679688
view_finger.bmp
 17 8.438462 -12.894701 56.143948 0.950111 -0.250903 -0.185302 0.335938 0.679688
 18 7.986588 -12.648532 57.317570 -0.108902 -0.603607 0.789809 0.007813 0.406250
 17 7.933804 -13.262491 56.387157 -0.330504 -0.869610 0.366804 0.007813 0.679688
view_finger.bmp
 23 8.523720 -11.923611 55.732342 0.117505 -0.691731 0.712532 0.007813 0.679688
 10 8.148524 -12.267755 54.811794 0.568694 -0.591593 -0.571494 0.007813 0.953125
 23 8.842896 -11.472697 55.522812 0.952202 0.287900 0.102100 0.335938 0.679688
view_finger.bmp
 16 7.748909 -12.603889 57.583603 -0.008299 0.997658 -0.067897 0.648438 0.140625
 16 7.945858 -12.763165 57.749260 0.821221 0.490112 0.292208 0.335938 0.140625
 16 7.776161 -13.084993 56.883389 0.251903 0.871909 -0.419904 0.648438 0.406250
view_finger.bmp
 13 5.459219 -14.079916 56.964691 -0.777815 -0.511709 0.364907 0.187500 0.132813
 13 5.348441 -13.662838 56.619617 -0.949188 -0.301296 -0.090899 0.250000 0.359375
 13 5.403919 -14.067918 56.762211 -0.793807 -0.516304 -0.321403 0.250000 0.156250
view_finger.bmp
 19 7.790679 -11.435383 57.284996 0.453305 0.884910 0.107002 0.335938 0.140625
 19 7.645487 -11.574453 57.459003 0.170005 0.349910 0.921228 0.171875 0.140625
 18 8.443061 -12.316692 57.112595 0.901525 0.372210 0.220707 0.335938 0.406250
view_finger.bmp
 16 7.794207 -12.920074 57.883728 0.486226 -0.281515 0.827244 0.171875 0.140625
 16 7.543852 -12.964198 57.918011 -0.500202 -0.216901 0.838303 0.007813 0.140625
 15 7.600914 -13.689101 57.245605 -0.309397 -0.761992 0.568894 0.007813 0.406250
view_finger.bmp
 22 7.665664 -11.138398 56.726360 -0.123701 0.559705 0.819407 0.171875 0.140625
 22 7.514434 -11.333657 56.736530 -0.812484 -0.120997 0.570289 0.007813 0.140625
 21 8.257073 -12.048272 56.878326 -0.117596 -0.466684 0.876571 0.007813 0.406250
view_finger.bmp
 10 7.333692 -13.144882 55.336197 0.226901 -0.806404 -0.546103 0.335938 0.953125
 14 6.710030 -13.462390 55.709229 -0.316988 -0.895367 -0.312789 0.007813 0.953125
 10 6.854978 -13.117970 55.286106 -0.158297 -0.598688 -0.785185 0.171875 0.984375
view_finger.bmp
 25 7.637052 -10.849978 55.778446 -0.503981 0.636375 0.583978 0.171875 0.140625
 25 7.561282 -11.055342 55.795311 -0.889093 -0.286097 0.357297 0.007813 0.140625
 24 8.226270 -11.388756 56.228138 -0.540903 -0.104200 0.834605 0.007813 0.406250
view_finger.bmp
 10 7.828754 -12.768025 55.087612 0.399490 -0.717682 -0.570386 0.335938 0.953125
 10 7.333692 -13.144882 55.336197 0.226901 -0.806404 -0.546103 0.007813 0.953125
 10 7.408576 -12.807645 55.053242 0.009400 -0.556382 -0.830873 0.171875 0.984375
view_finger.bmp
 17 7.208521 -12.645025 55.878036 0.012700 0.481914 0.876126 0.968750 0.953125
 18 7.605626 -12.813450 56.306595 -0.925451 0.175091 0.335982 0.968750 0.679688
 18 8.048650 -12.469935 56.092518 0.198293 0.980063 0.012500 0.648438 0.679688
view_finger.bmp
 39 6.753048 -6.313218 53.897976 -0.856787 0.471993 0.207697 0.968750 0.953125
 42 6.746706 -5.963048 53.337749 -0.905493 0.127999 -0.404597 0.648438 0.953125
 43 6.467358 -6.434237 53.878937 -0.405223 0.727141 0.554131 0.968750 0.679688
view_finger.bmp
 39 6.121120 -7.297958 54.373741 -0.097002 -0.630611 0.770013 0.007813 0.679688
 40 5.403470 -6.756427 54.448147 -0.802325 -0.009000 0.596819 0.007813 0.406250
 39 6.111201 -7.184698 53.743526 -0.213498 -0.561595 -0.799393 0.335938 0.679688
view_finger.bmp
 35 6.197278 -8.301486 55.860783 -0.580020 0.726126 0.369213 0.648438 0.140625
 35 6.172703 -8.595407 55.923286 -0.499511 -0.227805 0.835819 0.335938 0.140625
 35 7.055452 -8.239185 55.886387 -0.541587 0.528688 0.653585 0.648438 0.406250
view_finger.bmp
 42 6.303511 -6.771155 53.199760 -0.171203 -0.405507 -0.897916 0.335938 0.679688
 29 7.391395 -6.771702 53.839695 0.647128 -0.678929 -0.346815 0.007813 0.953125
 42 6.364235 -6.943171 53.772228 -0.154595 -0.826770 0.540880 0.007813 0.679688
view_finger.bmp
 41 5.794248 -6.808391 54.410316 0.676475 0.169594 0.716673 0.968750 0.406250
 41 5.811062 -6.686044 53.894520 0.614912 0.647313 -0.450409 0.648438 0.406250
 41 6.198876 -6.196959 54.284512 0.903987 -0.423594 -0.058099 0.812500 0.195313
view_finger.bmp
 29 7.520164 -6.730019 55.462990 0.990769 -0.114097 0.073198 0.171875 0.984375
 33 7.464459 -6.886438 55.895874 0.893811 -0.005800 0.448406 0.007813 0.953125
 29 7.407858 -7.045593 55.126091 0.859305 -0.510203 -0.035900 0.335938 0.953125
view_finger.bmp
 43 5.665954 -6.638704 53.857880 -0.789371 -0.085897 0.607878 0.007813 0.406250
 44 5.962856 -5.838631 54.011333 -0.066901 0.275703 0.958912 0.007813 0.140625
 44 5.866739 -5.733091 53.838932 -0.748767 0.612073 0.254389 0.171875 0.140625
view_finger.bmp
 29 7.513567 -6.781111 54.778996 0.971579 -0.234795 -0.030099 0.171875 0.984375
 29 7.407858 -7.045593 55.126091 0.859305 -0.510203 -0.035900 0.007813 0.953125
 29 7.398284 -7.016872 54.446693 0.711394 -0.684594 -0.158899 0.335938 0.953125
view_finger.bmp
 29 7.398284 -7.016872 54.446693 0.711394 -0.684594 -0.158899 0.007813 0.953125
 29 7.391395 -6.771702 53.839695 0.647128 -0.678929 -0.346815 0.335938 0.953125
 29 7.499955 -6.617271 54.187496 0.972645 -0.208310 -0.102805 0.171875 0.984375
view_finger.bmp
 35 7.055452 -8.239185 55.886387 -0.541587 0.528688 0.653585 0.968750 0.406250
 35 7.050827 -8.294553 55.379425 -0.372406 0.426407 -0.824313 0.648438 0.406250
 35 6.402870 -8.242973 55.631199 -0.126499 0.985692 -0.111399 0.812500 0.195313
view_finger.bmp
 32 5.928292 -6.462921 55.396412 0.361412 0.040401 -0.931531 0.898438 0.632813
 30 6.160809 -5.889067 55.332695 -0.357921 -0.117307 -0.926354 0.906250 0.929688
 30 6.467157 -5.998801 55.629021 0.932075 -0.263793 0.248293 0.750000 0.929688
view_skin.BMP
  9 4.951140 -10.289948 55.287144 -0.956612 -0.238403 -0.167502 0.132813 0.015625
  9 2.619172 -7.330373 50.226971 -0.582617 -0.760422 -0.286908 0.253906 0.718750
  9 5.508049 -10.704820 54.628483 -0.809112 -0.204003 -0.551108 0.253906 0.015625
view_skin.BMP
  9 5.508049 -10.704820 54.628483 -0.809112 -0.204003 -0.551108 0.253906 0.015625
  9 2.619172 -7.330373 50.226971 -0.582617 -0.760422 -0.286908 0.253906 0.718750
  9 6.266927 -10.841790 54.078354 0.051500 -0.988002 0.145600 0.378906 0.015625
view_skin.BMP
  9 2.619172 -7.330373 50.226971 -0.582617 -0.760422 -0.286908 0.253906 0.718750
  9 3.771729 -7.511952 49.414108 0.069303 -0.754934 -0.652129 0.378906 0.718750
  9 6.266927 -10.841790 54.078354 0.051500 -0.988002 0.145600 0.378906 0.015625
view_skin.BMP
  9 6.266927 -10.841790 54.078354 0.051500 -0.988002 0.145600 0.378906 0.015625
  9 3.771729 -7.511952 49.414108 0.069303 -0.754934 -0.652129 0.378906 0.718750
  9 6.765464 -10.578021 54.005642 0.843588 -0.189898 -0.502293 0.503906 0.015625
view_skin.BMP
  9 3.771729 -7.511952 49.414108 0.069303 -0.754934 -0.652129 0.378906 0.718750
  9 4.575521 -7.027510 49.356350 0.710939 -0.306117 -0.633134 0.503906 0.718750
  9 6.765464 -10.578021 54.005642 0.843588 -0.189898 -0.502293 0.503906 0.015625
view_skin.BMP
  9 6.765464 -10.578021 54.005642 0.843588 -0.189898 -0.502293 0.503906 0.015625
  9 4.575521 -7.027510 49.356350 0.710939 -0.306117 -0.633134 0.503906 0.718750
  9 4.739843 -6.267037 49.899746 0.917265 0.329187 -0.224191 0.621094 0.718750
view_skin.BMP
  9 4.575521 -7.027510 49.356350 0.710939 -0.306117 -0.633134 0.503906 0.718750
  9 3.583644 -5.616050 47.744656 0.686699 -0.271100 -0.674499 0.503906 0.988281
  9 4.739843 -6.267037 49.899746 0.917265 0.329187 -0.224191 0.621094 0.718750
view_skin.BMP
  9 4.739843 -6.267037 49.899746 0.917265 0.329187 -0.224191 0.621094 0.718750
  9 3.583644 -5.616050 47.744656 0.686699 -0.271100 -0.674499 0.503906 0.988281
  9 3.701742 -4.925749 48.254299 0.820657 0.568070 -0.061797 0.621094 0.988281
view_skin.BMP
  9 3.938244 -5.631134 50.887302 0.593985 0.743680 0.306792 0.742188 0.718750
  9 6.269120 -9.721445 55.008152 0.259100 0.796301 0.546601 0.742188 0.015625
  9 6.820954 -10.119957 54.352051 0.609983 0.755578 -0.238793 0.621094 0.015625
view_skin.BMP
  9 3.938244 -5.631134 50.887302 0.593985 0.743680 0.306792 0.742188 0.718750
  9 5.509141 -9.574083 55.567810 0.291103 0.542206 0.788208 0.863281 0.015625
  9 6.269120 -9.721445 55.008152 0.259100 0.796301 0.546601 0.742188 0.015625
view_skin.BMP
  9 3.938244 -5.631134 50.887302 0.593985 0.743680 0.306792 0.742188 0.718750
  9 2.789662 -5.455525 51.707134 -0.044802 0.719130 0.693429 0.863281 0.718750
  9 5.509141 -9.574083 55.567810 0.291103 0.542206 0.788208 0.863281 0.015625
view_skin.BMP
  9 3.938244 -5.631134 50.887302 0.593985 0.743680 0.306792 0.742188 0.718750
  9 1.779621 -4.125913 50.035679 0.193898 0.824892 0.530995 0.863281 0.988281
  9 2.789662 -5.455525 51.707134 -0.044802 0.719130 0.693429 0.863281 0.718750
view_skin.BMP
  9 3.938244 -5.631134 50.887302 0.593985 0.743680 0.306792 0.742188 0.718750
  9 2.907416 -4.326991 49.220238 0.566419 0.782126 0.259709 0.742188 0.988281
  9 1.779621 -4.125913 50.035679 0.193898 0.824892 0.530995 0.863281 0.988281
view_skin.BMP
  9 3.938244 -5.631134 50.887302 0.593985 0.743680 0.306792 0.742188 0.718750
  9 3.701742 -4.925749 48.254299 0.820657 0.568070 -0.061797 0.621094 0.988281
  9 2.907416 -4.326991 49.220238 0.566419 0.782126 0.259709 0.742188 0.988281
view_skin.BMP
  9 3.938244 -5.631134 50.887302 0.593985 0.743680 0.306792 0.742188 0.718750
  9 4.739843 -6.267037 49.899746 0.917265 0.329187 -0.224191 0.621094 0.718750
  9 3.701742 -4.925749 48.254299 0.820657 0.568070 -0.061797 0.621094 0.988281
view_skin.BMP
  9 3.938244 -5.631134 50.887302 0.593985 0.743680 0.306792 0.742188 0.718750
  9 6.820954 -10.119957 54.352051 0.609983 0.755578 -0.238793 0.621094 0.015625
  9 4.739843 -6.267037 49.899746 0.917265 0.329187 -0.224191 0.621094 0.718750
view_skin.BMP
 28 11.651098 -1.031410 51.420235 0.241486 0.695958 0.676260 0.253906 0.718750
 28 6.465027 -2.988100 54.453888 -0.152198 0.822588 0.547892 0.132813 0.015625
 28 7.114943 -3.460587 54.973854 0.295093 0.752183 0.589187 0.253906 0.015625
view_skin.BMP
 28 11.651098 -1.031410 51.420235 0.241486 0.695958 0.676260 0.253906 0.718750
 28 10.681339 -0.356513 50.628922 -0.293897 0.932190 0.211298 0.132813 0.718750
 28 6.465027 -2.988100 54.453888 -0.152198 0.822588 0.547892 0.132813 0.015625
view_skin.BMP
 28 11.651098 -1.031410 51.420235 0.241486 0.695958 0.676260 0.253906 0.718750
 28 12.360985 0.346180 49.125721 -0.037800 0.923596 0.381499 0.132813 0.988281
 28 10.681339 -0.356513 50.628922 -0.293897 0.932190 0.211298 0.132813 0.718750
view_skin.BMP
 28 11.651098 -1.031410 51.420235 0.241486 0.695958 0.676260 0.253906 0.718750
 28 13.310176 -0.337060 49.888622 0.288406 0.716114 0.635612 0.253906 0.988281
 28 12.360985 0.346180 49.125721 -0.037800 0.923596 0.381499 0.132813 0.988281
view_skin.BMP
 28 11.651098 -1.031410 51.420235 0.241486 0.695958 0.676260 0.253906 0.718750
 28 14.120275 -1.399885 50.293518 0.547712 0.353508 0.758317 0.378906 0.988281
 28 13.310176 -0.337060 49.888622 0.288406 0.716114 0.635612 0.253906 0.988281
view_skin.BMP
 28 11.651098 -1.031410 51.420235 0.241486 0.695958 0.676260 0.253906 0.718750
 28 12.466312 -2.128068 51.813766 0.613606 0.057600 0.787508 0.378906 0.718750
 28 14.120275 -1.399885 50.293518 0.547712 0.353508 0.758317 0.378906 0.988281
view_skin.BMP
 28 11.651098 -1.031410 51.420235 0.241486 0.695958 0.676260 0.253906 0.718750
 28 7.665711 -4.179758 55.250889 -0.199100 0.048100 0.978798 0.378906 0.015625
 28 12.466312 -2.128068 51.813766 0.613606 0.057600 0.787508 0.378906 0.718750
view_skin.BMP
 28 11.651098 -1.031410 51.420235 0.241486 0.695958 0.676260 0.253906 0.718750
 28 7.114943 -3.460587 54.973854 0.295093 0.752183 0.589187 0.253906 0.015625
 28 7.665711 -4.179758 55.250889 -0.199100 0.048100 0.978798 0.378906 0.015625
view_skin.BMP
 28 11.085995 -2.606698 49.916233 -0.262006 -0.705114 -0.658914 0.742188 0.718750
 28 7.435455 -4.841229 54.608753 -0.065100 -0.906297 -0.417599 0.621094 0.015625
 28 6.794536 -4.368086 54.099678 -0.463299 0.002600 -0.886198 0.742188 0.015625
view_skin.BMP
 28 11.085995 -2.606698 49.916233 -0.262006 -0.705114 -0.658914 0.742188 0.718750
 28 12.055754 -3.281595 50.707550 0.250708 -0.952131 -0.174906 0.621094 0.718750
 28 7.435455 -4.841229 54.608753 -0.065100 -0.906297 -0.417599 0.621094 0.015625
view_skin.BMP
 28 11.085995 -2.606698 49.916233 -0.262006 -0.705114 -0.658914 0.742188 0.718750
 28 13.756081 -2.426883 49.306637 0.099701 -0.895715 -0.433307 0.621094 0.988281
 28 12.055754 -3.281595 50.707550 0.250708 -0.952131 -0.174906 0.621094 0.718750
view_skin.BMP
 28 11.085995 -2.606698 49.916233 -0.262006 -0.705114 -0.658914 0.742188 0.718750
 28 12.806890 -1.743643 48.543732 -0.213392 -0.682774 -0.698773 0.742188 0.988281
 28 13.756081 -2.426883 49.306637 0.099701 -0.895715 -0.433307 0.621094 0.988281
view_skin.BMP
 28 11.085995 -2.606698 49.916233 -0.262006 -0.705114 -0.658914 0.742188 0.718750
 28 11.996790 -0.680818 48.138836 -0.486208 -0.326105 -0.810714 0.863281 0.988281
 28 12.806890 -1.743643 48.543732 -0.213392 -0.682774 -0.698773 0.742188 0.988281
view_skin.BMP
 28 11.085995 -2.606698 49.916233 -0.262006 -0.705114 -0.658914 0.742188 0.718750
 28 10.270781 -1.510040 49.522701 -0.656426 -0.077203 -0.750430 0.863281 0.718750
 28 11.996790 -0.680818 48.138836 -0.486208 -0.326105 -0.810714 0.863281 0.988281
view_skin.BMP
 28 11.085995 -2.606698 49.916233 -0.262006 -0.705114 -0.658914 0.742188 0.718750
 28 6.234772 -3.649571 53.811752 -0.765193 -0.421896 -0.486296 0.863281 0.015625
 28 10.270781 -1.510040 49.522701 -0.656426 -0.077203 -0.750430 0.863281 0.718750
view_skin.BMP
 28 11.085995 -2.606698 49.916233 -0.262006 -0.705114 -0.658914 0.742188 0.718750
 28 6.794536 -4.368086 54.099678 -0.463299 0.002600 -0.886198 0.742188 0.015625
 28 6.234772 -3.649571 53.811752 -0.765193 -0.421896 -0.486296 0.863281 0.015625
view_skin.BMP
  9 1.821548 -6.700440 51.221497 -0.892512 -0.364304 0.265903 0.132813 0.718750
  9 4.951140 -10.289948 55.287144 -0.956612 -0.238403 -0.167502 0.132813 0.015625
  9 5.004689 -9.845325 55.637493 -0.713399 0.212700 0.667698 0.003906 0.015625
view_skin.BMP
  9 1.821548 -6.700440 51.221497 -0.892512 -0.364304 0.265903 0.132813 0.718750
  9 2.619172 -7.330373 50.226971 -0.582617 -0.760422 -0.286908 0.253906 0.718750
  9 4.951140 -10.289948 55.287144 -0.956612 -0.238403 -0.167502 0.132813 0.015625
view_skin.BMP
  9 1.821548 -6.700440 51.221497 -0.892512 -0.364304 0.265903 0.132813 0.718750
  9 0.917986 -5.236321 49.604542 -0.855384 -0.517990 0.002100 0.132813 0.988281
  9 2.619172 -7.330373 50.226971 -0.582617 -0.760422 -0.286908 0.253906 0.718750
view_skin.BMP
  9 1.821548 -6.700440 51.221497 -0.892512 -0.364304 0.265903 0.132813 0.718750
  9 1.030169 -4.553493 50.111160 -0.705972 0.298688 0.642175 0.003906 0.988281
  9 0.917986 -5.236321 49.604542 -0.855384 -0.517990 0.002100 0.132813 0.988281
view_skin.BMP
  9 1.821548 -6.700440 51.221497 -0.892512 -0.364304 0.265903 0.132813 0.718750
  9 1.972940 -5.944520 51.768364 -0.676307 0.256803 0.690407 0.003906 0.718750
  9 1.030169 -4.553493 50.111160 -0.705972 0.298688 0.642175 0.003906 0.988281
view_skin.BMP
  9 1.821548 -6.700440 51.221497 -0.892512 -0.364304 0.265903 0.132813 0.718750
  9 5.004689 -9.845325 55.637493 -0.713399 0.212700 0.667698 0.003906 0.015625
  9 1.972940 -5.944520 51.768364 -0.676307 0.256803 0.690407 0.003906 0.718750
view_skin.BMP
  9 4.575521 -7.027510 49.356350 0.710939 -0.306117 -0.633134 0.503906 0.718750
  9 3.771729 -7.511952 49.414108 0.069303 -0.754934 -0.652129 0.378906 0.718750
  9 3.583644 -5.616050 47.744656 0.686699 -0.271100 -0.674499 0.503906 0.988281
view_skin.BMP
  9 3.583644 -5.616050 47.744656 0.686699 -0.271100 -0.674499 0.503906 0.988281
  9 3.771729 -7.511952 49.414108 0.069303 -0.754934 -0.652129 0.378906 0.718750
  9 2.840107 -6.036158 47.823162 -0.228309 -0.774129 -0.590423 0.378906 0.988281
view_skin.BMP
  9 3.771729 -7.511952 49.414108 0.069303 -0.754934 -0.652129 0.378906 0.718750
  9 2.619172 -7.330373 50.226971 -0.582617 -0.760422 -0.286908 0.253906 0.718750
  9 2.840107 -6.036158 47.823162 -0.228309 -0.774129 -0.590423 0.378906 0.988281
view_skin.BMP
  9 2.840107 -6.036158 47.823162 -0.228309 -0.774129 -0.590423 0.378906 0.988281
  9 2.619172 -7.330373 50.226971 -0.582617 -0.760422 -0.286908 0.253906 0.718750
  9 1.726342 -5.840918 48.625603 -0.608085 -0.720982 -0.332292 0.253906 0.988281
view_skin.BMP
  9 2.619172 -7.330373 50.226971 -0.582617 -0.760422 -0.286908 0.253906 0.718750
  9 0.917986 -5.236321 49.604542 -0.855384 -0.517990 0.002100 0.132813 0.988281
  9 1.726342 -5.840918 48.625603 -0.608085 -0.720982 -0.332292 0.253906 0.988281
view_skin.BMP
 28 7.665711 -4.179758 55.250889 -0.199100 0.048100 0.978798 0.378906 0.015625
 28 7.757336 -4.710898 55.069523 -0.036101 -0.241907 0.969628 0.503906 0.015625
 28 12.466312 -2.128068 51.813766 0.613606 0.057600 0.787508 0.378906 0.718750
view_skin.BMP
 28 12.466312 -2.128068 51.813766 0.613606 0.057600 0.787508 0.378906 0.718750
 28 7.757336 -4.710898 55.069523 -0.036101 -0.241907 0.969628 0.503906 0.015625
 28 12.557676 -2.994452 51.460026 0.624619 -0.644620 0.440813 0.503906 0.718750
view_skin.BMP
 28 7.757336 -4.710898 55.069523 -0.036101 -0.241907 0.969628 0.503906 0.015625
 28 12.055754 -3.281595 50.707550 0.250708 -0.952131 -0.174906 0.621094 0.718750
 28 12.557676 -2.994452 51.460026 0.624619 -0.644620 0.440813 0.503906 0.718750
view_skin.BMP
 28 12.557676 -2.994452 51.460026 0.624619 -0.644620 0.440813 0.503906 0.718750
 28 12.055754 -3.281595 50.707550 0.250708 -0.952131 -0.174906 0.621094 0.718750
 28 14.228400 -2.196632 49.995186 0.667400 -0.625200 0.404600 0.503906 0.988281
view_skin.BMP
 28 12.055754 -3.281595 50.707550 0.250708 -0.952131 -0.174906 0.621094 0.718750
 28 13.756081 -2.426883 49.306637 0.099701 -0.895715 -0.433307 0.621094 0.988281
 28 14.228400 -2.196632 49.995186 0.667400 -0.625200 0.404600 0.503906 0.988281
view_skin.BMP
  9 2.789662 -5.455525 51.707134 -0.044802 0.719130 0.693429 0.863281 0.718750
  9 5.004689 -9.845325 55.637493 -0.713399 0.212700 0.667698 0.984375 0.015625
  9 5.509141 -9.574083 55.567810 0.291103 0.542206 0.788208 0.863281 0.015625
view_skin.BMP
  9 2.789662 -5.455525 51.707134 -0.044802 0.719130 0.693429 0.863281 0.718750
  9 1.972940 -5.944520 51.768364 -0.676307 0.256803 0.690407 0.984375 0.718750
  9 5.004689 -9.845325 55.637493 -0.713399 0.212700 0.667698 0.984375 0.015625
view_skin.BMP
  9 2.789662 -5.455525 51.707134 -0.044802 0.719130 0.693429 0.863281 0.718750
  9 1.030169 -4.553493 50.111160 -0.705972 0.298688 0.642175 0.984375 0.988281
  9 1.972940 -5.944520 51.768364 -0.676307 0.256803 0.690407 0.984375 0.718750
view_skin.BMP
  9 2.789662 -5.455525 51.707134 -0.044802 0.719130 0.693429 0.863281 0.718750
  9 1.779621 -4.125913 50.035679 0.193898 0.824892 0.530995 0.863281 0.988281
  9 1.030169 -4.553493 50.111160 -0.705972 0.298688 0.642175 0.984375 0.988281
view_skin.BMP
 28 10.681339 -0.356513 50.628922 -0.293897 0.932190 0.211298 0.132813 0.718750
 28 6.145723 -3.111401 53.999748 -0.819380 0.571186 -0.048599 0.003906 0.015625
 28 6.465027 -2.988100 54.453888 -0.152198 0.822588 0.547892 0.132813 0.015625
view_skin.BMP
 28 10.681339 -0.356513 50.628922 -0.293897 0.932190 0.211298 0.132813 0.718750
 28 10.175571 -0.630254 49.878811 -0.683917 0.616816 -0.389610 0.003906 0.718750
 28 6.145723 -3.111401 53.999748 -0.819380 0.571186 -0.048599 0.003906 0.015625
view_skin.BMP
 28 10.681339 -0.356513 50.628922 -0.293897 0.932190 0.211298 0.132813 0.718750
 28 11.884820 0.129330 48.439541 -0.633904 0.640704 -0.433203 0.003906 0.988281
 28 10.175571 -0.630254 49.878811 -0.683917 0.616816 -0.389610 0.003906 0.718750
view_skin.BMP
 28 10.681339 -0.356513 50.628922 -0.293897 0.932190 0.211298 0.132813 0.718750
 28 12.360985 0.346180 49.125721 -0.037800 0.923596 0.381499 0.132813 0.988281
 28 11.884820 0.129330 48.439541 -0.633904 0.640704 -0.433203 0.003906 0.988281
view_skin.BMP
 28 10.270781 -1.510040 49.522701 -0.656426 -0.077203 -0.750430 0.863281 0.718750
 28 11.884820 0.129330 48.439541 -0.633904 0.640704 -0.433203 0.984375 0.988281
 28 11.996790 -0.680818 48.138836 -0.486208 -0.326105 -0.810714 0.863281 0.988281
view_skin.BMP
 28 10.270781 -1.510040 49.522701 -0.656426 -0.077203 -0.750430 0.863281 0.718750
 28 10.175571 -0.630254 49.878811 -0.683917 0.616816 -0.389610 0.984375 0.718750
 28 11.884820 0.129330 48.439541 -0.633904 0.640704 -0.433203 0.984375 0.988281
view_skin.BMP
 28 10.270781 -1.510040 49.522701 -0.656426 -0.077203 -0.750430 0.863281 0.718750
 28 6.145723 -3.111401 53.999748 -0.819380 0.571186 -0.048599 0.984375 0.015625
 28 10.175571 -0.630254 49.878811 -0.683917 0.616816 -0.389610 0.984375 0.718750
view_skin.BMP
 28 10.270781 -1.510040 49.522701 -0.656426 -0.077203 -0.750430 0.863281 0.718750
 28 6.234772 -3.649571 53.811752 -0.765193 -0.421896 -0.486296 0.863281 0.015625
 28 6.145723 -3.111401 53.999748 -0.819380 0.571186 -0.048599 0.984375 0.015625
view_skin.BMP
 28 14.120275 -1.399885 50.293518 0.547712 0.353508 0.758317 0.378906 0.988281
 28 12.466312 -2.128068 51.813766 0.613606 0.057600 0.787508 0.378906 0.718750
 28 14.228400 -2.196632 49.995186 0.667400 -0.625200 0.404600 0.503906 0.988281
view_skin.BMP
 28 14.228400 -2.196632 49.995186 0.667400 -0.625200 0.404600 0.503906 0.988281
 28 12.466312 -2.128068 51.813766 0.613606 0.057600 0.787508 0.378906 0.718750
 28 12.557676 -2.994452 51.460026 0.624619 -0.644620 0.440813 0.503906 0.718750
view_skin.BMP
  9 6.820954 -10.119957 54.352051 0.609983 0.755578 -0.238793 0.621094 0.015625
  9 6.765464 -10.578021 54.005642 0.843588 -0.189898 -0.502293 0.503906 0.015625
  9 4.739843 -6.267037 49.899746 0.917265 0.329187 -0.224191 0.621094 0.718750
view_skin.BMP
 28 12.055754 -3.281595 50.707550 0.250708 -0.952131 -0.174906 0.621094 0.718750
 28 7.757336 -4.710898 55.069523 -0.036101 -0.241907 0.969628 0.503906 0.015625
 28 7.435455 -4.841229 54.608753 -0.065100 -0.906297 -0.417599 0.621094 0.015625
end
