version 1
nodes
0 "Bone04" -1
1 "Bone_Righthand" 0
2 "Bone26" 1
3 "Bone27" 2
4 "Bone28" 3
5 "Bone29" 4
6 "Bone31" 2
7 "Bone32" 6
8 "Bone33" 7
9 "Bone35" 2
10 "Bone36" 9
11 "Bone37" 10
12 "Bone39" 2
13 "Bone40" 12
14 "Bone41" 13
15 "Bone43" 2
16 "Bone44" 15
17 "Bone45" 16
18 "Bone01" -1
19 "Bone_Lefthand" 18
20 "Bone 04" 19
21 "Bone09" 20
22 "Bone10" 21
23 "Bone11" 22
24 "Bone13" 20
25 "Bone14" 24
26 "Bone15" 25
27 "Bone17" 20
28 "Bone18" 27
29 "Bone19" 28
30 "Bone21" 20
31 "Bone22" 30
32 "Bone23" 31
33 "Bone05" 20
34 "Bone06" 33
35 "Bone07" 34
36 "Bone_AK47" 19
37 "Bone03" 36
38 "Bone25" 37
39 "Bone48" 37
40 "Bone50" 37
41 "Bone52" 37
end
skeleton
time 0
0  -3.820917 -18.377752 -0.681956  -0.554983 0.255023 0.648766
1  0.089871 -8.543161 -0.000050  0.512989 0.031485 0.240362
2  0.000000 -0.359715 0.000001  -0.000006 -0.000000 -0.000002
3  -0.308253 -0.007812 0.307166  -0.145107 -0.159872 -2.467082
4  1.978377 0.019533 0.000009  -0.087928 -0.056965 -0.023682
5  0.982429 0.003191 -0.000001  0.000005 0.000001 0.418887
6  -0.827572 -2.508969 -0.277662  -1.396263 -0.000001 -0.000005
7  0.000003 -1.292971 -0.000001  -0.445054 -0.000002 -0.000004
8  0.000005 -0.752464 0.000004  -0.445061 -0.000003 0.000001
9  -0.170488 -2.636143 -0.277661  -1.692964 -0.000008 -0.000002
10  0.010610 -1.261177 0.000006  -0.253080 0.000002 0.000013
11  -0.000005 -0.943234 -0.000006  -0.532323 0.000002 -0.000004
12  0.444203 -2.561961 -0.277661  -1.727310 -0.046222 -0.024605
13  0.021019 -1.208186 -0.000006  -0.427602 -0.000002 0.000003
14  0.010593 -0.741866 -0.000003  -0.453786 0.000007 0.000002
15  1.047437 -2.222823 -0.277660  -1.508119 -0.078976 -0.038618
16  0.000003 -0.996223 -0.000004  -0.863934 -0.000011 0.000002
17  0.000005 -0.614690 0.000004  -0.523606 0.000010 0.000007
18  4.608666 -4.829769 1.302325  -0.774286 -1.331381 0.567333
19  -0.000001 -8.563282 0.000022  0.347507 -0.125219 -0.169574
20  -0.003479 -0.404829 0.000000  -0.000000 0.000000 0.000002
21  -1.123355 -2.195097 -0.278958  -0.933747 0.000002 -0.087263
22  0.010770 -0.963792 0.000005  -0.610881 -0.000000 -0.000004
23  -0.010411 -0.631916 -0.000007  -1.212995 -0.000002 0.000005
24  -0.519304 -2.501156 -0.278958  -1.003569 -0.000001 -0.122171
25  -0.010598 -1.208185 -0.000007  -1.090836 -0.000001 -0.000002
26  0.000002 -0.763066 -0.000008  -1.343891 -0.000003 0.000004
27  0.105986 -2.607133 -0.278958  -0.890112 0.000000 -0.148351
28  -0.000001 -1.250578 0.000010  -1.213005 0.000000 -0.000001
29  -0.000001 -0.932633 0.000005  -1.483540 0.000000 0.000005
30  0.763069 -2.490556 -0.278957  -0.235619 0.000000 0.130904
31  -0.012325 -1.280917 -0.000000  -0.349072 0.000001 0.000001
32  -0.001699 -0.749371 -0.000005  -0.593410 0.000001 -0.000004
33  0.354567 0.016268 0.318133  0.342078 -0.443526 -1.083980
34  1.887165 0.012888 -0.000001  -0.305430 0.000002 -0.401421
35  1.001875 -0.000271 0.000001  -0.000002 -0.000002 -0.488696
36  -0.834440 -3.073738 0.513625  -1.247039 1.437607 -1.233842
37  -0.000001 2.160510 0.950627  -0.000000 -0.000000 0.000001
38  0.000000 -3.344303 1.710279  0.000000 -0.000000 -0.000000
39  0.000000 -4.793802 0.448358  0.000000 -0.000000 -0.000000
40  -0.000000 -6.345619 1.761432  0.000000 -0.000000 -0.000000
41  0.000000 -5.765821 2.989244  -0.000000 -0.000000 -0.000000
end
triangles
wood.bmp
36  3.242616 -14.253628 5.341543  0.707075 0.092095 0.701116  0.984375 0.984375
36  3.242616 -11.773627 5.021544  0.723454 -0.054405 0.688226  0.671875 0.984375
36  2.452616 -14.253628 5.341544  -0.448012 0.114410 0.886677  0.984375 0.781250
wood.bmp
36  2.452616 -14.253628 5.341544  -0.448012 0.114410 0.886677  0.984375 0.781250
36  3.242616 -11.773627 5.021544  0.723454 -0.054405 0.688226  0.671875 0.984375
36  2.452616 -11.773628 5.021544  -0.723468 -0.201501 0.660297  0.671875 0.781250
wood.bmp
36  3.242616 -11.773627 5.021544  0.723454 -0.054405 0.688226  0.671875 0.984375
36  3.242616 -11.273628 5.291544  0.330051 -0.277204 0.902344  0.460938 0.984375
36  2.452616 -11.773628 5.021544  -0.723468 -0.201501 0.660297  0.671875 0.781250
wood.bmp
36  2.452616 -11.773628 5.021544  -0.723468 -0.201501 0.660297  0.671875 0.781250
36  3.242616 -11.273628 5.291544  0.330051 -0.277204 0.902344  0.460938 0.984375
36  2.452616 -11.273628 5.291544  -0.330035 -0.076750 0.940843  0.460938 0.781250
wood.bmp
36  3.242616 -11.273628 5.291544  0.330051 -0.277204 0.902344  0.460938 0.984375
36  3.242616 -6.663627 4.711545  0.831601 0.069870 0.550960  0.007813 0.984375
36  2.452616 -11.273628 5.291544  -0.330035 -0.076750 0.940843  0.460938 0.781250
wood.bmp
36  2.452616 -11.273628 5.291544  -0.330035 -0.076750 0.940843  0.460938 0.781250
36  3.242616 -6.663627 4.711545  0.831601 0.069870 0.550960  0.007813 0.984375
36  2.452615 -6.663627 4.711545  -0.948679 0.039792 0.313728  0.007813 0.781250
wood.bmp
36  2.452616 -11.273628 5.291544  -0.330035 -0.076750 0.940843  0.492188 0.656250
36  2.452615 -6.663627 4.711545  -0.948679 0.039792 0.313728  0.015625 0.656250
36  2.452616 -11.773628 5.021544  -0.723468 -0.201501 0.660297  0.593750 0.515625
wood.bmp
36  2.452616 -11.773628 5.021544  -0.723468 -0.201501 0.660297  0.593750 0.515625
36  2.452615 -6.663627 4.711545  -0.948679 0.039792 0.313728  0.015625 0.656250
36  2.452616 -14.373628 4.191543  -0.948681 -0.097809 -0.300729  0.976563 0.046875
wood.bmp
36  2.452615 -6.663627 4.711545  -0.948679 0.039792 0.313728  0.015625 0.656250
36  2.452615 -7.123627 1.841544  -0.448029 -0.275666 -0.850458  0.023438 0.015625
36  2.452616 -14.373628 4.191543  -0.948681 -0.097809 -0.300729  0.976563 0.046875
wood.bmp
36  2.452616 -14.373628 4.191543  -0.948681 -0.097809 -0.300729  0.976563 0.046875
36  2.452615 -7.123627 1.841544  -0.448029 -0.275666 -0.850458  0.023438 0.015625
36  3.242616 -14.373628 4.191543  0.831591 -0.171720 -0.528176  0.976563 0.046875
wood.bmp
36  2.452615 -7.123627 1.841544  -0.448029 -0.275666 -0.850458  0.023438 0.015625
36  3.242615 -7.123627 1.841544  0.707096 -0.218597 -0.672481  0.023438 0.015625
36  3.242616 -14.373628 4.191543  0.831591 -0.171720 -0.528176  0.976563 0.046875
wood.bmp
36  3.242616 -14.373628 4.191543  0.831591 -0.171720 -0.528176  0.976563 0.046875
36  3.242615 -7.123627 1.841544  0.707096 -0.218597 -0.672481  0.023438 0.015625
36  3.242616 -6.663627 4.711545  0.831601 0.069870 0.550960  0.015625 0.656250
wood.bmp
36  3.242616 -11.273628 5.291544  0.330051 -0.277204 0.902344  0.492188 0.656250
36  3.242616 -11.773627 5.021544  0.723454 -0.054405 0.688226  0.593750 0.515625
36  3.242616 -6.663627 4.711545  0.831601 0.069870 0.550960  0.015625 0.656250
wood.bmp
36  3.242616 -6.663627 4.711545  0.831601 0.069870 0.550960  0.015625 0.656250
36  3.242616 -11.773627 5.021544  0.723454 -0.054405 0.688226  0.593750 0.515625
36  3.242616 -14.373628 4.191543  0.831591 -0.171720 -0.528176  0.976563 0.046875
wood.bmp
36  3.242616 -11.773627 5.021544  0.723454 -0.054405 0.688226  0.593750 0.515625
36  3.242616 -14.253628 5.341543  0.707075 0.092095 0.701116  0.960938 0.562500
36  3.242616 -14.373628 4.191543  0.831591 -0.171720 -0.528176  0.976563 0.046875
wood.bmp
36  2.452616 -14.253628 5.341544  0.000000 -0.994885 0.101017  0.960938 0.562500
36  2.452616 -14.373628 4.191543  0.000000 -0.994884 0.101019  0.976563 0.046875
36  3.242616 -14.253628 5.341543  0.000000 -0.994885 0.101018  0.960938 0.562500
wood.bmp
36  3.242616 -14.253628 5.341543  0.000000 -0.994885 0.101018  0.960938 0.562500
36  2.452616 -14.373628 4.191543  0.000000 -0.994884 0.101019  0.976563 0.046875
36  3.242616 -14.373628 4.191543  -0.000000 -0.994884 0.101020  0.976563 0.046875
wood.bmp
36  2.452615 -7.123627 1.841544  0.000000 0.987398 -0.158259  0.023438 0.015625
36  2.452615 -6.663627 4.711545  0.000000 0.987398 -0.158259  0.015625 0.656250
36  3.242615 -7.123627 1.841544  0.000000 0.987398 -0.158259  0.023438 0.015625
wood.bmp
36  3.242615 -7.123627 1.841544  0.000000 0.987398 -0.158259  0.023438 0.015625
36  2.452615 -6.663627 4.711545  0.000000 0.987398 -0.158259  0.015625 0.656250
36  3.242616 -6.663627 4.711545  0.000000 0.987398 -0.158259  0.015625 0.656250
wood.bmp
36  2.452616 -14.373628 4.191543  -0.948681 -0.097809 -0.300729  0.976563 0.046875
36  2.452616 -14.253628 5.341544  -0.448012 0.114410 0.886677  0.960938 0.562500
36  2.452616 -11.773628 5.021544  -0.723468 -0.201501 0.660297  0.593750 0.515625
lower_body.bmp
36  2.442617 -22.263628 5.331542  -1.000000 0.000000 0.000001  0.906250 0.406250
36  2.442617 -23.113628 5.911542  -1.000000 0.000000 0.000000  0.992188 0.601563
36  2.442617 -22.263628 5.911542  -1.000000 0.000000 0.000000  0.906250 0.601563
lower_body.bmp
36  2.442617 -22.263628 5.331542  -1.000000 0.000000 0.000001  0.906250 0.406250
36  2.442616 -23.113626 4.191542  -1.000000 0.000000 0.000001  0.992188 0.007813
36  2.442617 -23.113628 5.911542  -1.000000 0.000000 0.000000  0.992188 0.601563
lower_body.bmp
36  2.442617 -22.263628 5.331542  -1.000000 0.000000 0.000001  0.906250 0.406250
36  2.442616 -14.373628 4.191543  -1.000000 -0.000000 0.000000  0.031250 0.015625
36  2.442616 -23.113626 4.191542  -1.000000 0.000000 0.000001  0.992188 0.007813
lower_body.bmp
36  2.442617 -22.263628 5.331542  -1.000000 0.000000 0.000001  0.906250 0.406250
36  2.442616 -14.253628 5.331543  -1.000000 -0.000000 0.000000  0.011719 0.406250
36  2.442616 -14.373628 4.191543  -1.000000 -0.000000 0.000000  0.031250 0.015625
lower_body.bmp
36  3.252617 -22.263628 5.331542  1.000000 0.000000 -0.000000  0.906250 0.406250
36  3.252616 -14.373628 4.191543  1.000000 0.000000 -0.000000  0.031250 0.015625
36  3.252616 -14.253628 5.331543  1.000000 0.000000 -0.000000  0.011719 0.406250
lower_body.bmp
36  3.252617 -22.263628 5.331542  1.000000 0.000000 -0.000000  0.906250 0.406250
36  3.252617 -23.113626 4.191542  1.000000 0.000000 -0.000000  0.992188 0.007813
36  3.252616 -14.373628 4.191543  1.000000 0.000000 -0.000000  0.031250 0.015625
lower_body.bmp
36  3.252617 -22.263628 5.331542  1.000000 0.000000 -0.000000  0.906250 0.406250
36  3.252617 -23.113628 5.911542  1.000000 0.000000 0.000000  0.992188 0.601563
36  3.252617 -23.113626 4.191542  1.000000 0.000000 -0.000000  0.992188 0.007813
lower_body.bmp
36  3.252617 -22.263628 5.331542  1.000000 0.000000 -0.000000  0.906250 0.406250
36  3.252617 -22.263628 5.911542  1.000000 0.000000 0.000000  0.906250 0.601563
36  3.252617 -23.113628 5.911542  1.000000 0.000000 0.000000  0.992188 0.601563
lower_body.bmp
36  2.492616 -16.413628 3.011543  -1.000000 0.000000 0.000000  0.054688 0.437500
36  2.492616 -19.303627 3.001542  -1.000000 0.000000 0.000000  0.351563 0.437500
36  2.492616 -16.443626 3.161543  -1.000000 0.000000 0.000000  0.058594 0.476563
lower_body.bmp
36  2.492616 -16.443626 3.161543  -1.000000 0.000000 0.000000  0.058594 0.476563
36  2.492616 -19.303627 3.001542  -1.000000 0.000000 0.000000  0.351563 0.437500
36  2.492616 -18.573627 3.161542  -1.000000 0.000000 0.000000  0.269531 0.476563
lower_body.bmp
36  2.492616 -19.303627 3.001542  -1.000000 0.000000 0.000000  0.351563 0.437500
36  2.492616 -19.313627 4.291543  -1.000000 0.000000 0.000000  0.351563 0.882813
36  2.492616 -18.573627 3.161542  -1.000000 0.000000 0.000000  0.269531 0.476563
lower_body.bmp
36  2.492616 -18.573627 3.161542  -1.000000 0.000000 0.000000  0.269531 0.476563
36  2.492616 -19.313627 4.291543  -1.000000 0.000000 0.000000  0.351563 0.882813
36  2.492616 -18.563627 4.291543  -1.000000 0.000000 0.000000  0.269531 0.882813
lower_body.bmp
36  3.202616 -16.443626 3.161543  1.000000 0.000000 0.000000  0.058594 0.476563
36  3.202616 -18.573627 3.161542  1.000000 -0.000000 0.000000  0.269531 0.476563
36  3.202616 -19.303627 3.001542  1.000000 0.000000 0.000000  0.351563 0.437500
lower_body.bmp
36  3.202616 -19.303627 3.001542  1.000000 0.000000 0.000000  0.351563 0.437500
36  3.202616 -18.573627 3.161542  1.000000 -0.000000 0.000000  0.269531 0.476563
36  3.202616 -19.313627 4.291542  1.000000 -0.000000 0.000000  0.351563 0.882813
lower_body.bmp
36  3.202616 -18.573627 3.161542  1.000000 -0.000000 0.000000  0.269531 0.476563
36  3.202616 -18.563627 4.291543  1.000000 -0.000000 0.000000  0.269531 0.882813
36  3.202616 -19.313627 4.291542  1.000000 -0.000000 0.000000  0.351563 0.882813
lower_body.bmp
36  2.442616 -23.113626 4.191542  0.000000 0.000000 -1.000000  0.992188 0.007813
36  2.442616 -14.373628 4.191543  0.000000 0.000000 -1.000000  0.031250 0.015625
36  3.252617 -23.113626 4.191542  0.000000 0.000000 -1.000000  0.992188 0.007813
lower_body.bmp
36  3.252617 -23.113626 4.191542  0.000000 0.000000 -1.000000  0.992188 0.007813
36  2.442616 -14.373628 4.191543  0.000000 0.000000 -1.000000  0.031250 0.015625
36  3.252616 -14.373628 4.191543  0.000000 0.000000 -1.000000  0.031250 0.015625
lower_body.bmp
36  2.442617 -23.113628 5.911542  0.000000 -1.000000 -0.000003  0.992188 0.601563
36  2.442616 -23.113626 4.191542  0.000000 -1.000000 -0.000003  0.992188 0.007813
36  3.252617 -23.113628 5.911542  0.000000 -1.000000 -0.000003  0.992188 0.601563
lower_body.bmp
36  3.252617 -23.113628 5.911542  0.000000 -1.000000 -0.000003  0.992188 0.601563
36  2.442616 -23.113626 4.191542  0.000000 -1.000000 -0.000003  0.992188 0.007813
36  3.252617 -23.113626 4.191542  0.000000 -1.000000 -0.000003  0.992188 0.007813
lower_body.bmp
36  2.442617 -22.263628 5.911542  0.000000 0.001870 0.999998  0.906250 0.601563
36  2.442617 -23.113628 5.911542  -0.000000 0.001870 0.999998  0.992188 0.601563
36  3.252617 -22.263628 5.911542  -0.000000 0.001870 0.999998  0.906250 0.601563
lower_body.bmp
36  3.252617 -22.263628 5.911542  -0.000000 0.001870 0.999998  0.906250 0.601563
36  2.442617 -23.113628 5.911542  -0.000000 0.001870 0.999998  0.992188 0.601563
36  3.252617 -23.113628 5.911542  0.000000 0.001870 0.999998  0.992188 0.601563
lower_body.bmp
36  2.442617 -22.263628 5.331542  0.000000 1.000000 0.000863  0.906250 0.406250
36  2.442617 -22.263628 5.911542  0.000000 1.000000 0.000863  0.906250 0.601563
36  3.252617 -22.263628 5.331542  0.000000 1.000000 0.000863  0.906250 0.406250
lower_body.bmp
36  3.252617 -22.263628 5.331542  0.000000 1.000000 0.000863  0.906250 0.406250
36  2.442617 -22.263628 5.911542  0.000000 1.000000 0.000863  0.906250 0.601563
36  3.252617 -22.263628 5.911542  -0.000000 1.000000 0.000863  0.906250 0.601563
lower_body.bmp
36  2.442616 -14.253628 5.331543  0.000000 0.001869 0.999998  0.011719 0.406250
36  2.442617 -22.263628 5.331542  -0.000000 0.001869 0.999998  0.906250 0.406250
36  3.252616 -14.253628 5.331543  -0.000000 0.001869 0.999998  0.011719 0.406250
lower_body.bmp
36  3.252616 -14.253628 5.331543  -0.000000 0.001869 0.999998  0.011719 0.406250
36  2.442617 -22.263628 5.331542  -0.000000 0.001869 0.999998  0.906250 0.406250
36  3.252617 -22.263628 5.331542  -0.000000 0.001869 0.999998  0.906250 0.406250
lower_body.bmp
36  2.442616 -14.373628 4.191543  0.000000 0.993887 -0.110404  0.031250 0.015625
36  2.442616 -14.253628 5.331543  -0.000000 0.993887 -0.110403  0.011719 0.406250
36  3.252616 -14.373628 4.191543  -0.000000 0.993887 -0.110404  0.031250 0.015625
lower_body.bmp
36  3.252616 -14.373628 4.191543  -0.000000 0.993887 -0.110404  0.031250 0.015625
36  2.442616 -14.253628 5.331543  -0.000000 0.993887 -0.110403  0.011719 0.406250
36  3.252616 -14.253628 5.331543  0.000000 0.993887 -0.110402  0.011719 0.406250
lower_body.bmp
41  2.572617 -19.868938 6.161413  0.000000 -0.000001 1.000000  0.613281 0.742188
41  2.572617 -22.358938 6.161412  0.000000 -0.000001 1.000000  0.878906 0.742188
41  3.132617 -19.868938 6.161413  0.000000 -0.000001 1.000000  0.613281 0.742188
lower_body.bmp
41  3.132617 -19.868938 6.161413  0.000000 -0.000001 1.000000  0.613281 0.742188
41  2.572617 -22.358938 6.161412  0.000000 -0.000001 1.000000  0.878906 0.742188
41  3.132617 -22.358938 6.161412  0.000000 -0.000001 1.000000  0.878906 0.742188
lower_body.bmp
41  2.572617 -19.868937 5.271413  0.000000 1.000000 0.000004  0.613281 0.437500
41  2.572617 -19.868938 6.161413  0.000000 1.000000 0.000001  0.613281 0.742188
41  3.132617 -19.868937 5.271412  0.000000 1.000000 0.000002  0.613281 0.437500
lower_body.bmp
41  3.132617 -19.868937 5.271412  0.000000 1.000000 0.000002  0.613281 0.437500
41  2.572617 -19.868938 6.161413  0.000000 1.000000 0.000001  0.613281 0.742188
41  3.132617 -19.868938 6.161413  0.000000 1.000000 0.000000  0.613281 0.742188
lower_body.bmp
41  2.572617 -22.348938 5.271412  0.000000 0.000000 -1.000000  0.878906 0.437500
41  2.572617 -19.868937 5.271413  -0.000002 0.000000 -1.000000  0.613281 0.437500
41  3.132617 -22.348938 5.271412  -0.000000 0.000000 -1.000000  0.878906 0.437500
lower_body.bmp
41  3.132617 -22.348938 5.271412  -0.000000 0.000000 -1.000000  0.878906 0.437500
41  2.572617 -19.868937 5.271413  -0.000002 0.000000 -1.000000  0.613281 0.437500
41  3.132617 -19.868937 5.271412  -0.000003 0.000000 -1.000000  0.613281 0.437500
lower_body.bmp
41  2.572617 -22.358938 6.161412  0.000002 -0.999986 -0.005287  0.878906 0.742188
41  2.572617 -22.348938 5.271412  -0.000000 -0.999986 -0.005292  0.878906 0.437500
41  3.132617 -22.358938 6.161412  -0.000000 -0.999986 -0.005290  0.878906 0.742188
lower_body.bmp
41  3.132617 -22.358938 6.161412  -0.000000 -0.999986 -0.005290  0.878906 0.742188
41  2.572617 -22.348938 5.271412  -0.000000 -0.999986 -0.005292  0.878906 0.437500
41  3.132617 -22.348938 5.271412  0.000000 -0.999986 -0.005295  0.878906 0.437500
lower_body.bmp
41  2.572617 -22.348938 5.271412  -1.000000 0.000000 0.000000  0.878906 0.437500
41  2.572617 -22.358938 6.161412  -1.000000 0.000000 0.000000  0.878906 0.742188
41  2.572617 -19.868937 5.271413  -1.000000 0.000000 0.000000  0.613281 0.437500
lower_body.bmp
41  2.572617 -19.868937 5.271413  -1.000000 0.000000 0.000000  0.613281 0.437500
41  2.572617 -22.358938 6.161412  -1.000000 0.000000 0.000000  0.878906 0.742188
41  2.572617 -19.868938 6.161413  -1.000000 0.000000 0.000000  0.613281 0.742188
lower_body.bmp
41  3.132617 -22.348938 5.271412  1.000000 0.000000 0.000000  0.878906 0.437500
41  3.132617 -19.868937 5.271412  1.000000 0.000000 0.000000  0.613281 0.437500
41  3.132617 -22.358938 6.161412  1.000000 0.000000 0.000000  0.878906 0.742188
lower_body.bmp
41  3.132617 -22.358938 6.161412  1.000000 0.000000 0.000000  0.878906 0.742188
41  3.132617 -19.868937 5.271412  1.000000 0.000000 0.000000  0.613281 0.437500
41  3.132617 -19.868938 6.161413  1.000000 0.000000 0.000000  0.613281 0.742188
lower_body.bmp
36  2.492616 -18.563627 4.291543  0.000000 0.001870 0.999998  0.269531 0.882813
36  2.492616 -19.313627 4.291543  -0.000000 0.001869 0.999998  0.351563 0.882813
36  3.202616 -18.563627 4.291543  0.000000 0.001869 0.999998  0.269531 0.882813
lower_body.bmp
36  3.202616 -18.563627 4.291543  0.000000 0.001869 0.999998  0.269531 0.882813
36  2.492616 -19.313627 4.291543  -0.000000 0.001869 0.999998  0.351563 0.882813
36  3.202616 -19.313627 4.291542  0.000001 0.001868 0.999998  0.351563 0.882813
lower_body.bmp
36  2.492616 -18.573627 3.161542  0.000000 1.000000 0.000881  0.269531 0.476563
36  2.492616 -18.563627 4.291543  0.000000 1.000000 0.000882  0.269531 0.882813
36  3.202616 -18.573627 3.161542  0.000000 1.000000 0.000882  0.218750 0.640625
lower_body.bmp
36  3.202616 -18.573627 3.161542  0.000000 1.000000 0.000882  0.218750 0.640625
36  2.492616 -18.563627 4.291543  0.000000 1.000000 0.000882  0.269531 0.882813
36  3.202616 -18.563627 4.291543  -0.000000 1.000000 0.000883  0.218750 0.976563
lower_body.bmp
36  2.492616 -16.443626 3.161543  0.000000 0.001869 0.999998  0.058594 0.476563
36  2.492616 -18.573627 3.161542  -0.000000 0.001869 0.999998  0.269531 0.476563
36  3.202616 -16.443626 3.161543  -0.000000 0.001869 0.999998  0.007813 0.632813
lower_body.bmp
36  3.202616 -16.443626 3.161543  -0.000000 0.001869 0.999998  0.007813 0.632813
36  2.492616 -18.573627 3.161542  -0.000000 0.001869 0.999998  0.269531 0.476563
36  3.202616 -18.573627 3.161542  0.000000 0.001869 0.999998  0.218750 0.640625
lower_body.bmp
36  2.492616 -16.413628 3.011543  0.000002 0.981821 0.189808  0.054688 0.437500
36  2.492616 -16.443626 3.161543  -0.000000 0.981821 0.189808  0.058594 0.476563
36  3.202616 -16.413628 3.011543  -0.000000 0.981821 0.189808  0.054688 0.437500
lower_body.bmp
36  3.202616 -16.413628 3.011543  -0.000000 0.981821 0.189808  0.054688 0.437500
36  2.492616 -16.443626 3.161543  -0.000000 0.981821 0.189808  0.058594 0.476563
36  3.202616 -16.443626 3.161543  0.000000 0.981821 0.189808  0.058594 0.476563
lower_body.bmp
36  2.492616 -19.303627 3.001542  0.000000 0.000105 -1.000000  0.351563 0.437500
36  2.492616 -16.413628 3.011543  -0.000000 0.000105 -1.000000  0.054688 0.437500
36  3.202616 -19.303627 3.001542  -0.000000 0.000105 -1.000000  0.351563 0.437500
lower_body.bmp
36  3.202616 -19.303627 3.001542  -0.000000 0.000105 -1.000000  0.351563 0.437500
36  2.492616 -16.413628 3.011543  -0.000000 0.000105 -1.000000  0.054688 0.437500
36  3.202616 -16.413628 3.011543  0.000000 0.000105 -1.000000  0.054688 0.437500
lower_body.bmp
36  2.492616 -19.313627 4.291543  0.000000 -1.000000 -0.000177  0.351563 0.882813
36  2.492616 -19.303627 3.001542  -0.000000 -1.000000 -0.000226  0.351563 0.437500
36  3.202616 -19.313627 4.291542  -0.000000 -1.000000 -0.000225  0.351563 0.882813
lower_body.bmp
36  3.202616 -19.313627 4.291542  -0.000000 -1.000000 -0.000225  0.351563 0.882813
36  2.492616 -19.303627 3.001542  -0.000000 -1.000000 -0.000226  0.351563 0.437500
36  3.202616 -19.303627 3.001542  0.000000 -1.000000 -0.000227  0.351563 0.437500
lower_body.bmp
41  2.202617 -22.098938 6.001412  -0.509703 0.860350 0.000000  0.542969 0.640625
41  2.662617 -21.718937 6.001412  -0.509703 0.860350 -0.000007  0.488281 0.640625
41  2.202617 -22.098938 5.431412  -0.509703 0.860350 -0.000000  0.542969 0.437500
lower_body.bmp
41  2.202617 -22.098938 5.431412  -0.509703 0.860350 -0.000000  0.542969 0.437500
41  2.662617 -21.718937 6.001412  -0.509703 0.860350 -0.000007  0.488281 0.640625
41  2.662617 -21.718937 5.431412  -0.509703 0.860350 0.000007  0.488281 0.437500
lower_body.bmp
41  2.662617 -22.038939 6.001412  0.083392 -0.996517 0.000000  0.597656 0.640625
41  2.202617 -22.098938 6.001412  0.083394 -0.996517 -0.000002  0.542969 0.640625
41  2.662617 -22.038937 5.431412  0.083394 -0.996517 0.000000  0.597656 0.437500
lower_body.bmp
41  2.662617 -22.038937 5.431412  0.083394 -0.996517 0.000000  0.597656 0.437500
41  2.202617 -22.098938 6.001412  0.083394 -0.996517 -0.000002  0.542969 0.640625
41  2.202617 -22.098938 5.431412  0.083396 -0.996516 0.000002  0.542969 0.437500
lower_body.bmp
41  2.662617 -21.718937 6.001412  1.000000 0.000000 0.000000  0.488281 0.640625
41  2.662617 -22.038939 6.001412  1.000000 0.000000 0.000000  0.597656 0.640625
41  2.662617 -21.718937 5.431412  1.000000 0.000000 0.000000  0.488281 0.437500
lower_body.bmp
41  2.662617 -21.718937 5.431412  1.000000 0.000000 0.000000  0.488281 0.437500
41  2.662617 -22.038939 6.001412  1.000000 0.000000 0.000000  0.597656 0.640625
41  2.662617 -22.038937 5.431412  1.000000 0.000000 0.000000  0.597656 0.437500
lower_body.bmp
36  3.202616 -16.443626 3.161543  1.000000 0.000000 0.000000  0.058594 0.476563
36  3.202616 -19.303627 3.001542  1.000000 0.000000 0.000000  0.351563 0.437500
36  3.202616 -16.413628 3.011543  1.000000 0.000000 0.000000  0.054688 0.437500
lower_body.bmp
41  2.662617 -21.718937 6.001412  -0.000001 0.000000 1.000000  0.488281 0.640625
41  2.202617 -22.098938 6.001412  -0.000001 0.000000 1.000000  0.542969 0.640625
41  2.662617 -22.038939 6.001412  -0.000001 0.000000 1.000000  0.597656 0.640625
lower_body.bmp
41  2.662617 -21.718937 5.431412  -0.000000 0.000000 -1.000000  0.488281 0.437500
41  2.662617 -22.038937 5.431412  -0.000000 0.000000 -1.000000  0.597656 0.437500
41  2.202617 -22.098938 5.431412  -0.000000 0.000000 -1.000000  0.542969 0.437500
forearm.bmp
36  2.352617 -24.643627 4.501542  -0.963628 -0.073204 -0.257026  0.312500 0.437500
36  2.352617 -23.093628 5.841542  -1.000000 0.000000 0.000000  0.007813 0.984375
36  2.352617 -23.573627 4.041542  -0.839832 0.122368 -0.528874  0.109375 0.281250
forearm.bmp
36  2.352617 -24.643627 4.501542  -0.963628 -0.073204 -0.257026  0.312500 0.437500
36  2.352617 -25.523628 5.661541  -1.000000 -0.000000 0.000000  0.468750 0.937500
36  2.352617 -23.093628 5.841542  -1.000000 0.000000 0.000000  0.007813 0.984375
forearm.bmp
36  2.352617 -24.643627 4.501542  -0.963628 -0.073204 -0.257026  0.312500 0.437500
36  2.352617 -26.273628 5.661541  -1.000000 0.000000 0.000000  0.609375 0.937500
36  2.352617 -25.523628 5.661541  -1.000000 -0.000000 0.000000  0.468750 0.937500
forearm.bmp
36  2.352617 -24.643627 4.501542  -0.963628 -0.073204 -0.257026  0.312500 0.437500
36  2.352617 -26.973627 5.661541  -1.000000 0.000000 0.000000  0.718750 0.937500
36  2.352617 -26.273628 5.661541  -1.000000 0.000000 0.000000  0.609375 0.937500
forearm.bmp
36  2.352617 -24.643627 4.501542  -0.963628 -0.073204 -0.257026  0.312500 0.437500
36  2.352617 -27.723627 5.661541  -1.000000 -0.000004 -0.000010  0.867188 0.937500
36  2.352617 -26.973627 5.661541  -1.000000 0.000000 0.000000  0.718750 0.937500
forearm.bmp
36  2.352617 -24.643627 4.501542  -0.963628 -0.073204 -0.257026  0.312500 0.437500
36  2.352618 -28.373627 5.841541  -1.000000 -0.000001 -0.000000  0.984375 0.984375
36  2.352617 -27.723627 5.661541  -1.000000 -0.000004 -0.000010  0.867188 0.937500
forearm.bmp
36  2.352617 -24.643627 4.501542  -0.963628 -0.073204 -0.257026  0.312500 0.437500
36  2.352617 -28.353628 4.671541  -0.817429 -0.023075 -0.575567  0.984375 0.500000
36  2.352618 -28.373627 5.841541  -1.000000 -0.000001 -0.000000  0.984375 0.984375
forearm.bmp
36  2.352617 -24.643627 4.501542  -0.963628 -0.073204 -0.257026  0.312500 0.437500
36  2.572617 -24.743628 4.281541  -0.391507 -0.162110 -0.905783  0.312500 0.296875
36  2.352617 -28.353628 4.671541  -0.817429 -0.023075 -0.575567  0.984375 0.500000
forearm.bmp
36  2.352617 -24.643627 4.501542  -0.963628 -0.073204 -0.257026  0.312500 0.437500
36  2.572617 -23.603628 3.821542  -0.307902 -0.091955 -0.946964  0.101563 0.140625
36  2.572617 -24.743628 4.281541  -0.391507 -0.162110 -0.905783  0.312500 0.296875
forearm.bmp
36  2.352617 -24.643627 4.501542  -0.963628 -0.073204 -0.257026  0.312500 0.437500
36  2.352617 -23.573627 4.041542  -0.839832 0.122368 -0.528874  0.109375 0.281250
36  2.572617 -23.603628 3.821542  -0.307902 -0.091955 -0.946964  0.101563 0.140625
forearm.bmp
36  3.352617 -24.643627 4.501541  0.979852 -0.044373 -0.194733  0.312500 0.437500
36  3.352618 -27.723627 5.661541  1.000000 0.000001 -0.000002  0.867188 0.937500
36  3.352618 -28.373627 5.841541  1.000000 -0.000000 -0.000001  0.984375 0.984375
forearm.bmp
36  3.352617 -24.643627 4.501541  0.979852 -0.044373 -0.194733  0.312500 0.437500
36  3.352617 -26.973627 5.661541  1.000000 0.000001 0.000001  0.718750 0.937500
36  3.352618 -27.723627 5.661541  1.000000 0.000001 -0.000002  0.867188 0.937500
forearm.bmp
36  3.352617 -24.643627 4.501541  0.979852 -0.044373 -0.194733  0.312500 0.437500
36  3.352617 -26.273628 5.661541  1.000000 0.000000 0.000000  0.609375 0.937500
36  3.352617 -26.973627 5.661541  1.000000 0.000001 0.000001  0.718750 0.937500
forearm.bmp
36  3.352617 -24.643627 4.501541  0.979852 -0.044373 -0.194733  0.312500 0.437500
36  3.352617 -25.523628 5.661541  1.000000 0.000000 0.000000  0.468750 0.937500
36  3.352617 -26.273628 5.661541  1.000000 0.000000 0.000000  0.609375 0.937500
forearm.bmp
36  3.352617 -24.643627 4.501541  0.979852 -0.044373 -0.194733  0.312500 0.437500
36  3.352617 -23.093628 5.841542  1.000000 0.000000 0.000000  0.007813 0.984375
36  3.352617 -25.523628 5.661541  1.000000 0.000000 0.000000  0.468750 0.937500
forearm.bmp
36  3.352617 -24.643627 4.501541  0.979852 -0.044373 -0.194733  0.312500 0.437500
36  3.352617 -23.573627 4.041542  0.795488 0.044869 -0.604306  0.109375 0.281250
36  3.352617 -23.093628 5.841542  1.000000 0.000000 0.000000  0.007813 0.984375
forearm.bmp
36  3.352617 -24.643627 4.501541  0.979852 -0.044373 -0.194733  0.312500 0.437500
36  3.102617 -24.743628 4.281541  0.295276 -0.200789 -0.934075  0.312500 0.296875
36  3.352617 -23.573627 4.041542  0.795488 0.044869 -0.604306  0.109375 0.281250
forearm.bmp
36  3.352617 -24.643627 4.501541  0.979852 -0.044373 -0.194733  0.312500 0.437500
36  3.352617 -28.353628 4.671541  0.797793 -0.023974 -0.602454  0.984375 0.500000
36  3.102617 -24.743628 4.281541  0.295276 -0.200789 -0.934075  0.312500 0.296875
forearm.bmp
36  3.352617 -24.643627 4.501541  0.979852 -0.044373 -0.194733  0.312500 0.437500
36  3.352618 -28.373627 5.841541  1.000000 -0.000000 -0.000001  0.984375 0.984375
36  3.352617 -28.353628 4.671541  0.797793 -0.023974 -0.602454  0.984375 0.500000
forearm.bmp
36  2.352617 -23.093628 5.841542  0.000000 0.707128 0.707086  0.007813 0.125000
36  2.352617 -25.403627 5.841542  0.000001 -0.636055 0.771643  0.453125 0.187500
36  3.352617 -25.403627 5.841541  0.000000 -0.319114 0.947716  0.453125 0.390625
forearm.bmp
36  3.352617 -25.403627 5.841541  0.000000 -0.319114 0.947716  0.453125 0.390625
36  2.352617 -25.403627 5.841542  0.000001 -0.636055 0.771643  0.453125 0.187500
36  3.352617 -25.523628 5.661541  0.000170 -0.636243 0.771489  0.468750 0.390625
forearm.bmp
36  2.352617 -25.403627 5.841542  0.000001 -0.636055 0.771643  0.453125 0.187500
36  2.352617 -25.523628 5.661541  -0.000111 -0.318836 0.947810  0.468750 0.187500
36  3.352617 -25.523628 5.661541  0.000170 -0.636243 0.771489  0.468750 0.390625
forearm.bmp
36  3.352617 -25.523628 5.661541  0.000170 -0.636243 0.771489  0.468750 0.390625
36  2.352617 -25.523628 5.661541  -0.000111 -0.318836 0.947810  0.468750 0.187500
36  3.352617 -26.273628 5.661541  0.000052 0.290042 0.957014  0.609375 0.406250
forearm.bmp
36  2.352617 -25.523628 5.661541  -0.000111 -0.318836 0.947810  0.468750 0.187500
36  2.352617 -26.273628 5.661541  -0.000099 0.578590 0.815619  0.609375 0.187500
36  3.352617 -26.273628 5.661541  0.000052 0.290042 0.957014  0.609375 0.406250
forearm.bmp
36  3.352617 -26.273628 5.661541  0.000052 0.290042 0.957014  0.609375 0.406250
36  2.352617 -26.273628 5.661541  -0.000099 0.578590 0.815619  0.609375 0.187500
36  3.352617 -26.413628 5.841541  0.000000 0.790294 0.612728  0.625000 0.406250
forearm.bmp
36  2.352617 -26.273628 5.661541  -0.000099 0.578590 0.815619  0.609375 0.187500
36  2.352617 -26.413628 5.841541  -0.000000 0.790265 0.612765  0.625000 0.187500
36  3.352617 -26.413628 5.841541  0.000000 0.790294 0.612728  0.625000 0.406250
forearm.bmp
36  3.352618 -27.793627 5.841541  -0.000001 0.924903 0.380204  0.875000 0.421875
36  3.352618 -27.723627 5.661541  -0.000152 0.362707 0.931903  0.867188 0.421875
36  2.352617 -27.723627 5.661541  0.000018 0.706711 0.707503  0.867188 0.218750
forearm.bmp
36  2.352617 -27.723627 5.661541  0.000018 0.706711 0.707503  0.867188 0.218750
36  3.352618 -27.723627 5.661541  -0.000152 0.362707 0.931903  0.867188 0.421875
36  2.352617 -26.973627 5.661541  -0.000000 -0.318843 0.947808  0.718750 0.203125
forearm.bmp
36  3.352618 -27.723627 5.661541  -0.000152 0.362707 0.931903  0.867188 0.421875
36  3.352617 -26.973627 5.661541  -0.000001 -0.636244 0.771488  0.718750 0.406250
36  2.352617 -26.973627 5.661541  -0.000000 -0.318843 0.947808  0.718750 0.203125
forearm.bmp
36  2.352617 -26.973627 5.661541  -0.000000 -0.318843 0.947808  0.718750 0.203125
36  3.352617 -26.973627 5.661541  -0.000001 -0.636244 0.771488  0.718750 0.406250
36  2.352617 -26.853628 5.841541  0.000000 -0.853734 0.520710  0.710938 0.203125
forearm.bmp
36  3.352617 -26.973627 5.661541  -0.000001 -0.636244 0.771488  0.718750 0.406250
36  3.352618 -26.853628 5.841541  -0.000000 -0.853734 0.520710  0.710938 0.406250
36  2.352617 -26.853628 5.841541  0.000000 -0.853734 0.520710  0.710938 0.203125
forearm.bmp
36  3.102617 -23.063627 4.111542  0.328988 0.458481 -0.825567  0.007813 0.109375
36  3.102617 -23.603628 3.821542  0.214353 0.146573 -0.965696  0.101563 0.015625
36  2.572617 -23.063627 4.111542  -0.269789 0.461775 -0.844972  0.000000 0.250000
forearm.bmp
36  2.572617 -23.063627 4.111542  -0.269789 0.461775 -0.844972  0.000000 0.250000
36  3.102617 -23.603628 3.821542  0.214353 0.146573 -0.965696  0.101563 0.015625
36  2.572617 -23.603628 3.821542  -0.307902 -0.091955 -0.946964  0.101563 0.140625
forearm.bmp
36  3.102617 -23.603628 3.821542  0.214353 0.146573 -0.965696  0.101563 0.015625
36  3.102617 -24.743628 4.281541  0.295276 -0.200789 -0.934075  0.312500 0.171875
36  2.572617 -23.603628 3.821542  -0.307902 -0.091955 -0.946964  0.101563 0.140625
forearm.bmp
36  2.572617 -23.603628 3.821542  -0.307902 -0.091955 -0.946964  0.101563 0.140625
36  3.102617 -24.743628 4.281541  0.295276 -0.200789 -0.934075  0.312500 0.171875
36  2.572617 -24.743628 4.281541  -0.391507 -0.162110 -0.905783  0.312500 0.296875
forearm.bmp
36  3.102617 -24.743628 4.281541  0.295276 -0.200789 -0.934075  0.312500 0.171875
36  2.572617 -28.343628 4.391541  -0.233224 -0.031476 -0.971914  0.984375 0.343750
36  2.572617 -24.743628 4.281541  -0.391507 -0.162110 -0.905783  0.312500 0.296875
forearm.bmp
36  2.352618 -28.373627 5.841541  0.000000 -0.999918 -0.012823  0.984375 0.984375
36  2.352617 -28.353628 4.671541  0.000000 -0.999918 -0.012828  0.984375 0.500000
36  3.352618 -28.373627 5.841541  -0.000000 -0.999918 -0.012776  0.984375 0.984375
forearm.bmp
36  3.352618 -28.373627 5.841541  -0.000000 -0.999918 -0.012776  0.984375 0.984375
36  2.352617 -28.353628 4.671541  0.000000 -0.999918 -0.012828  0.984375 0.500000
36  3.352617 -28.353628 4.671541  0.000000 -0.999918 -0.012812  0.984375 0.500000
forearm.bmp
36  2.352617 -28.353628 4.671541  0.000000 -0.999918 -0.012828  0.984375 0.500000
36  2.572617 -28.343628 4.391541  0.000001 -0.999918 -0.012826  0.984375 0.343750
36  3.352617 -28.353628 4.671541  0.000000 -0.999918 -0.012812  0.984375 0.500000
forearm.bmp
36  3.352617 -28.353628 4.671541  0.000000 -0.999918 -0.012812  0.984375 0.500000
36  2.572617 -28.343628 4.391541  0.000001 -0.999918 -0.012826  0.984375 0.343750
36  3.102617 -28.343628 4.391541  -0.000024 -0.999918 -0.012823  0.984375 0.343750
forearm.bmp
36  3.352617 -23.093628 4.341541  0.000098 0.998026 0.062803  0.007813 0.390625
36  2.352617 -23.093628 5.841542  0.000000 0.707128 0.707086  0.007813 0.984375
36  3.352617 -23.093628 5.841542  0.000000 0.707107 0.707107  0.007813 0.984375
forearm.bmp
36  3.352617 -23.093628 4.341541  0.000098 0.998026 0.062803  0.007813 0.390625
36  2.352617 -23.093628 4.341542  0.000000 0.998025 0.062822  0.007813 0.390625
36  2.352617 -23.093628 5.841542  0.000000 0.707128 0.707086  0.007813 0.984375
forearm.bmp
36  3.352617 -23.093628 4.341541  0.000098 0.998026 0.062803  0.007813 0.390625
36  2.572617 -23.063627 4.111542  0.000200 0.992107 0.125395  0.000000 0.250000
36  2.352617 -23.093628 4.341542  0.000000 0.998025 0.062822  0.007813 0.390625
forearm.bmp
36  3.352617 -23.093628 4.341541  0.000098 0.998026 0.062803  0.007813 0.390625
36  3.102617 -23.063627 4.111542  0.000199 0.992105 0.125411  0.000000 0.250000
36  2.572617 -23.063627 4.111542  0.000200 0.992107 0.125395  0.000000 0.250000
forearm.bmp
36  3.352617 -23.573627 4.041542  0.795488 0.044869 -0.604306  0.109375 0.281250
36  3.352617 -23.093628 4.341541  0.871244 0.261319 -0.415507  0.007813 0.390625
36  3.352617 -23.093628 5.841542  1.000000 0.000000 0.000000  0.007813 0.984375
forearm.bmp
36  3.352617 -23.573627 4.041542  0.795488 0.044869 -0.604306  0.109375 0.281250
36  3.102617 -23.063627 4.111542  0.328988 0.458481 -0.825567  0.000000 0.250000
36  3.352617 -23.093628 4.341541  0.871244 0.261319 -0.415507  0.007813 0.390625
forearm.bmp
36  3.352617 -23.573627 4.041542  0.795488 0.044869 -0.604306  0.109375 0.281250
36  3.102617 -23.603628 3.821542  0.214353 0.146573 -0.965696  0.101563 0.140625
36  3.102617 -23.063627 4.111542  0.328988 0.458481 -0.825567  0.000000 0.250000
forearm.bmp
36  3.352617 -23.573627 4.041542  0.795488 0.044869 -0.604306  0.109375 0.281250
36  3.102617 -24.743628 4.281541  0.295276 -0.200789 -0.934075  0.312500 0.296875
36  3.102617 -23.603628 3.821542  0.214353 0.146573 -0.965696  0.101563 0.140625
forearm.bmp
36  3.352617 -26.273628 5.661541  1.000000 0.000000 0.000000  0.609375 0.937500
36  3.352617 -26.413628 5.841541  1.000000 0.000000 -0.000001  0.625000 0.984375
36  3.352617 -26.973627 5.661541  1.000000 0.000001 0.000001  0.718750 0.937500
forearm.bmp
36  3.352617 -26.973627 5.661541  1.000000 0.000001 0.000001  0.718750 0.937500
36  3.352617 -26.413628 5.841541  1.000000 0.000000 -0.000001  0.625000 0.984375
36  3.352618 -26.853628 5.841541  1.000000 0.000002 -0.000007  0.703125 0.984375
forearm.bmp
36  3.352618 -27.793627 5.841541  0.000000 0.000000 1.000000  0.875000 0.421875
36  2.352617 -27.793627 5.841541  0.000000 0.000000 1.000000  0.875000 0.218750
36  3.352618 -28.373627 5.841541  0.000000 0.000000 1.000000  0.984375 0.437500
forearm.bmp
36  3.352618 -28.373627 5.841541  0.000000 0.000000 1.000000  0.984375 0.437500
36  2.352617 -27.793627 5.841541  0.000000 0.000000 1.000000  0.875000 0.218750
36  2.352618 -28.373627 5.841541  0.000000 0.000000 1.000000  0.984375 0.218750
forearm.bmp
36  2.352617 -26.413628 5.841541  0.000000 0.000000 1.000000  0.625000 0.187500
36  2.352617 -26.853628 5.841541  0.000000 0.000000 1.000000  0.710938 0.203125
36  3.352617 -26.413628 5.841541  0.000000 0.000000 1.000000  0.625000 0.406250
forearm.bmp
36  3.352617 -26.413628 5.841541  0.000000 0.000000 1.000000  0.625000 0.406250
36  2.352617 -26.853628 5.841541  0.000000 0.000000 1.000000  0.710938 0.203125
36  3.352618 -26.853628 5.841541  0.000000 0.000000 1.000000  0.710938 0.406250
forearm.bmp
36  2.352617 -26.273628 5.661541  -1.000000 0.000000 0.000000  0.609375 0.937500
36  2.352617 -26.973627 5.661541  -1.000000 0.000000 0.000000  0.718750 0.937500
36  2.352617 -26.413628 5.841541  -1.000000 0.000000 0.000000  0.625000 0.984375
forearm.bmp
36  2.352617 -26.413628 5.841541  -1.000000 0.000000 0.000000  0.625000 0.984375
36  2.352617 -26.973627 5.661541  -1.000000 0.000000 0.000000  0.718750 0.937500
36  2.352617 -26.853628 5.841541  -1.000000 0.000000 0.000000  0.703125 0.984375
forearm.bmp
36  2.352617 -23.093628 5.841542  -1.000000 0.000000 0.000000  0.007813 0.984375
36  2.352617 -23.093628 4.341542  -0.881451 0.251402 -0.399801  0.007813 0.390625
36  2.352617 -23.573627 4.041542  -0.839832 0.122368 -0.528874  0.109375 0.281250
forearm.bmp
36  2.352617 -23.573627 4.041542  -0.839832 0.122368 -0.528874  0.109375 0.281250
36  2.352617 -23.093628 4.341542  -0.881451 0.251402 -0.399801  0.007813 0.390625
36  2.572617 -23.063627 4.111542  -0.269789 0.461775 -0.844972  0.000000 0.250000
forearm.bmp
36  3.352618 -27.723627 5.661541  1.000000 0.000001 -0.000002  0.867188 0.937500
36  3.352618 -27.793627 5.841541  1.000000 0.000000 0.000000  0.875000 0.984375
36  3.352618 -28.373627 5.841541  1.000000 -0.000000 -0.000001  0.984375 0.984375
forearm.bmp
36  2.352617 -27.793627 5.841541  -1.000000 -0.000002 -0.000001  0.875000 0.984375
36  2.352617 -27.723627 5.661541  -1.000000 -0.000004 -0.000010  0.867188 0.937500
36  2.352618 -28.373627 5.841541  -1.000000 -0.000001 -0.000000  0.984375 0.984375
forearm.bmp
36  3.352617 -23.093628 5.841542  0.000000 0.707107 0.707107  0.007813 0.343750
36  2.352617 -23.093628 5.841542  0.000000 0.707128 0.707086  0.007813 0.125000
36  3.352617 -25.403627 5.841541  0.000000 -0.319114 0.947716  0.453125 0.390625
forearm.bmp
36  2.352617 -25.403627 5.841542  -1.000000 0.000000 0.000000  0.453125 0.984375
36  2.352617 -23.093628 5.841542  -1.000000 0.000000 0.000000  0.007813 0.984375
36  2.352617 -25.523628 5.661541  -1.000000 -0.000000 0.000000  0.468750 0.937500
forearm.bmp
36  2.352617 -27.793627 5.841541  0.000001 0.924903 0.380204  0.875000 0.218750
36  3.352618 -27.793627 5.841541  -0.000001 0.924903 0.380204  0.875000 0.421875
36  2.352617 -27.723627 5.661541  0.000018 0.706711 0.707503  0.867188 0.218750
forearm.bmp
36  3.352617 -25.403627 5.841541  1.000000 0.000000 0.000000  0.453125 0.984375
36  3.352617 -25.523628 5.661541  1.000000 0.000000 0.000000  0.468750 0.937500
36  3.352617 -23.093628 5.841542  1.000000 0.000000 0.000000  0.007813 0.984375
forearm.bmp
36  2.572617 -23.603628 3.821542  -0.307902 -0.091955 -0.946964  0.101563 0.140625
36  2.352617 -23.573627 4.041542  -0.839832 0.122368 -0.528874  0.109375 0.281250
36  2.572617 -23.063627 4.111542  -0.269789 0.461775 -0.844972  0.000000 0.250000
forearm.bmp
36  2.572617 -28.343628 4.391541  -0.233224 -0.031476 -0.971914  0.984375 0.343750
36  2.352617 -28.353628 4.671541  -0.817429 -0.023075 -0.575567  0.984375 0.500000
36  2.572617 -24.743628 4.281541  -0.391507 -0.162110 -0.905783  0.312500 0.296875
forearm.bmp
36  3.102617 -28.343628 4.391541  0.326020 -0.028873 -0.944922  0.984375 0.218750
36  2.572617 -28.343628 4.391541  -0.233224 -0.031476 -0.971914  0.984375 0.343750
36  3.102617 -24.743628 4.281541  0.295276 -0.200789 -0.934075  0.312500 0.171875
forearm.bmp
36  3.102617 -24.743628 4.281541  0.295276 -0.200789 -0.934075  0.312500 0.296875
36  3.352617 -28.353628 4.671541  0.797793 -0.023974 -0.602454  0.984375 0.500000
36  3.102617 -28.343628 4.391541  0.326020 -0.028873 -0.944922  0.984375 0.343750
barrel.bmp
36  2.652618 -31.273628 5.851541  -0.905708 -0.000126 -0.423902  0.664063 0.734375
36  2.532618 -31.013628 6.181541  -0.999702 -0.024416 -0.000322  0.621094 0.859375
36  2.642618 -30.633627 5.841541  -0.629846 -0.003605 -0.776711  0.585938 0.734375
barrel.bmp
36  2.642618 -30.633627 5.841541  -0.629846 -0.003605 -0.776711  0.585938 0.734375
36  2.532618 -31.013628 6.181541  -0.999702 -0.024416 -0.000322  0.621094 0.859375
36  2.532618 -28.243628 6.181541  -0.950637 0.000299 0.310306  0.261719 0.859375
barrel.bmp
36  2.532618 -31.013628 6.181541  -0.999702 -0.024416 -0.000322  0.621094 0.859375
36  2.812618 -30.963627 6.401540  -0.149657 0.000003 0.988738  0.621094 0.992188
36  2.532618 -28.243628 6.181541  -0.950637 0.000299 0.310306  0.261719 0.859375
barrel.bmp
36  2.532618 -28.243628 6.181541  -0.950637 0.000299 0.310306  0.261719 0.859375
36  2.812618 -30.963627 6.401540  -0.149657 0.000003 0.988738  0.621094 0.992188
36  2.812618 -28.243628 6.401541  0.149680 -0.000000 0.988734  0.261719 0.992188
barrel.bmp
36  2.812618 -30.963627 6.401540  -0.149657 0.000003 0.988738  0.621094 0.992188
36  3.102618 -31.013628 6.191540  0.938860 -0.000028 0.344301  0.621094 0.859375
36  2.812618 -28.243628 6.401541  0.149680 -0.000000 0.988734  0.261719 0.992188
barrel.bmp
36  2.812618 -28.243628 6.401541  0.149680 -0.000000 0.988734  0.261719 0.992188
36  3.102618 -31.013628 6.191540  0.938860 -0.000028 0.344301  0.621094 0.859375
36  3.102618 -28.243628 6.191541  0.998341 0.001813 0.057541  0.261719 0.859375
barrel.bmp
36  3.102618 -31.013628 6.191540  0.938860 -0.000028 0.344301  0.621094 0.859375
36  3.002618 -30.633627 5.841540  0.790776 -0.002000 -0.612102  0.585938 0.734375
36  3.102618 -28.243628 6.191541  0.998341 0.001813 0.057541  0.261719 0.859375
barrel.bmp
36  3.102618 -28.243628 6.191541  0.998341 0.001813 0.057541  0.261719 0.859375
36  3.002618 -30.633627 5.841540  0.790776 -0.002000 -0.612102  0.585938 0.734375
36  2.992617 -28.243628 5.841541  0.363785 0.002211 -0.931480  0.261719 0.734375
barrel.bmp
36  3.002618 -30.633627 5.841540  0.790776 -0.002000 -0.612102  0.585938 0.734375
36  2.642618 -30.633627 5.841541  -0.629846 -0.003605 -0.776711  0.585938 0.734375
36  2.992617 -28.243628 5.841541  0.363785 0.002211 -0.931480  0.261719 0.734375
barrel.bmp
36  2.992617 -28.243628 5.841541  0.363785 0.002211 -0.931480  0.261719 0.734375
36  2.642618 -30.633627 5.841541  -0.629846 -0.003605 -0.776711  0.585938 0.734375
36  2.642617 -28.243628 5.841541  -0.525837 -0.000000 -0.850585  0.261719 0.734375
barrel.bmp
36  2.642618 -30.633627 5.841541  -0.629846 -0.003605 -0.776711  0.585938 0.734375
36  2.532618 -28.243628 6.181541  -0.950637 0.000299 0.310306  0.261719 0.859375
36  2.642617 -28.243628 5.841541  -0.525837 -0.000000 -0.850585  0.261719 0.734375
barrel.bmp
36  2.602618 -35.773628 5.201540  -0.905439 -0.000000 -0.424476  0.992188 0.117188
36  2.842618 -35.773628 5.451540  -0.229731 -0.000000 0.973254  0.992188 0.226563
36  2.602617 -28.273628 5.201541  -0.627429 0.721239 0.293509  0.003906 0.117188
barrel.bmp
36  2.602617 -28.273628 5.201541  -0.627429 0.721239 0.293509  0.003906 0.117188
36  2.842618 -35.773628 5.451540  -0.229731 -0.000000 0.973254  0.992188 0.226563
36  2.842617 -28.273628 5.451541  0.213630 0.370477 0.903941  0.003906 0.226563
barrel.bmp
36  2.842618 -35.773628 5.451540  -0.229731 -0.000000 0.973254  0.992188 0.226563
36  3.092618 -35.773628 5.201540  0.905436 -0.000000 0.424484  0.992188 0.117188
36  2.842617 -28.273628 5.451541  0.213630 0.370477 0.903941  0.003906 0.226563
barrel.bmp
36  2.842617 -28.273628 5.451541  0.213630 0.370477 0.903941  0.003906 0.226563
36  3.092618 -35.773628 5.201540  0.905436 -0.000000 0.424484  0.992188 0.117188
36  3.092617 -28.273628 5.201540  0.627033 0.721391 -0.293981  0.003906 0.117188
barrel.bmp
36  3.092618 -35.773628 5.201540  0.905436 -0.000000 0.424484  0.992188 0.117188
36  2.842618 -35.773628 4.951540  0.229737 -0.000239 -0.973253  0.992188 0.007813
36  3.092617 -28.273628 5.201540  0.627033 0.721391 -0.293981  0.003906 0.117188
barrel.bmp
36  3.092617 -28.273628 5.201540  0.627033 0.721391 -0.293981  0.003906 0.117188
36  2.842618 -35.773628 4.951540  0.229737 -0.000239 -0.973253  0.992188 0.007813
36  2.842617 -28.273628 4.951541  -0.211123 0.359683 -0.908876  0.003906 0.007813
barrel.bmp
36  2.842618 -35.773628 4.951540  0.229737 -0.000239 -0.973253  0.992188 0.007813
36  2.602618 -35.773628 5.201540  -0.905439 -0.000000 -0.424476  0.992188 0.117188
36  2.842617 -28.273628 4.951541  -0.211123 0.359683 -0.908876  0.003906 0.007813
barrel.bmp
36  2.842617 -28.273628 4.951541  -0.211123 0.359683 -0.908876  0.003906 0.007813
36  2.602618 -35.773628 5.201540  -0.905439 -0.000000 -0.424476  0.992188 0.117188
36  2.602617 -28.273628 5.201541  -0.627429 0.721239 0.293509  0.003906 0.117188
barrel.bmp
36  2.432617 -28.263628 5.811541  -0.999699 -0.024513 -0.001200  0.523438 0.289063
36  2.432618 -28.263628 6.371542  -0.938279 0.000114 0.345880  0.523438 0.484375
36  2.432617 -24.363628 5.811542  -0.999699 -0.024513 -0.001199  0.003906 0.289063
barrel.bmp
36  2.432617 -24.363628 5.811542  -0.999699 -0.024513 -0.001199  0.003906 0.289063
36  2.432618 -28.263628 6.371542  -0.938279 0.000114 0.345880  0.523438 0.484375
36  2.432617 -24.363628 6.371542  -0.725461 -0.006787 0.688229  0.003906 0.484375
barrel.bmp
36  2.432618 -28.263628 6.371542  -0.938279 0.000114 0.345880  0.523438 0.484375
36  2.692618 -28.263628 6.541541  -0.300978 -0.000000 0.953631  0.523438 0.585938
36  2.432617 -24.363628 6.371542  -0.725461 -0.006787 0.688229  0.003906 0.484375
barrel.bmp
36  2.432617 -24.363628 6.371542  -0.725461 -0.006787 0.688229  0.003906 0.484375
36  2.692618 -28.263628 6.541541  -0.300978 -0.000000 0.953631  0.523438 0.585938
36  2.692617 -24.363628 6.541542  -0.151273 -0.000000 0.988492  0.003906 0.585938
barrel.bmp
36  2.692618 -28.263628 6.541541  -0.300978 -0.000000 0.953631  0.523438 0.585938
36  3.002618 -28.263628 6.541541  0.151273 -0.000000 0.988492  0.523438 0.687500
36  2.692617 -24.363628 6.541542  -0.151273 -0.000000 0.988492  0.003906 0.585938
barrel.bmp
36  2.692617 -24.363628 6.541542  -0.151273 -0.000000 0.988492  0.003906 0.585938
36  3.002618 -28.263628 6.541541  0.151273 -0.000000 0.988492  0.523438 0.687500
36  3.002617 -24.363628 6.541542  0.300979 0.000006 0.953631  0.003906 0.687500
barrel.bmp
36  3.032618 -32.373627 4.901540  0.568381 -0.000801 -0.822765  0.800781 0.273438
36  2.672617 -32.373627 4.901540  -0.283876 -0.000031 -0.958861  0.800781 0.375000
36  3.032617 -30.953627 4.901540  0.283905 0.000092 -0.958852  0.621094 0.273438
barrel.bmp
36  3.032617 -30.953627 4.901540  0.283905 0.000092 -0.958852  0.621094 0.273438
36  2.672617 -32.373627 4.901540  -0.283876 -0.000031 -0.958861  0.800781 0.375000
36  2.672617 -30.953627 4.901540  -0.566097 -0.000000 -0.824338  0.621094 0.375000
barrel.bmp
36  2.672617 -32.373627 4.901540  -0.283876 -0.000031 -0.958861  0.800781 0.375000
36  2.482618 -32.373627 5.221540  -0.966012 -0.000008 -0.258496  0.800781 0.492188
36  2.672617 -30.953627 4.901540  -0.566097 -0.000000 -0.824338  0.621094 0.375000
barrel.bmp
36  2.672617 -30.953627 4.901540  -0.566097 -0.000000 -0.824338  0.621094 0.375000
36  2.482618 -32.373627 5.221540  -0.966012 -0.000008 -0.258496  0.800781 0.492188
36  2.482617 -30.953627 5.221540  -0.964503 -0.000793 0.264071  0.621094 0.492188
barrel.bmp
36  2.482618 -32.373627 5.221540  -0.966012 -0.000008 -0.258496  0.800781 0.492188
36  2.652618 -32.333630 5.521540  -0.905415 -0.000018 -0.424527  0.796875 0.640625
36  2.482617 -30.953627 5.221540  -0.964503 -0.000793 0.264071  0.621094 0.492188
barrel.bmp
36  2.482617 -30.953627 5.221540  -0.964503 -0.000793 0.264071  0.621094 0.492188
36  2.652618 -32.333630 5.521540  -0.905415 -0.000018 -0.424527  0.796875 0.640625
36  2.652617 -30.963627 5.511540  -0.905429 0.000009 -0.424498  0.621094 0.632813
barrel.bmp
36  3.002618 -28.263628 6.541541  0.151273 -0.000000 0.988492  0.523438 0.585938
36  3.262618 -28.263628 6.371541  0.724266 -0.000276 0.689520  0.523438 0.484375
36  3.002617 -24.363628 6.541542  0.300979 0.000006 0.953631  0.003906 0.585938
barrel.bmp
36  3.002617 -24.363628 6.541542  0.300979 0.000006 0.953631  0.003906 0.585938
36  3.262618 -28.263628 6.371541  0.724266 -0.000276 0.689520  0.523438 0.484375
36  3.262617 -24.363628 6.371542  0.938279 0.000000 0.345879  0.003906 0.484375
barrel.bmp
36  3.262618 -28.263628 6.371541  0.724266 -0.000276 0.689520  0.523438 0.484375
36  3.262618 -28.263628 5.811541  0.999810 -0.003595 -0.019176  0.523438 0.289063
36  3.262617 -24.363628 6.371542  0.938279 0.000000 0.345879  0.003906 0.484375
barrel.bmp
36  3.262617 -24.363628 6.371542  0.938279 0.000000 0.345879  0.003906 0.484375
36  3.262618 -28.263628 5.811541  0.999810 -0.003595 -0.019176  0.523438 0.289063
36  3.262617 -24.363628 5.811542  0.999810 -0.003594 -0.019176  0.003906 0.289063
barrel.bmp
36  3.262618 -28.263628 5.811541  -0.002598 -0.999924 -0.012092  0.523438 0.289063
36  3.262618 -28.263628 6.371541  -0.002586 -0.999924 -0.012094  0.523438 0.484375
36  2.432617 -28.263628 5.811541  -0.002598 -0.999924 -0.012092  0.523438 0.289063
barrel.bmp
36  2.432617 -28.263628 5.811541  -0.002598 -0.999924 -0.012092  0.523438 0.289063
36  3.262618 -28.263628 6.371541  -0.002586 -0.999924 -0.012094  0.523438 0.484375
36  2.432618 -28.263628 6.371542  -0.002598 -0.999924 -0.012092  0.523438 0.484375
barrel.bmp
36  3.262618 -28.263628 6.371541  -0.002586 -0.999924 -0.012094  0.523438 0.484375
36  3.002618 -28.263628 6.541541  -0.002599 -0.999924 -0.012092  0.523438 0.585938
36  2.432618 -28.263628 6.371542  -0.002598 -0.999924 -0.012092  0.523438 0.484375
barrel.bmp
36  2.432618 -28.263628 6.371542  -0.002598 -0.999924 -0.012092  0.523438 0.484375
36  3.002618 -28.263628 6.541541  -0.002599 -0.999924 -0.012092  0.523438 0.585938
36  2.692618 -28.263628 6.541541  -0.002585 -0.999924 -0.012095  0.523438 0.585938
barrel.bmp
36  3.022618 -32.353626 5.511540  0.924047 -0.012822 -0.382063  0.800781 0.632813
36  3.212618 -32.363628 5.231540  0.952232 -0.002409 0.305367  0.800781 0.500000
36  3.032618 -30.953627 5.521541  0.924040 -0.012768 -0.382082  0.617188 0.632813
barrel.bmp
36  3.032618 -30.953627 5.521541  0.924040 -0.012768 -0.382082  0.617188 0.632813
36  3.212618 -32.363628 5.231540  0.952232 -0.002409 0.305367  0.800781 0.500000
36  3.212617 -30.953627 5.221540  0.968839 0.000214 -0.247692  0.621094 0.492188
barrel.bmp
36  3.212618 -32.363628 5.231540  0.952232 -0.002409 0.305367  0.800781 0.500000
36  3.032618 -32.373627 4.901540  0.568381 -0.000801 -0.822765  0.800781 0.375000
36  3.212617 -30.953627 5.221540  0.968839 0.000214 -0.247692  0.621094 0.492188
barrel.bmp
36  3.212617 -30.953627 5.221540  0.968839 0.000214 -0.247692  0.621094 0.492188
36  3.032618 -32.373627 4.901540  0.568381 -0.000801 -0.822765  0.800781 0.375000
36  3.032617 -30.953627 4.901540  0.283905 0.000092 -0.958852  0.621094 0.375000
barrel.bmp
36  3.212618 -32.363628 5.231540  -0.006706 -0.999311 0.036495  0.800781 0.500000
36  2.672617 -32.373627 4.901540  -0.002596 -0.999924 -0.012090  0.800781 0.375000
36  3.032618 -32.373627 4.901540  -0.002601 -0.999924 -0.012075  0.800781 0.375000
barrel.bmp
36  3.212618 -32.363628 5.231540  -0.006706 -0.999311 0.036495  0.800781 0.500000
36  2.482618 -32.373627 5.221540  -0.006684 -0.999310 0.036522  0.800781 0.492188
36  2.672617 -32.373627 4.901540  -0.002596 -0.999924 -0.012090  0.800781 0.375000
barrel.bmp
36  3.212618 -32.363628 5.231540  -0.006706 -0.999311 0.036495  0.800781 0.500000
36  2.652618 -32.333630 5.521540  -0.006722 -0.999303 0.036712  0.796875 0.640625
36  2.482618 -32.373627 5.221540  -0.006684 -0.999310 0.036522  0.800781 0.492188
barrel.bmp
36  3.212618 -32.363628 5.231540  -0.006729 -0.999312 0.036479  0.800781 0.500000
36  3.022618 -32.353626 5.511540  -0.036388 -0.999319 0.006106  0.800781 0.632813
36  2.652618 -32.333630 5.521540  -0.006728 -0.999312 0.036478  0.796875 0.640625
barrel.bmp
36  2.672617 -30.953627 4.901540  0.000000 1.000000 0.000000  0.621094 0.375000
36  2.482617 -30.953627 5.221540  0.000000 1.000000 0.000011  0.621094 0.492188
36  3.032617 -30.953627 4.901540  0.000000 1.000000 0.000000  0.621094 0.375000
barrel.bmp
36  3.032617 -30.953627 4.901540  0.000000 1.000000 0.000000  0.621094 0.375000
36  2.482617 -30.953627 5.221540  0.000000 1.000000 0.000011  0.621094 0.492188
36  3.212617 -30.953627 5.221540  -0.000016 1.000000 0.000008  0.621094 0.492188
barrel.bmp
36  2.482617 -30.953627 5.221540  0.000000 1.000000 0.000011  0.621094 0.492188
36  2.652617 -30.963627 5.511540  -0.000004 1.000000 0.000016  0.621094 0.632813
36  3.212617 -30.953627 5.221540  -0.000016 1.000000 0.000008  0.621094 0.492188
barrel.bmp
36  3.212617 -30.953627 5.221540  -0.000016 1.000000 0.000008  0.621094 0.492188
36  2.652617 -30.963627 5.511540  -0.000004 1.000000 0.000016  0.621094 0.632813
36  3.032618 -30.953627 5.521541  -0.027302 0.998618 -0.044910  0.617188 0.632813
barrel.bmp
36  2.432617 -24.363628 5.811542  0.000000 1.000000 0.000000  0.003906 0.289063
36  2.432617 -24.363628 6.371542  0.000000 1.000000 0.000002  0.003906 0.484375
36  3.262617 -24.363628 6.371542  0.000000 1.000000 0.000000  0.003906 0.484375
barrel.bmp
36  3.262617 -24.363628 6.371542  0.000000 1.000000 0.000000  0.003906 0.484375
36  2.432617 -24.363628 6.371542  0.000000 1.000000 0.000002  0.003906 0.484375
36  3.002617 -24.363628 6.541542  0.000000 1.000000 0.000002  0.003906 0.585938
barrel.bmp
36  2.432617 -24.363628 6.371542  0.000000 1.000000 0.000002  0.003906 0.484375
36  2.692617 -24.363628 6.541542  0.000000 1.000000 0.000018  0.003906 0.585938
36  3.002617 -24.363628 6.541542  0.000000 1.000000 0.000002  0.003906 0.585938
barrel.bmp
36  3.002618 -31.273628 5.861540  -0.005208 -0.791077 0.611694  0.664063 0.734375
36  3.102618 -31.013628 6.191540  -0.004505 -0.870870 0.491493  0.621094 0.859375
36  2.652618 -31.273628 5.851541  -0.005202 -0.791082 0.611688  0.664063 0.734375
barrel.bmp
36  2.652618 -31.273628 5.851541  -0.005202 -0.791082 0.611688  0.664063 0.734375
36  3.102618 -31.013628 6.191540  -0.004505 -0.870870 0.491493  0.621094 0.859375
36  2.532618 -31.013628 6.181541  -0.005301 -0.903926 0.427657  0.621094 0.859375
barrel.bmp
36  3.102618 -31.013628 6.191540  -0.004505 -0.870870 0.491493  0.621094 0.859375
36  2.812618 -30.963627 6.401540  -0.002703 -0.975493 0.220013  0.621094 0.992188
36  2.532618 -31.013628 6.181541  -0.005301 -0.903926 0.427657  0.621094 0.859375
barrel.bmp
36  2.642617 -28.243628 5.841541  0.000000 1.000000 -0.000016  0.261719 0.734375
36  2.532618 -28.243628 6.181541  0.000000 1.000000 -0.000005  0.261719 0.859375
36  2.992617 -28.243628 5.841541  0.000000 1.000000 -0.000005  0.261719 0.734375
barrel.bmp
36  2.992617 -28.243628 5.841541  0.000000 1.000000 -0.000005  0.261719 0.734375
36  2.532618 -28.243628 6.181541  0.000000 1.000000 -0.000005  0.261719 0.859375
36  3.102618 -28.243628 6.191541  0.000000 1.000000 0.000000  0.261719 0.859375
barrel.bmp
36  2.532618 -28.243628 6.181541  0.000000 1.000000 -0.000005  0.261719 0.859375
36  2.812618 -28.243628 6.401541  0.000000 1.000000 0.000000  0.261719 0.992188
36  3.102618 -28.243628 6.191541  0.000000 1.000000 0.000000  0.261719 0.859375
barrel.bmp
36  2.432617 -24.363628 5.811542  0.000000 0.000000 -1.000000  0.003906 0.289063
36  3.262617 -24.363628 5.811542  0.000000 0.000000 -1.000000  0.003906 0.289063
36  2.432617 -28.263628 5.811541  0.000000 0.000000 -1.000000  0.523438 0.289063
barrel.bmp
36  2.432617 -28.263628 5.811541  0.000000 0.000000 -1.000000  0.523438 0.289063
36  3.262617 -24.363628 5.811542  0.000000 0.000000 -1.000000  0.003906 0.289063
36  3.262618 -28.263628 5.811541  0.000000 0.000000 -1.000000  0.523438 0.289063
barrel.bmp
36  2.642618 -30.633627 5.841541  -0.999699 -0.024499 -0.001202  0.585938 0.734375
36  2.652617 -30.963627 5.511540  -0.999699 -0.024485 -0.001209  0.621094 0.632813
36  2.652618 -31.273628 5.851541  -0.999699 -0.024515 -0.001199  0.664063 0.734375
barrel.bmp
36  2.652618 -31.273628 5.851541  -0.999699 -0.024515 -0.001199  0.664063 0.734375
36  2.652617 -30.963627 5.511540  -0.999699 -0.024485 -0.001209  0.621094 0.632813
36  2.652618 -32.333630 5.521540  -0.999699 -0.024513 -0.001202  0.796875 0.640625
barrel.bmp
36  3.022618 -32.353626 5.511540  0.993728 -0.002903 0.111784  0.800781 0.632813
36  3.032618 -30.953627 5.521541  0.993728 -0.002901 0.111783  0.617188 0.632813
36  3.002618 -31.273628 5.861540  0.993728 -0.002903 0.111784  0.664063 0.734375
barrel.bmp
36  3.002618 -31.273628 5.861540  0.993724 -0.002904 0.111819  0.664063 0.734375
36  3.032618 -30.953627 5.521541  0.993724 -0.002903 0.111819  0.617188 0.632813
36  3.002618 -30.633627 5.841540  0.993724 -0.002906 0.111818  0.585938 0.734375
barrel.bmp
36  2.652617 -30.963627 5.511540  -0.905125 0.000000 -0.425144  0.621094 0.632813
36  3.032618 -30.953627 5.521541  0.923777 -0.012732 -0.382720  0.617188 0.632813
36  2.652618 -32.333630 5.521540  -0.905120 0.000062 -0.425157  0.796875 0.640625
barrel.bmp
36  2.652618 -32.333630 5.521540  -0.905120 0.000062 -0.425157  0.796875 0.640625
36  3.032618 -30.953627 5.521541  0.923777 -0.012732 -0.382720  0.617188 0.632813
36  3.022618 -32.353626 5.511540  0.923774 -0.012784 -0.382724  0.800781 0.632813
barrel.bmp
36  3.002618 -31.273628 5.861540  -0.004595 -0.301906 0.953326  0.664063 0.734375
36  2.652618 -31.273628 5.851541  -0.004596 -0.301905 0.953327  0.664063 0.734375
36  3.022618 -32.353626 5.511540  -0.004595 -0.301906 0.953326  0.800781 0.632813
barrel.bmp
36  3.022618 -32.353626 5.511540  -0.004597 -0.301908 0.953326  0.800781 0.632813
36  2.652618 -31.273628 5.851541  -0.004597 -0.301907 0.953326  0.664063 0.734375
36  2.652618 -32.333630 5.521540  -0.004598 -0.301907 0.953326  0.796875 0.640625
barrel.bmp
36  2.642618 -30.633627 5.841541  -0.006898 0.701520 -0.712616  0.585938 0.734375
36  3.002618 -30.633627 5.841540  -0.006895 0.701518 -0.712618  0.585938 0.734375
36  2.652617 -30.963627 5.511540  -0.006898 0.701520 -0.712616  0.621094 0.632813
barrel.bmp
36  2.652617 -30.963627 5.511540  -0.006901 0.701517 -0.712619  0.621094 0.632813
36  3.002618 -30.633627 5.841540  -0.006901 0.701517 -0.712619  0.585938 0.734375
36  3.032618 -30.953627 5.521541  -0.006900 0.701517 -0.712619  0.617188 0.632813
barrel.bmp
36  2.842618 -35.773628 5.451540  -0.002595 -0.999924 -0.012074  0.992188 0.226563
36  2.602618 -35.773628 5.201540  -0.002599 -0.999923 -0.012099  0.992188 0.117188
36  3.092618 -35.773628 5.201540  -0.002599 -0.999923 -0.012099  0.992188 0.117188
barrel.bmp
36  3.092618 -35.773628 5.201540  -0.002599 -0.999923 -0.012099  0.992188 0.117188
36  2.602618 -35.773628 5.201540  -0.002599 -0.999923 -0.012099  0.992188 0.117188
36  2.842618 -35.773628 4.951540  -0.002594 -0.999924 -0.012077  0.992188 0.007813
barrel.bmp
36  2.842617 -28.273628 5.451541  0.213630 0.370477 0.903941  0.003906 0.226563
36  3.092617 -28.273628 5.201540  0.627033 0.721391 -0.293981  0.003906 0.117188
36  2.602617 -28.273628 5.201541  -0.627429 0.721239 0.293509  0.003906 0.117188
barrel.bmp
36  2.602617 -28.273628 5.201541  -0.627429 0.721239 0.293509  0.003906 0.117188
36  3.092617 -28.273628 5.201540  0.627033 0.721391 -0.293981  0.003906 0.117188
36  2.842617 -28.273628 4.951541  -0.211123 0.359683 -0.908876  0.003906 0.007813
barrel.bmp
36  3.262617 -24.363628 6.371542  0.000000 1.000000 0.000000  0.003906 0.484375
36  3.262617 -24.363628 5.811542  0.000000 1.000000 0.000000  0.003906 0.289063
36  2.432617 -24.363628 5.811542  0.000000 1.000000 0.000000  0.003906 0.289063
barrel.bmp
36  3.102618 -31.013628 6.191540  0.938860 -0.000028 0.344301  0.621094 0.859375
36  3.002618 -31.273628 5.861540  0.924313 -0.012773 -0.381422  0.664063 0.734375
36  3.002618 -30.633627 5.841540  0.790776 -0.002000 -0.612102  0.585938 0.734375
upper_body.bmp
36  3.222617 -22.243628 6.181542  0.999982 -0.000000 0.005992  0.992188 0.546875
36  3.222617 -20.033628 6.181542  0.999982 0.000000 0.005992  0.742188 0.546875
36  3.222617 -22.243628 6.331542  0.999982 0.000000 0.005992  0.992188 0.640625
upper_body.bmp
36  3.222617 -22.243628 6.331542  0.999982 0.000000 0.005992  0.992188 0.640625
36  3.222617 -20.033628 6.181542  0.999982 0.000000 0.005992  0.742188 0.546875
36  3.222617 -15.223628 6.331543  0.999982 0.000000 0.005992  0.203125 0.640625
upper_body.bmp
36  3.222617 -20.033628 6.181542  0.999982 0.000000 0.005992  0.742188 0.546875
36  3.222617 -19.873629 6.011542  0.999982 -0.000000 0.005992  0.722656 0.453125
36  3.222617 -15.223628 6.331543  0.999982 0.000000 0.005992  0.203125 0.640625
upper_body.bmp
36  3.222617 -15.223628 6.331543  0.999982 0.000000 0.005992  0.203125 0.640625
36  3.222617 -19.873629 6.011542  0.999982 -0.000000 0.005992  0.722656 0.453125
36  3.222617 -14.843628 6.021543  0.999982 0.000000 0.005989  0.148438 0.453125
upper_body.bmp
36  3.222617 -19.873629 6.011542  0.999982 -0.000000 0.005992  0.722656 0.453125
36  3.222617 -19.863628 5.851542  0.999982 -0.000000 0.005992  0.722656 0.328125
36  3.222617 -14.843628 6.021543  0.999982 0.000000 0.005989  0.148438 0.453125
upper_body.bmp
36  3.222617 -14.843628 6.021543  0.999982 0.000000 0.005989  0.148438 0.453125
36  3.222617 -19.863628 5.851542  0.999982 -0.000000 0.005992  0.722656 0.328125
36  3.222616 -14.343628 5.801543  0.999982 -0.000000 0.005991  0.097656 0.250000
upper_body.bmp
36  3.222617 -19.863628 5.851542  0.999982 -0.000000 0.005992  0.722656 0.328125
36  3.222617 -19.863628 5.311543  0.999982 0.000000 0.005992  0.722656 0.015625
36  3.222616 -14.343628 5.801543  0.999982 -0.000000 0.005991  0.097656 0.250000
upper_body.bmp
36  3.222616 -14.343628 5.801543  0.999982 -0.000000 0.005991  0.097656 0.250000
36  3.222617 -19.863628 5.311543  0.999982 0.000000 0.005992  0.722656 0.015625
36  3.222616 -14.343628 5.311543  0.999982 0.000000 0.005992  0.093750 0.015625
upper_body.bmp
36  2.712617 -15.223628 6.531543  -0.239833 0.226811 0.943948  0.203125 0.828125
36  2.552617 -15.223628 6.331543  -0.699053 0.262043 0.665326  0.203125 0.640625
36  2.712617 -22.243628 6.531542  -0.361535 -0.000003 0.932359  0.988281 0.828125
upper_body.bmp
36  2.712617 -15.223628 6.531543  -0.239833 0.226811 0.943948  0.203125 0.828125
36  2.712617 -14.843628 6.341543  -0.494076 0.437201 0.751495  0.148438 0.671875
36  2.552617 -15.223628 6.331543  -0.699053 0.262043 0.665326  0.203125 0.640625
upper_body.bmp
36  2.712617 -15.223628 6.531543  -0.239833 0.226811 0.943948  0.203125 0.828125
36  3.052617 -14.843628 6.341543  0.356085 0.457235 0.814947  0.148438 0.843750
36  2.712617 -14.843628 6.341543  -0.494076 0.437201 0.751495  0.148438 0.671875
upper_body.bmp
36  2.712617 -15.223628 6.531543  -0.239833 0.226811 0.943948  0.203125 0.828125
36  3.052617 -15.223628 6.531543  0.408887 0.174814 0.895685  0.203125 0.984375
36  3.052617 -14.843628 6.341543  0.356085 0.457235 0.814947  0.148438 0.843750
upper_body.bmp
36  2.712617 -15.223628 6.531543  -0.239833 0.226811 0.943948  0.203125 0.828125
36  3.052617 -22.243628 6.531542  0.225400 -0.000000 0.974266  0.988281 0.984375
36  3.052617 -15.223628 6.531543  0.408887 0.174814 0.895685  0.203125 0.984375
upper_body.bmp
36  2.712617 -15.223628 6.531543  -0.239833 0.226811 0.943948  0.203125 0.828125
36  2.712617 -22.243628 6.531542  -0.361535 -0.000003 0.932359  0.988281 0.828125
36  3.052617 -22.243628 6.531542  0.225400 -0.000000 0.974266  0.988281 0.984375
upper_body.bmp
36  2.552617 -22.243628 6.331542  -0.476239 -0.705876 0.524344  0.992188 0.640625
36  2.552617 -22.243628 6.181542  -0.001099 -0.999997 0.002397  0.992188 0.546875
36  2.712617 -22.243628 6.531542  -0.302380 -0.893050 0.333209  0.992188 0.828125
upper_body.bmp
36  2.712617 -22.243628 6.531542  -0.302380 -0.893050 0.333209  0.992188 0.828125
36  2.552617 -22.243628 6.181542  -0.001099 -0.999997 0.002397  0.992188 0.546875
36  3.052617 -22.243628 6.531542  -0.001099 -0.999997 0.002397  0.992188 0.828125
upper_body.bmp
36  2.552617 -22.243628 6.181542  -0.001099 -0.999997 0.002397  0.992188 0.546875
36  3.222617 -22.243628 6.181542  -0.001098 -0.999997 0.002397  0.992188 0.546875
36  3.052617 -22.243628 6.531542  -0.001099 -0.999997 0.002397  0.992188 0.828125
upper_body.bmp
36  3.052617 -22.243628 6.531542  -0.001099 -0.999997 0.002397  0.992188 0.828125
36  3.222617 -22.243628 6.181542  -0.001098 -0.999997 0.002397  0.992188 0.546875
36  3.222617 -22.243628 6.331542  -0.001099 -0.999997 0.002397  0.992188 0.640625
upper_body.bmp
36  2.392617 -19.863628 5.311543  -0.001086 -0.999996 0.002409  0.722656 0.015625
36  2.552617 -19.873629 6.011543  -0.001090 -0.999996 0.002411  0.722656 0.453125
36  2.392617 -19.863628 5.841543  -0.001106 -0.999997 0.002399  0.722656 0.328125
upper_body.bmp
36  2.392617 -19.863628 5.311543  -0.001086 -0.999996 0.002409  0.722656 0.015625
36  3.222617 -19.873629 6.011542  0.014216 -0.999433 -0.030520  0.722656 0.453125
36  2.552617 -19.873629 6.011543  -0.001090 -0.999996 0.002411  0.722656 0.453125
upper_body.bmp
36  2.392617 -19.863628 5.311543  -0.001086 -0.999996 0.002409  0.722656 0.015625
36  3.222617 -19.863628 5.851542  -0.001082 -0.999997 0.002368  0.722656 0.328125
36  3.222617 -19.873629 6.011542  0.014216 -0.999433 -0.030520  0.722656 0.453125
upper_body.bmp
36  2.392617 -19.863628 5.311543  -0.001086 -0.999996 0.002409  0.722656 0.015625
36  3.222617 -19.863628 5.311543  -0.001098 -0.999997 0.002397  0.722656 0.015625
36  3.222617 -19.863628 5.851542  -0.001082 -0.999997 0.002368  0.722656 0.328125
upper_body.bmp
36  2.552617 -22.243628 6.331542  -1.000000 -0.000000 0.000000  0.992188 0.640625
36  2.552617 -15.223628 6.331543  -1.000000 -0.000000 0.000000  0.203125 0.640625
36  2.552617 -20.033628 6.181543  -1.000000 -0.000000 0.000000  0.742188 0.546875
upper_body.bmp
36  2.552617 -20.033628 6.181543  -1.000000 -0.000000 0.000000  0.742188 0.546875
36  2.552617 -15.223628 6.331543  -1.000000 -0.000000 0.000000  0.203125 0.640625
36  2.552617 -19.873629 6.011543  -1.000000 -0.000000 0.000000  0.722656 0.453125
upper_body.bmp
36  2.552617 -15.223628 6.331543  -1.000000 -0.000000 0.000000  0.203125 0.640625
36  2.552617 -14.843628 6.021543  -1.000000 -0.000000 0.000000  0.148438 0.453125
36  2.552617 -19.873629 6.011543  -1.000000 -0.000000 0.000000  0.722656 0.453125
upper_body.bmp
36  3.222617 -22.243628 6.331542  0.646235 -0.000000 0.763138  0.992188 0.640625
36  3.222617 -15.223628 6.331543  0.675706 0.270613 0.685704  0.203125 0.640625
36  3.052617 -15.223628 6.531543  0.408887 0.174814 0.895685  0.203125 0.828125
upper_body.bmp
36  3.052617 -15.223628 6.531543  0.408887 0.174814 0.895685  0.203125 0.828125
36  3.222617 -15.223628 6.331543  0.675706 0.270613 0.685704  0.203125 0.640625
36  3.052617 -14.843628 6.341543  0.356085 0.457235 0.814947  0.148438 0.671875
upper_body.bmp
36  3.222617 -15.223628 6.331543  0.675706 0.270613 0.685704  0.203125 0.640625
36  3.222617 -14.843628 6.021543  0.726768 0.437167 0.529804  0.148438 0.453125
36  3.052617 -14.843628 6.341543  0.356085 0.457235 0.814947  0.148438 0.671875
upper_body.bmp
36  2.552616 -14.343628 5.311543  0.000000 0.000000 -1.000000  0.093750 0.015625
36  3.222616 -14.343628 5.311543  0.000000 0.000000 -1.000000  0.093750 0.015625
36  2.392616 -14.843628 5.311543  0.000000 0.000000 -1.000000  0.152344 0.015625
upper_body.bmp
36  2.392616 -14.843628 5.311543  0.000000 0.000000 -1.000000  0.152344 0.015625
36  3.222616 -14.343628 5.311543  0.000000 0.000000 -1.000000  0.093750 0.015625
36  2.392617 -19.863628 5.311543  0.000000 0.000000 -1.000000  0.722656 0.015625
upper_body.bmp
36  3.222616 -14.343628 5.311543  0.000000 0.000000 -1.000000  0.093750 0.015625
36  3.222617 -19.863628 5.311543  0.000000 0.000000 -1.000000  0.722656 0.015625
36  2.392617 -19.863628 5.311543  0.000000 0.000000 -1.000000  0.722656 0.015625
upper_body.bmp
38  3.032616 -17.637419 4.492447  1.000000 0.000000 0.000000  0.859375 0.437500
38  3.032616 -17.247419 3.702447  1.000000 0.000000 0.000000  0.941406 0.296875
38  3.032616 -17.187420 4.492447  1.000000 0.000000 0.000000  0.859375 0.203125
upper_body.bmp
38  3.032616 -17.187420 4.492447  1.000000 0.000000 0.000000  0.859375 0.203125
38  3.032616 -17.247419 3.702447  1.000000 0.000000 0.000000  0.941406 0.296875
38  3.032616 -17.047419 3.672447  1.000000 0.000000 0.000000  0.933594 0.218750
upper_body.bmp
38  3.032616 -17.247419 3.702447  1.000000 0.000000 0.000000  0.941406 0.296875
38  3.032616 -17.377419 3.292447  1.000000 0.000000 0.000000  0.988281 0.375000
38  3.032616 -17.047419 3.672447  1.000000 0.000000 0.000000  0.933594 0.218750
upper_body.bmp
38  2.672616 -17.377419 3.292448  -1.000000 0.000001 0.000000  0.988281 0.375000
38  2.672616 -17.247419 3.702448  -1.000000 0.000000 0.000000  0.941406 0.296875
38  2.672616 -17.047419 3.672448  -1.000000 0.000000 0.000000  0.933594 0.218750
upper_body.bmp
38  2.672616 -17.047419 3.672448  -1.000000 0.000000 0.000000  0.933594 0.218750
38  2.672616 -17.247419 3.702448  -1.000000 0.000000 0.000000  0.941406 0.296875
38  2.672616 -17.187420 4.492448  -1.000000 0.000000 0.000000  0.859375 0.203125
upper_body.bmp
38  2.672616 -17.247419 3.702448  -1.000000 0.000000 0.000000  0.941406 0.296875
38  2.672616 -17.637419 4.492447  -1.000000 0.000000 0.000000  0.859375 0.437500
38  2.672616 -17.187420 4.492448  -1.000000 0.000000 0.000000  0.859375 0.203125
upper_body.bmp
36  3.222617 -20.033628 6.181542  0.000001 -0.718366 -0.695665  0.742188 0.546875
36  2.552617 -20.033628 6.181543  -0.000001 -0.718367 -0.695665  0.742188 0.546875
36  3.222617 -19.873629 6.011542  -0.000002 -0.718366 -0.695665  0.722656 0.453125
upper_body.bmp
36  3.222617 -19.873629 6.011542  -0.000002 -0.718366 -0.695665  0.722656 0.453125
36  2.552617 -20.033628 6.181543  -0.000001 -0.718367 -0.695665  0.742188 0.546875
36  2.552617 -19.873629 6.011543  -0.000000 -0.718367 -0.695664  0.722656 0.453125
upper_body.bmp
36  2.552617 -22.243628 6.181542  0.000000 0.000000 -1.000000  0.992188 0.546875
36  2.552617 -20.033628 6.181543  -0.000001 0.000000 -1.000000  0.742188 0.546875
36  3.222617 -22.243628 6.181542  -0.000000 0.000000 -1.000000  0.992188 0.546875
upper_body.bmp
36  3.222617 -22.243628 6.181542  -0.000000 0.000000 -1.000000  0.992188 0.546875
36  2.552617 -20.033628 6.181543  -0.000001 0.000000 -1.000000  0.742188 0.546875
36  3.222617 -20.033628 6.181542  -0.000001 0.000000 -1.000000  0.742188 0.546875
upper_body.bmp
36  2.392617 -19.863628 5.311543  -1.000000 -0.000000 0.000000  0.722656 0.015625
36  2.392617 -19.863628 5.841543  -1.000000 -0.000000 0.000000  0.722656 0.328125
36  2.392616 -14.843628 5.311543  -1.000000 -0.000000 0.000002  0.152344 0.015625
upper_body.bmp
36  2.392616 -14.843628 5.311543  -1.000000 -0.000000 0.000002  0.152344 0.015625
36  2.392617 -19.863628 5.841543  -1.000000 -0.000000 0.000000  0.722656 0.328125
36  2.392617 -14.843628 5.841544  -1.000000 -0.000000 0.000002  0.152344 0.328125
upper_body.bmp
36  2.392617 -19.863628 5.841543  -0.612348 -0.000894 0.790588  0.722656 0.328125
36  2.552617 -19.873629 6.011543  -0.612352 -0.000897 0.790585  0.722656 0.453125
36  2.392617 -14.843628 5.841544  -0.612383 -0.000891 0.790561  0.152344 0.328125
upper_body.bmp
36  2.392617 -14.843628 5.841544  -0.612383 -0.000891 0.790561  0.152344 0.328125
36  2.552617 -19.873629 6.011543  -0.612352 -0.000897 0.790585  0.722656 0.453125
36  2.552617 -14.843628 6.021543  -0.612375 -0.000907 0.790567  0.148438 0.453125
upper_body.bmp
39  2.622616 -19.156918 3.220527  0.000000 -0.766222 -0.642576  0.863281 0.500000
39  2.622616 -18.526918 2.450527  0.000001 -0.766189 -0.642615  0.785156 0.078125
39  3.072616 -19.156918 3.220527  0.000000 -0.766221 -0.642577  0.863281 0.500000
upper_body.bmp
39  3.072616 -19.156918 3.220527  0.000000 -0.766221 -0.642577  0.863281 0.500000
39  2.622616 -18.526918 2.450527  0.000001 -0.766189 -0.642615  0.785156 0.078125
39  3.072616 -18.526918 2.450527  -0.000001 -0.766220 -0.642579  0.785156 0.078125
upper_body.bmp
39  2.622616 -18.696918 3.220527  0.000000 0.000000 1.000000  0.808594 0.500000
39  2.622616 -19.156918 3.220527  0.000000 0.000000 1.000000  0.863281 0.500000
39  3.072616 -18.696918 3.220527  0.000000 0.000000 1.000000  0.808594 0.500000
upper_body.bmp
39  3.072616 -18.696918 3.220527  0.000000 0.000000 1.000000  0.808594 0.500000
39  2.622616 -19.156918 3.220527  0.000000 0.000000 1.000000  0.863281 0.500000
39  3.072616 -19.156918 3.220527  0.000000 0.000000 1.000000  0.863281 0.500000
upper_body.bmp
39  2.622616 -18.526918 2.450527  0.000000 0.975429 0.220313  0.789063 0.078125
39  2.622616 -18.696918 3.220527  0.000000 0.975440 0.220266  0.808594 0.500000
39  3.072616 -18.526918 2.450527  0.000000 0.975440 0.220266  0.734375 0.078125
upper_body.bmp
39  3.072616 -18.526918 2.450527  0.000000 0.975440 0.220266  0.734375 0.078125
39  2.622616 -18.696918 3.220527  0.000000 0.975440 0.220266  0.808594 0.500000
39  3.072616 -18.696918 3.220527  -0.000000 0.975429 0.220313  0.761719 0.500000
upper_body.bmp
36  2.552617 -14.843628 6.021543  -0.002403 0.999995 0.001903  0.097656 0.593750
36  2.712617 -14.843628 6.341543  -0.002404 0.999995 0.001903  0.148438 0.671875
36  3.222617 -14.843628 6.021543  -0.002403 0.999995 0.001905  0.097656 0.875000
upper_body.bmp
36  3.222617 -14.843628 6.021543  -0.002403 0.999995 0.001905  0.097656 0.875000
36  2.712617 -14.843628 6.341543  -0.002404 0.999995 0.001903  0.148438 0.671875
36  3.052617 -14.843628 6.341543  -0.002405 0.999995 0.001905  0.148438 0.843750
upper_body.bmp
36  2.552616 -14.343628 5.311543  -0.002405 0.999995 0.001904  0.089844 0.015625
36  2.552616 -14.343628 5.801544  -0.002405 0.999995 0.001904  0.089844 0.250000
36  3.222616 -14.343628 5.311543  -0.002404 0.999995 0.001906  0.003906 0.015625
upper_body.bmp
36  3.222616 -14.343628 5.311543  -0.002404 0.999995 0.001906  0.003906 0.015625
36  2.552616 -14.343628 5.801544  -0.002405 0.999995 0.001904  0.089844 0.250000
36  3.222616 -14.343628 5.801543  -0.002406 0.999995 0.001904  0.003906 0.250000
upper_body.bmp
36  3.222616 -14.343628 5.801543  0.000000 0.394428 0.918927  0.003906 0.250000
36  2.552616 -14.343628 5.801544  -0.603212 0.474718 0.640920  0.089844 0.250000
36  3.222617 -14.843628 6.021543  -0.000002 0.394428 0.918927  0.003906 0.578125
upper_body.bmp
36  3.222617 -14.843628 6.021543  -0.000002 0.394428 0.918927  0.003906 0.578125
36  2.552616 -14.343628 5.801544  -0.603212 0.474718 0.640920  0.089844 0.250000
36  2.552617 -14.843628 6.021543  -0.311593 0.376395 0.872489  0.085938 0.578125
upper_body.bmp
36  2.552616 -14.343628 5.311543  -0.916972 0.398952 0.000005  0.089844 0.015625
36  2.392616 -14.843628 5.311543  -0.916972 0.398951 0.000000  0.152344 0.015625
36  2.552616 -14.343628 5.801544  -0.603212 0.474718 0.640920  0.089844 0.250000
upper_body.bmp
36  2.552616 -14.343628 5.801544  -0.603212 0.474718 0.640920  0.089844 0.250000
36  2.392616 -14.843628 5.311543  -0.916972 0.398951 0.000000  0.152344 0.015625
36  2.392617 -14.843628 5.841544  -0.825753 0.393621 0.403972  0.152344 0.328125
upper_body.bmp
38  3.032616 -17.047419 3.672447  0.000000 0.985736 0.168302  0.941406 0.046875
38  2.672616 -17.047419 3.672448  0.000001 0.985736 0.168300  0.933594 0.218750
38  3.032616 -17.187420 4.492447  0.000001 0.985736 0.168298  0.859375 0.031250
upper_body.bmp
38  3.032616 -17.187420 4.492447  0.000001 0.985736 0.168298  0.859375 0.031250
38  2.672616 -17.047419 3.672448  0.000001 0.985736 0.168300  0.933594 0.218750
38  2.672616 -17.187420 4.492448  0.000001 0.985736 0.168296  0.859375 0.203125
upper_body.bmp
38  3.032616 -17.377419 3.292447  -0.000000 0.750866 -0.660455  0.988281 0.187500
38  2.672616 -17.377419 3.292448  -0.000002 0.750868 -0.660453  0.988281 0.375000
38  3.032616 -17.047419 3.672447  -0.000002 0.750869 -0.660451  0.941406 0.046875
upper_body.bmp
38  3.032616 -17.047419 3.672447  -0.000002 0.750869 -0.660451  0.941406 0.046875
38  2.672616 -17.377419 3.292448  -0.000002 0.750868 -0.660453  0.988281 0.375000
38  2.672616 -17.047419 3.672448  -0.000000 0.750871 -0.660449  0.933594 0.218750
upper_body.bmp
38  3.032616 -17.247419 3.702447  0.000001 -0.953230 0.302247  0.941406 0.296875
38  2.672616 -17.247419 3.702448  0.000001 -0.953231 0.302243  0.941406 0.296875
38  3.032616 -17.377419 3.292447  0.000001 -0.953231 0.302241  0.988281 0.375000
upper_body.bmp
38  3.032616 -17.377419 3.292447  0.000001 -0.953231 0.302241  0.988281 0.375000
38  2.672616 -17.247419 3.702448  0.000001 -0.953231 0.302243  0.941406 0.296875
38  2.672616 -17.377419 3.292448  0.000001 -0.953233 0.302237  0.988281 0.375000
upper_body.bmp
38  3.032616 -17.637419 4.492447  0.000000 -0.889572 -0.456794  0.859375 0.437500
38  2.672616 -17.637419 4.492447  -0.000000 -0.889572 -0.456795  0.859375 0.437500
38  3.032616 -17.247419 3.702447  -0.000001 -0.889571 -0.456796  0.941406 0.296875
upper_body.bmp
38  3.032616 -17.247419 3.702447  -0.000001 -0.889571 -0.456796  0.941406 0.296875
38  2.672616 -17.637419 4.492447  -0.000000 -0.889572 -0.456795  0.859375 0.437500
38  2.672616 -17.247419 3.702448  -0.000000 -0.889571 -0.456797  0.941406 0.296875
upper_body.bmp
38  3.032616 -17.187420 4.492447  0.000003 0.000000 1.000000  0.859375 0.203125
38  2.672616 -17.187420 4.492448  0.000002 -0.000001 1.000000  0.859375 0.203125
38  3.032616 -17.637419 4.492447  0.000001 -0.000001 1.000000  0.859375 0.437500
upper_body.bmp
38  3.032616 -17.637419 4.492447  0.000001 -0.000001 1.000000  0.859375 0.437500
38  2.672616 -17.187420 4.492448  0.000002 -0.000001 1.000000  0.859375 0.203125
38  2.672616 -17.637419 4.492447  0.000000 -0.000338 1.000000  0.859375 0.437500
upper_body.bmp
36  2.552617 -22.243628 6.331542  -1.000000 -0.000000 0.000000  0.992188 0.640625
36  2.552617 -20.033628 6.181543  -1.000000 -0.000000 0.000000  0.742188 0.546875
36  2.552617 -22.243628 6.181542  -1.000000 -0.000000 0.000000  0.992188 0.546875
upper_body.bmp
36  2.552617 -15.223628 6.331543  -0.672492 -0.000010 0.740104  0.203125 0.640625
36  2.552617 -22.243628 6.331542  -0.476239 -0.705876 0.524344  0.988281 0.640625
36  2.712617 -22.243628 6.531542  -0.302380 -0.893050 0.333209  0.988281 0.828125
upper_body.bmp
36  3.052617 -15.223628 6.531543  0.408887 0.174814 0.895685  0.203125 0.828125
36  3.052617 -22.243628 6.531542  0.225400 -0.000000 0.974266  0.992188 0.828125
36  3.222617 -22.243628 6.331542  0.646235 -0.000000 0.763138  0.992188 0.640625
upper_body.bmp
39  2.622616 -18.696918 3.220527  -1.000000 0.000000 0.000000  0.808594 0.500000
39  2.622616 -18.526918 2.450527  -1.000000 0.000000 0.000000  0.785156 0.078125
39  2.622616 -19.156918 3.220527  -1.000000 0.000000 0.000000  0.863281 0.500000
upper_body.bmp
39  3.072616 -18.696918 3.220527  1.000000 0.000000 0.000000  0.808594 0.500000
39  3.072616 -19.156918 3.220527  1.000000 0.000000 0.000000  0.863281 0.500000
39  3.072616 -18.526918 2.450527  1.000000 0.000000 0.000000  0.785156 0.078125
upper_body.bmp
36  2.552617 -15.223628 6.331543  -0.699053 0.262043 0.665326  0.203125 0.640625
36  2.712617 -14.843628 6.341543  -0.494076 0.437201 0.751495  0.148438 0.671875
36  2.552617 -14.843628 6.021543  -0.746264 0.420060 0.516372  0.148438 0.453125
upper_body.bmp
36  2.552616 -14.343628 5.801544  -0.603212 0.474718 0.640920  0.097656 0.250000
36  2.392617 -14.843628 5.841544  -0.825753 0.393621 0.403972  0.152344 0.328125
36  2.552617 -14.843628 6.021543  -0.311593 0.376395 0.872489  0.148438 0.453125
reticle.bmp
36  3.272618 -24.373627 6.711542  0.000000 0.000000 1.000000  0.968750 0.984375
36  3.272617 -23.503628 6.711542  0.000000 0.158012 0.987437  0.718750 0.984375
36  2.422617 -24.373627 6.711542  0.000000 0.000000 1.000000  0.968750 0.531250
reticle.bmp
36  2.422617 -24.373627 6.711542  0.000000 0.000000 1.000000  0.968750 0.531250
36  3.272617 -23.503628 6.711542  0.000000 0.158012 0.987437  0.718750 0.984375
36  2.422617 -23.503628 6.711542  -0.000037 0.315944 0.948778  0.718750 0.531250
reticle.bmp
36  3.272617 -23.503628 6.711542  0.000000 0.158012 0.987437  0.718750 0.984375
36  3.272617 -23.053627 6.471542  0.000000 0.315971 0.948769  0.546875 0.843750
36  2.422617 -23.503628 6.711542  -0.000037 0.315944 0.948778  0.718750 0.531250
reticle.bmp
36  2.422617 -23.503628 6.711542  -0.000037 0.315944 0.948778  0.718750 0.531250
36  3.272617 -23.053627 6.471542  0.000000 0.315971 0.948769  0.546875 0.843750
36  2.422617 -23.053627 6.471542  0.000000 0.158610 0.987341  0.546875 0.359375
reticle.bmp
36  3.272617 -23.053627 6.471542  0.000000 0.315971 0.948769  0.546875 0.843750
36  3.272617 -22.283628 6.471542  0.000000 0.000000 1.000000  0.296875 0.843750
36  2.422617 -23.053627 6.471542  0.000000 0.158610 0.987341  0.546875 0.359375
reticle.bmp
36  2.422617 -23.053627 6.471542  0.000000 0.158610 0.987341  0.546875 0.359375
36  3.272617 -22.283628 6.471542  0.000000 0.000000 1.000000  0.296875 0.843750
36  2.422617 -22.283628 6.471542  0.000000 0.000000 1.000000  0.296875 0.359375
reticle.bmp
36  2.632617 -22.263628 6.941542  -0.000001 0.999958 0.009204  0.046875 0.703125
36  2.712617 -22.263628 6.671542  -0.000000 0.999958 0.009204  0.125000 0.671875
36  2.542617 -22.263628 6.891542  0.000000 0.999958 0.009204  0.078125 0.765625
reticle.bmp
36  2.542617 -22.263628 6.891542  0.000000 0.999958 0.009204  0.078125 0.765625
36  2.712617 -22.263628 6.671542  -0.000000 0.999958 0.009204  0.125000 0.671875
36  2.542617 -22.263628 6.401542  0.000000 0.999958 0.009203  0.218750 0.765625
reticle.bmp
36  2.712617 -22.263628 6.671542  -0.000000 0.999958 0.009204  0.125000 0.671875
36  2.982617 -22.263628 6.671542  0.000008 0.999958 0.009205  0.125000 0.500000
36  2.542617 -22.263628 6.401542  0.000000 0.999958 0.009203  0.218750 0.765625
reticle.bmp
36  2.542617 -22.263628 6.401542  0.000000 0.999958 0.009203  0.218750 0.765625
36  2.982617 -22.263628 6.671542  0.000008 0.999958 0.009205  0.125000 0.500000
36  3.152617 -22.263628 6.401542  0.000000 0.999958 0.009202  0.218750 0.421875
reticle.bmp
36  2.982617 -22.263628 6.671542  0.000008 0.999958 0.009205  0.125000 0.500000
36  3.152617 -22.263628 6.861542  -0.000000 0.999958 0.009214  0.062500 0.421875
36  3.152617 -22.263628 6.401542  0.000000 0.999958 0.009202  0.218750 0.421875
reticle.bmp
36  3.152617 -22.673628 6.861542  0.000000 -0.999998 -0.002205  0.062500 0.421875
36  2.982617 -22.673628 6.671542  0.000000 -0.999998 -0.002203  0.125000 0.500000
36  3.152617 -22.673628 6.401542  -0.000000 -0.999998 -0.002198  0.218750 0.421875
reticle.bmp
36  3.152617 -22.673628 6.401542  -0.000000 -0.999998 -0.002198  0.218750 0.421875
36  2.982617 -22.673628 6.671542  0.000000 -0.999998 -0.002203  0.125000 0.500000
36  2.542617 -22.673628 6.401542  0.000000 -0.999998 -0.002205  0.218750 0.765625
reticle.bmp
36  2.982617 -22.673628 6.671542  0.000000 -0.999998 -0.002203  0.125000 0.500000
36  2.712617 -22.673628 6.671542  0.000000 -0.999998 -0.002211  0.125000 0.671875
36  2.542617 -22.673628 6.401542  0.000000 -0.999998 -0.002205  0.218750 0.765625
reticle.bmp
36  2.542617 -22.673628 6.401542  0.000000 -0.999998 -0.002205  0.218750 0.765625
36  2.712617 -22.673628 6.671542  0.000000 -0.999998 -0.002211  0.125000 0.671875
36  2.542617 -22.673628 6.891542  0.000000 -0.999998 -0.002205  0.078125 0.765625
reticle.bmp
36  2.712617 -22.673628 6.671542  0.000000 -0.999998 -0.002211  0.125000 0.671875
36  2.632617 -22.673628 6.941542  -0.000001 -0.999998 -0.002205  0.046875 0.703125
36  2.542617 -22.673628 6.891542  0.000000 -0.999998 -0.002205  0.078125 0.765625
reticle.bmp
36  2.422617 -23.503628 6.711542  -1.000000 0.000000 0.000000  0.718750 0.531250
36  2.422617 -23.053627 6.471542  -1.000000 -0.000000 0.000000  0.546875 0.359375
36  2.422617 -24.373627 6.711542  -1.000000 -0.000000 0.000000  0.968750 0.531250
reticle.bmp
36  2.422617 -24.373627 6.711542  -1.000000 -0.000000 0.000000  0.968750 0.531250
36  2.422617 -23.053627 6.471542  -1.000000 -0.000000 0.000000  0.546875 0.359375
36  2.422617 -24.373627 5.841542  -1.000000 -0.000000 0.000000  0.968750 0.015625
reticle.bmp
36  2.422617 -23.053627 6.471542  -1.000000 -0.000000 0.000000  0.546875 0.359375
36  2.422617 -22.283628 6.471542  -1.000000 0.000000 0.000000  0.296875 0.359375
36  2.422617 -24.373627 5.841542  -1.000000 -0.000000 0.000000  0.968750 0.015625
reticle.bmp
36  3.272617 -22.283628 6.471542  1.000000 -0.000000 0.000000  0.281250 0.359375
36  3.272617 -23.053627 6.471542  1.000000 0.000000 -0.000000  0.546875 0.359375
36  3.272617 -24.373627 5.841541  1.000000 0.000000 -0.000001  0.968750 0.015625
reticle.bmp
36  3.272617 -24.373627 5.841541  1.000000 0.000000 -0.000001  0.968750 0.015625
36  3.272617 -23.053627 6.471542  1.000000 0.000000 -0.000000  0.546875 0.359375
36  3.272618 -24.373627 6.711542  1.000000 0.000000 -0.000001  0.968750 0.531250
reticle.bmp
36  3.272617 -23.053627 6.471542  1.000000 0.000000 -0.000000  0.546875 0.359375
36  3.272617 -23.503628 6.711542  1.000000 0.000001 0.000002  0.718750 0.531250
36  3.272618 -24.373627 6.711542  1.000000 0.000000 -0.000001  0.968750 0.531250
reticle.bmp
36  2.422617 -24.373627 5.841542  -0.000001 0.000000 -1.000000  0.968750 0.015625
36  2.422617 -22.273628 5.841542  -0.000000 0.000000 -1.000000  0.281250 0.015625
36  3.272617 -24.373627 5.841541  -0.000001 0.000000 -1.000000  0.968750 0.015625
reticle.bmp
36  3.272617 -24.373627 5.841541  -0.000001 0.000000 -1.000000  0.968750 0.015625
36  2.422617 -22.273628 5.841542  -0.000000 0.000000 -1.000000  0.281250 0.015625
36  3.272617 -22.273628 5.841542  0.000000 0.000000 -1.000000  0.281250 0.015625
reticle.bmp
36  2.422617 -24.373627 6.711542  0.000000 -0.999998 -0.002205  0.968750 0.531250
36  2.422617 -24.373627 5.841542  0.000000 -0.999998 -0.002205  0.968750 0.015625
36  3.272618 -24.373627 6.711542  -0.000000 -0.999998 -0.002205  0.968750 0.531250
reticle.bmp
36  3.272618 -24.373627 6.711542  -0.000000 -0.999998 -0.002205  0.968750 0.531250
36  2.422617 -24.373627 5.841542  0.000000 -0.999998 -0.002205  0.968750 0.015625
36  3.272617 -24.373627 5.841541  -0.000000 -0.999998 -0.002205  0.968750 0.015625
reticle.bmp
36  2.422617 -22.273628 5.841542  0.000000 0.999958 0.009214  0.000000 0.015625
36  2.422617 -22.283628 6.471542  -0.000000 0.999958 0.009211  0.000000 0.375000
36  3.272617 -22.273628 5.841542  -0.000000 0.999958 0.009209  0.281250 0.015625
reticle.bmp
36  3.272617 -22.273628 5.841542  -0.000000 0.999958 0.009209  0.281250 0.015625
36  2.422617 -22.283628 6.471542  -0.000000 0.999958 0.009211  0.000000 0.375000
36  3.272617 -22.283628 6.471542  0.000000 0.999958 0.009207  0.281250 0.375000
reticle.bmp
36  2.542617 -22.263628 6.401542  0.000000 0.000000 -1.000000  0.218750 0.765625
36  3.152617 -22.263628 6.401542  0.000000 0.000000 -1.000000  0.218750 0.421875
36  2.542617 -22.673628 6.401542  0.000000 0.000000 -1.000000  0.218750 0.765625
reticle.bmp
36  2.542617 -22.673628 6.401542  0.000000 0.000000 -1.000000  0.218750 0.765625
36  3.152617 -22.263628 6.401542  0.000000 0.000000 -1.000000  0.218750 0.421875
36  3.152617 -22.673628 6.401542  0.000000 0.000000 -1.000000  0.218750 0.421875
reticle.bmp
36  2.542617 -22.263628 6.891542  -1.000000 0.000000 0.000000  0.078125 0.765625
36  2.542617 -22.263628 6.401542  -1.000000 0.000000 0.000000  0.218750 0.765625
36  2.542617 -22.673628 6.891542  -1.000000 0.000000 0.000000  0.078125 0.937500
reticle.bmp
36  2.542617 -22.673628 6.891542  -1.000000 0.000000 0.000000  0.078125 0.937500
36  2.542617 -22.263628 6.401542  -1.000000 0.000000 0.000000  0.218750 0.765625
36  2.542617 -22.673628 6.401542  -1.000000 0.000000 0.000000  0.218750 0.937500
reticle.bmp
36  2.632617 -22.263628 6.941542  -0.393043 -0.000005 0.919520  0.046875 0.703125
36  2.542617 -22.263628 6.891542  -0.393041 0.000000 0.919521  0.078125 0.765625
36  2.632617 -22.673628 6.941542  -0.393035 0.000005 0.919524  0.031250 0.875000
reticle.bmp
36  2.632617 -22.673628 6.941542  -0.393035 0.000005 0.919524  0.031250 0.875000
36  2.542617 -22.263628 6.891542  -0.393041 0.000000 0.919521  0.078125 0.765625
36  2.542617 -22.673628 6.891542  -0.393034 0.000000 0.919524  0.078125 0.937500
reticle.bmp
36  2.712617 -22.263628 6.671542  0.915755 0.000000 0.401738  0.562500 0.375000
36  2.632617 -22.263628 6.941542  0.915755 -0.000006 0.401738  0.640625 0.453125
36  2.712617 -22.673628 6.671542  0.915754 -0.000000 0.401738  0.562500 0.531250
reticle.bmp
36  2.712617 -22.673628 6.671542  0.915754 -0.000000 0.401738  0.562500 0.531250
36  2.632617 -22.263628 6.941542  0.915755 -0.000006 0.401738  0.640625 0.453125
36  2.632617 -22.673628 6.941542  0.915754 0.000006 0.401739  0.640625 0.609375
reticle.bmp
36  2.982617 -22.263628 6.671542  0.000000 0.000000 1.000000  0.406250 0.375000
36  2.712617 -22.263628 6.671542  0.000000 0.000000 1.000000  0.562500 0.375000
36  2.982617 -22.673628 6.671542  0.000000 0.000000 1.000000  0.406250 0.531250
reticle.bmp
36  2.982617 -22.673628 6.671542  0.000000 0.000000 1.000000  0.406250 0.531250
36  2.712617 -22.263628 6.671542  0.000000 0.000000 1.000000  0.562500 0.375000
36  2.712617 -22.673628 6.671542  0.000000 0.000000 1.000000  0.562500 0.531250
reticle.bmp
36  3.042617 -22.263628 6.931542  -0.953099 -0.000004 0.302658  0.296875 0.375000
36  2.982617 -22.263628 6.671542  -0.953099 0.000000 0.302658  0.406250 0.375000
36  3.042617 -22.673628 6.931542  -0.953099 0.000004 0.302658  0.296875 0.531250
reticle.bmp
36  3.042617 -22.673628 6.931542  -0.953099 0.000004 0.302658  0.296875 0.531250
36  2.982617 -22.263628 6.671542  -0.953099 0.000000 0.302658  0.406250 0.375000
36  2.982617 -22.673628 6.671542  -0.953099 0.000000 0.302658  0.406250 0.531250
reticle.bmp
36  3.152617 -22.263628 6.861542  0.442246 0.000000 0.896894  0.062500 0.421875
36  3.042617 -22.263628 6.931542  0.442245 -0.000005 0.896894  0.031250 0.453125
36  3.152617 -22.673628 6.861542  0.442243 -0.000000 0.896895  0.062500 0.421875
reticle.bmp
36  3.152617 -22.673628 6.861542  0.442243 -0.000000 0.896895  0.062500 0.421875
36  3.042617 -22.263628 6.931542  0.442245 -0.000005 0.896894  0.031250 0.453125
36  3.042617 -22.673628 6.931542  0.442242 0.000068 0.896896  0.031250 0.453125
reticle.bmp
36  3.152617 -22.263628 6.401542  1.000000 0.000000 0.000000  0.218750 0.421875
36  3.152617 -22.263628 6.861542  1.000000 0.000000 0.000000  0.062500 0.421875
36  3.152617 -22.673628 6.401542  1.000000 0.000000 0.000000  0.218750 0.421875
reticle.bmp
36  3.152617 -22.673628 6.401542  1.000000 0.000000 0.000000  0.218750 0.421875
36  3.152617 -22.263628 6.861542  1.000000 0.000000 0.000000  0.062500 0.421875
36  3.152617 -22.673628 6.861542  1.000000 0.000000 0.000000  0.062500 0.421875
reticle.bmp
36  2.422617 -22.283628 6.471542  -1.000000 0.000000 0.000000  0.281250 0.375000
36  2.422617 -22.273628 5.841542  -1.000000 0.000000 0.000000  0.281250 0.015625
36  2.422617 -24.373627 5.841542  -1.000000 -0.000000 0.000000  0.968750 0.015625
reticle.bmp
36  3.272617 -22.283628 6.471542  1.000000 -0.000000 0.000000  0.281250 0.359375
36  3.272617 -24.373627 5.841541  1.000000 0.000000 -0.000001  0.968750 0.015625
36  3.272617 -22.273628 5.841542  1.000000 -0.000000 0.000000  0.281250 0.015625
reticle.bmp
36  2.982617 -22.263628 6.671542  0.000008 0.999958 0.009205  0.125000 0.500000
36  3.042617 -22.263628 6.931542  -0.000000 0.999958 0.009171  0.031250 0.453125
36  3.152617 -22.263628 6.861542  -0.000000 0.999958 0.009214  0.062500 0.421875
reticle.bmp
36  2.982617 -22.673628 6.671542  0.000000 -0.999998 -0.002203  0.125000 0.500000
36  3.152617 -22.673628 6.861542  0.000000 -0.999998 -0.002205  0.062500 0.421875
36  3.042617 -22.673628 6.931542  -0.000001 -0.999998 -0.002205  0.031250 0.453125
handle.bmp
36  2.512616 -14.463628 4.201543  -0.447994 0.825784 -0.342611  0.250000 0.984375
36  2.512616 -14.853627 3.261543  -0.822518 0.559829 0.100279  0.390625 0.734375
36  2.512616 -16.503628 4.201543  -0.893964 -0.448072 0.007665  0.968750 0.984375
handle.bmp
36  2.512616 -16.503628 4.201543  -0.893964 -0.448072 0.007665  0.968750 0.984375
36  2.512616 -14.853627 3.261543  -0.822518 0.559829 0.100279  0.390625 0.734375
36  2.512616 -16.513628 3.041543  -0.577627 -0.795335 -0.183820  0.968750 0.671875
handle.bmp
36  2.512616 -14.853627 3.261543  -0.822518 0.559829 0.100279  0.390625 0.734375
36  2.512615 -15.623627 2.011543  -0.719104 -0.597986 -0.353981  0.640625 0.390625
36  2.512616 -16.513628 3.041543  -0.577627 -0.795335 -0.183820  0.968750 0.671875
handle.bmp
36  2.512616 -16.513628 3.041543  -0.577627 -0.795335 -0.183820  0.968750 0.671875
36  2.512615 -15.623627 2.011543  -0.719104 -0.597986 -0.353981  0.640625 0.390625
36  3.182616 -16.513628 3.041543  0.577624 -0.724312 -0.376462  0.968750 0.671875
handle.bmp
36  2.512615 -15.623627 2.011543  -0.719104 -0.597986 -0.353981  0.640625 0.390625
36  3.182616 -15.623627 2.011543  0.719140 -0.653699 -0.235618  0.640625 0.390625
36  3.182616 -16.513628 3.041543  0.577624 -0.724312 -0.376462  0.968750 0.671875
handle.bmp
36  3.182616 -16.513628 3.041543  0.577624 -0.724312 -0.376462  0.968750 0.671875
36  3.182616 -15.623627 2.011543  0.719140 -0.653699 -0.235618  0.640625 0.390625
36  3.182616 -14.853627 3.261543  0.822501 0.564617 -0.068557  0.390625 0.734375
handle.bmp
36  3.182616 -15.623627 2.011543  0.719140 -0.653699 -0.235618  0.640625 0.390625
36  3.182615 -13.783627 1.081543  0.707079 0.636234 0.308619  0.015625 0.140625
36  3.182616 -14.853627 3.261543  0.822501 0.564617 -0.068557  0.390625 0.734375
handle.bmp
36  3.182616 -14.853627 3.261543  0.822501 0.564617 -0.068557  0.390625 0.734375
36  3.182615 -13.783627 1.081543  0.707079 0.636234 0.308619  0.015625 0.140625
36  2.512616 -14.853627 3.261543  -0.822518 0.559829 0.100279  0.390625 0.734375
handle.bmp
36  3.182615 -13.783627 1.081543  0.707079 0.636234 0.308619  0.015625 0.140625
36  2.512615 -13.783627 1.081543  -0.894424 0.402409 0.195123  0.015625 0.140625
36  2.512616 -14.853627 3.261543  -0.822518 0.559829 0.100279  0.390625 0.734375
handle.bmp
36  2.512616 -14.853627 3.261543  -0.822518 0.559829 0.100279  0.390625 0.734375
36  2.512615 -13.783627 1.081543  -0.894424 0.402409 0.195123  0.015625 0.140625
36  2.512615 -15.623627 2.011543  -0.719104 -0.597986 -0.353981  0.640625 0.390625
handle.bmp
36  2.512615 -13.783627 1.081543  -0.894424 0.402409 0.195123  0.015625 0.140625
36  2.512615 -15.403627 0.681543  -0.448023 -0.882037 -0.145900  0.562500 0.015625
36  2.512615 -15.623627 2.011543  -0.719104 -0.597986 -0.353981  0.640625 0.390625
handle.bmp
36  2.512615 -15.623627 2.011543  -0.719104 -0.597986 -0.353981  0.640625 0.390625
36  2.512615 -15.403627 0.681543  -0.448023 -0.882037 -0.145900  0.562500 0.015625
36  3.182616 -15.623627 2.011543  0.719140 -0.653699 -0.235618  0.640625 0.390625
handle.bmp
36  2.512615 -15.403627 0.681543  -0.448023 -0.882037 -0.145900  0.562500 0.015625
36  3.182615 -15.403626 0.681543  0.707063 -0.697704 -0.115201  0.562500 0.015625
36  3.182616 -15.623627 2.011543  0.719140 -0.653699 -0.235618  0.640625 0.390625
handle.bmp
36  3.182616 -15.623627 2.011543  0.719140 -0.653699 -0.235618  0.640625 0.390625
36  3.182615 -15.403626 0.681543  0.707063 -0.697704 -0.115201  0.562500 0.015625
36  3.182615 -13.783627 1.081543  0.707079 0.636234 0.308619  0.015625 0.140625
handle.bmp
36  3.182616 -16.503628 4.201543  0.707097 -0.707079 0.007294  0.968750 0.984375
36  3.182616 -14.853627 3.261543  0.822501 0.564617 -0.068557  0.390625 0.734375
36  3.182616 -14.463628 4.201543  0.706458 0.653184 -0.272522  0.250000 0.984375
handle.bmp
36  3.182616 -16.503628 4.201543  0.707097 -0.707079 0.007294  0.968750 0.984375
36  3.182616 -16.513628 3.041543  0.577624 -0.724312 -0.376462  0.968750 0.671875
36  3.182616 -14.853627 3.261543  0.822501 0.564617 -0.068557  0.390625 0.734375
handle.bmp
36  3.182616 -16.503628 4.201543  0.707097 -0.707079 0.007294  0.968750 0.984375
36  2.512616 -16.513628 3.041543  -0.577627 -0.795335 -0.183820  0.968750 0.671875
36  3.182616 -16.513628 3.041543  0.577624 -0.724312 -0.376462  0.968750 0.671875
handle.bmp
36  3.182616 -16.503628 4.201543  0.707097 -0.707079 0.007294  0.968750 0.984375
36  2.512616 -16.503628 4.201543  -0.893964 -0.448072 0.007665  0.968750 0.984375
36  2.512616 -16.513628 3.041543  -0.577627 -0.795335 -0.183820  0.968750 0.671875
handle.bmp
36  2.512616 -14.853627 3.261543  -0.822518 0.559829 0.100279  0.390625 0.734375
36  2.512616 -14.463628 4.201543  -0.447994 0.825784 -0.342611  0.250000 0.984375
36  3.182616 -14.853627 3.261543  0.822501 0.564617 -0.068557  0.390625 0.734375
handle.bmp
36  3.182616 -14.853627 3.261543  0.822501 0.564617 -0.068557  0.390625 0.734375
36  2.512616 -14.463628 4.201543  -0.447994 0.825784 -0.342611  0.250000 0.984375
36  3.182616 -14.463628 4.201543  0.706458 0.653184 -0.272522  0.250000 0.984375
handle.bmp
36  2.512615 -15.403627 0.681543  -0.000000 0.239714 -0.970843  0.562500 0.015625
36  2.512615 -13.783627 1.081543  -0.000000 0.241203 -0.970475  0.015625 0.140625
36  3.182615 -15.403626 0.681543  0.000000 0.240878 -0.970555  0.562500 0.015625
handle.bmp
36  3.182615 -15.403626 0.681543  0.000000 0.240878 -0.970555  0.562500 0.015625
36  2.512615 -13.783627 1.081543  -0.000000 0.241203 -0.970475  0.015625 0.140625
36  3.182615 -13.783627 1.081543  -0.000000 0.241017 -0.970521  0.015625 0.140625
handle.bmp
36  2.512616 -14.463628 4.201543  0.000000 0.000000 1.000000  0.250000 0.984375
36  2.512616 -16.503628 4.201543  0.000000 0.000000 1.000000  0.968750 0.984375
36  3.182616 -14.463628 4.201543  0.000000 0.000000 1.000000  0.250000 0.984375
handle.bmp
36  3.182616 -14.463628 4.201543  0.000000 0.000000 1.000000  0.250000 0.984375
36  2.512616 -16.503628 4.201543  0.000000 0.000000 1.000000  0.968750 0.984375
36  3.182616 -16.503628 4.201543  0.000000 0.000000 1.000000  0.968750 0.984375
magazine.bmp
40  3.162616 -19.578735 2.803601  0.847279 0.491650 0.200993  0.234375 0.734375
40  2.532616 -21.588736 3.163601  -0.961389 -0.270324 -0.051531  0.968750 0.781250
40  2.532616 -19.578735 2.803601  -0.685321 0.706378 0.177105  0.234375 0.734375
magazine.bmp
40  2.532616 -19.578735 2.803601  -0.685321 0.706378 0.177105  0.234375 0.734375
40  2.532616 -19.328735 4.603601  0.000000 0.990793 -0.135383  0.234375 0.992188
40  3.162616 -19.578735 2.803601  0.847279 0.491650 0.200993  0.000000 0.734375
magazine.bmp
40  3.162616 -19.578735 2.803601  0.847279 0.491650 0.200993  0.000000 0.734375
40  2.532616 -19.328735 4.603601  0.000000 0.990793 -0.135383  0.234375 0.992188
40  3.162616 -19.328735 4.603601  -0.000000 0.990780 -0.135478  0.000000 0.992188
magazine.bmp
40  3.162616 -21.588736 3.163601  0.136806 -0.939184 0.314987  0.968750 0.781250
40  3.162617 -21.478735 4.603601  -0.000000 -0.997462 0.071196  0.968750 0.992188
40  2.532616 -21.588736 3.163601  -0.961389 -0.270324 -0.051531  0.968750 0.781250
magazine.bmp
40  2.532616 -21.588736 3.163601  -0.961389 -0.270324 -0.051531  0.968750 0.781250
40  3.162617 -21.478735 4.603601  -0.000000 -0.997462 0.071196  0.968750 0.992188
40  2.532617 -21.478735 4.603601  -0.000000 -0.997462 0.071197  0.968750 0.992188
magazine.bmp
40  2.532616 -21.588736 3.163601  -0.961389 -0.270324 -0.051531  0.968750 0.781250
40  2.532617 -21.478735 4.603601  -1.000000 -0.000000 0.000000  0.968750 0.992188
40  2.532616 -19.578735 2.803601  -0.685321 0.706378 0.177105  0.234375 0.734375
magazine.bmp
40  2.532616 -19.578735 2.803601  -0.685321 0.706378 0.177105  0.234375 0.734375
40  2.532617 -21.478735 4.603601  -1.000000 -0.000000 0.000000  0.968750 0.992188
40  2.532616 -19.328735 4.603601  -1.000000 -0.000000 0.000000  0.234375 0.992188
magazine.bmp
40  3.162616 -21.588736 3.163601  0.136806 -0.939184 0.314987  0.968750 0.781250
40  3.162616 -19.578735 2.803601  0.847279 0.491650 0.200993  0.234375 0.734375
40  3.162617 -21.478735 4.603601  1.000000 0.000000 -0.000000  0.968750 0.992188
magazine.bmp
40  3.162616 -19.578735 2.803601  0.847279 0.491650 0.200993  0.234375 0.734375
40  3.162616 -19.328735 4.603601  1.000000 0.000000 -0.000000  0.234375 0.992188
40  3.162617 -21.478735 4.603601  1.000000 0.000000 -0.000000  0.968750 0.992188
magazine.bmp
40  2.532616 -19.328735 4.603601  0.000000 0.000000 1.000000  0.234375 0.992188
40  2.532617 -21.478735 4.603601  0.000000 0.000000 1.000000  0.968750 0.992188
40  3.162616 -19.328735 4.603601  0.000000 0.000000 1.000000  0.234375 0.992188
magazine.bmp
40  3.162616 -19.328735 4.603601  0.000000 0.000000 1.000000  0.234375 0.992188
40  2.532617 -21.478735 4.603601  0.000000 0.000000 1.000000  0.968750 0.992188
40  3.162617 -21.478735 4.603601  0.000000 0.000000 1.000000  0.968750 0.992188
wood.bmp
40  2.839549 -19.526205 0.702578  0.382685 0.917101 -0.111705  0.750000 0.400000
40  3.780262 -19.737125 2.193662  0.382685 0.917101 -0.111705  0.625000 0.600000
40  3.780262 -19.913004 0.749690  0.382685 0.917101 -0.111705  0.625000 0.400000
wood.bmp
40  2.839549 -20.172922 -0.404180  0.355443 0.807019 -0.471572  0.750000 0.200000
40  3.780262 -19.913004 0.749690  0.355443 0.807019 -0.471572  0.625000 0.400000
40  3.420942 -20.411976 -0.375062  0.355443 0.807019 -0.471572  0.625000 0.200000
wood.bmp
40  2.839549 -19.350328 2.146549  0.453521 0.890590 -0.034182  0.750000 0.600000
40  3.420942 -19.598087 3.405304  0.453523 0.890589 -0.034178  0.625000 0.800000
40  3.780262 -19.737125 2.193662  0.453522 0.890590 -0.034180  0.625000 0.600000
wood.bmp
40  3.420942 -20.411976 -0.375062  0.858116 0.308035 -0.410793  0.625000 0.200000
40  4.169918 -20.846815 0.863430  0.858116 0.308035 -0.410793  0.500000 0.400000
40  3.661762 -20.989103 -0.304767  0.858116 0.308035 -0.410793  0.500000 0.200000
wood.bmp
40  3.780262 -19.737125 2.193662  0.898138 0.332173 0.288112  0.625000 0.600000
40  3.661762 -20.528650 3.475599  0.898137 0.332165 0.288125  0.500000 0.800000
40  4.169918 -20.670938 2.307401  0.898138 0.332169 0.288118  0.500000 0.600000
wood.bmp
40  3.780262 -19.913004 0.749690  0.923879 0.379876 -0.046269  0.625000 0.400000
40  4.169918 -20.670938 2.307401  0.923879 0.379876 -0.046269  0.500000 0.600000
40  4.169918 -20.846815 0.863430  0.923879 0.379876 -0.046269  0.500000 0.400000
wood.bmp
40  3.661762 -20.989103 -0.304767  0.858117 -0.397636 -0.324839  0.500000 0.200000
40  3.780262 -21.780626 0.977170  0.858117 -0.397636 -0.324839  0.375000 0.400000
40  3.420942 -21.566231 -0.234473  0.858117 -0.397636 -0.324839  0.375000 0.200000
wood.bmp
40  4.169918 -20.670938 2.307401  0.890507 -0.264604 0.370111  0.500000 0.600000
40  3.420942 -21.459213 3.545894  0.890505 -0.264606 0.370114  0.375000 0.800000
40  3.780262 -21.604748 2.421141  0.890503 -0.264608 0.370118  0.375000 0.600000
wood.bmp
40  4.169918 -20.846815 0.863430  0.923880 -0.379876 0.046270  0.500000 0.400000
40  3.780262 -21.604748 2.421141  0.923880 -0.379876 0.046270  0.375000 0.600000
40  3.780262 -21.780626 0.977170  0.923880 -0.379876 0.046270  0.375000 0.400000
wood.bmp
40  3.420942 -21.566231 -0.234473  0.355446 -0.896621 -0.264062  0.375000 0.200000
40  2.839549 -22.167425 1.024282  0.355446 -0.896621 -0.264062  0.250000 0.400000
40  2.839549 -21.805286 -0.205355  0.355446 -0.896621 -0.264062  0.250000 0.200000
wood.bmp
40  3.780262 -21.604748 2.421141  0.451882 -0.872248 0.187046  0.375000 0.600000
40  2.839549 -21.844666 3.575011  0.451884 -0.872247 0.187043  0.250000 0.800000
40  2.839549 -21.991549 2.468254  0.451877 -0.872250 0.187052  0.250000 0.600000
wood.bmp
40  3.780262 -21.780626 0.977170  0.382685 -0.917101 0.111705  0.375000 0.400000
40  2.839549 -21.991549 2.468254  0.382685 -0.917101 0.111705  0.250000 0.600000
40  2.839549 -22.167425 1.024282  0.382685 -0.917101 0.111705  0.250000 0.400000
wood.bmp
40  2.839549 -21.805286 -0.205355  -0.355445 -0.896620 -0.264068  0.250000 0.200000
40  1.898836 -21.780626 0.977170  -0.355445 -0.896620 -0.264068  0.125000 0.400000
40  2.258157 -21.566231 -0.234473  -0.355445 -0.896620 -0.264068  0.125000 0.200000
wood.bmp
40  2.839549 -21.991549 2.468254  -0.451879 -0.872243 0.187077  0.250000 0.600000
40  2.258157 -21.459213 3.545894  -0.451884 -0.872239 0.187085  0.125000 0.800000
40  1.898836 -21.604748 2.421141  -0.451882 -0.872240 0.187081  0.125000 0.600000
wood.bmp
40  2.839549 -22.167425 1.024282  -0.382685 -0.917101 0.111705  0.250000 0.400000
40  1.898836 -21.604748 2.421141  -0.382685 -0.917101 0.111705  0.125000 0.600000
40  1.898836 -21.780626 0.977170  -0.382685 -0.917101 0.111705  0.125000 0.400000
wood.bmp
40  2.258157 -21.566231 -0.234473  -0.858117 -0.397637 -0.324840  0.125000 0.200000
40  1.509180 -20.846815 0.863430  -0.858117 -0.397637 -0.324840  0.000000 0.400000
40  2.017336 -20.989103 -0.304767  -0.858117 -0.397637 -0.324840  0.000000 0.200000
wood.bmp
40  1.898836 -21.604748 2.421141  -0.890494 -0.264628 0.370125  0.125000 0.600000
40  2.017336 -20.528650 3.475599  -0.890493 -0.264619 0.370133  0.000000 0.800000
40  1.509180 -20.670938 2.307401  -0.890494 -0.264623 0.370129  0.000000 0.600000
wood.bmp
40  1.898836 -21.780626 0.977170  -0.923879 -0.379876 0.046269  0.125000 0.400000
40  1.509180 -20.670938 2.307401  -0.923879 -0.379876 0.046269  0.000000 0.600000
40  1.509180 -20.846815 0.863430  -0.923879 -0.379876 0.046269  0.000000 0.400000
wood.bmp
40  2.017336 -20.989103 -0.304767  -0.858117 0.308035 -0.410792  1.000000 0.200000
40  1.898836 -19.913004 0.749690  -0.858117 0.308035 -0.410792  0.875000 0.400000
40  2.258157 -20.411976 -0.375062  -0.858117 0.308035 -0.410792  0.875000 0.200000
wood.bmp
40  1.509180 -20.670938 2.307401  -0.898138 0.332183 0.288102  1.000000 0.600000
40  2.258157 -19.598087 3.405304  -0.898141 0.332178 0.288097  0.875000 0.800000
40  1.898836 -19.737125 2.193662  -0.898137 0.332184 0.288103  0.875000 0.600000
wood.bmp
40  1.509180 -20.846815 0.863430  -0.923879 0.379876 -0.046270  1.000000 0.400000
40  1.898836 -19.737125 2.193662  -0.923879 0.379876 -0.046270  0.875000 0.600000
40  1.898836 -19.913004 0.749690  -0.923879 0.379876 -0.046270  0.875000 0.400000
wood.bmp
40  2.258157 -20.411976 -0.375062  -0.126958 0.190135 -0.973514  0.875000 0.200000
40  3.420942 -20.411976 -0.375062  0.306435 0.011991 -0.951816  0.625000 0.200000
40  3.420942 -21.566231 -0.234473  0.126956 -0.418261 -0.899411  0.375000 0.200000
wood.bmp
40  2.258157 -20.411976 -0.375062  -0.355443 0.807019 -0.471573  0.875000 0.200000
40  2.839549 -19.526205 0.702578  -0.355443 0.807019 -0.471573  0.750000 0.400000
40  2.839549 -20.172922 -0.404180  -0.355443 0.807019 -0.471573  0.750000 0.200000
wood.bmp
40  1.898836 -19.737125 2.193662  -0.453528 0.890585 -0.034226  0.875000 0.600000
40  2.839549 -19.212631 3.376187  -0.453529 0.890584 -0.034227  0.750000 0.800000
40  2.839549 -19.350328 2.146549  -0.453524 0.890587 -0.034221  0.750000 0.600000
wood.bmp
40  1.898836 -19.913004 0.749690  -0.382685 0.917101 -0.111705  0.875000 0.400000
40  2.839549 -19.350328 2.146549  -0.382685 0.917101 -0.111705  0.750000 0.600000
40  2.839549 -19.526205 0.702578  -0.382685 0.917101 -0.111705  0.750000 0.400000
wood.bmp
40  3.661762 -20.528650 3.475599  0.309846 0.189017 0.931809  0.500000 0.800000
40  2.258157 -21.459213 3.545894  -0.177645 -0.208213 0.961816  0.125000 0.800000
40  3.420942 -21.459213 3.545894  0.322845 -0.004674 0.946440  0.375000 0.800000
wood.bmp
0  2.862266 -36.768906 4.822423  0.707113 0.003487 -0.707092  1.000000 0.500000
0  3.230438 -35.728409 5.195735  0.707113 0.003487 -0.707092  0.750000 1.000000
0  3.230438 -36.772552 5.190586  0.707113 0.003487 -0.707092  0.750000 0.500000
wood.bmp
0  3.230438 -36.772552 5.190586  0.707111 -0.003487 0.707094  0.750000 0.500000
0  2.862266 -35.732063 5.563898  0.707111 -0.003487 0.707094  0.500000 1.000000
0  2.862266 -36.776207 5.558749  0.707111 -0.003487 0.707094  0.500000 0.500000
wood.bmp
0  3.230438 -35.728409 5.195735  0.000000 0.999951 0.009920  0.490000 0.250000
0  2.494095 -35.728409 5.195735  0.000000 0.999951 0.009920  0.010000 0.250000
0  2.862266 -35.732063 5.563898  0.000000 0.999951 0.009920  0.250000 0.010000
wood.bmp
0  2.862266 -36.776207 5.558749  -0.707112 -0.003487 0.707093  0.500000 0.500000
0  2.494095 -35.728409 5.195735  -0.707112 -0.003487 0.707093  0.250000 1.000000
0  2.494095 -36.772552 5.190586  -0.707112 -0.003487 0.707093  0.250000 0.500000
wood.bmp
0  2.494095 -36.772552 5.190586  -0.707111 0.003487 -0.707094  0.250000 0.500000
0  2.862266 -35.724754 4.827572  -0.707111 0.003487 -0.707094  0.000000 1.000000
0  2.862266 -36.768906 4.822423  -0.707111 0.003487 -0.707094  0.000000 0.500000
wood.bmp
0  2.862266 -36.768906 4.822423  -0.000010 -0.999951 -0.009920  0.750000 0.490000
0  2.862266 -36.776207 5.558749  -0.000010 -0.999951 -0.009920  0.750000 0.010000
0  2.494095 -36.772552 5.190586  -0.000010 -0.999951 -0.009920  0.510000 0.250000
magazine.bmp
40  3.162616 -19.578735 2.803601  0.847279 0.491650 0.200993  0.234375 0.734375
40  3.162616 -21.588736 3.163601  0.136806 -0.939184 0.314987  0.968750 0.781250
40  2.532616 -21.588736 3.163601  -0.961389 -0.270324 -0.051531  0.968750 0.781250
wood.bmp
40  2.839549 -19.526205 0.702578  0.382683 0.917102 -0.111702  0.750000 0.400000
40  2.839549 -19.350328 2.146549  0.382683 0.917102 -0.111702  0.750000 0.600000
40  3.780262 -19.737125 2.193662  0.382683 0.917102 -0.111702  0.625000 0.600000
wood.bmp
40  2.839549 -20.172922 -0.404180  0.355444 0.807020 -0.471570  0.750000 0.200000
40  2.839549 -19.526205 0.702578  0.355444 0.807020 -0.471570  0.750000 0.400000
40  3.780262 -19.913004 0.749690  0.355444 0.807020 -0.471570  0.625000 0.400000
wood.bmp
40  2.839549 -19.350328 2.146549  0.453562 0.890568 -0.034195  0.750000 0.600000
40  2.839549 -19.212631 3.376187  0.453557 0.890571 -0.034205  0.750000 0.800000
40  3.420942 -19.598087 3.405304  0.453560 0.890569 -0.034199  0.625000 0.800000
wood.bmp
40  3.420942 -20.411976 -0.375062  0.858117 0.308036 -0.410791  0.625000 0.200000
40  3.780262 -19.913004 0.749690  0.858117 0.308036 -0.410791  0.625000 0.400000
40  4.169918 -20.846815 0.863430  0.858117 0.308036 -0.410791  0.500000 0.400000
wood.bmp
40  3.780262 -19.737125 2.193662  0.898159 0.332133 0.288093  0.625000 0.600000
40  3.420942 -19.598087 3.405304  0.898159 0.332129 0.288099  0.625000 0.800000
40  3.661762 -20.528650 3.475599  0.898158 0.332128 0.288102  0.500000 0.800000
wood.bmp
40  3.780262 -19.913004 0.749690  0.923880 0.379875 -0.046269  0.625000 0.400000
40  3.780262 -19.737125 2.193662  0.923880 0.379875 -0.046269  0.625000 0.600000
40  4.169918 -20.670938 2.307401  0.923880 0.379875 -0.046269  0.500000 0.600000
wood.bmp
40  3.661762 -20.989103 -0.304767  0.858117 -0.397637 -0.324840  0.500000 0.200000
40  4.169918 -20.846815 0.863430  0.858117 -0.397637 -0.324840  0.500000 0.400000
40  3.780262 -21.780626 0.977170  0.858117 -0.397637 -0.324840  0.375000 0.400000
wood.bmp
40  4.169918 -20.670938 2.307401  0.890506 -0.264576 0.370133  0.500000 0.600000
40  3.661762 -20.528650 3.475599  0.890506 -0.264576 0.370133  0.500000 0.800000
40  3.420942 -21.459213 3.545894  0.890505 -0.264578 0.370135  0.375000 0.800000
wood.bmp
40  4.169918 -20.846815 0.863430  0.923879 -0.379877 0.046268  0.500000 0.400000
40  4.169918 -20.670938 2.307401  0.923879 -0.379877 0.046268  0.500000 0.600000
40  3.780262 -21.604748 2.421141  0.923879 -0.379877 0.046268  0.375000 0.600000
wood.bmp
40  3.420942 -21.566231 -0.234473  0.355445 -0.896621 -0.264065  0.375000 0.200000
40  3.780262 -21.780626 0.977170  0.355445 -0.896621 -0.264065  0.375000 0.400000
40  2.839549 -22.167425 1.024282  0.355445 -0.896621 -0.264065  0.250000 0.400000
wood.bmp
40  3.780262 -21.604748 2.421141  0.451925 -0.872222 0.187063  0.375000 0.600000
40  3.420942 -21.459213 3.545894  0.451920 -0.872223 0.187069  0.375000 0.800000
40  2.839549 -21.844666 3.575011  0.451917 -0.872224 0.187072  0.250000 0.800000
wood.bmp
40  3.780262 -21.780626 0.977170  0.382687 -0.917101 0.111702  0.375000 0.400000
40  3.780262 -21.604748 2.421141  0.382687 -0.917101 0.111702  0.375000 0.600000
40  2.839549 -21.991549 2.468254  0.382687 -0.917101 0.111702  0.250000 0.600000
wood.bmp
40  2.839549 -21.805286 -0.205355  -0.355445 -0.896622 -0.264059  0.250000 0.200000
40  2.839549 -22.167425 1.024282  -0.355445 -0.896622 -0.264059  0.250000 0.400000
40  1.898836 -21.780626 0.977170  -0.355445 -0.896622 -0.264059  0.125000 0.400000
wood.bmp
40  2.839549 -21.991549 2.468254  -0.451942 -0.872217 0.187046  0.250000 0.600000
40  2.839549 -21.844666 3.575011  -0.451937 -0.872221 0.187037  0.250000 0.800000
40  2.258157 -21.459213 3.545894  -0.451939 -0.872220 0.187040  0.125000 0.800000
wood.bmp
40  2.839549 -22.167425 1.024282  -0.382686 -0.917101 0.111702  0.250000 0.400000
40  2.839549 -21.991549 2.468254  -0.382686 -0.917101 0.111702  0.250000 0.600000
40  1.898836 -21.604748 2.421141  -0.382686 -0.917101 0.111702  0.125000 0.600000
wood.bmp
40  2.258157 -21.566231 -0.234473  -0.858117 -0.397637 -0.324838  0.125000 0.200000
40  1.898836 -21.780626 0.977170  -0.858117 -0.397637 -0.324838  0.125000 0.400000
40  1.509180 -20.846815 0.863430  -0.858117 -0.397637 -0.324838  0.000000 0.400000
wood.bmp
40  1.898836 -21.604748 2.421141  -0.890510 -0.264602 0.370104  0.125000 0.600000
40  2.258157 -21.459213 3.545894  -0.890510 -0.264597 0.370109  0.125000 0.800000
40  2.017336 -20.528650 3.475599  -0.890510 -0.264598 0.370108  0.000000 0.800000
wood.bmp
40  1.898836 -21.780626 0.977170  -0.923879 -0.379877 0.046269  0.125000 0.400000
40  1.898836 -21.604748 2.421141  -0.923879 -0.379877 0.046269  0.125000 0.600000
40  1.509180 -20.670938 2.307401  -0.923879 -0.379877 0.046269  0.000000 0.600000
wood.bmp
40  2.017336 -20.989103 -0.304767  -0.858116 0.308036 -0.410793  1.000000 0.200000
40  1.509180 -20.846815 0.863430  -0.858116 0.308036 -0.410793  1.000000 0.400000
40  1.898836 -19.913004 0.749690  -0.858116 0.308036 -0.410793  0.875000 0.400000
wood.bmp
40  1.509180 -20.670938 2.307401  -0.898141 0.332137 0.288147  1.000000 0.600000
40  2.017336 -20.528650 3.475599  -0.898144 0.332132 0.288142  1.000000 0.800000
40  2.258157 -19.598087 3.405304  -0.898142 0.332135 0.288145  0.875000 0.800000
wood.bmp
40  1.509180 -20.846815 0.863430  -0.923880 0.379876 -0.046268  1.000000 0.400000
40  1.509180 -20.670938 2.307401  -0.923880 0.379876 -0.046268  1.000000 0.600000
40  1.898836 -19.737125 2.193662  -0.923880 0.379876 -0.046268  0.875000 0.600000
wood.bmp
40  2.258157 -20.411976 -0.375062  -0.126948 0.190138 -0.973515  0.875000 0.200000
40  2.839549 -20.172922 -0.404180  0.126925 0.190147 -0.973517  0.750000 0.200000
40  3.420942 -20.411976 -0.375062  0.306457 0.011937 -0.951810  0.625000 0.200000
wood.bmp
40  3.420942 -20.411976 -0.375062  0.306450 0.011955 -0.951811  0.625000 0.200000
40  3.661762 -20.989103 -0.304767  0.306460 -0.240055 -0.921117  0.500000 0.200000
40  3.420942 -21.566231 -0.234473  0.126932 -0.418270 -0.899410  0.375000 0.200000
wood.bmp
40  3.420942 -21.566231 -0.234473  0.126935 -0.418270 -0.899410  0.375000 0.200000
40  2.839549 -21.805286 -0.205355  -0.126959 -0.418260 -0.899411  0.250000 0.200000
40  2.258157 -20.411976 -0.375062  -0.126982 0.190126 -0.973513  0.875000 0.200000
wood.bmp
40  2.839549 -21.805286 -0.205355  -0.126942 -0.418267 -0.899410  0.250000 0.200000
40  2.258157 -21.566231 -0.234473  -0.306442 -0.240099 -0.921111  0.125000 0.200000
40  2.258157 -20.411976 -0.375062  -0.126958 0.190136 -0.973514  0.875000 0.200000
wood.bmp
40  2.258157 -21.566231 -0.234473  -0.306450 -0.240078 -0.921114  0.125000 0.200000
40  2.017336 -20.989103 -0.304767  -0.306460 0.011932 -0.951809  1.000000 0.200000
40  2.258157 -20.411976 -0.375062  -0.126932 0.190147 -0.973515  0.875000 0.200000
wood.bmp
40  2.258157 -20.411976 -0.375062  -0.355445 0.807021 -0.471568  0.875000 0.200000
40  1.898836 -19.913004 0.749690  -0.355445 0.807021 -0.471568  0.875000 0.400000
40  2.839549 -19.526205 0.702578  -0.355445 0.807021 -0.471568  0.750000 0.400000
wood.bmp
40  1.898836 -19.737125 2.193662  -0.453589 0.890556 -0.034158  0.875000 0.600000
40  2.258157 -19.598087 3.405304  -0.453591 0.890555 -0.034161  0.875000 0.800000
40  2.839549 -19.212631 3.376187  -0.453583 0.890560 -0.034150  0.750000 0.800000
wood.bmp
40  1.898836 -19.913004 0.749690  -0.382683 0.917102 -0.111702  0.875000 0.400000
40  1.898836 -19.737125 2.193662  -0.382683 0.917102 -0.111702  0.875000 0.600000
40  2.839549 -19.350328 2.146549  -0.382683 0.917102 -0.111702  0.750000 0.600000
wood.bmp
40  3.661762 -20.528650 3.475599  0.309854 0.188997 0.931810  0.500000 0.800000
40  3.420942 -19.598087 3.405304  0.177658 0.350329 0.919623  0.625000 0.800000
40  2.017336 -20.528650 3.475599  -0.309860 -0.046856 0.949627  0.000000 0.800000
wood.bmp
40  3.420942 -19.598087 3.405304  0.177654 0.350332 0.919623  0.625000 0.800000
40  2.839549 -19.212631 3.376187  -0.138712 0.371464 0.918027  0.750000 0.800000
40  2.258157 -19.598087 3.405304  -0.322848 0.146785 0.934999  0.875000 0.800000
wood.bmp
40  2.017336 -20.528650 3.475599  -0.309846 -0.046893 0.949629  0.000000 0.800000
40  3.420942 -19.598087 3.405304  0.177645 0.350337 0.919623  0.625000 0.800000
40  2.258157 -19.598087 3.405304  -0.322845 0.146798 0.934998  0.875000 0.800000
wood.bmp
40  2.017336 -20.528650 3.475599  -0.309854 -0.046873 0.949628  0.000000 0.800000
40  2.258157 -21.459213 3.545894  -0.177658 -0.208205 0.961815  0.125000 0.800000
40  3.661762 -20.528650 3.475599  0.309860 0.188981 0.931812  0.500000 0.800000
wood.bmp
40  2.258157 -21.459213 3.545894  -0.177653 -0.208208 0.961816  0.125000 0.800000
40  2.839549 -21.844666 3.575011  0.138712 -0.229340 0.963412  0.250000 0.800000
40  3.420942 -21.459213 3.545894  0.322848 -0.004661 0.946439  0.375000 0.800000
wood.bmp
0  2.862266 -36.768906 4.822423  0.707110 0.003487 -0.707095  1.000000 0.500000
0  2.862266 -35.724754 4.827572  0.707110 0.003487 -0.707095  1.000000 1.000000
0  3.230438 -35.728409 5.195735  0.707110 0.003487 -0.707095  0.750000 1.000000
wood.bmp
0  3.230438 -36.772552 5.190586  0.707111 -0.003487 0.707094  0.750000 0.500000
0  3.230438 -35.728409 5.195735  0.707111 -0.003487 0.707094  0.750000 1.000000
0  2.862266 -35.732063 5.563898  0.707111 -0.003487 0.707094  0.500000 1.000000
wood.bmp
0  3.230438 -35.728409 5.195735  0.000000 0.999951 0.009934  0.490000 0.250000
0  2.862266 -35.724754 4.827572  0.000000 0.999951 0.009934  0.250000 0.490000
0  2.494095 -35.728409 5.195735  0.000000 0.999951 0.009934  0.010000 0.250000
wood.bmp
0  2.862266 -36.776207 5.558749  -0.707110 -0.003487 0.707095  0.500000 0.500000
0  2.862266 -35.732063 5.563898  -0.707110 -0.003487 0.707095  0.500000 1.000000
0  2.494095 -35.728409 5.195735  -0.707110 -0.003487 0.707095  0.250000 1.000000
wood.bmp
0  2.494095 -36.772552 5.190586  -0.707112 0.003487 -0.707093  0.250000 0.500000
0  2.494095 -35.728409 5.195735  -0.707112 0.003487 -0.707093  0.250000 1.000000
0  2.862266 -35.724754 4.827572  -0.707112 0.003487 -0.707093  0.000000 1.000000
wood.bmp
0  2.862266 -36.768906 4.822423  0.000010 -0.999951 -0.009920  0.750000 0.490000
0  3.230438 -36.772552 5.190586  0.000010 -0.999951 -0.009920  0.990000 0.250000
0  2.862266 -36.776207 5.558749  0.000010 -0.999951 -0.009920  0.750000 0.010000
end
