version 1
nodes
0 "Bone04" -1
1 "Bone_Righthand" 0
2 "Bone26" 1
3 "Bone27" 2
4 "Bone28" 3
5 "Bone29" 4
6 "Bone31" 2
7 "Bone32" 6
8 "Bone33" 7
9 "Bone35" 2
10 "Bone36" 9
11 "Bone37" 10
12 "Bone39" 2
13 "Bone40" 12
14 "Bone41" 13
15 "Bone43" 2
16 "Bone44" 15
17 "Bone45" 16
18 "Bone01" -1
19 "Bone_Lefthand" 18
20 "Bone 04" 19
21 "Bone09" 20
22 "Bone10" 21
23 "Bone11" 22
24 "Bone13" 20
25 "Bone14" 24
26 "Bone15" 25
27 "Bone17" 20
28 "Bone18" 27
29 "Bone19" 28
30 "Bone21" 20
31 "Bone22" 30
32 "Bone23" 31
33 "Bone05" 20
34 "Bone06" 33
35 "Bone07" 34
36 "Bone02" 19
37 "Bone03" 36
38 "Bone25" 37
39 "Bone52" 37
40 "Bone50" 37
41 "Bone48" 37
42 "Bone54" 37
end
skeleton
time 0
0  -3.820917 -18.377752 -0.681956  -0.554977 0.255018 0.648758
1  0.089953 -8.543161 0.000023  0.512982 0.031490 0.240366
2  -0.000000 -0.359716 0.000002  -0.000005 0.000000 0.000001
3  -0.308255 -0.007815 0.307165  -0.145114 -0.159879 -2.467091
4  1.978380 0.019560 -0.000001  -0.087923 -0.056963 -0.023670
5  0.982428 0.003193 -0.000002  0.000010 -0.000003 0.418898
6  -0.827565 -2.508974 -0.277660  -1.396266 0.000002 -0.000001
7  -0.000003 -1.292972 -0.000004  -0.445048 -0.000006 -0.000009
8  0.000006 -0.752467 0.000006  -0.445067 0.000003 0.000012
9  -0.170481 -2.636147 -0.277659  -1.692967 0.000003 0.000002
10  0.010598 -1.261178 0.000001  -0.253074 0.000002 -0.000002
11  -0.000004 -0.943231 -0.000002  -0.532327 0.000002 -0.000005
12  0.444211 -2.561960 -0.277659  -1.727296 -0.046235 -0.024597
13  0.021032 -1.208186 0.000016  -0.427613 0.000003 -0.000003
14  0.010605 -0.741866 0.000002  -0.453791 -0.000001 0.000014
15  1.047444 -2.222822 -0.277658  -1.508121 -0.078975 -0.038609
16  0.000002 -0.996223 -0.000000  -0.863940 0.000003 0.000007
17  -0.000003 -0.614692 -0.000002  -0.523599 0.000000 -0.000006
18  4.608666 -4.829769 1.302325  -0.774285 -1.331382 0.567327
19  0.000012 -8.563286 -0.000022  0.347511 -0.125219 -0.169572
20  -0.003478 -0.404828 -0.000001  0.000001 0.000000 0.000002
21  -1.123356 -2.195096 -0.278958  -0.933749 -0.000001 -0.087265
22  0.010773 -0.963792 0.000003  -0.610871 -0.000000 0.000001
23  -0.010412 -0.631916 -0.000003  -1.213000 0.000001 0.000001
24  -0.519304 -2.501158 -0.278959  -1.003562 0.000001 -0.122171
25  -0.010599 -1.208185 0.000002  -1.090825 0.000001 -0.000002
26  0.000000 -0.763066 0.000006  -1.343910 0.000002 -0.000010
27  0.105985 -2.607133 -0.278959  -0.890111 0.000000 -0.148352
28  0.000000 -1.250578 0.000008  -1.213014 -0.000001 0.000002
29  -0.000000 -0.932634 -0.000004  -1.483525 0.000001 -0.000001
30  0.763069 -2.490556 -0.278959  -0.235617 0.000000 0.130902
31  -0.012322 -1.280918 0.000002  -0.349067 -0.000000 -0.000002
32  -0.001696 -0.749371 -0.000000  -0.593403 -0.000001 -0.000000
33  0.354567 0.016268 0.318133  0.342077 -0.443527 -1.083973
34  1.887165 0.012874 -0.000000  -0.305433 -0.000001 -0.401434
35  1.001876 -0.000264 0.000001  0.000001 -0.000000 -0.488681
36  -0.293222 -3.282022 0.672792  -1.247035 1.437609 -1.233838
37  -0.000001 2.163131 0.753818  -0.000000 0.000000 0.000000
38  0.000001 -3.052708 1.526598  -0.000000 -0.000000 -0.000000
39  0.000001 -10.293069 1.701881  -0.000002 -0.000000 -0.000000
40  -0.000000 -4.967295 1.445704  0.000000 -0.000000 -0.000000
41  -0.000000 -5.102126 2.443445  0.000000 -0.000000 -0.000000
42  0.004670 5.953100 -2.702797  -0.000000 -0.000000 -0.000000
end
triangles
handle.bmp
36  2.944721 -16.965921 6.355632  0.337596 0.158278 0.927889  0.636719 0.929688
36  3.234720 -16.975922 6.045632  0.885436 0.117068 0.449776  0.636719 0.859375
36  2.934720 -15.135921 5.615633  0.436577 0.227083 0.870537  0.507813 0.812500
handle.bmp
36  2.934720 -15.135921 5.615633  0.436577 0.227083 0.870537  0.507813 0.812500
36  3.234720 -16.975922 6.045632  0.885436 0.117068 0.449776  0.636719 0.859375
36  3.234720 -15.135921 5.345633  0.945463 0.069444 0.318240  0.507813 0.750000
handle.bmp
36  3.234720 -16.975922 6.045632  0.885436 0.117068 0.449776  0.636719 0.859375
36  3.234720 -16.085922 4.655632  0.973826 -0.113418 -0.196977  0.574219 0.648438
36  3.234720 -15.135921 5.345633  0.945463 0.069444 0.318240  0.507813 0.750000
handle.bmp
36  3.234720 -15.135921 5.345633  0.945463 0.069444 0.318240  0.507813 0.750000
36  3.234720 -16.085922 4.655632  0.973826 -0.113418 -0.196977  0.574219 0.648438
36  3.234720 -14.885921 4.075632  0.944507 0.037926 -0.326295  0.484375 0.539063
handle.bmp
36  3.234720 -16.085922 4.655632  0.973826 -0.113418 -0.196977  0.574219 0.648438
36  3.194720 -15.335921 3.575632  0.916798 0.396562 -0.047120  0.515625 0.468750
36  3.234720 -14.885921 4.075632  0.944507 0.037926 -0.326295  0.484375 0.539063
handle.bmp
36  3.234720 -14.885921 4.075632  0.944507 0.037926 -0.326295  0.484375 0.539063
36  3.194720 -15.335921 3.575632  0.916798 0.396562 -0.047120  0.515625 0.468750
36  2.734720 -14.595922 3.945632  0.139704 0.156086 -0.977814  0.453125 0.515625
handle.bmp
36  3.194720 -15.335921 3.575632  0.916798 0.396562 -0.047120  0.515625 0.468750
36  2.734720 -14.935922 3.485632  -0.127731 0.967497 -0.218252  0.480469 0.437500
36  2.734720 -14.595922 3.945632  0.139704 0.156086 -0.977814  0.453125 0.515625
handle.bmp
36  2.734720 -14.595922 3.945632  0.139704 0.156086 -0.977814  0.453125 0.515625
36  2.734720 -14.935922 3.485632  -0.127731 0.967497 -0.218252  0.480469 0.437500
36  2.254720 -14.885921 4.075633  -0.921698 0.158549 -0.354027  0.484375 0.539063
handle.bmp
36  2.734720 -14.935922 3.485632  -0.127731 0.967497 -0.218252  0.480469 0.437500
36  2.254719 -15.335921 3.565633  -0.933120 0.356231 0.048846  0.515625 0.468750
36  2.254720 -14.885921 4.075633  -0.921698 0.158549 -0.354027  0.484375 0.539063
handle.bmp
36  2.254720 -14.885921 4.075633  -0.921698 0.158549 -0.354027  0.484375 0.539063
36  2.254719 -15.335921 3.565633  -0.933120 0.356231 0.048846  0.515625 0.468750
36  2.254720 -16.085922 4.665633  -0.985661 -0.115893 -0.122641  0.574219 0.648438
handle.bmp
36  2.254719 -15.335921 3.565633  -0.933120 0.356231 0.048846  0.515625 0.468750
36  2.254719 -16.255922 3.555632  -0.966105 -0.257135 -0.022867  0.585938 0.468750
36  2.254720 -16.085922 4.665633  -0.985661 -0.115893 -0.122641  0.574219 0.648438
handle.bmp
36  2.254720 -16.085922 4.665633  -0.985661 -0.115893 -0.122641  0.574219 0.648438
36  2.254719 -16.255922 3.555632  -0.966105 -0.257135 -0.022867  0.585938 0.468750
36  2.484720 -16.645922 3.555632  -0.739229 -0.659505 -0.136358  0.625000 0.445313
handle.bmp
36  2.254719 -16.255922 3.555632  -0.966105 -0.257135 -0.022867  0.585938 0.468750
36  2.194719 -15.315921 1.465632  -0.967133 -0.251831 0.035151  0.507813 0.101563
36  2.484720 -16.645922 3.555632  -0.739229 -0.659505 -0.136358  0.625000 0.445313
handle.bmp
36  2.484720 -16.645922 3.555632  -0.739229 -0.659505 -0.136358  0.625000 0.445313
36  2.194719 -15.315921 1.465632  -0.967133 -0.251831 0.035151  0.507813 0.101563
36  2.404719 -15.665921 1.465632  -0.407859 -0.912984 0.010544  0.546875 0.093750
handle.bmp
36  2.194719 -15.315921 1.465632  -0.967133 -0.251831 0.035151  0.507813 0.101563
36  2.184719 -16.005920 0.915632  -0.548256 -0.673863 0.495303  0.558594 0.015625
36  2.404719 -15.665921 1.465632  -0.407859 -0.912984 0.010544  0.546875 0.093750
handle.bmp
36  2.404719 -15.665921 1.465632  -0.407859 -0.912984 0.010544  0.546875 0.093750
36  2.184719 -16.005920 0.915632  -0.548256 -0.673863 0.495303  0.558594 0.015625
36  3.024719 -15.695921 1.455632  0.363558 -0.899178 0.243524  0.546875 0.093750
handle.bmp
36  2.184719 -16.005920 0.915632  -0.548256 -0.673863 0.495303  0.558594 0.015625
36  3.264719 -16.015921 0.915632  0.705154 -0.550374 0.447041  0.558594 0.015625
36  3.024719 -15.695921 1.455632  0.363558 -0.899178 0.243524  0.546875 0.093750
handle.bmp
36  3.024719 -15.695921 1.455632  0.363558 -0.899178 0.243524  0.546875 0.093750
36  3.264719 -16.015921 0.915632  0.705154 -0.550374 0.447041  0.558594 0.015625
36  3.264719 -15.315921 1.465632  0.964539 -0.260852 0.040252  0.507813 0.101563
handle.bmp
36  3.264719 -16.015921 0.915632  0.705154 -0.550374 0.447041  0.558594 0.015625
36  3.264719 -14.175921 1.275632  0.849778 0.523919 -0.058195  0.433594 0.085938
36  3.264719 -15.315921 1.465632  0.964539 -0.260852 0.040252  0.507813 0.101563
handle.bmp
36  3.264719 -15.315921 1.465632  0.964539 -0.260852 0.040252  0.507813 0.101563
36  3.264719 -14.175921 1.275632  0.849778 0.523919 -0.058195  0.433594 0.085938
36  3.194720 -15.335921 3.575632  0.916798 0.396562 -0.047120  0.515625 0.468750
handle.bmp
36  3.264719 -14.175921 1.275632  0.849778 0.523919 -0.058195  0.433594 0.085938
36  2.734719 -13.955921 1.555632  0.014265 0.970851 0.239260  0.402344 0.117188
36  3.194720 -15.335921 3.575632  0.916798 0.396562 -0.047120  0.515625 0.468750
handle.bmp
36  3.194720 -15.335921 3.575632  0.916798 0.396562 -0.047120  0.515625 0.468750
36  2.734719 -13.955921 1.555632  0.014265 0.970851 0.239260  0.402344 0.117188
36  2.734720 -14.935922 3.485632  -0.127731 0.967497 -0.218252  0.480469 0.437500
handle.bmp
36  2.734719 -13.955921 1.555632  0.014265 0.970851 0.239260  0.402344 0.117188
36  2.254719 -15.335921 3.565633  -0.933120 0.356231 0.048846  0.515625 0.468750
36  2.734720 -14.935922 3.485632  -0.127731 0.967497 -0.218252  0.480469 0.437500
handle.bmp
36  2.254719 -7.555922 4.895634  -0.850695 0.042472 0.523941  0.007813 0.617188
36  2.254720 -15.135921 5.345633  -0.956525 0.062082 0.284966  0.507813 0.750000
36  2.504720 -15.125921 5.615633  -0.341486 0.230960 0.911068  0.507813 0.812500
handle.bmp
36  2.504720 -15.125921 5.615633  -0.341486 0.230960 0.911068  0.507813 0.812500
36  2.254720 -15.135921 5.345633  -0.956525 0.062082 0.284966  0.507813 0.750000
36  2.254720 -16.965921 6.055633  -0.936498 0.065924 0.344422  0.636719 0.859375
handle.bmp
36  2.254720 -15.135921 5.345633  -0.956525 0.062082 0.284966  0.507813 0.750000
36  2.254720 -16.085922 4.665633  -0.985661 -0.115893 -0.122641  0.574219 0.648438
36  2.254720 -16.965921 6.055633  -0.936498 0.065924 0.344422  0.636719 0.859375
handle.bmp
36  2.254720 -16.965921 6.055633  -0.936498 0.065924 0.344422  0.636719 0.859375
36  2.254720 -16.085922 4.665633  -0.985661 -0.115893 -0.122641  0.574219 0.648438
36  2.254720 -18.485922 5.485632  -1.000000 0.000307 -0.000368  0.734375 0.773438
handle.bmp
36  2.254720 -16.085922 4.665633  -0.985661 -0.115893 -0.122641  0.574219 0.648438
36  2.254720 -21.895922 4.665631  -0.937789 0.000462 -0.347207  0.964844 0.648438
36  2.254720 -18.485922 5.485632  -1.000000 0.000307 -0.000368  0.734375 0.773438
handle.bmp
36  2.254720 -18.485922 5.485632  -1.000000 0.000307 -0.000368  0.734375 0.773438
36  2.254720 -21.895922 4.665631  -0.937789 0.000462 -0.347207  0.964844 0.648438
36  2.254720 -21.575922 5.475632  -1.000000 0.000306 -0.000368  0.941406 0.773438
handle.bmp
36  2.254720 -21.895922 4.665631  -0.937789 0.000462 -0.347207  0.964844 0.648438
36  2.254721 -21.895922 6.035632  -0.975913 0.007442 0.218035  0.964844 0.859375
36  2.254720 -21.575922 5.475632  -1.000000 0.000306 -0.000368  0.941406 0.773438
handle.bmp
36  2.254720 -21.575922 5.475632  -1.000000 0.000306 -0.000368  0.941406 0.773438
36  2.254721 -21.895922 6.035632  -0.975913 0.007442 0.218035  0.964844 0.859375
36  2.254721 -21.575922 6.025631  -0.900345 0.011518 0.435024  0.941406 0.859375
handle.bmp
36  2.254721 -21.895922 6.035632  -0.975913 0.007442 0.218035  0.964844 0.859375
36  2.504721 -21.895922 6.355632  -0.569567 0.022842 0.821628  0.964844 0.929688
36  2.254721 -21.575922 6.025631  -0.900345 0.011518 0.435024  0.941406 0.859375
handle.bmp
36  2.254721 -21.575922 6.025631  -0.900345 0.011518 0.435024  0.941406 0.859375
36  2.504721 -21.895922 6.355632  -0.569567 0.022842 0.821628  0.964844 0.929688
36  2.504721 -21.295921 6.335632  -0.292982 0.015668 0.955990  0.925781 0.929688
handle.bmp
36  2.504721 -21.895922 6.355632  -0.569567 0.022842 0.821628  0.964844 0.929688
36  2.944721 -21.895922 6.355631  0.185460 0.007349 0.982624  0.964844 0.992188
36  2.504721 -21.295921 6.335632  -0.292982 0.015668 0.955990  0.925781 0.929688
handle.bmp
36  2.504721 -21.295921 6.335632  -0.292982 0.015668 0.955990  0.925781 0.929688
36  2.944721 -21.895922 6.355631  0.185460 0.007349 0.982624  0.964844 0.992188
36  2.504721 -19.785921 6.335632  -0.343239 -0.001610 0.939247  0.820313 0.929688
handle.bmp
36  2.944721 -21.895922 6.355631  0.185460 0.007349 0.982624  0.964844 0.992188
36  2.944721 -16.965921 6.355632  0.337596 0.158278 0.927889  0.636719 0.992188
36  2.504721 -19.785921 6.335632  -0.343239 -0.001610 0.939247  0.820313 0.929688
handle.bmp
36  2.504721 -19.785921 6.335632  -0.343239 -0.001610 0.939247  0.820313 0.929688
36  2.944721 -16.965921 6.355632  0.337596 0.158278 0.927889  0.636719 0.992188
36  2.504720 -16.965921 6.355632  -0.421768 0.169859 0.890652  0.636719 0.929688
handle.bmp
36  2.944721 -16.965921 6.355632  0.337596 0.158278 0.927889  0.636719 0.992188
36  2.504720 -15.125921 5.615633  -0.341486 0.230960 0.911068  0.507813 0.820313
36  2.504720 -16.965921 6.355632  -0.421768 0.169859 0.890652  0.636719 0.929688
handle.bmp
36  2.564720 -19.485922 5.485632  -0.786593 -0.438857 0.434368  0.800781 0.773438
36  2.254720 -21.575922 5.475632  -0.000438 0.446195 0.894935  0.941406 0.773438
36  2.564721 -21.575922 5.475631  -0.619568 0.740351 0.260801  0.941406 0.773438
handle.bmp
36  2.564720 -19.485922 5.485632  -0.786593 -0.438857 0.434368  0.800781 0.773438
36  2.254720 -18.485922 5.485632  0.012497 -0.445432 0.895229  0.734375 0.773438
36  2.254720 -21.575922 5.475632  -0.000438 0.446195 0.894935  0.941406 0.773438
handle.bmp
36  2.564720 -19.485922 5.485632  -0.786593 -0.438857 0.434368  0.800781 0.773438
36  2.574720 -18.475922 5.485632  -0.705789 -0.606412 -0.366233  0.734375 0.773438
36  2.254720 -18.485922 5.485632  0.012497 -0.445432 0.895229  0.734375 0.773438
handle.bmp
36  2.564720 -19.485922 5.485632  -0.786593 -0.438857 0.434368  0.800781 0.773438
36  2.254720 -19.485922 5.715632  -0.531235 -0.444271 -0.721396  0.800781 0.804688
36  2.574720 -18.475922 5.485632  -0.705789 -0.606412 -0.366233  0.734375 0.773438
handle.bmp
36  2.564720 -19.485922 5.485632  -0.786593 -0.438857 0.434368  0.800781 0.773438
36  2.254720 -19.485922 6.055632  -0.306631 -0.936894 -0.167948  0.800781 0.859375
36  2.254720 -19.485922 5.715632  -0.531235 -0.444271 -0.721396  0.800781 0.804688
handle.bmp
36  2.564720 -19.485922 5.485632  -0.786593 -0.438857 0.434368  0.800781 0.773438
36  2.504721 -19.785921 6.335632  -0.880056 -0.423064 -0.215682  0.820313 0.929688
36  2.254720 -19.485922 6.055632  -0.306631 -0.936894 -0.167948  0.800781 0.859375
handle.bmp
36  2.564720 -19.485922 5.485632  -0.786593 -0.438857 0.434368  0.800781 0.773438
36  2.504721 -21.295921 6.335632  -0.939118 0.302019 -0.163834  0.925781 0.929688
36  2.504721 -19.785921 6.335632  -0.880056 -0.423064 -0.215682  0.820313 0.929688
handle.bmp
36  2.564720 -19.485922 5.485632  -0.786593 -0.438857 0.434368  0.800781 0.773438
36  2.564721 -21.575922 5.475631  -0.619568 0.740351 0.260801  0.941406 0.773438
36  2.504721 -21.295921 6.335632  -0.939118 0.302019 -0.163834  0.925781 0.929688
handle.bmp
36  3.234720 -16.085922 4.655632  0.973826 -0.113418 -0.196977  0.574219 0.648438
36  3.194720 -16.255920 3.555632  0.965607 -0.257160 -0.038367  0.585938 0.468750
36  3.194720 -15.335921 3.575632  0.916798 0.396562 -0.047120  0.515625 0.468750
handle.bmp
36  3.234720 -16.085922 4.655632  0.973826 -0.113418 -0.196977  0.574219 0.648438
36  2.964720 -16.645922 3.555632  0.623764 -0.755019 -0.202149  0.625000 0.445313
36  3.194720 -16.255920 3.555632  0.965607 -0.257160 -0.038367  0.585938 0.468750
handle.bmp
36  3.234720 -16.085922 4.655632  0.973826 -0.113418 -0.196977  0.574219 0.648438
36  2.964720 -16.455921 4.435632  0.844484 -0.371424 -0.385864  0.609375 0.578125
36  2.964720 -16.645922 3.555632  0.623764 -0.755019 -0.202149  0.625000 0.445313
handle.bmp
36  3.234720 -16.085922 4.655632  0.973826 -0.113418 -0.196977  0.574219 0.648438
36  3.024720 -19.385921 4.425632  0.692324 0.007747 -0.721545  0.812500 0.570313
36  2.964720 -16.455921 4.435632  0.844484 -0.371424 -0.385864  0.609375 0.578125
handle.bmp
36  3.234720 -16.085922 4.655632  0.973826 -0.113418 -0.196977  0.574219 0.648438
36  3.024720 -21.345921 4.425632  0.760724 -0.000590 -0.649075  0.945313 0.570313
36  3.024720 -19.385921 4.425632  0.692324 0.007747 -0.721545  0.812500 0.570313
handle.bmp
36  3.234720 -16.085922 4.655632  0.973826 -0.113418 -0.196977  0.574219 0.648438
36  3.234720 -21.895922 4.675631  0.892163 -0.000416 -0.451714  0.964844 0.648438
36  3.024720 -21.345921 4.425632  0.760724 -0.000590 -0.649075  0.945313 0.570313
handle.bmp
36  3.234720 -16.085922 4.655632  0.973826 -0.113418 -0.196977  0.574219 0.648438
36  3.234721 -21.895922 6.035632  0.930006 -0.000365 0.367543  0.964844 0.859375
36  3.234720 -21.895922 4.675631  0.892163 -0.000416 -0.451714  0.964844 0.648438
handle.bmp
36  3.234720 -16.085922 4.655632  0.973826 -0.113418 -0.196977  0.574219 0.648438
36  3.234720 -16.975922 6.045632  0.885436 0.117068 0.449776  0.636719 0.859375
36  3.234721 -21.895922 6.035632  0.930006 -0.000365 0.367543  0.964844 0.859375
handle.bmp
42  2.869387 -9.919691 0.846655  0.510967 0.000000 0.859600  0.257813 0.203125
42  3.079387 -9.919691 0.626655  0.968967 0.000000 0.247191  0.257813 0.164063
42  3.079387 -8.299691 0.626655  0.870516 0.000007 0.492140  0.367188 0.164063
handle.bmp
42  3.079387 -8.299691 0.626655  0.870516 0.000007 0.492140  0.367188 0.164063
42  3.079387 -9.919691 0.626655  0.968967 0.000000 0.247191  0.257813 0.164063
42  3.079387 -8.299691 0.376655  0.969143 0.000000 -0.246498  0.367188 0.125000
handle.bmp
42  3.079387 -9.919691 0.626655  0.968967 0.000000 0.247191  0.257813 0.164063
42  3.079387 -9.919691 0.376655  0.871309 0.000000 -0.490735  0.257813 0.125000
42  3.079387 -8.299691 0.376655  0.969143 0.000000 -0.246498  0.367188 0.125000
handle.bmp
42  3.079387 -8.299691 0.376655  0.969143 0.000000 -0.246498  0.367188 0.125000
42  3.079387 -9.919691 0.376655  0.871309 0.000000 -0.490735  0.257813 0.125000
42  2.879387 -8.289691 0.176655  0.518671 0.000016 -0.854974  0.367188 0.093750
handle.bmp
42  3.079387 -9.919691 0.376655  0.871309 0.000000 -0.490735  0.257813 0.125000
42  2.879387 -9.919691 0.176655  0.260416 0.000000 -0.965496  0.257813 0.093750
42  2.879387 -8.289691 0.176655  0.518671 0.000016 -0.854974  0.367188 0.093750
handle.bmp
42  2.879387 -8.289691 0.176655  0.518671 0.000016 -0.854974  0.367188 0.093750
42  2.879387 -9.919691 0.176655  0.260416 0.000000 -0.965496  0.257813 0.093750
42  2.629387 -8.289691 0.176655  -0.252545 0.000000 -0.967585  0.367188 0.070313
handle.bmp
42  2.879387 -9.919691 0.176655  0.260416 0.000000 -0.965496  0.257813 0.093750
42  2.629387 -9.919691 0.176655  -0.502858 0.000000 -0.864369  0.257813 0.070313
42  2.629387 -8.289691 0.176655  -0.252545 0.000000 -0.967585  0.367188 0.070313
handle.bmp
36  2.254719 -7.555922 4.895634  -0.850695 0.042472 0.523941  0.007813 0.617188
36  2.254718 -7.845922 0.945633  -0.451038 -0.362485 -0.815579  0.027344 0.070313
36  2.254720 -14.885921 4.075633  -0.921698 0.158549 -0.354027  0.484375 0.539063
handle.bmp
36  2.254720 -14.885921 4.075633  -0.921698 0.158549 -0.354027  0.484375 0.539063
36  2.254718 -7.845922 0.945633  -0.451038 -0.362485 -0.815579  0.027344 0.070313
36  2.734720 -14.595922 3.945632  0.139704 0.156086 -0.977814  0.453125 0.515625
handle.bmp
36  2.254718 -7.845922 0.945633  -0.451038 -0.362485 -0.815579  0.027344 0.070313
36  3.234718 -7.845921 0.945633  0.451062 -0.362957 -0.815356  0.027344 0.070313
36  2.734720 -14.595922 3.945632  0.139704 0.156086 -0.977814  0.453125 0.515625
handle.bmp
36  2.734720 -14.595922 3.945632  0.139704 0.156086 -0.977814  0.453125 0.515625
36  3.234718 -7.845921 0.945633  0.451062 -0.362957 -0.815356  0.027344 0.070313
36  3.234720 -14.885921 4.075632  0.944507 0.037926 -0.326295  0.484375 0.539063
handle.bmp
36  3.234718 -7.845921 0.945633  0.451062 -0.362957 -0.815356  0.027344 0.070313
36  3.234720 -7.565921 4.875634  0.700451 0.061956 0.711006  0.007813 0.609375
36  3.234720 -14.885921 4.075632  0.944507 0.037926 -0.326295  0.484375 0.539063
handle.bmp
36  3.234720 -14.885921 4.075632  0.944507 0.037926 -0.326295  0.484375 0.539063
36  3.234720 -7.565921 4.875634  0.700451 0.061956 0.711006  0.007813 0.609375
36  3.234720 -15.135921 5.345633  0.945463 0.069444 0.318240  0.507813 0.750000
handle.bmp
36  3.234720 -7.565921 4.875634  0.700451 0.061956 0.711006  0.007813 0.609375
36  2.934720 -15.135921 5.615633  0.436577 0.227083 0.870537  0.507813 0.812500
36  3.234720 -15.135921 5.345633  0.945463 0.069444 0.318240  0.507813 0.750000
handle.bmp
36  2.964720 -18.565922 4.455632  1.000000 0.000000 0.000000  0.753906 0.578125
36  2.964720 -18.185921 3.555632  1.000000 -0.000002 0.000000  0.734375 0.445313
36  2.964720 -18.145922 3.615632  1.000000 -0.000002 0.000000  0.730469 0.460938
handle.bmp
36  2.964720 -18.145922 3.615632  1.000000 -0.000002 0.000000  0.730469 0.460938
36  2.964720 -18.185921 3.555632  1.000000 -0.000002 0.000000  0.734375 0.445313
36  2.964720 -16.905922 3.615632  1.000000 0.000000 0.000000  0.644531 0.460938
handle.bmp
36  2.964720 -18.185921 3.555632  1.000000 -0.000002 0.000000  0.734375 0.445313
36  2.964720 -16.645922 3.555632  1.000000 0.000000 0.000000  0.625000 0.445313
36  2.964720 -16.905922 3.615632  1.000000 0.000000 0.000000  0.644531 0.460938
handle.bmp
36  2.964720 -16.905922 3.615632  1.000000 0.000000 0.000000  0.644531 0.460938
36  2.964720 -16.645922 3.555632  1.000000 0.000000 0.000000  0.625000 0.445313
36  2.964720 -16.775921 4.035632  1.000000 0.000000 0.000000  0.632813 0.515625
handle.bmp
36  2.964720 -16.645922 3.555632  1.000000 0.000000 0.000000  0.625000 0.445313
36  2.964720 -16.455921 4.435632  1.000000 0.000000 0.000000  0.609375 0.578125
36  2.964720 -16.775921 4.035632  1.000000 0.000000 0.000000  0.632813 0.515625
handle.bmp
36  2.964720 -16.775921 4.035632  1.000000 0.000000 0.000000  0.632813 0.515625
36  2.964720 -16.455921 4.435632  1.000000 0.000000 0.000000  0.609375 0.578125
36  2.964720 -16.935921 4.445632  1.000000 0.000001 0.000000  0.640625 0.578125
handle.bmp
36  2.254720 -16.965921 6.055633  -0.936498 0.065924 0.344422  0.636719 0.859375
36  2.504720 -16.965921 6.355632  -0.421768 0.169859 0.890652  0.636719 0.929688
36  2.504720 -15.125921 5.615633  -0.341486 0.230960 0.911068  0.507813 0.812500
handle.bmp
36  2.254720 -16.965921 6.055633  -0.936498 0.065924 0.344422  0.636719 0.859375
36  2.504721 -19.785921 6.335632  -0.343239 -0.001610 0.939247  0.820313 0.929688
36  2.504720 -16.965921 6.355632  -0.421768 0.169859 0.890652  0.636719 0.929688
handle.bmp
36  2.254720 -16.965921 6.055633  -0.936498 0.065924 0.344422  0.636719 0.859375
36  2.254720 -19.485922 6.055632  -0.975913 0.007385 0.218033  0.800781 0.859375
36  2.504721 -19.785921 6.335632  -0.343239 -0.001610 0.939247  0.820313 0.929688
handle.bmp
36  2.254720 -16.965921 6.055633  -0.936498 0.065924 0.344422  0.636719 0.859375
36  2.254720 -18.475922 5.715632  -1.000000 0.000307 -0.000368  0.734375 0.804688
36  2.254720 -19.485922 6.055632  -0.975913 0.007385 0.218033  0.800781 0.859375
handle.bmp
36  2.254720 -16.965921 6.055633  -0.936498 0.065924 0.344422  0.636719 0.859375
36  2.254720 -18.485922 5.485632  -1.000000 0.000307 -0.000368  0.734375 0.773438
36  2.254720 -18.475922 5.715632  -1.000000 0.000307 -0.000368  0.734375 0.804688
handle.bmp
42  2.869387 -9.919691 0.846655  0.003008 -0.999991 -0.003093  0.257813 0.234375
42  2.419387 -9.919691 0.626655  0.003012 -0.999991 -0.003089  0.257813 0.179688
42  3.079387 -9.919691 0.626655  0.003008 -0.999991 -0.003093  0.257813 0.179688
handle.bmp
42  3.079387 -9.919691 0.626655  0.003008 -0.999991 -0.003093  0.257813 0.179688
42  2.419387 -9.919691 0.626655  0.003012 -0.999991 -0.003089  0.257813 0.179688
42  3.079387 -9.919691 0.376655  0.002942 -0.999991 -0.003024  0.257813 0.117188
handle.bmp
42  2.419387 -9.919691 0.626655  0.003012 -0.999991 -0.003089  0.257813 0.179688
42  2.419387 -9.919691 0.376655  0.002975 -0.999991 -0.003058  0.257813 0.117188
42  3.079387 -9.919691 0.376655  0.002942 -0.999991 -0.003024  0.257813 0.117188
handle.bmp
42  3.079387 -9.919691 0.376655  0.002942 -0.999991 -0.003024  0.257813 0.117188
42  2.419387 -9.919691 0.376655  0.002975 -0.999991 -0.003058  0.257813 0.117188
42  2.879387 -9.919691 0.176655  0.003009 -0.999991 -0.003092  0.257813 0.070313
handle.bmp
42  2.419387 -9.919691 0.376655  0.002975 -0.999991 -0.003058  0.257813 0.117188
42  2.629387 -9.919691 0.176655  0.003008 -0.999991 -0.003093  0.257813 0.070313
42  2.879387 -9.919691 0.176655  0.003009 -0.999991 -0.003092  0.257813 0.070313
handle.bmp
42  2.629387 -8.289691 0.836655  -0.392361 0.000004 0.919811  0.367188 0.203125
42  2.419387 -8.289691 0.626655  -0.862103 0.000066 0.506733  0.367188 0.164063
42  2.629387 -9.919691 0.836655  -0.392361 0.000000 0.919811  0.257813 0.203125
handle.bmp
42  2.629387 -9.919691 0.836655  -0.392361 0.000000 0.919811  0.257813 0.203125
42  2.419387 -8.289691 0.626655  -0.862103 0.000066 0.506733  0.367188 0.164063
42  2.419387 -9.919691 0.626655  -0.967092 -0.000000 0.254427  0.257813 0.164063
handle.bmp
42  2.419387 -8.289691 0.626655  -0.862103 0.000066 0.506733  0.367188 0.164063
42  2.419387 -8.289691 0.376655  -0.923280 0.000030 -0.384128  0.367188 0.125000
42  2.419387 -9.919691 0.626655  -0.967092 -0.000000 0.254427  0.257813 0.164063
handle.bmp
42  2.419387 -9.919691 0.626655  -0.967092 -0.000000 0.254427  0.257813 0.164063
42  2.419387 -8.289691 0.376655  -0.923280 0.000030 -0.384128  0.367188 0.125000
42  2.419387 -9.919691 0.376655  -0.923275 0.000000 -0.384138  0.257813 0.125000
handle.bmp
42  2.419387 -8.289691 0.376655  -0.923280 0.000030 -0.384128  0.367188 0.125000
42  2.629387 -9.919691 0.176655  -0.502858 0.000000 -0.864369  0.257813 0.093750
42  2.419387 -9.919691 0.376655  -0.923275 0.000000 -0.384138  0.257813 0.125000
handle.bmp
36  2.524720 -18.145922 3.625632  -1.000000 0.000305 -0.000368  0.730469 0.460938
36  2.524720 -16.905922 3.625632  -0.984776 -0.052757 0.165631  0.644531 0.460938
36  2.524720 -18.185921 3.555632  -0.993706 -0.005561 0.111884  0.734375 0.445313
handle.bmp
36  2.524720 -18.185921 3.555632  -0.993706 -0.005561 0.111884  0.734375 0.445313
36  2.524720 -16.905922 3.625632  -0.984776 -0.052757 0.165631  0.644531 0.460938
36  2.484720 -16.645922 3.555632  -0.978564 -0.105805 0.176686  0.625000 0.445313
handle.bmp
36  2.524720 -16.905922 3.625632  -0.984776 -0.052757 0.165631  0.644531 0.460938
36  2.524720 -16.775921 4.035632  -0.992402 -0.122093 0.015221  0.632813 0.515625
36  2.484720 -16.645922 3.555632  -0.978564 -0.105805 0.176686  0.625000 0.445313
handle.bmp
36  2.484720 -16.645922 3.555632  -0.978564 -0.105805 0.176686  0.625000 0.445313
36  2.524720 -16.775921 4.035632  -0.992402 -0.122093 0.015221  0.632813 0.515625
36  2.484720 -16.455921 4.425632  -0.992402 -0.122095 0.015225  0.609375 0.570313
handle.bmp
36  2.524720 -16.775921 4.035632  -0.992403 -0.122086 0.015208  0.632813 0.515625
36  2.524720 -16.945921 4.435632  -0.996478 -0.077428 -0.032206  0.640625 0.578125
36  2.484720 -16.455921 4.425632  -0.992403 -0.122083 0.015210  0.609375 0.570313
handle.bmp
36  2.964720 -16.645922 3.555632  -0.006288 -0.000707 -0.999980  0.625000 0.445313
36  2.964720 -18.185921 3.555632  0.000576 -0.566849 -0.823822  0.734375 0.445313
36  2.524720 -18.185921 3.555632  -0.006841 -0.283128 -0.959058  0.734375 0.445313
handle.bmp
36  2.524720 -18.185921 3.555632  -0.006841 -0.283128 -0.959058  0.734375 0.445313
36  2.964720 -18.185921 3.555632  0.000576 -0.566849 -0.823822  0.734375 0.445313
36  2.524720 -18.615921 4.085632  0.006158 -0.710726 -0.703442  0.761719 0.531250
handle.bmp
36  2.964720 -18.185921 3.555632  0.000576 -0.566849 -0.823822  0.734375 0.445313
36  2.964720 -18.615921 4.095632  0.009113 -0.636334 -0.771360  0.757813 0.531250
36  2.524720 -18.615921 4.085632  0.006158 -0.710726 -0.703442  0.761719 0.531250
handle.bmp
36  2.524720 -18.615921 4.085632  0.006158 -0.710726 -0.703442  0.761719 0.531250
36  2.964720 -18.615921 4.095632  0.009113 -0.636334 -0.771360  0.757813 0.531250
36  2.524720 -19.165922 4.455632  0.000552 -0.567537 -0.823348  0.796875 0.578125
handle.bmp
36  2.964720 -18.615921 4.095632  0.009004 -0.635274 -0.772234  0.757813 0.531250
36  2.964720 -19.165922 4.455632  0.000560 -0.567509 -0.823367  0.796875 0.578125
36  2.524720 -19.165922 4.455632  0.000562 -0.567509 -0.823367  0.796875 0.578125
handle.bmp
36  2.464720 -21.895922 4.425632  -0.746296 0.001425 -0.665612  0.984375 0.570313
36  2.254720 -21.895922 4.665631  -0.937789 0.000462 -0.347207  0.964844 0.648438
36  2.464720 -21.345921 4.425632  -0.746328 0.001418 -0.665577  0.945313 0.570313
handle.bmp
36  2.464720 -21.345921 4.425632  -0.746328 0.001418 -0.665577  0.945313 0.570313
36  2.254720 -21.895922 4.665631  -0.937789 0.000462 -0.347207  0.964844 0.648438
36  2.464720 -19.385921 4.425632  -0.746325 0.001419 -0.665581  0.812500 0.570313
handle.bmp
36  2.254720 -21.895922 4.665631  -0.937789 0.000462 -0.347207  0.964844 0.648438
36  2.254720 -16.085922 4.665633  -0.985661 -0.115893 -0.122641  0.574219 0.648438
36  2.464720 -19.385921 4.425632  -0.746325 0.001419 -0.665581  0.812500 0.570313
handle.bmp
36  2.464720 -19.385921 4.425632  -0.746325 0.001419 -0.665581  0.812500 0.570313
36  2.254720 -16.085922 4.665633  -0.985661 -0.115893 -0.122641  0.574219 0.648438
36  2.484720 -16.455921 4.425632  -0.884062 -0.335714 -0.325162  0.609375 0.570313
handle.bmp
36  2.254720 -16.085922 4.665633  -0.985661 -0.115893 -0.122641  0.574219 0.648438
36  2.484720 -16.645922 3.555632  -0.739229 -0.659505 -0.136358  0.625000 0.445313
36  2.484720 -16.455921 4.425632  -0.884062 -0.335714 -0.325162  0.609375 0.570313
handle.bmp
36  3.024720 -19.385921 4.425632  0.006160 -0.195404 -0.980703  0.828125 0.398438
36  3.024720 -20.775921 4.995631  -0.006296 -0.000190 -0.999980  0.910156 0.398438
36  2.464720 -19.385921 4.425632  0.006185 -0.195411 -0.980702  0.828125 0.320313
handle.bmp
36  2.464720 -19.385921 4.425632  0.006185 -0.195411 -0.980702  0.828125 0.320313
36  3.024720 -20.775921 4.995631  -0.006296 -0.000190 -0.999980  0.910156 0.398438
36  2.464720 -20.775921 4.995632  -0.000003 0.381941 -0.924187  0.910156 0.320313
handle.bmp
36  3.024720 -20.775921 4.995631  -0.006296 -0.000190 -0.999980  0.910156 0.398438
36  3.024720 -21.345921 4.425632  -0.000117 0.383154 -0.923684  0.960938 0.398438
36  2.464720 -20.775921 4.995632  -0.000003 0.381941 -0.924187  0.910156 0.320313
handle.bmp
36  2.464720 -20.775921 4.995632  -0.000003 0.381941 -0.924187  0.910156 0.320313
36  3.024720 -21.345921 4.425632  -0.000117 0.383154 -0.923684  0.960938 0.398438
36  2.464720 -21.345921 4.425632  0.000000 0.382683 -0.923880  0.960938 0.320313
handle.bmp
36  3.024720 -21.345921 4.425632  -0.000117 0.383154 -0.923684  0.960938 0.398438
36  2.464720 -21.895922 4.425632  -0.006288 -0.000710 -0.999980  0.988281 0.320313
36  2.464720 -21.345921 4.425632  0.000000 0.382683 -0.923880  0.960938 0.320313
handle.bmp
36  2.254719 -16.255922 3.555632  -0.966105 -0.257135 -0.022867  0.585938 0.468750
36  2.254719 -15.335921 3.565633  -0.933120 0.356231 0.048846  0.515625 0.468750
36  2.194719 -15.315921 1.465632  -0.967133 -0.251831 0.035151  0.507813 0.101563
handle.bmp
36  2.194719 -15.315921 1.465632  -0.967133 -0.251831 0.035151  0.507813 0.101563
36  2.254719 -15.335921 3.565633  -0.933120 0.356231 0.048846  0.515625 0.468750
36  2.204719 -14.165921 1.275633  -0.839622 0.539578 -0.062382  0.433594 0.085938
handle.bmp
36  2.254719 -15.335921 3.565633  -0.933120 0.356231 0.048846  0.515625 0.468750
36  2.734719 -13.955921 1.555632  0.014265 0.970851 0.239260  0.402344 0.117188
36  2.204719 -14.165921 1.275633  -0.839622 0.539578 -0.062382  0.433594 0.085938
handle.bmp
36  2.204719 -14.165921 1.275633  -0.839622 0.539578 -0.062382  0.433594 0.085938
36  2.734719 -13.955921 1.555632  0.014265 0.970851 0.239260  0.402344 0.117188
36  3.264719 -14.175921 1.275632  0.849778 0.523919 -0.058195  0.433594 0.085938
handle.bmp
36  2.964720 -16.645922 3.555632  0.623764 -0.755019 -0.202149  0.625000 0.445313
36  3.264719 -15.315921 1.465632  0.964539 -0.260852 0.040252  0.507813 0.101563
36  3.194720 -16.255920 3.555632  0.965607 -0.257160 -0.038367  0.585938 0.468750
handle.bmp
36  2.964720 -16.645922 3.555632  0.623764 -0.755019 -0.202149  0.625000 0.445313
36  3.024719 -15.695921 1.455632  0.363558 -0.899178 0.243524  0.546875 0.093750
36  3.264719 -15.315921 1.465632  0.964539 -0.260852 0.040252  0.507813 0.101563
handle.bmp
36  2.964720 -16.645922 3.555632  0.623764 -0.755019 -0.202149  0.625000 0.445313
36  2.404719 -15.665921 1.465632  -0.407859 -0.912984 0.010544  0.546875 0.093750
36  3.024719 -15.695921 1.455632  0.363558 -0.899178 0.243524  0.546875 0.093750
handle.bmp
36  2.964720 -16.645922 3.555632  0.623764 -0.755019 -0.202149  0.625000 0.445313
36  2.484720 -16.645922 3.555632  -0.739229 -0.659505 -0.136358  0.625000 0.445313
36  2.404719 -15.665921 1.465632  -0.407859 -0.912984 0.010544  0.546875 0.093750
handle.bmp
36  2.524720 -16.905922 3.625632  0.003684 -0.588253 0.808668  0.792969 0.437500
36  2.524720 -18.145922 3.625632  0.005264 0.341755 0.939774  0.875000 0.437500
36  2.964720 -16.905922 3.615632  0.003672 -0.588246 0.808674  0.792969 0.507813
handle.bmp
36  2.964720 -16.905922 3.615632  0.003672 -0.588246 0.808674  0.792969 0.507813
36  2.524720 -18.145922 3.625632  0.005264 0.341755 0.939774  0.875000 0.437500
36  2.964720 -18.145922 3.615632  -0.002587 0.683073 0.730345  0.871094 0.507813
handle.bmp
36  2.524720 -18.145922 3.625632  0.005264 0.341755 0.939774  0.875000 0.437500
36  2.524720 -18.575922 4.455632  -0.007884 0.891771 0.452419  0.953125 0.437500
36  2.964720 -18.145922 3.615632  -0.002587 0.683073 0.730345  0.871094 0.507813
handle.bmp
36  2.964720 -18.145922 3.615632  -0.002587 0.683073 0.730345  0.871094 0.507813
36  2.524720 -18.575922 4.455632  -0.007884 0.891771 0.452419  0.953125 0.437500
36  2.964720 -18.565922 4.455632  -0.007786 0.891750 0.452462  0.953125 0.507813
handle.bmp
42  2.869387 -8.289691 0.846655  0.010803 0.999942 -0.000029  0.246094 0.195313
42  3.079387 -8.299691 0.626655  0.010809 0.999942 -0.000035  0.253906 0.164063
42  2.419387 -8.289691 0.626655  0.010813 0.999942 -0.000037  0.214844 0.164063
handle.bmp
42  2.419387 -8.289691 0.626655  0.010813 0.999942 -0.000037  0.214844 0.164063
42  3.079387 -8.299691 0.626655  0.010809 0.999942 -0.000035  0.253906 0.164063
42  2.419387 -8.289691 0.376655  0.010788 0.999942 -0.000020  0.214844 0.125000
handle.bmp
42  3.079387 -8.299691 0.626655  0.010809 0.999942 -0.000035  0.253906 0.164063
42  3.079387 -8.299691 0.376655  0.010788 0.999942 0.000000  0.253906 0.125000
42  2.419387 -8.289691 0.376655  0.010788 0.999942 -0.000020  0.214844 0.125000
handle.bmp
42  3.079387 -8.299691 0.626655  0.870516 0.000007 0.492140  0.367188 0.164063
42  2.869387 -8.289691 0.846655  0.243498 0.000000 0.969901  0.371094 0.203125
42  2.869387 -9.919691 0.846655  0.510967 0.000000 0.859600  0.257813 0.203125
handle.bmp
42  2.869387 -9.919691 0.846655  0.510967 0.000000 0.859600  0.257813 0.203125
42  2.869387 -8.289691 0.846655  0.243498 0.000000 0.969901  0.371094 0.203125
42  2.629387 -9.919691 0.836655  -0.392361 0.000000 0.919811  0.257813 0.234375
handle.bmp
42  2.869387 -8.289691 0.846655  0.243498 0.000000 0.969901  0.371094 0.203125
42  2.629387 -8.289691 0.836655  -0.392361 0.000004 0.919811  0.371094 0.234375
42  2.629387 -9.919691 0.836655  -0.392361 0.000000 0.919811  0.257813 0.234375
handle.bmp
38  2.604720 -17.385498 3.736048  -1.000000 0.000000 0.000000  0.417969 0.265625
38  2.604720 -17.255499 4.186048  -1.000000 0.000002 0.000000  0.406250 0.320313
38  2.604720 -17.115499 4.096048  -1.000000 0.000001 0.000000  0.390625 0.320313
handle.bmp
38  2.604720 -17.115499 4.096048  -1.000000 0.000001 0.000000  0.390625 0.320313
38  2.604720 -17.255499 4.186048  -1.000000 0.000002 0.000000  0.406250 0.320313
38  2.604720 -17.255499 4.716048  -1.000000 0.000000 0.000000  0.398438 0.406250
handle.bmp
38  2.604720 -17.255499 4.186048  -1.000000 0.000002 0.000000  0.406250 0.320313
38  2.604720 -17.505499 4.716048  -1.000000 0.000000 0.000000  0.425781 0.414063
38  2.604720 -17.255499 4.716048  -1.000000 0.000000 0.000000  0.398438 0.406250
handle.bmp
38  2.844720 -17.505499 4.716048  1.000000 0.000000 0.000000  0.425781 0.414063
38  2.844720 -17.255499 4.186048  1.000000 0.000000 0.000000  0.406250 0.320313
38  2.844720 -17.255499 4.726048  1.000000 0.000000 0.000000  0.398438 0.414063
handle.bmp
38  2.844720 -17.255499 4.726048  1.000000 0.000000 0.000000  0.398438 0.414063
38  2.844720 -17.255499 4.186048  1.000000 0.000000 0.000000  0.406250 0.320313
38  2.844720 -17.115499 4.096048  1.000000 0.000000 0.000000  0.390625 0.320313
handle.bmp
38  2.844720 -17.255499 4.186048  1.000000 0.000000 0.000000  0.406250 0.320313
38  2.844720 -17.395498 3.736048  1.000000 0.000000 0.000000  0.421875 0.265625
38  2.844720 -17.115499 4.096048  1.000000 0.000000 0.000000  0.390625 0.320313
handle.bmp
36  2.254719 -7.555922 4.895634  -0.850695 0.042472 0.523941  0.007813 0.617188
36  2.504720 -15.125921 5.615633  -0.341486 0.230960 0.911068  0.507813 0.820313
36  3.234720 -7.565921 4.875634  0.700451 0.061956 0.711006  0.007813 0.679688
handle.bmp
36  3.234720 -7.565921 4.875634  0.700451 0.061956 0.711006  0.007813 0.679688
36  2.504720 -15.125921 5.615633  -0.341486 0.230960 0.911068  0.507813 0.820313
36  2.934720 -15.135921 5.615633  0.436577 0.227083 0.870537  0.507813 0.882813
handle.bmp
36  2.504720 -15.125921 5.615633  -0.341486 0.230960 0.911068  0.507813 0.820313
36  2.944721 -16.965921 6.355632  0.337596 0.158278 0.927889  0.636719 0.992188
36  2.934720 -15.135921 5.615633  0.436577 0.227083 0.870537  0.507813 0.882813
handle.bmp
41  2.294720 -21.214916 5.602894  0.999999 -0.000995 0.000657  0.601563 0.070313
41  2.294719 -21.084917 5.502893  0.999999 -0.000999 0.000659  0.601563 0.101563
41  2.294720 -21.164917 5.732893  0.999999 -0.000997 0.000658  0.601563 0.039063
handle.bmp
41  2.294720 -21.164917 5.732893  0.999999 -0.000997 0.000658  0.601563 0.039063
41  2.294719 -21.084917 5.502893  0.999999 -0.000999 0.000659  0.601563 0.101563
41  2.294720 -21.014917 5.732893  0.999999 -0.001000 0.000660  0.601563 0.039063
handle.bmp
41  2.294719 -21.084917 5.502893  0.999999 -0.000999 0.000659  0.601563 0.101563
41  2.294720 -20.964916 5.602894  0.999999 -0.001003 0.000662  0.601563 0.070313
41  2.294720 -21.014917 5.732893  0.999999 -0.001000 0.000660  0.601563 0.039063
handle.bmp
41  1.794719 -21.084917 5.482894  -1.000000 0.000325 -0.000791  0.710938 0.023438
41  1.794720 -21.244917 5.612894  -1.000000 0.000181 -0.000441  0.691406 0.070313
41  1.794720 -20.934917 5.612894  -1.000000 0.000327 -0.000796  0.738281 0.070313
handle.bmp
41  1.794720 -20.934917 5.612894  -1.000000 0.000327 -0.000796  0.738281 0.070313
41  1.794720 -21.244917 5.612894  -1.000000 0.000181 -0.000441  0.691406 0.070313
41  1.794720 -20.994917 5.762894  -1.000000 0.000320 -0.000801  0.722656 0.117188
handle.bmp
41  1.794720 -21.244917 5.612894  -1.000000 0.000181 -0.000441  0.691406 0.070313
41  1.794720 -21.184917 5.762894  -1.000000 0.000328 -0.000798  0.703125 0.117188
41  1.794720 -20.994917 5.762894  -1.000000 0.000320 -0.000801  0.722656 0.117188
handle.bmp
36  2.524720 -19.165922 4.455632  -1.000000 0.000307 -0.000368  0.796875 0.578125
36  2.524720 -18.575922 4.455632  -1.000000 0.000307 -0.000368  0.753906 0.578125
36  2.524720 -18.615921 4.085632  -1.000000 0.000307 -0.000368  0.761719 0.531250
handle.bmp
36  2.524720 -18.615921 4.085632  -1.000000 0.000307 -0.000368  0.761719 0.531250
36  2.524720 -18.575922 4.455632  -1.000000 0.000306 -0.000368  0.753906 0.578125
36  2.524720 -18.185921 3.555632  -0.993706 -0.005561 0.111884  0.734375 0.445313
handle.bmp
36  2.524720 -18.575922 4.455632  -1.000000 0.000306 -0.000368  0.753906 0.578125
36  2.524720 -18.145922 3.625632  -1.000000 0.000305 -0.000368  0.730469 0.460938
36  2.524720 -18.185921 3.555632  -0.993706 -0.005561 0.111884  0.734375 0.445313
handle.bmp
36  2.964720 -16.905922 3.615632  0.003672 -0.588246 0.808674  0.644531 0.460938
36  2.964720 -16.775921 4.035632  0.004003 -0.987659 -0.156568  0.632813 0.515625
36  2.524720 -16.775921 4.035632  -0.001989 -0.996700 0.081154  0.632813 0.515625
handle.bmp
36  2.524720 -16.775921 4.035632  -0.001989 -0.996700 0.081154  0.632813 0.515625
36  2.964720 -16.775921 4.035632  0.004003 -0.987659 -0.156568  0.632813 0.515625
36  2.524720 -16.945921 4.435632  0.005739 -0.925613 -0.378427  0.640625 0.578125
handle.bmp
36  2.964720 -16.775921 4.035632  0.004186 -0.987445 -0.157907  0.632813 0.515625
36  2.964720 -16.935921 4.445632  0.005725 -0.925607 -0.378443  0.640625 0.578125
36  2.524720 -16.945921 4.435632  0.005724 -0.925608 -0.378442  0.640625 0.578125
handle.bmp
36  2.964720 -18.185921 3.555632  1.000000 -0.000002 0.000000  0.734375 0.445313
36  2.964720 -18.565922 4.455632  1.000000 0.000000 0.000000  0.753906 0.578125
36  2.964720 -18.615921 4.095632  1.000000 0.000001 0.000000  0.757813 0.531250
handle.bmp
36  2.964720 -18.615921 4.095632  1.000000 0.000001 0.000000  0.757813 0.531250
36  2.964720 -18.565922 4.455632  1.000000 0.000000 0.000000  0.753906 0.578125
36  2.964720 -19.165922 4.455632  1.000000 0.000000 0.000000  0.796875 0.578125
handle.bmp
41  2.304720 -21.684917 5.432894  -1.000000 0.000328 -0.000798  0.781250 0.148438
41  2.304720 -21.674917 6.002893  -1.000000 0.000328 -0.000798  0.781250 0.234375
41  2.304719 -19.344917 5.432894  -1.000000 0.000327 -0.000797  0.628906 0.148438
handle.bmp
41  2.304719 -19.344917 5.432894  -1.000000 0.000327 -0.000797  0.628906 0.148438
41  2.304720 -21.674917 6.002893  -1.000000 0.000328 -0.000798  0.781250 0.234375
41  2.304720 -19.344917 6.002894  -1.000000 0.000327 -0.000797  0.628906 0.234375
handle.bmp
41  2.304719 -19.344917 5.432894  -0.028351 0.000694 -0.999598  0.628906 0.148438
41  2.634719 -19.354916 5.422894  -0.028039 0.000384 -0.999607  0.628906 0.148438
41  2.304720 -21.684917 5.432894  -0.028217 0.000734 -0.999602  0.781250 0.148438
handle.bmp
41  2.304720 -21.684917 5.432894  -0.028217 0.000734 -0.999602  0.781250 0.148438
41  2.634719 -19.354916 5.422894  -0.028039 0.000384 -0.999607  0.628906 0.148438
41  2.634720 -21.684916 5.432893  -0.028225 0.000716 -0.999601  0.781250 0.148438
handle.bmp
41  2.304720 -21.674917 6.002893  0.000335 -0.999997 0.002347  0.781250 0.234375
41  2.304720 -21.684917 5.432894  0.000334 -0.999997 0.002346  0.781250 0.148438
41  2.574720 -21.674917 6.302894  0.000334 -0.999997 0.002345  0.781250 0.296875
handle.bmp
41  2.574720 -21.674917 6.302894  0.000326 -0.999997 0.002345  0.781250 0.296875
41  2.304720 -21.684917 5.432894  0.000332 -0.999997 0.002346  0.781250 0.148438
41  2.634720 -21.684916 5.432893  0.000332 -0.999997 0.002346  0.781250 0.148438
handle.bmp
41  2.304720 -21.674917 6.002893  -0.752727 -0.000859 0.658332  0.781250 0.234375
41  2.574720 -21.674917 6.302894  -0.752735 -0.000860 0.658323  0.781250 0.296875
41  2.304720 -19.344917 6.002894  -0.752810 -0.000966 0.658238  0.628906 0.234375
handle.bmp
41  2.304720 -19.344917 6.002894  -0.752810 -0.000966 0.658238  0.628906 0.234375
41  2.574720 -21.674917 6.302894  -0.752735 -0.000860 0.658323  0.781250 0.296875
41  2.564720 -19.354918 6.302894  -0.752728 -0.000864 0.658331  0.628906 0.304688
handle.bmp
42  2.879387 -8.289691 0.176655  -0.000027 0.999406 0.034469  0.242188 0.093750
42  2.629387 -8.289691 0.176655  -0.000034 0.999405 0.034490  0.226563 0.093750
42  3.079387 -8.299691 0.376655  -0.000017 0.999405 0.034481  0.253906 0.125000
handle.bmp
42  3.079387 -8.299691 0.376655  -0.000017 0.999405 0.034481  0.253906 0.125000
42  2.629387 -8.289691 0.176655  -0.000034 0.999405 0.034490  0.226563 0.093750
42  2.419387 -8.289691 0.376655  -0.000014 0.999406 0.034467  0.214844 0.125000
handle.bmp
38  2.604720 -17.115499 4.096048  0.012416 0.776627 -0.629838  0.390625 0.320313
38  2.844720 -17.115499 4.096048  0.012401 0.776592 -0.629882  0.390625 0.320313
38  2.604720 -17.385498 3.736048  0.012405 0.776610 -0.629860  0.417969 0.265625
handle.bmp
38  2.604720 -17.385498 3.736048  0.012405 0.776610 -0.629860  0.417969 0.265625
38  2.844720 -17.115499 4.096048  0.012401 0.776592 -0.629882  0.390625 0.320313
38  2.844720 -17.395498 3.736048  0.012402 0.776604 -0.629867  0.421875 0.265625
handle.bmp
38  2.604720 -17.115499 4.096048  -0.004310 0.975225 0.221173  0.390625 0.320313
38  2.604720 -17.255499 4.716048  -0.004368 0.975226 0.221170  0.398438 0.406250
38  2.844720 -17.115499 4.096048  -0.004097 0.975267 0.220992  0.390625 0.320313
handle.bmp
38  2.844720 -17.115499 4.096048  -0.004097 0.975267 0.220992  0.390625 0.320313
38  2.604720 -17.255499 4.716048  -0.004368 0.975226 0.221170  0.398438 0.406250
38  2.844720 -17.255499 4.726048  -0.004374 0.975226 0.221168  0.398438 0.414063
handle.bmp
38  2.604720 -17.255499 4.716048  -0.020112 -0.018932 0.999618  0.398438 0.406250
38  2.604720 -17.505499 4.716048  -0.020140 -0.019020 0.999616  0.425781 0.414063
38  2.844720 -17.255499 4.726048  -0.020344 -0.019035 0.999612  0.398438 0.414063
handle.bmp
38  2.844720 -17.255499 4.726048  -0.020344 -0.019035 0.999612  0.398438 0.414063
38  2.604720 -17.505499 4.716048  -0.020140 -0.019020 0.999616  0.425781 0.414063
38  2.844720 -17.505499 4.716048  -0.020136 -0.018968 0.999617  0.425781 0.414063
handle.bmp
38  2.844720 -17.505499 4.716048  -0.000038 -0.898370 -0.439239  0.425781 0.414063
38  2.604720 -17.505499 4.716048  0.000000 -0.898371 -0.439238  0.425781 0.414063
38  2.844720 -17.255499 4.186048  -0.000039 -0.898372 -0.439235  0.406250 0.320313
handle.bmp
38  2.844720 -17.255499 4.186048  -0.000039 -0.898372 -0.439235  0.406250 0.320313
38  2.604720 -17.505499 4.716048  0.000000 -0.898371 -0.439238  0.425781 0.414063
38  2.604720 -17.255499 4.186048  -0.000038 -0.898373 -0.439234  0.406250 0.320313
handle.bmp
38  2.604720 -17.255499 4.186048  -0.015210 -0.949835 0.312380  0.406250 0.320313
38  2.604720 -17.385498 3.736048  -0.015215 -0.949824 0.312416  0.417969 0.265625
38  2.844720 -17.255499 4.186048  -0.015219 -0.949826 0.312407  0.406250 0.320313
handle.bmp
38  2.844720 -17.255499 4.186048  -0.015219 -0.949826 0.312407  0.406250 0.320313
38  2.604720 -17.385498 3.736048  -0.015215 -0.949824 0.312416  0.417969 0.265625
38  2.844720 -17.395498 3.736048  -0.015212 -0.949825 0.312413  0.421875 0.265625
handle.bmp
36  2.254719 -7.555922 4.895634  -0.850695 0.042472 0.523941  0.007813 0.617188
36  2.254720 -14.885921 4.075633  -0.921698 0.158549 -0.354027  0.484375 0.539063
36  2.254720 -15.135921 5.345633  -0.956525 0.062082 0.284966  0.507813 0.750000
handle.bmp
36  2.254720 -15.135921 5.345633  -0.956525 0.062082 0.284966  0.507813 0.750000
36  2.254720 -14.885921 4.075633  -0.921698 0.158549 -0.354027  0.484375 0.539063
36  2.254720 -16.085922 4.665633  -0.985661 -0.115893 -0.122641  0.574219 0.648438
handle.bmp
36  3.264719 -16.015921 0.915632  0.000886 0.193058 -0.981187  0.558594 0.015625
36  2.184719 -16.005920 0.915632  0.001109 0.192797 -0.981238  0.558594 0.015625
36  3.264719 -14.175921 1.275632  0.000840 0.193113 -0.981176  0.433594 0.085938
handle.bmp
36  3.264719 -14.175921 1.275632  0.000840 0.193113 -0.981176  0.433594 0.085938
36  2.184719 -16.005920 0.915632  0.001109 0.192797 -0.981238  0.558594 0.015625
36  2.204719 -14.165921 1.275633  0.000693 0.193283 -0.981143  0.433594 0.085938
handle.bmp
36  2.254718 -7.845922 0.945633  0.007535 0.997391 -0.071796  0.027344 0.070313
36  2.254719 -7.555922 4.895634  0.007863 0.997327 -0.072644  0.007813 0.617188
36  3.234718 -7.845921 0.945633  0.007535 0.997391 -0.071797  0.027344 0.070313
handle.bmp
36  3.234718 -7.845921 0.945633  0.007535 0.997391 -0.071797  0.027344 0.070313
36  2.254719 -7.555922 4.895634  0.007863 0.997327 -0.072644  0.007813 0.617188
36  3.234720 -7.565921 4.875634  0.007458 0.997388 -0.071837  0.007813 0.609375
handle.bmp
36  2.254720 -21.575922 5.475632  -0.000438 0.446195 0.894935  0.941406 0.773438
36  2.254721 -21.575922 6.025631  -0.269491 0.950540 -0.154427  0.941406 0.859375
36  2.564721 -21.575922 5.475631  -0.619568 0.740351 0.260801  0.941406 0.773438
handle.bmp
36  2.564721 -21.575922 5.475631  -0.619568 0.740351 0.260801  0.941406 0.773438
36  2.254721 -21.575922 6.025631  -0.269491 0.950540 -0.154427  0.941406 0.859375
36  2.504721 -21.295921 6.335632  -0.939118 0.302019 -0.163834  0.925781 0.929688
handle.bmp
36  2.254720 -18.485922 5.485632  0.012497 -0.445432 0.895229  0.734375 0.773438
36  2.574720 -18.475922 5.485632  -0.705789 -0.606412 -0.366233  0.734375 0.773438
36  2.254720 -18.475922 5.715632  -0.411700 -0.713104 -0.567439  0.734375 0.804688
handle.bmp
36  2.254720 -18.475922 5.715632  -0.411700 -0.713104 -0.567439  0.734375 0.804688
36  2.574720 -18.475922 5.485632  -0.705789 -0.606412 -0.366233  0.734375 0.773438
36  2.254720 -19.485922 5.715632  -0.531235 -0.444271 -0.721396  0.800781 0.804688
handle.bmp
41  1.794719 -21.084917 5.482894  0.038155 -0.653863 -0.755650  0.683594 0.109375
41  2.294719 -21.084917 5.502893  0.038143 -0.653840 -0.755671  0.601563 0.101563
41  1.794720 -21.244917 5.612894  0.038150 -0.653861 -0.755652  0.683594 0.070313
handle.bmp
41  1.794720 -21.244917 5.612894  0.038150 -0.653861 -0.755652  0.683594 0.070313
41  2.294719 -21.084917 5.502893  0.038143 -0.653840 -0.755671  0.601563 0.101563
41  2.294720 -21.214916 5.602894  0.038148 -0.653835 -0.755675  0.601563 0.070313
handle.bmp
41  1.794719 -21.084917 5.482894  0.039301 0.666970 -0.744047  0.683594 0.109375
41  1.794720 -20.934917 5.612894  0.039312 0.666981 -0.744037  0.683594 0.070313
41  2.294719 -21.084917 5.502893  0.039311 0.666980 -0.744038  0.601563 0.101563
handle.bmp
41  2.294719 -21.084917 5.502893  0.039311 0.666980 -0.744038  0.601563 0.101563
41  1.794720 -20.934917 5.612894  0.039312 0.666981 -0.744037  0.683594 0.070313
41  2.294720 -20.964916 5.602894  0.039308 0.666984 -0.744035  0.601563 0.070313
handle.bmp
41  2.294720 -20.964916 5.602894  0.061004 0.913454 0.402343  0.601563 0.070313
41  1.794720 -20.934917 5.612894  0.060970 0.913468 0.402317  0.683594 0.070313
41  2.294720 -21.014917 5.732893  0.060971 0.913459 0.402336  0.601563 0.039063
handle.bmp
41  2.294720 -21.014917 5.732893  0.060971 0.913459 0.402336  0.601563 0.039063
41  1.794720 -20.934917 5.612894  0.060970 0.913468 0.402317  0.683594 0.070313
41  1.794720 -20.994917 5.762894  0.060969 0.913459 0.402336  0.683594 0.023438
handle.bmp
41  2.294720 -21.014917 5.732893  0.067401 0.006247 0.997706  0.601563 0.039063
41  1.794720 -20.994917 5.762894  0.067401 0.006247 0.997706  0.683594 0.023438
41  2.294720 -21.164917 5.732893  0.067401 0.006247 0.997706  0.601563 0.070313
handle.bmp
41  2.294720 -21.164917 5.732893  0.067401 0.006247 0.997706  0.601563 0.070313
41  1.794720 -20.994917 5.762894  0.067401 0.006247 0.997706  0.683594 0.023438
41  1.794720 -21.184917 5.762894  0.067397 0.006252 0.997707  0.683594 0.070313
handle.bmp
41  2.294720 -21.164917 5.732893  0.058809 -0.924369 0.376940  0.601563 0.039063
41  1.794720 -21.184917 5.762894  0.058809 -0.924365 0.376949  0.683594 0.023438
41  2.294720 -21.214916 5.602894  0.058808 -0.924366 0.376948  0.601563 0.070313
handle.bmp
41  2.294720 -21.214916 5.602894  0.058808 -0.924366 0.376948  0.601563 0.070313
41  1.794720 -21.184917 5.762894  0.058809 -0.924365 0.376949  0.683594 0.023438
41  1.794720 -21.244917 5.612894  0.058811 -0.924366 0.376945  0.683594 0.070313
handle.bmp
36  2.944721 -21.895922 6.355631  0.185460 0.007349 0.982624  0.964844 0.929688
36  3.234721 -21.895922 6.035632  0.930006 -0.000365 0.367543  0.964844 0.859375
36  2.944721 -16.965921 6.355632  0.337596 0.158278 0.927889  0.636719 0.929688
handle.bmp
36  2.944721 -16.965921 6.355632  0.337596 0.158278 0.927889  0.636719 0.929688
36  3.234721 -21.895922 6.035632  0.930006 -0.000365 0.367543  0.964844 0.859375
36  3.234720 -16.975922 6.045632  0.885436 0.117068 0.449776  0.636719 0.859375
handle.bmp
36  3.024720 -19.385921 4.425632  0.006160 -0.195404 -0.980703  0.828125 0.398438
36  2.464720 -19.385921 4.425632  0.006185 -0.195411 -0.980702  0.828125 0.320313
36  2.964720 -16.455921 4.435632  -0.006300 -0.000705 -0.999980  0.632813 0.398438
handle.bmp
36  2.964720 -16.455921 4.435632  -0.006296 -0.000714 -0.999980  0.632813 0.398438
36  2.464720 -19.385921 4.425632  0.006225 -0.194718 -0.980840  0.828125 0.320313
36  2.484720 -16.455921 4.425632  -0.006296 -0.000714 -0.999980  0.632813 0.335938
handle.bmp
40  3.024719 -19.130087 4.665154  0.000007 -0.101062 0.994880  0.953125 0.117188
40  2.434719 -19.130087 4.665154  0.000001 -0.101014 0.994885  0.953125 0.210938
40  3.024719 -21.160086 4.475153  0.000002 -0.101014 0.994885  0.839844 0.117188
handle.bmp
40  3.024719 -21.160086 4.475153  0.000002 -0.101014 0.994885  0.839844 0.117188
40  2.434719 -19.130087 4.665154  0.000001 -0.101014 0.994885  0.953125 0.210938
40  2.434719 -21.160086 4.475154  0.000007 -0.101061 0.994880  0.839844 0.210938
handle.bmp
40  3.024719 -19.120087 4.575154  0.000000 0.101135 -0.994873  0.953125 0.117188
40  3.024719 -21.150085 4.365154  -0.000007 0.101087 -0.994878  0.839844 0.117188
40  2.434719 -19.120087 4.575154  -0.000007 0.101087 -0.994878  0.953125 0.210938
handle.bmp
40  2.434719 -19.120087 4.575154  -0.000007 0.101087 -0.994878  0.953125 0.210938
40  3.024719 -21.150085 4.365154  -0.000007 0.101087 -0.994878  0.839844 0.117188
40  2.434719 -21.150085 4.365154  -0.000007 0.101135 -0.994873  0.839844 0.210938
handle.bmp
40  2.434719 -19.120087 4.575154  -1.000000 0.000000 0.000000  0.945313 0.226563
40  2.434719 -21.150085 4.365154  -1.000000 -0.000000 0.000000  0.828125 0.226563
40  2.434719 -19.130087 4.665154  -1.000000 -0.000000 0.000000  0.953125 0.210938
handle.bmp
40  2.434719 -19.130087 4.665154  -1.000000 -0.000000 0.000000  0.953125 0.210938
40  2.434719 -21.150085 4.365154  -1.000000 -0.000000 0.000000  0.828125 0.226563
40  2.434719 -21.160086 4.475154  -1.000000 -0.000000 0.000000  0.839844 0.210938
handle.bmp
40  3.024719 -19.120087 4.575154  1.000000 0.000001 0.000000  0.953125 0.117188
40  3.024719 -19.130087 4.665154  1.000000 0.000001 0.000000  0.953125 0.117188
40  3.024719 -21.150085 4.365154  1.000000 0.000000 0.000000  0.839844 0.117188
handle.bmp
40  3.024719 -21.150085 4.365154  1.000000 0.000000 0.000000  0.839844 0.117188
40  3.024719 -19.130087 4.665154  1.000000 0.000001 0.000000  0.953125 0.117188
40  3.024719 -21.160086 4.475153  1.000000 0.000000 0.000000  0.839844 0.117188
handle.bmp
40  3.024719 -21.160086 4.475153  -0.000021 -0.992547 -0.121863  0.839844 0.117188
40  2.434719 -21.160086 4.475154  0.000000 -0.992553 -0.121818  0.839844 0.210938
40  3.024719 -21.150085 4.365154  -0.000002 -0.992552 -0.121821  0.828125 0.132813
handle.bmp
40  3.024719 -21.150085 4.365154  -0.000002 -0.992552 -0.121821  0.828125 0.132813
40  2.434719 -21.160086 4.475154  0.000000 -0.992553 -0.121818  0.839844 0.210938
40  2.434719 -21.150085 4.365154  -0.000021 -0.992552 -0.121825  0.828125 0.226563
handle.bmp
40  3.024719 -19.130087 4.665154  0.000021 0.992549 0.121848  0.953125 0.117188
40  3.024719 -19.120087 4.575154  0.000022 0.992548 0.121852  0.953125 0.117188
40  2.434719 -19.130087 4.665154  0.000020 0.992551 0.121832  0.953125 0.210938
handle.bmp
40  2.434719 -19.130087 4.665154  0.000020 0.992551 0.121832  0.953125 0.210938
40  3.024719 -19.120087 4.575154  0.000022 0.992548 0.121852  0.953125 0.117188
40  2.434719 -19.120087 4.575154  0.000000 0.992550 0.121836  0.953125 0.210938
handle.bmp
41  2.304720 -19.344917 6.002894  0.019804 0.999802 0.001988  0.628906 0.234375
41  2.564720 -19.354918 6.302894  0.019802 0.999802 0.001987  0.628906 0.304688
41  2.304719 -19.344917 5.432894  0.019803 0.999802 0.001989  0.628906 0.148438
handle.bmp
41  2.304719 -19.344917 5.432894  0.019803 0.999802 0.001989  0.628906 0.148438
41  2.564720 -19.354918 6.302894  0.019802 0.999802 0.001987  0.628906 0.304688
41  2.634719 -19.354916 5.422894  0.019775 0.999802 0.001989  0.628906 0.148438
handle.bmp
42  2.869387 -8.289691 0.846655  -0.000023 0.999406 0.034461  0.246094 0.195313
42  2.419387 -8.289691 0.626655  -0.000029 0.999406 0.034461  0.214844 0.164063
42  2.629387 -8.289691 0.836655  -0.000029 0.999406 0.034461  0.226563 0.195313
handle.bmp
42  2.869387 -9.919691 0.846655  0.003008 -0.999991 -0.003093  0.257813 0.234375
42  2.629387 -9.919691 0.836655  0.003009 -0.999991 -0.003092  0.257813 0.234375
42  2.419387 -9.919691 0.626655  0.003012 -0.999991 -0.003089  0.257813 0.179688
handle.bmp
42  2.629387 -8.289691 0.176655  -0.252545 0.000000 -0.967585  0.367188 0.093750
42  2.629387 -9.919691 0.176655  -0.502858 0.000000 -0.864369  0.257813 0.093750
42  2.419387 -8.289691 0.376655  -0.923280 0.000030 -0.384128  0.367188 0.125000
handle.bmp
36  2.194719 -15.315921 1.465632  -0.967133 -0.251831 0.035151  0.507813 0.101563
36  2.204719 -14.165921 1.275633  -0.839622 0.539578 -0.062382  0.433594 0.085938
36  2.184719 -16.005920 0.915632  -0.548256 -0.673863 0.495303  0.558594 0.015625
handle.bmp
36  3.194720 -15.335921 3.575632  0.916798 0.396562 -0.047120  0.515625 0.468750
36  3.194720 -16.255920 3.555632  0.965607 -0.257160 -0.038367  0.585938 0.468750
36  3.264719 -15.315921 1.465632  0.964539 -0.260852 0.040252  0.507813 0.101563
handle.bmp
36  2.254720 -19.485922 5.715632  -1.000000 0.000307 -0.000368  0.800781 0.804688
36  2.254720 -19.485922 6.055632  -0.975913 0.007385 0.218033  0.800781 0.859375
36  2.254720 -18.475922 5.715632  -1.000000 0.000307 -0.000368  0.734375 0.804688
handle.bmp
36  2.964720 -16.645922 3.555632  -0.006288 -0.000707 -0.999980  0.625000 0.445313
36  2.524720 -18.185921 3.555632  -0.006841 -0.283128 -0.959058  0.734375 0.445313
36  2.484720 -16.645922 3.555632  -0.006288 -0.000711 -0.999980  0.625000 0.445313
handle.bmp
36  2.964720 -16.905922 3.615632  0.003672 -0.588246 0.808674  0.644531 0.460938
36  2.524720 -16.775921 4.035632  -0.001989 -0.996700 0.081154  0.632813 0.515625
36  2.524720 -16.905922 3.625632  0.003684 -0.588253 0.808668  0.644531 0.460938
handle.bmp
36  2.464720 -21.895922 4.425632  -0.006338 -0.000717 -0.999980  0.988281 0.320313
36  3.024720 -21.345921 4.425632  -0.000011 0.381766 -0.924259  0.960938 0.398438
36  3.024720 -21.895922 4.425631  -0.006338 -0.000717 -0.999980  0.988281 0.398438
handle.bmp
36  3.024720 -21.345921 4.425632  0.760724 -0.000590 -0.649075  0.945313 0.570313
36  3.234720 -21.895922 4.675631  0.892163 -0.000416 -0.451714  0.964844 0.648438
36  3.024720 -21.895922 4.425631  0.760732 -0.000587 -0.649066  0.984375 0.570313
handle.bmp
36  2.464720 -20.775921 4.995632  1.000000 0.000000 0.000000  0.902344 0.656250
36  2.464720 -21.345921 4.425632  1.000000 0.000000 0.000000  0.945313 0.570313
36  2.464720 -19.385921 4.425632  1.000000 0.000000 0.000000  0.812500 0.570313
handle.bmp
36  3.024720 -21.345921 4.425632  -1.000000 0.000307 -0.000368  0.945313 0.570313
36  3.024720 -20.775921 4.995631  -1.000000 0.000307 -0.000368  0.902344 0.656250
36  3.024720 -19.385921 4.425632  -1.000000 0.000307 -0.000368  0.812500 0.570313
barrel.bmp
36  2.824721 -27.295921 5.595631  0.507278 -0.053446 -0.860124  0.507813 0.546875
36  2.614721 -27.295921 5.595631  -0.261849 -0.052185 -0.963697  0.507813 0.625000
36  2.904721 -24.505922 5.465631  0.333585 -0.022913 -0.942442  0.250000 0.468750
barrel.bmp
36  2.904721 -24.505922 5.465631  0.333585 -0.022913 -0.942442  0.250000 0.468750
36  2.614721 -27.295921 5.595631  -0.261849 -0.052185 -0.963697  0.507813 0.625000
36  2.544721 -24.505922 5.465631  -0.523247 0.000015 -0.852181  0.250000 0.578125
barrel.bmp
36  2.614721 -27.295921 5.595631  -0.261849 -0.052185 -0.963697  0.507813 0.625000
36  2.444721 -27.295921 5.775630  -0.871150 -0.051992 -0.488256  0.507813 0.687500
36  2.544721 -24.505922 5.465631  -0.523247 0.000015 -0.852181  0.250000 0.578125
barrel.bmp
36  2.544721 -24.505922 5.465631  -0.523247 0.000015 -0.852181  0.250000 0.578125
36  2.444721 -27.295921 5.775630  -0.871150 -0.051992 -0.488256  0.507813 0.687500
36  2.314721 -24.505922 5.705631  -0.969893 0.000140 -0.243533  0.250000 0.671875
barrel.bmp
36  2.444721 -27.295921 5.775630  -0.871150 -0.051992 -0.488256  0.507813 0.687500
36  2.444721 -27.295921 5.995631  -0.968452 -0.047645 0.244602  0.507813 0.781250
36  2.314721 -24.505922 5.705631  -0.969893 0.000140 -0.243533  0.250000 0.671875
barrel.bmp
36  2.314721 -24.505922 5.705631  -0.969893 0.000140 -0.243533  0.250000 0.671875
36  2.444721 -27.295921 5.995631  -0.968452 -0.047645 0.244602  0.507813 0.781250
36  2.314721 -24.505922 6.035631  -0.893265 -0.027407 0.448694  0.250000 0.781250
barrel.bmp
36  2.444721 -27.295921 5.995631  -0.968452 -0.047645 0.244602  0.507813 0.781250
36  2.614721 -27.295921 6.175631  -0.391155 -0.041314 0.919397  0.507813 0.859375
36  2.314721 -24.505922 6.035631  -0.893265 -0.027407 0.448694  0.250000 0.781250
barrel.bmp
36  2.314721 -24.505922 6.035631  -0.893265 -0.027407 0.448694  0.250000 0.781250
36  2.614721 -27.295921 6.175631  -0.391155 -0.041314 0.919397  0.507813 0.859375
36  2.554721 -24.505922 6.275631  -0.461008 -0.016167 0.887249  0.250000 0.890625
barrel.bmp
36  2.614721 -27.295921 6.175631  -0.391155 -0.041314 0.919397  0.507813 0.859375
36  2.874721 -24.505922 6.275631  0.252452 -0.000436 0.967609  0.250000 0.984375
36  2.554721 -24.505922 6.275631  -0.461008 -0.016167 0.887249  0.250000 0.890625
barrel.bmp
36  2.554721 -24.505922 6.275631  -0.461008 -0.016167 0.887249  0.250000 0.890625
36  2.874721 -24.505922 6.275631  0.252452 -0.000436 0.967609  0.250000 0.984375
36  2.554721 -21.795921 6.275631  -0.253457 0.000170 0.967347  0.003906 0.890625
barrel.bmp
36  2.874721 -24.505922 6.275631  0.252452 -0.000436 0.967609  0.250000 0.984375
36  2.884721 -21.795921 6.275631  0.502828 -0.000280 0.864387  0.003906 0.984375
36  2.554721 -21.795921 6.275631  -0.253457 0.000170 0.967347  0.003906 0.890625
barrel.bmp
36  2.824722 -32.625923 6.175630  0.252495 -0.000276 0.967598  0.988281 0.921875
36  2.614721 -27.295921 6.175631  -0.392968 0.000039 0.919552  0.507813 0.859375
36  2.614722 -32.625923 6.175630  -0.392955 0.000029 0.919558  0.988281 0.859375
barrel.bmp
36  2.614722 -32.625923 6.175630  -0.392955 0.000029 0.919558  0.988281 0.859375
36  2.614721 -27.295921 6.175631  -0.392968 0.000039 0.919552  0.507813 0.859375
36  2.434721 -32.615921 6.005630  -0.870876 0.000296 0.491503  0.988281 0.781250
barrel.bmp
36  2.614721 -27.295921 6.175631  -0.392968 0.000039 0.919552  0.507813 0.859375
36  2.444721 -27.295921 5.995631  -0.969575 0.000518 0.244794  0.507813 0.781250
36  2.434721 -32.615921 6.005630  -0.870876 0.000296 0.491503  0.988281 0.781250
barrel.bmp
36  2.434721 -32.615921 6.005630  -0.870876 0.000296 0.491503  0.988281 0.781250
36  2.444721 -27.295921 5.995631  -0.969575 0.000518 0.244794  0.507813 0.781250
36  2.434721 -32.615921 5.775630  -0.969881 0.001823 -0.243571  0.988281 0.687500
barrel.bmp
36  2.444721 -27.295921 5.995631  -0.969575 0.000518 0.244794  0.507813 0.781250
36  2.444721 -27.295921 5.775630  -0.873910 0.001077 -0.486087  0.507813 0.687500
36  2.434721 -32.615921 5.775630  -0.969881 0.001823 -0.243571  0.988281 0.687500
barrel.bmp
36  2.434721 -32.615921 5.775630  -0.969881 0.001823 -0.243571  0.988281 0.687500
36  2.444721 -27.295921 5.775630  -0.873910 0.001077 -0.486087  0.507813 0.687500
36  2.614721 -32.625923 5.595630  -0.523193 0.000147 -0.852214  0.988281 0.625000
barrel.bmp
36  2.444721 -27.295921 5.775630  -0.873910 0.001077 -0.486087  0.507813 0.687500
36  2.614721 -27.295921 5.595631  -0.262075 0.000000 -0.965047  0.507813 0.625000
36  2.614721 -32.625923 5.595630  -0.523193 0.000147 -0.852214  0.988281 0.625000
barrel.bmp
36  2.614721 -32.625923 5.595630  -0.523193 0.000147 -0.852214  0.988281 0.625000
36  2.614721 -27.295921 5.595631  -0.262075 0.000000 -0.965047  0.507813 0.625000
36  2.824721 -32.625923 5.595630  0.252544 0.000000 -0.967585  0.988281 0.546875
barrel.bmp
36  2.614721 -27.295921 5.595631  -0.262075 0.000000 -0.965047  0.507813 0.625000
36  2.824721 -27.295921 5.595631  0.502889 0.000000 -0.864351  0.507813 0.546875
36  2.824721 -32.625923 5.595630  0.252544 0.000000 -0.967585  0.988281 0.546875
barrel.bmp
36  2.844721 -32.245922 5.315629  0.252500 -0.000276 0.967597  0.960938 0.390625
36  2.594721 -21.775921 5.315631  -0.392951 0.000033 0.919560  0.000000 0.312500
36  2.594721 -32.245922 5.315629  -0.392964 -0.000000 0.919554  0.960938 0.312500
barrel.bmp
36  2.594721 -32.245922 5.315629  -0.392964 -0.000000 0.919554  0.960938 0.312500
36  2.594721 -21.775921 5.315631  -0.392951 0.000033 0.919560  0.000000 0.312500
36  2.394721 -32.245922 5.095630  -0.870984 -0.000000 0.491312  0.960938 0.250000
barrel.bmp
36  2.594721 -21.775921 5.315631  -0.392951 0.000033 0.919560  0.000000 0.312500
36  2.394720 -21.775921 5.095632  -0.969573 -0.000000 0.244801  0.000000 0.250000
36  2.394721 -32.245922 5.095630  -0.870984 -0.000000 0.491312  0.960938 0.250000
barrel.bmp
36  2.394721 -32.245922 5.095630  -0.870984 -0.000000 0.491312  0.960938 0.250000
36  2.394720 -21.775921 5.095632  -0.969573 -0.000000 0.244801  0.000000 0.250000
36  2.394721 -32.245922 4.835629  -0.969890 -0.000000 -0.243545  0.960938 0.171875
barrel.bmp
36  2.394720 -21.775921 5.095632  -0.969573 -0.000000 0.244801  0.000000 0.250000
36  2.394720 -21.775921 4.835631  -0.873920 -0.000000 -0.486069  0.000000 0.171875
36  2.394721 -32.245922 4.835629  -0.969890 -0.000000 -0.243545  0.960938 0.171875
barrel.bmp
36  2.394721 -32.245922 4.835629  -0.969890 -0.000000 -0.243545  0.960938 0.171875
36  2.394720 -21.775921 4.835631  -0.873920 -0.000000 -0.486069  0.000000 0.171875
36  2.594721 -32.245922 4.625629  -0.523232 0.000000 -0.852190  0.960938 0.093750
barrel.bmp
36  2.394720 -21.775921 4.835631  -0.873920 -0.000000 -0.486069  0.000000 0.171875
36  2.594720 -21.775921 4.625631  -0.262093 0.000000 -0.965043  0.000000 0.093750
36  2.594721 -32.245922 4.625629  -0.523232 0.000000 -0.852190  0.960938 0.093750
barrel.bmp
36  2.594721 -32.245922 4.625629  -0.523232 0.000000 -0.852190  0.960938 0.093750
36  2.594720 -21.775921 4.625631  -0.262093 0.000000 -0.965043  0.000000 0.093750
36  2.844721 -32.245922 4.625629  0.252526 0.000000 -0.967590  0.960938 0.015625
barrel.bmp
36  2.594720 -21.775921 4.625631  -0.262093 0.000000 -0.965043  0.000000 0.093750
36  2.844720 -21.775921 4.625631  0.502872 0.000000 -0.864361  0.000000 0.015625
36  2.844721 -32.245922 4.625629  0.252526 0.000000 -0.967590  0.960938 0.015625
barrel.bmp
36  3.144721 -24.505922 6.035631  0.893554 -0.026675 0.448163  0.250000 0.781250
36  3.144721 -24.505922 5.705631  0.923263 -0.000071 -0.384169  0.250000 0.671875
36  3.144721 -21.795921 6.035632  0.967086 -0.000000 0.254450  0.003906 0.781250
barrel.bmp
36  3.144721 -24.505922 6.035631  0.893554 -0.026675 0.448163  0.250000 0.781250
36  3.014721 -27.295921 5.775630  0.965834 -0.051065 -0.254080  0.507813 0.687500
36  3.144721 -24.505922 5.705631  0.923263 -0.000071 -0.384169  0.250000 0.671875
barrel.bmp
36  3.144721 -24.505922 6.035631  0.893554 -0.026675 0.448163  0.250000 0.781250
36  3.014721 -27.295921 5.995630  0.922179 -0.047535 0.383832  0.507813 0.781250
36  3.014721 -27.295921 5.775630  0.965834 -0.051065 -0.254080  0.507813 0.687500
barrel.bmp
36  3.144721 -24.505922 6.035631  0.893554 -0.026675 0.448163  0.250000 0.781250
36  2.824721 -27.295921 6.175631  0.493856 -0.041010 0.868576  0.507813 0.859375
36  3.014721 -27.295921 5.995630  0.922179 -0.047535 0.383832  0.507813 0.781250
barrel.bmp
36  3.144721 -24.505922 6.035631  0.893554 -0.026675 0.448163  0.250000 0.781250
36  2.874721 -24.505922 6.275631  0.252452 -0.000436 0.967609  0.250000 0.890625
36  2.824721 -27.295921 6.175631  0.493856 -0.041010 0.868576  0.507813 0.859375
barrel.bmp
36  3.144721 -24.505922 6.035631  0.893554 -0.026675 0.448163  0.250000 0.781250
36  2.884721 -21.795921 6.275631  0.502828 -0.000280 0.864387  0.003906 0.890625
36  2.874721 -24.505922 6.275631  0.252452 -0.000436 0.967609  0.250000 0.890625
barrel.bmp
36  3.144721 -24.505922 6.035631  0.893554 -0.026675 0.448163  0.250000 0.781250
36  3.144721 -21.795921 6.035632  0.967086 -0.000000 0.254450  0.003906 0.781250
36  2.884721 -21.795921 6.275631  0.502828 -0.000280 0.864387  0.003906 0.890625
barrel.bmp
36  2.554721 -24.505922 6.275631  -0.461008 -0.016167 0.887249  0.250000 0.890625
36  2.314721 -21.795921 6.035632  -0.925420 0.000205 0.378944  0.003906 0.781250
36  2.314721 -24.505922 6.035631  -0.893265 -0.027407 0.448694  0.250000 0.781250
barrel.bmp
36  2.314721 -24.505922 6.035631  -0.893265 -0.027407 0.448694  0.250000 0.781250
36  2.314721 -21.795921 6.035632  -0.925420 0.000205 0.378944  0.003906 0.781250
36  2.314721 -24.505922 5.705631  -0.969893 0.000140 -0.243533  0.250000 0.671875
barrel.bmp
36  2.314721 -21.795921 6.035632  -0.925420 0.000205 0.378944  0.003906 0.781250
36  2.314721 -21.795921 5.705632  -0.873909 -0.000000 -0.486089  0.003906 0.671875
36  2.314721 -24.505922 5.705631  -0.969893 0.000140 -0.243533  0.250000 0.671875
barrel.bmp
36  2.314721 -24.505922 5.705631  -0.969893 0.000140 -0.243533  0.250000 0.671875
36  2.314721 -21.795921 5.705632  -0.873909 -0.000000 -0.486089  0.003906 0.671875
36  2.544721 -24.505922 5.465631  -0.523247 0.000015 -0.852181  0.250000 0.578125
barrel.bmp
36  2.314721 -21.795921 5.705632  -0.873909 -0.000000 -0.486089  0.003906 0.671875
36  2.544721 -21.795921 5.465631  -0.262112 0.000000 -0.965037  0.003906 0.578125
36  2.544721 -24.505922 5.465631  -0.523247 0.000015 -0.852181  0.250000 0.578125
barrel.bmp
36  2.544721 -24.505922 5.465631  -0.523247 0.000015 -0.852181  0.250000 0.578125
36  2.544721 -21.795921 5.465631  -0.262112 0.000000 -0.965037  0.003906 0.578125
36  2.904721 -24.505922 5.465631  0.333585 -0.022913 -0.942442  0.250000 0.468750
barrel.bmp
36  2.544721 -21.795921 5.465631  -0.262112 0.000000 -0.965037  0.003906 0.578125
36  2.904721 -21.795921 5.465631  0.391496 -0.000320 -0.920180  0.003906 0.468750
36  2.904721 -24.505922 5.465631  0.333585 -0.022913 -0.942442  0.250000 0.468750
barrel.bmp
36  2.824722 -32.625923 6.175630  0.252495 -0.000276 0.967598  0.988281 0.859375
36  3.004722 -32.625923 5.995629  0.862103 -0.000258 0.506734  0.988281 0.781250
36  2.824721 -27.295921 6.175631  0.502816 -0.000234 0.864393  0.507813 0.859375
barrel.bmp
36  2.824721 -27.295921 6.175631  0.502816 -0.000234 0.864393  0.507813 0.859375
36  3.004722 -32.625923 5.995629  0.862103 -0.000258 0.506734  0.988281 0.781250
36  3.014721 -27.295921 5.995630  0.967086 -0.000207 0.254451  0.507813 0.781250
barrel.bmp
36  3.004722 -32.625923 5.995629  0.862103 -0.000258 0.506734  0.988281 0.781250
36  3.014721 -32.625923 5.775630  0.923262 -0.000079 -0.384171  0.988281 0.687500
36  3.014721 -27.295921 5.995630  0.967086 -0.000207 0.254451  0.507813 0.781250
barrel.bmp
36  3.014721 -27.295921 5.995630  0.967086 -0.000207 0.254451  0.507813 0.781250
36  3.014721 -32.625923 5.775630  0.923262 -0.000079 -0.384171  0.988281 0.687500
36  3.014721 -27.295921 5.775630  0.923267 0.000000 -0.384158  0.507813 0.687500
barrel.bmp
36  3.014721 -32.625923 5.775630  0.923262 -0.000079 -0.384171  0.988281 0.687500
36  2.824721 -27.295921 5.595631  0.502889 0.000000 -0.864351  0.507813 0.625000
36  3.014721 -27.295921 5.775630  0.923267 0.000000 -0.384158  0.507813 0.687500
barrel.bmp
36  2.844721 -32.245922 5.315629  0.252500 -0.000276 0.967597  0.960938 0.312500
36  3.064721 -32.245922 5.095630  0.862115 -0.000252 0.506712  0.960938 0.250000
36  2.844721 -21.775921 5.315631  0.502841 -0.000269 0.864379  0.000000 0.312500
barrel.bmp
36  2.844721 -21.775921 5.315631  0.502841 -0.000269 0.864379  0.000000 0.312500
36  3.064721 -32.245922 5.095630  0.862115 -0.000252 0.506712  0.960938 0.250000
36  3.064721 -21.775921 5.095631  0.967093 -0.000155 0.254425  0.000000 0.250000
barrel.bmp
36  3.064721 -32.245922 5.095630  0.862115 -0.000252 0.506712  0.960938 0.250000
36  3.064721 -32.245922 4.835629  0.923263 -0.000079 -0.384169  0.960938 0.171875
36  3.064721 -21.775921 5.095631  0.967093 -0.000155 0.254425  0.000000 0.250000
barrel.bmp
36  3.064721 -21.775921 5.095631  0.967093 -0.000155 0.254425  0.000000 0.250000
36  3.064721 -32.245922 4.835629  0.923263 -0.000079 -0.384169  0.960938 0.171875
36  3.064720 -21.775921 4.835631  0.923254 0.000000 -0.384189  0.000000 0.171875
barrel.bmp
36  3.064721 -32.245922 4.835629  0.923263 -0.000079 -0.384169  0.960938 0.171875
36  2.844720 -21.775921 4.625631  0.502872 0.000000 -0.864361  0.000000 0.093750
36  3.064720 -21.775921 4.835631  0.923254 0.000000 -0.384189  0.000000 0.171875
barrel.bmp
36  3.144721 -24.505922 5.705631  0.923263 -0.000071 -0.384169  0.250000 0.671875
36  3.144721 -21.795921 5.705631  0.868994 -0.000227 -0.494823  0.003906 0.671875
36  3.144721 -21.795921 6.035632  0.967086 -0.000000 0.254450  0.003906 0.781250
barrel.bmp
36  3.144721 -24.505922 5.705631  0.923263 -0.000071 -0.384169  0.250000 0.671875
36  2.904721 -24.505922 5.465631  0.333585 -0.022913 -0.942442  0.250000 0.578125
36  3.144721 -21.795921 5.705631  0.868994 -0.000227 -0.494823  0.003906 0.671875
barrel.bmp
36  3.144721 -24.505922 5.705631  0.923263 -0.000071 -0.384169  0.250000 0.671875
36  2.824721 -27.295921 5.595631  0.507278 -0.053446 -0.860124  0.507813 0.625000
36  2.904721 -24.505922 5.465631  0.333585 -0.022913 -0.942442  0.250000 0.578125
barrel.bmp
36  3.144721 -24.505922 5.705631  0.923263 -0.000071 -0.384169  0.250000 0.671875
36  3.014721 -27.295921 5.775630  0.965834 -0.051065 -0.254080  0.507813 0.687500
36  2.824721 -27.295921 5.595631  0.507278 -0.053446 -0.860124  0.507813 0.625000
barrel.bmp
36  2.824721 -32.625923 5.595630  0.252544 0.000000 -0.967585  0.988281 0.625000
36  2.824721 -27.295921 5.595631  0.502889 0.000000 -0.864351  0.507813 0.625000
36  3.014721 -32.625923 5.775630  0.923262 -0.000079 -0.384171  0.988281 0.687500
barrel.bmp
36  2.824722 -32.625923 6.175630  0.252495 -0.000276 0.967598  0.988281 0.921875
36  2.824721 -27.295921 6.175631  0.502816 -0.000234 0.864393  0.507813 0.937500
36  2.614721 -27.295921 6.175631  -0.392968 0.000039 0.919552  0.507813 0.859375
barrel.bmp
36  2.844721 -32.245922 4.625629  0.252526 0.000000 -0.967590  0.960938 0.093750
36  2.844720 -21.775921 4.625631  0.502872 0.000000 -0.864361  0.000000 0.093750
36  3.064721 -32.245922 4.835629  0.923263 -0.000079 -0.384169  0.960938 0.171875
barrel.bmp
36  2.844721 -32.245922 5.315629  0.252500 -0.000276 0.967597  0.960938 0.390625
36  2.844721 -21.775921 5.315631  0.502841 -0.000269 0.864379  0.000000 0.390625
36  2.594721 -21.775921 5.315631  -0.392951 0.000033 0.919560  0.000000 0.312500
barrel.bmp
36  3.144721 -21.795921 5.705631  0.868994 -0.000227 -0.494823  0.003906 0.671875
36  2.904721 -24.505922 5.465631  0.333585 -0.022913 -0.942442  0.250000 0.578125
36  2.904721 -21.795921 5.465631  0.391496 -0.000320 -0.920180  0.003906 0.578125
barrel.bmp
36  2.314721 -21.795921 6.035632  -0.925420 0.000205 0.378944  0.003906 0.781250
36  2.554721 -24.505922 6.275631  -0.461008 -0.016167 0.887249  0.250000 0.890625
36  2.554721 -21.795921 6.275631  -0.253457 0.000170 0.967347  0.003906 0.890625
barrel.bmp
36  2.874721 -24.505922 6.275631  0.252452 -0.000436 0.967609  0.250000 0.984375
36  2.614721 -27.295921 6.175631  -0.391155 -0.041314 0.919397  0.507813 0.859375
36  2.824721 -27.295921 6.175631  0.493856 -0.041010 0.868576  0.507813 0.937500
forearm.bmp
39  3.114721 -30.025860 4.101328  0.949335 0.186196 0.253167  0.867188 0.445313
39  3.224721 -30.595860 3.731328  0.899800 0.228063 -0.371950  0.824219 0.351563
39  3.114721 -30.025860 3.791328  0.890737 0.208462 -0.403895  0.832031 0.445313
forearm.bmp
39  3.114721 -30.025860 3.791328  0.890737 0.208462 -0.403895  0.832031 0.445313
39  3.224721 -30.595860 3.731328  0.899800 0.228063 -0.371950  0.824219 0.351563
39  2.834720 -30.025860 3.551328  0.482166 0.270542 -0.833260  0.800781 0.445313
forearm.bmp
39  3.224721 -30.595860 3.731328  0.899800 0.228063 -0.371950  0.824219 0.351563
39  2.904721 -30.595860 3.381328  0.257281 0.304542 -0.917094  0.781250 0.351563
39  2.834720 -30.025860 3.551328  0.482166 0.270542 -0.833260  0.800781 0.445313
forearm.bmp
39  2.834720 -30.025860 3.551328  0.482166 0.270542 -0.833260  0.800781 0.445313
39  2.904721 -30.595860 3.381328  0.257281 0.304542 -0.917094  0.781250 0.351563
39  2.604720 -30.025860 3.551328  -0.230246 0.305906 -0.923801  0.800781 0.445313
forearm.bmp
39  2.904721 -30.595860 3.381328  0.257281 0.304542 -0.917094  0.781250 0.351563
39  2.524720 -30.595860 3.381328  -0.499150 0.283847 -0.818706  0.781250 0.351563
39  2.604720 -30.025860 3.551328  -0.230246 0.305906 -0.923801  0.800781 0.445313
forearm.bmp
39  2.604720 -30.025860 3.551328  -0.230246 0.305906 -0.923801  0.800781 0.445313
39  2.524720 -30.595860 3.381328  -0.499150 0.283847 -0.818706  0.781250 0.351563
39  2.344721 -30.025860 3.791328  -0.844694 0.249538 -0.473522  0.832031 0.445313
forearm.bmp
39  2.524720 -30.595860 3.381328  -0.499150 0.283847 -0.818706  0.781250 0.351563
39  2.224720 -30.595860 3.731328  -0.951174 0.211651 -0.224661  0.824219 0.351563
39  2.344721 -30.025860 3.791328  -0.844694 0.249538 -0.473522  0.832031 0.445313
forearm.bmp
39  2.344721 -30.025860 3.791328  -0.844694 0.249538 -0.473522  0.832031 0.445313
39  2.224720 -30.595860 3.731328  -0.951174 0.211651 -0.224661  0.824219 0.351563
39  2.334721 -30.025860 4.101328  -0.951067 0.197468 0.237649  0.867188 0.445313
forearm.bmp
39  2.224720 -30.595860 3.731328  -0.951174 0.211651 -0.224661  0.824219 0.351563
39  2.224721 -30.595860 4.121328  -0.866814 0.203853 0.455058  0.871094 0.351563
39  2.334721 -30.025860 4.101328  -0.951067 0.197468 0.237649  0.867188 0.445313
forearm.bmp
39  2.334721 -30.025860 4.101328  -0.951067 0.197468 0.237649  0.867188 0.445313
39  2.224721 -30.595860 4.121328  -0.866814 0.203853 0.455058  0.871094 0.351563
39  2.604721 -30.025860 4.381328  -0.402862 0.206789 0.891595  0.898438 0.445313
forearm.bmp
39  2.224721 -30.595860 4.121328  -0.866814 0.203853 0.455058  0.871094 0.351563
39  2.524721 -30.595860 4.491328  -0.402892 0.206801 0.891578  0.914063 0.351563
39  2.604721 -30.025860 4.381328  -0.402862 0.206789 0.891595  0.898438 0.445313
forearm.bmp
36  2.944721 -29.245922 4.455630  0.391451 -0.001327 -0.920198  0.902344 0.828125
36  3.234721 -29.245922 4.755630  0.869008 -0.000893 -0.494798  0.902344 0.867188
36  2.944721 -30.055922 4.455630  0.391215 -0.000998 -0.920299  0.988281 0.828125
forearm.bmp
36  2.944721 -30.055922 4.455630  0.391215 -0.000998 -0.920299  0.988281 0.828125
36  3.234721 -29.245922 4.755630  0.869008 -0.000893 -0.494798  0.902344 0.867188
36  3.234721 -30.055922 4.755630  0.968442 -0.000051 -0.249241  0.988281 0.867188
forearm.bmp
36  3.234721 -29.245922 4.755630  0.869008 -0.000893 -0.494798  0.902344 0.867188
36  3.234721 -29.245922 5.145630  0.965562 0.000923 0.260173  0.902344 0.929688
36  3.234721 -30.055922 4.755630  0.968442 -0.000051 -0.249241  0.988281 0.867188
forearm.bmp
36  3.234721 -30.055922 4.755630  0.968442 -0.000051 -0.249241  0.988281 0.867188
36  3.234721 -29.245922 5.145630  0.965562 0.000923 0.260173  0.902344 0.929688
36  3.234721 -30.055922 5.155630  0.853604 0.000069 0.520923  0.988281 0.929688
forearm.bmp
36  3.234721 -29.245922 5.145630  0.965562 0.000923 0.260173  0.902344 0.929688
36  2.914721 -29.245922 5.455630  0.488405 0.000075 0.872617  0.902344 0.976563
36  3.234721 -30.055922 5.155630  0.853604 0.000069 0.520923  0.988281 0.929688
forearm.bmp
36  3.234721 -30.055922 5.155630  0.853604 0.000069 0.520923  0.988281 0.929688
36  2.914721 -29.245922 5.455630  0.488405 0.000075 0.872617  0.902344 0.976563
36  2.914721 -30.055922 5.455630  0.244019 -0.000821 0.969770  0.988281 0.976563
forearm.bmp
36  2.914721 -29.245922 5.455630  0.488405 0.000075 0.872617  0.902344 0.976563
36  2.524721 -29.245922 5.455630  -0.253474 0.000940 0.967342  0.902344 0.976563
36  2.914721 -30.055922 5.455630  0.244019 -0.000821 0.969770  0.988281 0.976563
forearm.bmp
36  2.914721 -30.055922 5.455630  0.244019 -0.000821 0.969770  0.988281 0.976563
36  2.524721 -29.245922 5.455630  -0.253474 0.000940 0.967342  0.902344 0.976563
36  2.514721 -30.055922 5.455630  -0.507550 0.000010 0.861623  0.988281 0.976563
forearm.bmp
36  2.524721 -29.245922 5.455630  -0.253474 0.000940 0.967342  0.902344 0.976563
36  2.224721 -29.245922 5.155630  -0.925365 0.001043 0.379075  0.902344 0.929688
36  2.514721 -30.055922 5.455630  -0.507550 0.000010 0.861623  0.988281 0.976563
forearm.bmp
36  2.514721 -30.055922 5.455630  -0.507550 0.000010 0.861623  0.988281 0.976563
36  2.224721 -29.245922 5.155630  -0.925365 0.001043 0.379075  0.902344 0.929688
36  2.224721 -30.055922 5.145630  -0.925444 0.000932 0.378883  0.988281 0.929688
forearm.bmp
36  2.224721 -29.245922 5.155630  -0.925365 0.001043 0.379075  0.902344 0.929688
36  2.224721 -30.055922 4.755630  -0.968580 0.002090 -0.248694  0.988281 0.867188
36  2.224721 -30.055922 5.145630  -0.925444 0.000932 0.378883  0.988281 0.929688
forearm.bmp
39  3.024720 -29.115860 3.511328  0.457562 -0.001047 -0.889177  0.750000 0.015625
39  2.464720 -29.115860 3.501328  -0.238252 0.000065 -0.971203  0.750000 0.101563
39  3.024720 -27.875858 3.511328  0.457562 0.195565 -0.867405  0.613281 0.015625
forearm.bmp
39  3.024720 -27.875858 3.511328  0.457562 0.195565 -0.867405  0.613281 0.015625
39  2.464720 -29.115860 3.501328  -0.238252 0.000065 -0.971203  0.750000 0.101563
39  2.464720 -27.875858 3.501328  -0.440773 0.323603 -0.837258  0.613281 0.101563
forearm.bmp
39  2.464720 -29.115860 3.501328  -0.238252 0.000065 -0.971203  0.750000 0.101563
39  2.074720 -29.115860 3.971328  -0.890486 -0.002531 -0.455004  0.750000 0.187500
39  2.464720 -27.875858 3.501328  -0.440773 0.323603 -0.837258  0.613281 0.101563
forearm.bmp
39  2.464720 -27.875858 3.501328  -0.440773 0.323603 -0.837258  0.613281 0.101563
39  2.074720 -29.115860 3.971328  -0.890486 -0.002531 -0.455004  0.750000 0.187500
39  2.074720 -28.005859 3.971328  -0.904264 0.152951 -0.398639  0.621094 0.187500
forearm.bmp
39  2.074720 -29.115860 3.971328  -0.890486 -0.002531 -0.455004  0.750000 0.187500
39  1.974721 -29.115860 4.761329  -0.993498 -0.000606 0.113844  0.750000 0.335938
39  2.074720 -28.005859 3.971328  -0.904264 0.152951 -0.398639  0.621094 0.187500
forearm.bmp
39  2.074720 -28.005859 3.971328  -0.904264 0.152951 -0.398639  0.621094 0.187500
39  1.974721 -29.115860 4.761329  -0.993498 -0.000606 0.113844  0.750000 0.335938
39  1.974721 -27.165859 4.771329  -0.991496 0.070492 0.109396  0.527344 0.335938
forearm.bmp
39  1.974721 -29.115860 4.761329  -0.993498 -0.000606 0.113844  0.750000 0.335938
39  2.174721 -29.115860 5.041328  -0.930353 0.002370 0.366659  0.750000 0.382813
39  1.974721 -27.165859 4.771329  -0.991496 0.070492 0.109396  0.527344 0.335938
forearm.bmp
39  1.974721 -27.165859 4.771329  -0.991496 0.070492 0.109396  0.527344 0.335938
39  2.174721 -29.115860 5.041328  -0.930353 0.002370 0.366659  0.750000 0.382813
39  2.174721 -25.305859 5.041329  -0.920917 -0.167777 0.351800  0.324219 0.382813
forearm.bmp
39  2.174721 -29.115860 5.041328  -0.930353 0.002370 0.366659  0.750000 0.382813
39  2.284721 -25.285860 5.641329  -0.974343 -0.136841 0.178688  0.324219 0.476563
39  2.174721 -25.305859 5.041329  -0.920917 -0.167777 0.351800  0.324219 0.382813
forearm.bmp
39  2.174721 -25.305859 5.041329  -0.920917 -0.167777 0.351800  0.324219 0.382813
39  2.284721 -25.285860 5.641329  -0.974343 -0.136841 0.178688  0.324219 0.476563
39  2.144721 -24.975859 5.661329  -0.962644 -0.201924 0.180395  0.289063 0.476563
forearm.bmp
39  2.904721 -30.595860 3.381328  0.407666 -0.001797 -0.913129  0.781250 0.351563
39  2.524720 -31.785858 3.381328  -0.422674 -0.002270 -0.906279  0.781250 0.164063
39  2.524720 -30.595860 3.381328  -0.421842 -0.003021 -0.906664  0.781250 0.351563
forearm.bmp
39  2.524720 -30.595860 3.381328  -0.421842 -0.003021 -0.906664  0.781250 0.351563
39  2.524720 -31.785858 3.381328  -0.422674 -0.002270 -0.906279  0.781250 0.164063
39  2.224720 -30.595860 3.731328  -0.890825 -0.002518 -0.454340  0.824219 0.351563
forearm.bmp
39  2.524720 -31.785858 3.381328  -0.422674 -0.002270 -0.906279  0.781250 0.164063
39  2.224721 -31.785858 3.741328  -0.973030 -0.002945 -0.230661  0.824219 0.164063
39  2.224720 -30.595860 3.731328  -0.890825 -0.002518 -0.454340  0.824219 0.351563
forearm.bmp
39  2.224720 -30.595860 3.731328  -0.890825 -0.002518 -0.454340  0.824219 0.351563
39  2.224721 -31.785858 3.741328  -0.973030 -0.002945 -0.230661  0.824219 0.164063
39  2.224721 -30.595860 4.121328  -0.975268 -0.000835 0.221024  0.871094 0.351563
forearm.bmp
39  2.224721 -31.785858 3.741328  -0.973030 -0.002945 -0.230661  0.824219 0.164063
39  2.224721 -31.785858 4.131328  -0.896942 0.000857 0.442147  0.871094 0.164063
39  2.224721 -30.595860 4.121328  -0.975268 -0.000835 0.221024  0.871094 0.351563
forearm.bmp
39  2.224721 -30.595860 4.121328  -0.975268 -0.000835 0.221024  0.871094 0.351563
39  2.224721 -31.785858 4.131328  -0.896942 0.000857 0.442147  0.871094 0.164063
39  2.524721 -30.595860 4.491328  -0.564200 0.002819 0.825633  0.914063 0.351563
forearm.bmp
39  2.224721 -31.785858 4.131328  -0.896942 0.000857 0.442147  0.871094 0.164063
39  2.524721 -31.785858 4.501328  -0.284287 0.004037 0.958731  0.914063 0.164063
39  2.524721 -30.595860 4.491328  -0.564200 0.002819 0.825633  0.914063 0.351563
forearm.bmp
39  2.524721 -30.595860 4.491328  -0.564200 0.002819 0.825633  0.914063 0.351563
39  2.524721 -31.785858 4.501328  -0.284287 0.004037 0.958731  0.914063 0.164063
39  2.924721 -30.595860 4.491328  0.283788 0.003173 0.958882  0.941406 0.351563
forearm.bmp
39  2.524721 -31.785858 4.501328  -0.284287 0.004037 0.958731  0.914063 0.164063
39  2.924721 -31.785858 4.501328  0.564182 0.002873 0.825645  0.941406 0.164063
39  2.924721 -30.595860 4.491328  0.283788 0.003173 0.958882  0.941406 0.351563
forearm.bmp
39  2.334721 -30.025860 4.101328  -0.930346 0.002375 0.366676  0.867188 0.445313
39  2.344720 -28.105860 3.781328  -0.915256 -0.000229 -0.402873  0.828125 0.757813
39  2.344721 -30.025860 3.791328  -0.915266 -0.000227 -0.402849  0.832031 0.445313
forearm.bmp
39  2.344721 -30.025860 3.791328  -0.915266 -0.000227 -0.402849  0.832031 0.445313
39  2.344720 -28.105860 3.781328  -0.915256 -0.000229 -0.402873  0.828125 0.757813
39  2.604720 -30.025860 3.551328  -0.478417 -0.001896 -0.878130  0.800781 0.445313
forearm.bmp
39  2.344720 -28.105860 3.781328  -0.915256 -0.000229 -0.402873  0.828125 0.757813
39  2.604720 -28.105860 3.551328  -0.238201 0.000000 -0.971216  0.800781 0.757813
39  2.604720 -30.025860 3.551328  -0.478417 -0.001896 -0.878130  0.800781 0.445313
forearm.bmp
39  2.604720 -30.025860 3.551328  -0.478417 -0.001896 -0.878130  0.800781 0.445313
39  2.604720 -28.105860 3.551328  -0.238201 0.000000 -0.971216  0.800781 0.757813
39  2.834720 -30.025860 3.551328  0.231875 0.000000 -0.972746  0.800781 0.445313
forearm.bmp
39  2.604720 -28.105860 3.551328  -0.238201 0.000000 -0.971216  0.800781 0.757813
39  2.834720 -28.105860 3.551328  0.456886 -0.001951 -0.889523  0.800781 0.757813
39  2.834720 -30.025860 3.551328  0.231875 0.000000 -0.972746  0.800781 0.445313
forearm.bmp
39  2.834720 -30.025860 3.551328  0.231875 0.000000 -0.972746  0.800781 0.445313
39  2.834720 -28.105860 3.551328  0.456886 -0.001951 -0.889523  0.800781 0.757813
39  3.114721 -30.025860 3.791328  0.907906 -0.002008 -0.419169  0.832031 0.445313
forearm.bmp
39  2.834720 -28.105860 3.551328  0.456886 -0.001951 -0.889523  0.800781 0.757813
39  3.114720 -28.105860 3.781328  0.907966 -0.001308 -0.419041  0.828125 0.757813
39  3.114721 -30.025860 3.791328  0.907906 -0.002008 -0.419169  0.832031 0.445313
forearm.bmp
39  3.114721 -30.025860 3.791328  0.907906 -0.002008 -0.419169  0.832031 0.445313
39  3.114720 -28.105860 3.781328  0.907966 -0.001308 -0.419041  0.828125 0.757813
39  3.124721 -28.105860 4.091328  0.974005 0.002052 0.226517  0.867188 0.757813
forearm.bmp
39  2.524720 -31.785858 3.381328  -0.422674 -0.002270 -0.906279  0.781250 0.164063
39  2.904721 -30.595860 3.381328  0.407666 -0.001797 -0.913129  0.781250 0.351563
39  2.914721 -31.785858 3.381328  0.407699 -0.001794 -0.913114  0.781250 0.164063
forearm.bmp
39  2.914721 -31.785858 3.381328  0.407699 -0.001794 -0.913114  0.781250 0.164063
39  2.904721 -30.595860 3.381328  0.407666 -0.001797 -0.913129  0.781250 0.351563
39  3.224721 -31.785858 3.741328  0.882253 0.001911 -0.470772  0.824219 0.164063
forearm.bmp
39  2.904721 -30.595860 3.381328  0.407666 -0.001797 -0.913129  0.781250 0.351563
39  3.224721 -30.595860 3.731328  0.972203 0.000852 -0.234139  0.824219 0.351563
39  3.224721 -31.785858 3.741328  0.882253 0.001911 -0.470772  0.824219 0.164063
forearm.bmp
39  3.224721 -31.785858 3.741328  0.882253 0.001911 -0.470772  0.824219 0.164063
39  3.224721 -30.595860 3.731328  0.972203 0.000852 -0.234139  0.824219 0.351563
39  3.224721 -31.785858 4.131328  0.974006 0.002917 0.226503  0.871094 0.164063
forearm.bmp
39  3.224721 -30.595860 3.731328  0.972203 0.000852 -0.234139  0.824219 0.351563
39  3.224721 -30.595860 4.121328  0.895686 0.002895 0.444678  0.871094 0.351563
39  3.224721 -31.785858 4.131328  0.974006 0.002917 0.226503  0.871094 0.164063
forearm.bmp
39  3.224721 -31.785858 4.131328  0.974006 0.002917 0.226503  0.871094 0.164063
39  3.224721 -30.595860 4.121328  0.895686 0.002895 0.444678  0.871094 0.351563
39  2.924721 -31.785858 4.501328  0.564182 0.002873 0.825645  0.914063 0.164063
forearm.bmp
39  3.224721 -30.595860 4.121328  0.895686 0.002895 0.444678  0.871094 0.351563
39  2.924721 -30.595860 4.491328  0.283788 0.003173 0.958882  0.914063 0.351563
39  2.924721 -31.785858 4.501328  0.564182 0.002873 0.825645  0.914063 0.164063
forearm.bmp
39  1.974720 -24.985859 4.761329  -0.994238 -0.051269 -0.094140  0.289063 0.335938
39  1.974721 -27.165859 4.771329  -0.991496 0.070492 0.109396  0.527344 0.335938
39  2.174721 -25.305859 5.041329  -0.920917 -0.167777 0.351800  0.324219 0.382813
forearm.bmp
39  1.974720 -24.985859 4.761329  -0.994238 -0.051269 -0.094140  0.289063 0.335938
39  2.364720 -27.095860 4.181329  -0.614806 0.263771 -0.743262  0.523438 0.210938
39  1.974721 -27.165859 4.771329  -0.991496 0.070492 0.109396  0.527344 0.335938
forearm.bmp
39  1.974720 -24.985859 4.761329  -0.994238 -0.051269 -0.094140  0.289063 0.335938
39  2.364720 -24.975859 4.181329  -0.387440 0.069881 -0.919243  0.289063 0.210938
39  2.364720 -27.095860 4.181329  -0.614806 0.263771 -0.743262  0.523438 0.210938
forearm.bmp
39  1.974720 -24.985859 4.761329  -0.994238 -0.051269 -0.094140  0.289063 0.335938
39  2.014720 -23.855860 4.751329  -0.964343 0.047573 -0.260346  0.164063 0.335938
39  2.364720 -24.975859 4.181329  -0.387440 0.069881 -0.919243  0.289063 0.210938
forearm.bmp
39  1.974720 -24.985859 4.761329  -0.994238 -0.051269 -0.094140  0.289063 0.335938
39  2.064720 -24.395859 5.171329  -0.985305 0.001233 0.170800  0.218750 0.406250
39  2.014720 -23.855860 4.751329  -0.964343 0.047573 -0.260346  0.164063 0.335938
forearm.bmp
39  1.974720 -24.985859 4.761329  -0.994238 -0.051269 -0.094140  0.289063 0.335938
39  2.144721 -24.975859 5.661329  -0.962644 -0.201924 0.180395  0.289063 0.476563
39  2.064720 -24.395859 5.171329  -0.985305 0.001233 0.170800  0.218750 0.406250
forearm.bmp
39  1.974720 -24.985859 4.761329  -0.994238 -0.051269 -0.094140  0.289063 0.335938
39  2.174721 -25.305859 5.041329  -0.920917 -0.167777 0.351800  0.324219 0.382813
39  2.144721 -24.975859 5.661329  -0.962644 -0.201924 0.180395  0.289063 0.476563
forearm.bmp
39  3.484721 -27.165859 4.761328  0.994343 0.055769 -0.090401  0.527344 0.335938
39  3.264721 -29.115860 5.041328  0.911193 -0.020685 0.411460  0.750000 0.382813
39  3.484721 -29.115860 4.761328  0.992120 0.000000 0.125290  0.750000 0.335938
forearm.bmp
39  3.484721 -27.165859 4.761328  0.994343 0.055769 -0.090401  0.527344 0.335938
39  3.394721 -24.385859 5.201329  0.950569 -0.012512 0.310262  0.218750 0.406250
39  3.264721 -29.115860 5.041328  0.911193 -0.020685 0.411460  0.750000 0.382813
forearm.bmp
39  3.484721 -27.165859 4.761328  0.994343 0.055769 -0.090401  0.527344 0.335938
39  3.444721 -23.855860 4.751329  0.965833 0.032884 -0.257070  0.164063 0.335938
39  3.394721 -24.385859 5.201329  0.950569 -0.012512 0.310262  0.218750 0.406250
forearm.bmp
39  3.484721 -27.165859 4.761328  0.994343 0.055769 -0.090401  0.527344 0.335938
39  3.094720 -24.975859 4.181329  0.544538 0.054268 -0.836978  0.289063 0.210938
39  3.444721 -23.855860 4.751329  0.965833 0.032884 -0.257070  0.164063 0.335938
forearm.bmp
39  3.484721 -27.165859 4.761328  0.994343 0.055769 -0.090401  0.527344 0.335938
39  3.094721 -27.095860 4.181328  0.403053 0.340629 -0.849424  0.523438 0.210938
39  3.094720 -24.975859 4.181329  0.544538 0.054268 -0.836978  0.289063 0.210938
forearm.bmp
39  3.484721 -27.165859 4.761328  0.994343 0.055769 -0.090401  0.527344 0.335938
39  3.384721 -28.005859 3.971328  0.906738 0.153161 -0.392897  0.621094 0.187500
39  3.094721 -27.095860 4.181328  0.403053 0.340629 -0.849424  0.523438 0.210938
forearm.bmp
39  3.484721 -27.165859 4.761328  0.994343 0.055769 -0.090401  0.527344 0.335938
39  3.484721 -29.115860 4.761328  0.992120 0.000000 0.125290  0.750000 0.335938
39  3.384721 -28.005859 3.971328  0.906738 0.153161 -0.392897  0.621094 0.187500
forearm.bmp
36  2.914721 -29.245922 5.455630  0.010172 0.999947 0.001657  0.863281 0.976563
36  3.234721 -29.245922 5.145630  0.010172 0.999947 0.001657  0.898438 0.929688
36  2.524721 -29.245922 5.455630  0.010173 0.999947 0.001657  0.824219 0.976563
forearm.bmp
36  2.524721 -29.245922 5.455630  0.010173 0.999947 0.001657  0.824219 0.976563
36  3.234721 -29.245922 5.145630  0.010172 0.999947 0.001657  0.898438 0.929688
36  2.224721 -29.245922 5.155630  0.010173 0.999947 0.001657  0.785156 0.929688
forearm.bmp
36  3.234721 -29.245922 5.145630  0.010172 0.999947 0.001657  0.898438 0.929688
36  3.234721 -29.245922 4.755630  0.010173 0.999947 0.001656  0.898438 0.867188
36  2.224721 -29.245922 5.155630  0.010173 0.999947 0.001657  0.785156 0.929688
forearm.bmp
36  2.224721 -29.245922 5.155630  0.010173 0.999947 0.001657  0.785156 0.929688
36  3.234721 -29.245922 4.755630  0.010173 0.999947 0.001656  0.898438 0.867188
36  2.224721 -29.245922 4.755630  0.010173 0.999947 0.001657  0.785156 0.867188
forearm.bmp
36  3.234721 -29.245922 4.755630  0.010173 0.999947 0.001656  0.898438 0.867188
36  2.504721 -29.245922 4.455630  0.010173 0.999947 0.001657  0.824219 0.820313
36  2.224721 -29.245922 4.755630  0.010173 0.999947 0.001657  0.785156 0.867188
forearm.bmp
36  2.224721 -29.245922 5.155630  -0.925365 0.001043 0.379075  0.902344 0.929688
36  2.224721 -29.245922 4.755630  -0.871243 0.002157 -0.490846  0.902344 0.867188
36  2.224721 -30.055922 4.755630  -0.968580 0.002090 -0.248694  0.988281 0.867188
forearm.bmp
36  2.224721 -30.055922 4.755630  -0.968580 0.002090 -0.248694  0.988281 0.867188
36  2.224721 -29.245922 4.755630  -0.871243 0.002157 -0.490846  0.902344 0.867188
36  2.504721 -30.055922 4.455630  -0.520488 0.000000 -0.853869  0.988281 0.828125
forearm.bmp
36  2.224721 -29.245922 4.755630  -0.871243 0.002157 -0.490846  0.902344 0.867188
36  2.504721 -29.245922 4.455630  -0.262031 0.000000 -0.965060  0.902344 0.828125
36  2.504721 -30.055922 4.455630  -0.520488 0.000000 -0.853869  0.988281 0.828125
forearm.bmp
36  2.504721 -30.055922 4.455630  -0.520488 0.000000 -0.853869  0.988281 0.828125
36  2.504721 -29.245922 4.455630  -0.262031 0.000000 -0.965060  0.902344 0.828125
36  2.944721 -30.055922 4.455630  0.391215 -0.000998 -0.920299  0.988281 0.828125
forearm.bmp
36  2.504721 -29.245922 4.455630  -0.262031 0.000000 -0.965060  0.902344 0.828125
36  2.944721 -29.245922 4.455630  0.391451 -0.001327 -0.920198  0.902344 0.828125
36  2.944721 -30.055922 4.455630  0.391215 -0.000998 -0.920299  0.988281 0.828125
forearm.bmp
39  2.074720 -28.005859 3.971328  -0.904264 0.152951 -0.398639  0.621094 0.187500
39  2.364720 -27.095860 4.181329  -0.614806 0.263771 -0.743262  0.523438 0.210938
39  2.464720 -27.875858 3.501328  -0.440773 0.323603 -0.837258  0.613281 0.101563
forearm.bmp
39  2.464720 -27.875858 3.501328  -0.440773 0.323603 -0.837258  0.613281 0.101563
39  2.364720 -27.095860 4.181329  -0.614806 0.263771 -0.743262  0.523438 0.210938
39  3.094721 -27.095860 4.181328  0.403053 0.340629 -0.849424  0.523438 0.085938
forearm.bmp
39  2.364720 -27.095860 4.181329  -0.614806 0.263771 -0.743262  0.523438 0.210938
39  2.364720 -24.975859 4.181329  -0.387440 0.069881 -0.919243  0.289063 0.210938
39  3.094721 -27.095860 4.181328  0.403053 0.340629 -0.849424  0.523438 0.085938
forearm.bmp
39  3.094721 -27.095860 4.181328  0.403053 0.340629 -0.849424  0.523438 0.085938
39  2.364720 -24.975859 4.181329  -0.387440 0.069881 -0.919243  0.289063 0.210938
39  3.094720 -24.975859 4.181329  0.544538 0.054268 -0.836978  0.289063 0.085938
forearm.bmp
39  2.364720 -24.975859 4.181329  -0.387440 0.069881 -0.919243  0.289063 0.210938
39  3.094720 -23.855860 4.341329  0.264062 0.143838 -0.953720  0.164063 0.117188
39  3.094720 -24.975859 4.181329  0.544538 0.054268 -0.836978  0.289063 0.085938
forearm.bmp
39  2.364720 -23.855860 4.361329  0.000000 1.000000 0.000000  0.125000 0.273438
39  2.014720 -23.855860 4.751329  0.000000 1.000000 0.000000  0.160156 0.328125
39  3.094720 -23.855860 4.341329  0.000000 1.000000 0.000000  0.046875 0.273438
forearm.bmp
39  3.094720 -23.855860 4.341329  0.000000 1.000000 0.000000  0.046875 0.273438
39  2.014720 -23.855860 4.751329  0.000000 1.000000 0.000000  0.160156 0.328125
39  3.444721 -23.855860 4.751329  0.000000 1.000000 -0.000003  0.000000 0.328125
forearm.bmp
39  2.014720 -23.855860 4.751329  0.000000 1.000000 0.000000  0.160156 0.328125
39  2.064720 -23.855860 5.181329  0.000000 1.000000 -0.000001  0.152344 0.406250
39  3.444721 -23.855860 4.751329  0.000000 1.000000 -0.000003  0.000000 0.328125
forearm.bmp
39  3.444721 -23.855860 4.751329  0.000000 1.000000 -0.000003  0.000000 0.328125
39  2.064720 -23.855860 5.181329  0.000000 1.000000 -0.000001  0.152344 0.406250
39  3.394721 -23.855860 5.181329  0.000000 1.000000 -0.000007  0.007813 0.406250
forearm.bmp
39  2.924721 -30.595860 4.491328  0.275123 0.220207 0.935850  0.914063 0.351563
39  3.224721 -30.595860 4.121328  0.862009 0.201997 0.464906  0.871094 0.351563
39  2.834721 -30.025860 4.381328  0.522825 0.206830 0.826967  0.898438 0.445313
forearm.bmp
39  2.834721 -30.025860 4.381328  0.522825 0.206830 0.826967  0.898438 0.445313
39  3.224721 -30.595860 4.121328  0.862009 0.201997 0.464906  0.871094 0.351563
39  3.114721 -30.025860 4.101328  0.949335 0.186196 0.253167  0.867188 0.445313
forearm.bmp
39  3.224721 -30.595860 4.121328  0.862009 0.201997 0.464906  0.871094 0.351563
39  3.224721 -30.595860 3.731328  0.899800 0.228063 -0.371950  0.824219 0.351563
39  3.114721 -30.025860 4.101328  0.949335 0.186196 0.253167  0.867188 0.445313
forearm.bmp
39  2.344720 -28.105860 3.781328  -0.915256 -0.000229 -0.402873  0.828125 0.757813
39  2.334721 -30.025860 4.101328  -0.930346 0.002375 0.366676  0.867188 0.445313
39  2.344720 -28.105860 4.091329  -0.930346 0.002364 0.366675  0.867188 0.757813
forearm.bmp
39  2.344720 -28.105860 4.091329  -0.930346 0.002364 0.366675  0.867188 0.757813
39  2.334721 -30.025860 4.101328  -0.930346 0.002375 0.366676  0.867188 0.445313
39  2.604721 -28.105860 4.381329  -0.525255 0.003692 0.850937  0.898438 0.757813
forearm.bmp
39  2.334721 -30.025860 4.101328  -0.930346 0.002375 0.366676  0.867188 0.445313
39  2.604721 -30.025860 4.381328  -0.284244 0.003989 0.958744  0.898438 0.445313
39  2.604721 -28.105860 4.381329  -0.525255 0.003692 0.850937  0.898438 0.757813
forearm.bmp
39  2.834721 -30.025860 4.381328  0.381783 0.003153 0.924247  0.898438 0.445313
39  3.114721 -30.025860 4.101328  0.861926 0.001001 0.507033  0.867188 0.445313
39  2.834721 -28.105860 4.381329  0.381764 0.003221 0.924254  0.898438 0.757813
forearm.bmp
39  2.834721 -28.105860 4.381329  0.381764 0.003221 0.924254  0.898438 0.757813
39  3.114721 -30.025860 4.101328  0.861926 0.001001 0.507033  0.867188 0.445313
39  3.124721 -28.105860 4.091328  0.974005 0.002052 0.226517  0.867188 0.757813
forearm.bmp
39  3.114721 -30.025860 4.101328  0.861926 0.001001 0.507033  0.867188 0.445313
39  3.114721 -30.025860 3.791328  0.907906 -0.002008 -0.419169  0.832031 0.445313
39  3.124721 -28.105860 4.091328  0.974005 0.002052 0.226517  0.867188 0.757813
forearm.bmp
39  3.484721 -29.115860 4.761328  0.992120 0.000000 0.125290  0.750000 0.335938
39  3.384721 -29.115860 3.971328  0.881908 0.000000 -0.471421  0.750000 0.187500
39  3.384721 -28.005859 3.971328  0.906738 0.153161 -0.392897  0.621094 0.187500
forearm.bmp
39  3.384721 -28.005859 3.971328  0.906738 0.153161 -0.392897  0.621094 0.187500
39  3.384721 -29.115860 3.971328  0.881908 0.000000 -0.471421  0.750000 0.187500
39  3.024720 -27.875858 3.511328  0.457562 0.195565 -0.867405  0.613281 0.109375
forearm.bmp
39  3.384721 -29.115860 3.971328  0.881908 0.000000 -0.471421  0.750000 0.187500
39  3.024720 -29.115860 3.511328  0.457562 -0.001047 -0.889177  0.750000 0.109375
39  3.024720 -27.875858 3.511328  0.457562 0.195565 -0.867405  0.613281 0.109375
forearm.bmp
39  3.164721 -24.395859 5.661329  0.895328 0.001976 0.445404  0.218750 0.476563
39  3.164721 -24.975859 5.661329  0.936659 -0.013991 0.349965  0.289063 0.476563
39  3.394721 -24.385859 5.201329  0.950569 -0.012512 0.310262  0.218750 0.406250
forearm.bmp
39  3.394721 -24.385859 5.201329  0.950569 -0.012512 0.310262  0.218750 0.406250
39  3.164721 -24.975859 5.661329  0.936659 -0.013991 0.349965  0.289063 0.476563
39  3.264721 -29.115860 5.041328  0.911193 -0.020685 0.411460  0.750000 0.382813
forearm.bmp
39  3.164721 -24.975859 5.661329  0.936659 -0.013991 0.349965  0.289063 0.476563
39  3.164721 -29.115860 5.661328  0.985377 -0.000151 0.170390  0.750000 0.476563
39  3.264721 -29.115860 5.041328  0.911193 -0.020685 0.411460  0.750000 0.382813
forearm.bmp
39  2.834721 -30.025860 4.381328  0.522825 0.206830 0.826967  0.929688 0.445313
39  2.604721 -30.025860 4.381328  -0.402862 0.206789 0.891595  0.898438 0.445313
39  2.924721 -30.595860 4.491328  0.275123 0.220207 0.935850  0.941406 0.351563
forearm.bmp
39  2.924721 -30.595860 4.491328  0.275123 0.220207 0.935850  0.941406 0.351563
39  2.604721 -30.025860 4.381328  -0.402862 0.206789 0.891595  0.898438 0.445313
39  2.524721 -30.595860 4.491328  -0.402892 0.206801 0.891578  0.914063 0.351563
forearm.bmp
39  2.834721 -30.025860 4.381328  0.381783 0.003153 0.924247  0.929688 0.445313
39  2.834721 -28.105860 4.381329  0.381764 0.003221 0.924254  0.929688 0.757813
39  2.604721 -30.025860 4.381328  -0.284244 0.003989 0.958744  0.898438 0.445313
forearm.bmp
39  2.604721 -30.025860 4.381328  -0.284244 0.003989 0.958744  0.898438 0.445313
39  2.834721 -28.105860 4.381329  0.381764 0.003221 0.924254  0.929688 0.757813
39  2.604721 -28.105860 4.381329  -0.525255 0.003692 0.850937  0.898438 0.757813
forearm.bmp
36  2.644721 -30.595922 5.265630  -0.999997 0.001653 0.001601  0.839844 0.039063
36  2.644721 -31.145922 5.265630  -0.999997 0.001654 0.001599  0.894531 0.039063
36  2.644721 -30.595922 5.835630  -0.999997 0.001653 0.001600  0.839844 0.125000
forearm.bmp
36  2.644721 -30.595922 5.835630  -0.999997 0.001653 0.001600  0.839844 0.125000
36  2.644721 -31.145922 5.265630  -0.999997 0.001654 0.001599  0.894531 0.039063
36  2.644721 -31.145922 5.825630  -0.999997 0.001653 0.001601  0.894531 0.125000
forearm.bmp
36  2.644721 -30.595922 5.835630  0.010173 0.999947 0.001656  0.839844 0.125000
36  2.804721 -30.595922 5.825630  0.010172 0.999947 0.001657  0.812500 0.125000
36  2.644721 -30.595922 5.265630  0.010172 0.999947 0.001657  0.839844 0.039063
forearm.bmp
36  2.644721 -30.595922 5.265630  0.010172 0.999947 0.001657  0.839844 0.039063
36  2.804721 -30.595922 5.825630  0.010172 0.999947 0.001657  0.812500 0.125000
36  2.804721 -30.595922 5.235630  0.010173 0.999947 0.001656  0.816406 0.039063
forearm.bmp
36  2.644721 -30.595922 5.835630  0.008239 -0.002546 0.999963  0.839844 0.125000
36  2.644721 -31.145922 5.825630  0.008248 -0.002552 0.999963  0.894531 0.125000
36  2.804721 -30.595922 5.825630  0.008240 -0.002549 0.999963  0.835938 0.125000
forearm.bmp
36  2.804721 -30.595922 5.825630  0.008240 -0.002549 0.999963  0.835938 0.125000
36  2.644721 -31.145922 5.825630  0.008248 -0.002552 0.999963  0.894531 0.125000
36  2.804721 -31.145922 5.825630  0.008197 -0.002538 0.999963  0.894531 0.125000
forearm.bmp
36  2.644721 -30.595922 5.265630  -0.158514 0.008062 -0.987324  0.839844 0.039063
36  2.804721 -30.595922 5.235630  -0.079929 -0.016880 -0.996658  0.839844 0.039063
36  2.644721 -31.145922 5.265630  -0.079927 -0.016868 -0.996658  0.894531 0.039063
forearm.bmp
36  2.644721 -31.145922 5.265630  -0.079241 -0.016987 -0.996711  0.894531 0.039063
36  2.804721 -30.595922 5.235630  -0.079234 -0.016971 -0.996712  0.839844 0.039063
36  2.804721 -31.135921 5.265630  0.000645 -0.041727 -0.999129  0.894531 0.039063
forearm.bmp
36  2.804721 -31.145922 5.825630  1.000000 0.000000 0.000000  0.894531 0.125000
36  2.804721 -31.135921 5.265630  1.000000 0.000000 0.000000  0.894531 0.039063
36  2.804721 -30.595922 5.825630  1.000000 0.000000 0.000000  0.835938 0.125000
forearm.bmp
36  2.804721 -30.595922 5.825630  1.000000 -0.000000 0.000000  0.835938 0.125000
36  2.804721 -31.135921 5.265630  1.000000 -0.000000 0.000000  0.894531 0.039063
36  2.804721 -30.595922 5.235630  1.000000 -0.000000 0.000000  0.839844 0.039063
forearm.bmp
36  2.274721 -28.545921 5.455630  -0.999997 0.001653 0.001601  0.765625 0.992188
36  2.274720 -21.775923 5.455632  -0.999997 0.001653 0.001600  0.011719 0.992188
36  2.274721 -28.545921 4.745630  -0.999997 0.001654 0.001599  0.765625 0.851563
forearm.bmp
36  2.274721 -28.545921 4.745630  -0.999997 0.001654 0.001599  0.765625 0.851563
36  2.274720 -21.775923 5.455632  -0.999997 0.001653 0.001600  0.011719 0.992188
36  2.274720 -21.775921 4.745631  -0.999997 0.001653 0.001600  0.011719 0.851563
forearm.bmp
36  2.274721 -28.545921 4.745630  -0.826270 -0.000043 -0.563275  0.765625 0.851563
36  2.274720 -21.775921 4.745631  -0.826271 -0.000042 -0.563273  0.011719 0.851563
36  2.474721 -28.545921 4.465630  -0.826270 -0.000000 -0.563275  0.765625 0.781250
forearm.bmp
36  2.474721 -28.545921 4.465630  -0.826270 -0.000000 -0.563275  0.765625 0.781250
36  2.274720 -21.775921 4.745631  -0.826271 -0.000042 -0.563273  0.011719 0.851563
36  2.474720 -21.775921 4.465631  -0.826271 -0.000044 -0.563273  0.011719 0.781250
forearm.bmp
36  3.174721 -21.775921 5.455631  1.000000 0.000000 0.000000  0.011719 0.992188
36  3.174721 -28.545921 5.455630  1.000000 0.000000 0.000000  0.765625 0.992188
36  3.174721 -21.775921 4.745631  1.000000 0.000000 0.000000  0.011719 0.851563
forearm.bmp
36  3.174721 -21.775921 4.745631  1.000000 0.000000 0.000000  0.011719 0.851563
36  3.174721 -28.545921 5.455630  1.000000 0.000000 0.000000  0.765625 0.992188
36  3.174721 -28.545921 4.745630  1.000000 0.000000 0.000000  0.765625 0.851563
forearm.bmp
36  3.174721 -21.775921 4.745631  0.826314 -0.000011 -0.563209  0.011719 0.851563
36  3.174721 -28.545921 4.745630  0.826235 0.000000 -0.563325  0.765625 0.851563
36  2.984720 -21.775921 4.465631  0.826234 -0.000012 -0.563328  0.011719 0.781250
forearm.bmp
36  2.984720 -21.775921 4.465631  0.826234 -0.000012 -0.563328  0.011719 0.781250
36  3.174721 -28.545921 4.745630  0.826235 0.000000 -0.563325  0.765625 0.851563
36  2.984721 -28.545921 4.465630  0.826290 -0.000012 -0.563246  0.765625 0.781250
forearm.bmp
36  2.474721 -28.545921 4.465630  0.000000 0.000000 -1.000000  0.765625 0.781250
36  2.474720 -21.775921 4.465631  0.000000 0.000000 -1.000000  0.011719 0.781250
36  2.984721 -28.545921 4.465630  0.000000 0.000000 -1.000000  0.765625 0.695313
forearm.bmp
36  2.984721 -28.545921 4.465630  0.000000 0.000000 -1.000000  0.765625 0.695313
36  2.474720 -21.775921 4.465631  0.000000 0.000000 -1.000000  0.011719 0.781250
36  2.984720 -21.775921 4.465631  0.000000 0.000000 -1.000000  0.011719 0.695313
forearm.bmp
39  2.064720 -24.395859 5.171329  0.000032 1.000000 0.000046  0.175781 0.468750
39  2.144721 -24.395859 5.661329  0.000029 1.000000 0.000049  0.222656 0.476563
39  3.394721 -24.385859 5.201329  0.000040 1.000000 0.000063  0.175781 0.679688
forearm.bmp
39  3.394721 -24.385859 5.201329  0.000040 1.000000 0.000063  0.175781 0.679688
39  2.144721 -24.395859 5.661329  0.000029 1.000000 0.000049  0.222656 0.476563
39  3.164721 -24.395859 5.661329  0.000045 1.000000 0.000029  0.218750 0.640625
forearm.bmp
39  2.144721 -24.395859 5.661329  0.000000 -0.007430 0.999972  0.222656 0.476563
39  2.144721 -24.975859 5.661329  -0.000018 -0.007430 0.999972  0.289063 0.476563
39  3.164721 -24.395859 5.661329  -0.000018 -0.007430 0.999972  0.218750 0.640625
forearm.bmp
39  3.164721 -24.395859 5.661329  -0.000018 -0.007430 0.999972  0.218750 0.640625
39  2.144721 -24.975859 5.661329  -0.000018 -0.007430 0.999972  0.289063 0.476563
39  3.164721 -24.975859 5.661329  -0.000017 -0.007430 0.999972  0.289063 0.640625
forearm.bmp
39  3.164721 -24.975859 5.661329  -0.000030 -0.007416 0.999972  0.289063 0.640625
39  2.284721 -25.285860 5.641329  -0.000031 -0.007417 0.999972  0.324219 0.476563
39  3.164721 -29.115860 5.661328  -0.000030 -0.007416 0.999972  0.750000 0.640625
forearm.bmp
39  3.164721 -29.115860 5.661328  -0.000017 -0.007434 0.999972  0.750000 0.640625
39  2.284721 -25.285860 5.641329  0.000000 -0.007434 0.999972  0.324219 0.476563
39  2.284721 -29.115860 5.661328  -0.000018 -0.007434 0.999972  0.750000 0.476563
forearm.bmp
36  2.274721 -28.545921 5.455630  0.008197 -0.002537 0.999963  0.761719 0.773438
36  3.174721 -28.545921 5.455630  0.008197 -0.002538 0.999963  0.761719 0.703125
36  2.274720 -21.775923 5.455632  0.008197 -0.002537 0.999963  0.019531 0.773438
forearm.bmp
36  2.274720 -21.775923 5.455632  0.008198 -0.002543 0.999963  0.019531 0.773438
36  3.174721 -28.545921 5.455630  0.008200 -0.002538 0.999963  0.761719 0.703125
36  3.174721 -21.775921 5.455631  0.008200 -0.002538 0.999963  0.019531 0.703125
forearm.bmp
36  2.504721 -29.245922 4.455630  0.010173 0.999947 0.001657  0.824219 0.820313
36  3.234721 -29.245922 4.755630  0.010173 0.999947 0.001656  0.898438 0.867188
36  2.944721 -29.245922 4.455630  0.010173 0.999947 0.001657  0.867188 0.820313
forearm.bmp
39  2.364720 -27.095860 4.181329  -0.614806 0.263771 -0.743262  0.523438 0.210938
39  2.074720 -28.005859 3.971328  -0.904264 0.152951 -0.398639  0.621094 0.187500
39  1.974721 -27.165859 4.771329  -0.991496 0.070492 0.109396  0.527344 0.335938
forearm.bmp
39  3.094721 -27.095860 4.181328  0.403053 0.340629 -0.849424  0.523438 0.085938
39  3.024720 -27.875858 3.511328  0.457562 0.195565 -0.867405  0.613281 0.015625
39  2.464720 -27.875858 3.501328  -0.440773 0.323603 -0.837258  0.613281 0.101563
forearm.bmp
39  3.094721 -27.095860 4.181328  0.403053 0.340629 -0.849424  0.523438 0.210938
39  3.384721 -28.005859 3.971328  0.906738 0.153161 -0.392897  0.621094 0.187500
39  3.024720 -27.875858 3.511328  0.457562 0.195565 -0.867405  0.613281 0.109375
forearm.bmp
39  2.284721 -25.285860 5.641329  -0.974343 -0.136841 0.178688  0.324219 0.476563
39  2.174721 -29.115860 5.041328  -0.930353 0.002370 0.366659  0.750000 0.382813
39  2.284721 -29.115860 5.661328  -0.985283 0.001214 0.170926  0.750000 0.476563
forearm.bmp
39  2.064720 -24.395859 5.171329  -0.985305 0.001233 0.170800  0.218750 0.406250
39  2.144721 -24.975859 5.661329  -0.962644 -0.201924 0.180395  0.289063 0.476563
39  2.144721 -24.395859 5.661329  -0.985305 0.001226 0.170798  0.222656 0.476563
forearm.bmp
39  2.064720 -23.855860 5.181329  -0.993595 -0.000566 0.112996  0.164063 0.406250
39  2.014720 -23.855860 4.751329  -0.964343 0.047573 -0.260346  0.164063 0.335938
39  2.064720 -24.395859 5.171329  -0.985305 0.001233 0.170800  0.218750 0.406250
forearm.bmp
39  2.364720 -23.855860 4.361329  -0.419311 0.146400 -0.895961  0.164063 0.242188
39  2.364720 -24.975859 4.181329  -0.387440 0.069881 -0.919243  0.289063 0.210938
39  2.014720 -23.855860 4.751329  -0.964343 0.047573 -0.260346  0.164063 0.335938
forearm.bmp
39  3.444721 -23.855860 4.751329  0.965833 0.032884 -0.257070  0.164063 0.335938
39  3.394721 -23.855860 5.181329  0.992218 -0.001572 0.124502  0.164063 0.406250
39  3.394721 -24.385859 5.201329  0.950569 -0.012512 0.310262  0.218750 0.406250
forearm.bmp
39  3.094720 -23.855860 4.341329  0.264062 0.143838 -0.953720  0.164063 0.117188
39  2.364720 -24.975859 4.181329  -0.387440 0.069881 -0.919243  0.289063 0.210938
39  2.364720 -23.855860 4.361329  -0.419311 0.146400 -0.895961  0.164063 0.234375
forearm.bmp
39  3.394721 -23.855860 5.181329  -0.000017 -0.007442 0.999972  0.117188 0.679688
39  2.064720 -23.855860 5.181329  -0.000017 -0.007442 0.999972  0.117188 0.468750
39  2.064720 -24.395859 5.171329  -0.000017 -0.007442 0.999972  0.175781 0.468750
forearm.bmp
39  3.394721 -23.855860 5.181329  -0.020987 0.045045 0.998764  0.117188 0.679688
39  2.064720 -24.395859 5.171329  -0.020986 0.045044 0.998765  0.175781 0.468750
39  3.394721 -24.385859 5.201329  -0.020988 0.045045 0.998764  0.175781 0.679688
forearm.bmp
39  2.144721 -24.975859 5.661329  0.000033 -0.058641 0.998279  0.289063 0.476563
39  2.284721 -25.285860 5.641329  0.000038 -0.058641 0.998279  0.324219 0.476563
39  3.164721 -24.975859 5.661329  0.000034 -0.058641 0.998279  0.289063 0.640625
forearm.bmp
39  3.094720 -24.975859 4.181329  0.544538 0.054268 -0.836978  0.289063 0.210938
39  3.094720 -23.855860 4.341329  0.264062 0.143838 -0.953720  0.164063 0.242188
39  3.444721 -23.855860 4.751329  0.965833 0.032884 -0.257070  0.164063 0.335938
end
